event_id,sport,date_denmark,home,away,league,bookmaker,market,label,home_odds,draw_odds,away_odds,over,under,yes,no,hdp,raw_odds,updated_at
66778122,Baseball,2026-06-03 11:00,Tokyo Yakult Swallows,Chiba Lotte Marines,Japan - NPB,Bet365,ML,,1.62,,2.20,,,,,,"{""home"": ""1.62"", ""away"": ""2.20""}",2026-06-03T08:16:16.256Z
66778122,Baseball,2026-06-03 11:00,Tokyo Yakult Swallows,Chiba Lotte Marines,Japan - NPB,Bet365,Spread,,2.50,,1.50,,,,,-1.5,"{""hdp"": -1.5, ""home"": ""2.50"", ""away"": ""1.50""}",2026-06-03T08:16:16.256Z
66778122,Baseball,2026-06-03 11:00,Tokyo Yakult Swallows,Chiba Lotte Marines,Japan - NPB,Bet365,Totals,,,,,1.95,1.74,,,7,"{""hdp"": 7, ""over"": ""1.95"", ""under"": ""1.74""}",2026-06-03T05:20:28.166Z
66778122,Baseball,2026-06-03 11:00,Tokyo Yakult Swallows,Chiba Lotte Marines,Japan - NPB,Bet365,Team Total Home,,,,,1.83,1.83,,,3.5,"{""hdp"": 3.5, ""over"": ""1.83"", ""under"": ""1.83""}",2026-06-03T04:26:21.314Z
66778122,Baseball,2026-06-03 11:00,Tokyo Yakult Swallows,Chiba Lotte Marines,Japan - NPB,Bet365,Team Total Away,,,,,1.68,2.05,,,2.5,"{""hdp"": 2.5, ""over"": ""1.68"", ""under"": ""2.05""}",2026-06-03T04:26:21.314Z
66778122,Baseball,2026-06-03 11:00,Tokyo Yakult Swallows,Chiba Lotte Marines,Japan - NPB,Bet365,3-Way,Run Line (1) (1),,,2.10,,,,,1,"{""label"": ""Run Line (1) (1)"", ""hdp"": 1, ""away"": ""2.10""}",2026-06-03T07:10:12.701Z
66778122,Baseball,2026-06-03 11:00,Tokyo Yakult Swallows,Chiba Lotte Marines,Japan - NPB,Bet365,3-Way,Result (1),,,2.25,,,,,,"{""label"": ""Result (1)"", ""away"": ""2.25""}",2026-06-03T07:10:12.701Z
66778122,Baseball,2026-06-03 11:00,Tokyo Yakult Swallows,Chiba Lotte Marines,Japan - NPB,Bet365,3-Way,Run Line (2) (-1),2.50,,,,,,,-1,"{""label"": ""Run Line (2) (-1)"", ""hdp"": -1, ""home"": ""2.50""}",2026-06-03T07:10:12.701Z
66778122,Baseball,2026-06-03 11:00,Tokyo Yakult Swallows,Chiba Lotte Marines,Japan - NPB,Bet365,3-Way,Result (2),1.66,,,,,,,,"{""label"": ""Result (2)"", ""home"": ""1.66""}",2026-06-03T07:10:12.701Z
66778122,Baseball,2026-06-03 11:00,Tokyo Yakult Swallows,Chiba Lotte Marines,Japan - NPB,Bet365,3-Way,Total (1) (7),1.95,,2.22,,,,,7,"{""label"": ""Total (1) (7)"", ""hdp"": 7, ""home"": ""1.95"", ""away"": ""2.22""}",2026-06-03T07:10:12.701Z
66778122,Baseball,2026-06-03 11:00,Tokyo Yakult Swallows,Chiba Lotte Marines,Japan - NPB,Bet365,3-Way,Total (Tie) (null),7.25,,,,,,,,"{""label"": ""Total (Tie) (null)"", ""home"": ""7.25""}",2026-06-03T07:10:12.701Z
66778122,Baseball,2026-06-03 11:00,Tokyo Yakult Swallows,Chiba Lotte Marines,Japan - NPB,Bet365,3-Way,Result (Tie),26.00,,,,,,,,"{""label"": ""Result (Tie)"", ""home"": ""26.00""}",2026-06-03T07:10:12.701Z
66778122,Baseball,2026-06-03 11:00,Tokyo Yakult Swallows,Chiba Lotte Marines,Japan - NPB,Bet365,Alternative Run Line,,1.35,,,,,,,-1.5,"{""hdp"": -1.5, ""home"": ""1.35""}",2026-06-03T08:16:16.256Z
66778122,Baseball,2026-06-03 11:00,Tokyo Yakult Swallows,Chiba Lotte Marines,Japan - NPB,Bet365,Alternative Run Line,,1.57,,,,,,,-0.5,"{""hdp"": -0.5, ""home"": ""1.57""}",2026-06-03T08:16:16.256Z
66778122,Baseball,2026-06-03 11:00,Tokyo Yakult Swallows,Chiba Lotte Marines,Japan - NPB,Bet365,Alternative Run Line,,1.66,,,,,,,0.5,"{""hdp"": 0.5, ""home"": ""1.66""}",2026-06-03T08:16:16.256Z
66778122,Baseball,2026-06-03 11:00,Tokyo Yakult Swallows,Chiba Lotte Marines,Japan - NPB,Bet365,Alternative Run Line,,3.30,,,,,,,2.5,"{""hdp"": 2.5, ""home"": ""3.30""}",2026-06-03T08:16:16.256Z
66778122,Baseball,2026-06-03 11:00,Tokyo Yakult Swallows,Chiba Lotte Marines,Japan - NPB,Bet365,Alternative Run Line,,4.50,,,,,,,3.5,"{""hdp"": 3.5, ""home"": ""4.50""}",2026-06-03T08:16:16.256Z
66778122,Baseball,2026-06-03 11:00,Tokyo Yakult Swallows,Chiba Lotte Marines,Japan - NPB,Bet365,Alternative Run Line,,6.50,,,,,,,4.5,"{""hdp"": 4.5, ""home"": ""6.50""}",2026-06-03T08:16:16.256Z
66778122,Baseball,2026-06-03 11:00,Tokyo Yakult Swallows,Chiba Lotte Marines,Japan - NPB,Bet365,Alternative Run Line,,1.20,,,,,,,-2.5,"{""hdp"": -2.5, ""home"": ""1.20""}",2026-06-03T08:16:16.256Z
66778122,Baseball,2026-06-03 11:00,Tokyo Yakult Swallows,Chiba Lotte Marines,Japan - NPB,Bet365,Alternative Run Line,,1.11,,,,,,,-3.5,"{""hdp"": -3.5, ""home"": ""1.11""}",2026-06-03T08:16:16.256Z
66778122,Baseball,2026-06-03 11:00,Tokyo Yakult Swallows,Chiba Lotte Marines,Japan - NPB,Bet365,First 5 Innings ML,,1.64,,2.15,,,,,,"{""home"": ""1.64"", ""away"": ""2.15""}",2026-06-02T19:16:20.563Z
66778122,Baseball,2026-06-03 11:00,Tokyo Yakult Swallows,Chiba Lotte Marines,Japan - NPB,Bet365,First 5 Innings Totals,,,,,1.83,1.83,,,4,"{""hdp"": 4, ""over"": ""1.83"", ""under"": ""1.83""}",2026-06-03T04:13:37.348Z
66778126,Baseball,2026-06-03 11:00,Yomiuri Giants,Orix Buffaloes,Japan - NPB,Bet365,ML,,1.86,,1.80,,,,,,"{""home"": ""1.86"", ""away"": ""1.80""}",2026-06-03T05:12:27.793Z
66778126,Baseball,2026-06-03 11:00,Yomiuri Giants,Orix Buffaloes,Japan - NPB,Bet365,Spread,,1.47,,2.55,,,,,1.5,"{""hdp"": 1.5, ""home"": ""1.47"", ""away"": ""2.55""}",2026-06-02T19:16:20.563Z
66778126,Baseball,2026-06-03 11:00,Yomiuri Giants,Orix Buffaloes,Japan - NPB,Bet365,Totals,,,,,1.95,1.74,,,6.5,"{""hdp"": 6.5, ""over"": ""1.95"", ""under"": ""1.74""}",2026-06-03T08:04:30.957Z
66778126,Baseball,2026-06-03 11:00,Yomiuri Giants,Orix Buffaloes,Japan - NPB,Bet365,Team Total Home,,,,,1.66,2.10,,,2.5,"{""hdp"": 2.5, ""over"": ""1.66"", ""under"": ""2.10""}",2026-06-03T07:00:38.571Z
66778126,Baseball,2026-06-03 11:00,Yomiuri Giants,Orix Buffaloes,Japan - NPB,Bet365,Team Total Away,,,,,2.20,1.62,,,3.5,"{""hdp"": 3.5, ""over"": ""2.20"", ""under"": ""1.62""}",2026-06-03T07:00:38.571Z
66778126,Baseball,2026-06-03 11:00,Yomiuri Giants,Orix Buffaloes,Japan - NPB,Bet365,First 5 Innings Totals,,,,,1.86,1.80,,,3.5,"{""hdp"": 3.5, ""over"": ""1.86"", ""under"": ""1.80""}",2026-06-03T04:20:06.363Z
66778126,Baseball,2026-06-03 11:00,Yomiuri Giants,Orix Buffaloes,Japan - NPB,Bet365,First 5 Innings ML,,1.83,,1.83,,,,,,"{""home"": ""1.83"", ""away"": ""1.83""}",2026-06-02T19:16:20.563Z
66778126,Baseball,2026-06-03 11:00,Yomiuri Giants,Orix Buffaloes,Japan - NPB,Bet365,3-Way,Total (1) (6),2.20,,1.86,,,,,6,"{""label"": ""Total (1) (6)"", ""hdp"": 6, ""home"": ""2.20"", ""away"": ""1.86""}",2026-06-03T06:40:48.288Z
66778126,Baseball,2026-06-03 11:00,Yomiuri Giants,Orix Buffaloes,Japan - NPB,Bet365,3-Way,Total (Tie) (null),8.50,,,,,,,,"{""label"": ""Total (Tie) (null)"", ""home"": ""8.50""}",2026-06-03T06:40:48.288Z
66778126,Baseball,2026-06-03 11:00,Yomiuri Giants,Orix Buffaloes,Japan - NPB,Bet365,3-Way,Result (Tie),26.00,,,,,,,,"{""label"": ""Result (Tie)"", ""home"": ""26.00""}",2026-06-03T06:40:48.288Z
66778126,Baseball,2026-06-03 11:00,Yomiuri Giants,Orix Buffaloes,Japan - NPB,Bet365,3-Way,Run Line (2) (1),1.83,,,,,,,1,"{""label"": ""Run Line (2) (1)"", ""hdp"": 1, ""home"": ""1.83""}",2026-06-03T06:40:48.288Z
66778126,Baseball,2026-06-03 11:00,Yomiuri Giants,Orix Buffaloes,Japan - NPB,Bet365,3-Way,Run Line (1) (-1),,,2.60,,,,,-1,"{""label"": ""Run Line (1) (-1)"", ""hdp"": -1, ""away"": ""2.60""}",2026-06-03T06:40:48.288Z
66778126,Baseball,2026-06-03 11:00,Yomiuri Giants,Orix Buffaloes,Japan - NPB,Bet365,3-Way,Result (1),,,1.86,,,,,,"{""label"": ""Result (1)"", ""away"": ""1.86""}",2026-06-03T06:40:48.288Z
66778126,Baseball,2026-06-03 11:00,Yomiuri Giants,Orix Buffaloes,Japan - NPB,Bet365,3-Way,Result (2),1.86,,,,,,,,"{""label"": ""Result (2)"", ""home"": ""1.86""}",2026-06-03T06:40:48.288Z
66778126,Baseball,2026-06-03 11:00,Yomiuri Giants,Orix Buffaloes,Japan - NPB,Bet365,Alternative Run Line,,1.15,,,,,,,-3.5,"{""hdp"": -3.5, ""home"": ""1.15""}",2026-06-03T08:04:30.957Z
66778126,Baseball,2026-06-03 11:00,Yomiuri Giants,Orix Buffaloes,Japan - NPB,Bet365,Alternative Run Line,,1.26,,,,,,,-2.5,"{""hdp"": -2.5, ""home"": ""1.26""}",2026-06-03T08:04:30.957Z
66778126,Baseball,2026-06-03 11:00,Yomiuri Giants,Orix Buffaloes,Japan - NPB,Bet365,Alternative Run Line,,1.09,,,,,,,-4.5,"{""hdp"": -4.5, ""home"": ""1.09""}",2026-06-03T08:04:30.957Z
66778126,Baseball,2026-06-03 11:00,Yomiuri Giants,Orix Buffaloes,Japan - NPB,Bet365,Alternative Run Line,,1.83,,,,,,,-0.5,"{""hdp"": -0.5, ""home"": ""1.83""}",2026-06-03T08:04:30.957Z
66778126,Baseball,2026-06-03 11:00,Yomiuri Giants,Orix Buffaloes,Japan - NPB,Bet365,Alternative Run Line,,1.95,,,,,,,0.5,"{""hdp"": 0.5, ""home"": ""1.95""}",2026-06-03T08:04:30.957Z
66778126,Baseball,2026-06-03 11:00,Yomiuri Giants,Orix Buffaloes,Japan - NPB,Bet365,Alternative Run Line,,2.85,,,,,,,1.5,"{""hdp"": 1.5, ""home"": ""2.85""}",2026-06-03T08:04:30.957Z
66778126,Baseball,2026-06-03 11:00,Yomiuri Giants,Orix Buffaloes,Japan - NPB,Bet365,Alternative Run Line,,4.20,,,,,,,2.5,"{""hdp"": 2.5, ""home"": ""4.20""}",2026-06-03T08:04:30.957Z
66778126,Baseball,2026-06-03 11:00,Yomiuri Giants,Orix Buffaloes,Japan - NPB,Bet365,Alternative Run Line,,5.75,,,,,,,3.5,"{""hdp"": 3.5, ""home"": ""5.75""}",2026-06-03T08:04:30.957Z
63302469,Baseball,2026-06-03 19:05,Washington Nationals,Miami Marlins,USA - MLB,Bet365,ML,,1.90,,1.90,,,,,,"{""home"": ""1.90"", ""away"": ""1.90""}",2026-06-02T21:31:50.17Z
63302469,Baseball,2026-06-03 19:05,Washington Nationals,Miami Marlins,USA - MLB,Bet365,Spread,,1.58,,2.45,,,,,1.5,"{""hdp"": 1.5, ""home"": ""1.58"", ""away"": ""2.45""}",2026-06-03T01:25:39.766Z
63302469,Baseball,2026-06-03 19:05,Washington Nationals,Miami Marlins,USA - MLB,Bet365,Totals,,,,,1.86,1.95,,,8,"{""hdp"": 8, ""over"": ""1.86"", ""under"": ""1.95""}",2026-06-03T01:25:39.766Z
63302469,Baseball,2026-06-03 19:05,Washington Nationals,Miami Marlins,USA - MLB,Bet365,Team Total Home,,,,,1.71,2.10,,,3.5,"{""hdp"": 3.5, ""over"": ""1.71"", ""under"": ""2.10""}",2026-06-03T05:10:27.61Z
63302469,Baseball,2026-06-03 19:05,Washington Nationals,Miami Marlins,USA - MLB,Bet365,Team Total Away,,,,,1.68,2.15,,,3.5,"{""hdp"": 3.5, ""over"": ""1.68"", ""under"": ""2.15""}",2026-06-03T03:07:47.027Z
63302469,Baseball,2026-06-03 19:05,Washington Nationals,Miami Marlins,USA - MLB,Bet365,Pitcher Outs O/U,Max Meyer (1) (17.5),,,,1.83,1.90,,,17.5,"{""label"": ""Max Meyer (1) (17.5)"", ""hdp"": 17.5, ""over"": ""1.83"", ""under"": ""1.90""}",2026-06-03T06:41:02.862Z
63302469,Baseball,2026-06-03 19:05,Washington Nationals,Miami Marlins,USA - MLB,Bet365,Stolen Bases O/U,Xavier Edwards (1) (0.5),,,,4.50,1.18,,,0.5,"{""label"": ""Xavier Edwards (1) (0.5)"", ""hdp"": 0.5, ""over"": ""4.50"", ""under"": ""1.18""}",2026-06-03T07:31:42.777Z
63302469,Baseball,2026-06-03 19:05,Washington Nationals,Miami Marlins,USA - MLB,Bet365,Stolen Bases O/U,Heriberto Hernandez (1) (0.5),,,,10.50,1.03,,,0.5,"{""label"": ""Heriberto Hernandez (1) (0.5)"", ""hdp"": 0.5, ""over"": ""10.50"", ""under"": ""1.03""}",2026-06-03T07:31:42.777Z
63302469,Baseball,2026-06-03 19:05,Washington Nationals,Miami Marlins,USA - MLB,Bet365,Stolen Bases O/U,Otto Lopez (1) (0.5),,,,6.00,1.11,,,0.5,"{""label"": ""Otto Lopez (1) (0.5)"", ""hdp"": 0.5, ""over"": ""6.00"", ""under"": ""1.11""}",2026-06-03T07:31:42.777Z
63302469,Baseball,2026-06-03 19:05,Washington Nationals,Miami Marlins,USA - MLB,Bet365,Stolen Bases O/U,Christopher Morel (1) (0.5),,,,11.00,1.03,,,0.5,"{""label"": ""Christopher Morel (1) (0.5)"", ""hdp"": 0.5, ""over"": ""11.00"", ""under"": ""1.03""}",2026-06-03T07:31:42.777Z
63302469,Baseball,2026-06-03 19:05,Washington Nationals,Miami Marlins,USA - MLB,Bet365,Stolen Bases O/U,Connor Norby (1) (0.5),,,,7.25,1.08,,,0.5,"{""label"": ""Connor Norby (1) (0.5)"", ""hdp"": 0.5, ""over"": ""7.25"", ""under"": ""1.08""}",2026-06-03T07:31:42.777Z
63302469,Baseball,2026-06-03 19:05,Washington Nationals,Miami Marlins,USA - MLB,Bet365,Stolen Bases O/U,Esteury Ruiz (1) (0.5),,,,3.60,1.27,,,0.5,"{""label"": ""Esteury Ruiz (1) (0.5)"", ""hdp"": 0.5, ""over"": ""3.60"", ""under"": ""1.27""}",2026-06-03T07:31:42.777Z
63302469,Baseball,2026-06-03 19:05,Washington Nationals,Miami Marlins,USA - MLB,Bet365,Stolen Bases O/U,Javier Sanoja (1) (0.5),,,,8.50,1.06,,,0.5,"{""label"": ""Javier Sanoja (1) (0.5)"", ""hdp"": 0.5, ""over"": ""8.50"", ""under"": ""1.06""}",2026-06-03T07:31:42.777Z
63302469,Baseball,2026-06-03 19:05,Washington Nationals,Miami Marlins,USA - MLB,Bet365,Stolen Bases O/U,Kyle Stowers (1) (0.5),,,,15.00,1.01,,,0.5,"{""label"": ""Kyle Stowers (1) (0.5)"", ""hdp"": 0.5, ""over"": ""15.00"", ""under"": ""1.01""}",2026-06-03T07:31:42.777Z
63302469,Baseball,2026-06-03 19:05,Washington Nationals,Miami Marlins,USA - MLB,Bet365,Stolen Bases O/U,CJ Abrams (2) (0.5),,,,5.25,1.14,,,0.5,"{""label"": ""CJ Abrams (2) (0.5)"", ""hdp"": 0.5, ""over"": ""5.25"", ""under"": ""1.14""}",2026-06-03T07:31:42.777Z
63302469,Baseball,2026-06-03 19:05,Washington Nationals,Miami Marlins,USA - MLB,Bet365,Stolen Bases O/U,Dylan Crews (2) (0.5),,,,5.75,1.12,,,0.5,"{""label"": ""Dylan Crews (2) (0.5)"", ""hdp"": 0.5, ""over"": ""5.75"", ""under"": ""1.12""}",2026-06-03T07:31:42.777Z
63302469,Baseball,2026-06-03 19:05,Washington Nationals,Miami Marlins,USA - MLB,Bet365,Stolen Bases O/U,Luis Garcia (2) (0.5),,,,9.00,1.05,,,0.5,"{""label"": ""Luis Garcia (2) (0.5)"", ""hdp"": 0.5, ""over"": ""9.00"", ""under"": ""1.05""}",2026-06-03T07:31:42.777Z
63302469,Baseball,2026-06-03 19:05,Washington Nationals,Miami Marlins,USA - MLB,Bet365,Stolen Bases O/U,Daylen Lile (2) (0.5),,,,8.00,1.07,,,0.5,"{""label"": ""Daylen Lile (2) (0.5)"", ""hdp"": 0.5, ""over"": ""8.00"", ""under"": ""1.07""}",2026-06-03T07:31:42.777Z
63302469,Baseball,2026-06-03 19:05,Washington Nationals,Miami Marlins,USA - MLB,Bet365,Stolen Bases O/U,Curtis Mead (2) (0.5),,,,10.00,1.04,,,0.5,"{""label"": ""Curtis Mead (2) (0.5)"", ""hdp"": 0.5, ""over"": ""10.00"", ""under"": ""1.04""}",2026-06-03T07:31:42.777Z
63302469,Baseball,2026-06-03 19:05,Washington Nationals,Miami Marlins,USA - MLB,Bet365,Stolen Bases O/U,Keibert Ruiz (2) (0.5),,,,17.00,1.01,,,0.5,"{""label"": ""Keibert Ruiz (2) (0.5)"", ""hdp"": 0.5, ""over"": ""17.00"", ""under"": ""1.01""}",2026-06-03T07:31:42.777Z
63302469,Baseball,2026-06-03 19:05,Washington Nationals,Miami Marlins,USA - MLB,Bet365,Stolen Bases O/U,Jose Tena (2) (0.5),,,,10.00,1.04,,,0.5,"{""label"": ""Jose Tena (2) (0.5)"", ""hdp"": 0.5, ""over"": ""10.00"", ""under"": ""1.04""}",2026-06-03T07:31:42.777Z
63302469,Baseball,2026-06-03 19:05,Washington Nationals,Miami Marlins,USA - MLB,Bet365,Stolen Bases O/U,James Wood (2) (0.5),,,,6.75,1.10,,,0.5,"{""label"": ""James Wood (2) (0.5)"", ""hdp"": 0.5, ""over"": ""6.75"", ""under"": ""1.10""}",2026-06-03T07:31:42.777Z
63302469,Baseball,2026-06-03 19:05,Washington Nationals,Miami Marlins,USA - MLB,Bet365,Stolen Bases O/U,Jacob Young (2) (0.5),,,,4.50,1.18,,,0.5,"{""label"": ""Jacob Young (2) (0.5)"", ""hdp"": 0.5, ""over"": ""4.50"", ""under"": ""1.18""}",2026-06-03T07:31:42.777Z
63302469,Baseball,2026-06-03 19:05,Washington Nationals,Miami Marlins,USA - MLB,Bet365,First 5 Innings Totals,,,,,1.90,1.83,,,4.5,"{""hdp"": 4.5, ""over"": ""1.90"", ""under"": ""1.83""}",2026-06-03T04:16:07.376Z
63302469,Baseball,2026-06-03 19:05,Washington Nationals,Miami Marlins,USA - MLB,Bet365,Hits O/U,Xavier Edwards (1) (1.5),,,,2.95,1.37,,,1.5,"{""label"": ""Xavier Edwards (1) (1.5)"", ""hdp"": 1.5, ""over"": ""2.95"", ""under"": ""1.37""}",2026-06-03T06:39:03.62Z
63302469,Baseball,2026-06-03 19:05,Washington Nationals,Miami Marlins,USA - MLB,Bet365,Hits O/U,Heriberto Hernandez (1) (0.5),,,,1.55,2.35,,,0.5,"{""label"": ""Heriberto Hernandez (1) (0.5)"", ""hdp"": 0.5, ""over"": ""1.55"", ""under"": ""2.35""}",2026-06-03T06:39:03.62Z
63302469,Baseball,2026-06-03 19:05,Washington Nationals,Miami Marlins,USA - MLB,Bet365,Hits O/U,Liam Hicks (1) (0.5),,,,1.42,2.75,,,0.5,"{""label"": ""Liam Hicks (1) (0.5)"", ""hdp"": 0.5, ""over"": ""1.42"", ""under"": ""2.75""}",2026-06-03T06:39:03.62Z
63302469,Baseball,2026-06-03 19:05,Washington Nationals,Miami Marlins,USA - MLB,Bet365,Hits O/U,Otto Lopez (1) (1.5),,,,2.55,1.47,,,1.5,"{""label"": ""Otto Lopez (1) (1.5)"", ""hdp"": 1.5, ""over"": ""2.55"", ""under"": ""1.47""}",2026-06-03T06:39:03.62Z
63302469,Baseball,2026-06-03 19:05,Washington Nationals,Miami Marlins,USA - MLB,Bet365,Hits O/U,Christopher Morel (1) (0.5),,,,1.76,1.95,,,0.5,"{""label"": ""Christopher Morel (1) (0.5)"", ""hdp"": 0.5, ""over"": ""1.76"", ""under"": ""1.95""}",2026-06-03T06:39:03.62Z
63302469,Baseball,2026-06-03 19:05,Washington Nationals,Miami Marlins,USA - MLB,Bet365,Hits O/U,Connor Norby (1) (0.5),,,,1.55,2.35,,,0.5,"{""label"": ""Connor Norby (1) (0.5)"", ""hdp"": 0.5, ""over"": ""1.55"", ""under"": ""2.35""}",2026-06-03T06:39:03.62Z
63302469,Baseball,2026-06-03 19:05,Washington Nationals,Miami Marlins,USA - MLB,Bet365,Hits O/U,Esteury Ruiz (1) (0.5),,,,1.83,1.90,,,0.5,"{""label"": ""Esteury Ruiz (1) (0.5)"", ""hdp"": 0.5, ""over"": ""1.83"", ""under"": ""1.90""}",2026-06-03T06:39:03.62Z
63302469,Baseball,2026-06-03 19:05,Washington Nationals,Miami Marlins,USA - MLB,Bet365,Hits O/U,Javier Sanoja (1) (0.5),,,,1.50,2.50,,,0.5,"{""label"": ""Javier Sanoja (1) (0.5)"", ""hdp"": 0.5, ""over"": ""1.50"", ""under"": ""2.50""}",2026-06-03T06:39:03.62Z
63302469,Baseball,2026-06-03 19:05,Washington Nationals,Miami Marlins,USA - MLB,Bet365,Hits O/U,Kyle Stowers (1) (0.5),,,,1.42,2.75,,,0.5,"{""label"": ""Kyle Stowers (1) (0.5)"", ""hdp"": 0.5, ""over"": ""1.42"", ""under"": ""2.75""}",2026-06-03T06:39:03.62Z
63302469,Baseball,2026-06-03 19:05,Washington Nationals,Miami Marlins,USA - MLB,Bet365,Hits O/U,CJ Abrams (2) (0.5),,,,1.45,2.60,,,0.5,"{""label"": ""CJ Abrams (2) (0.5)"", ""hdp"": 0.5, ""over"": ""1.45"", ""under"": ""2.60""}",2026-06-03T06:39:03.62Z
63302469,Baseball,2026-06-03 19:05,Washington Nationals,Miami Marlins,USA - MLB,Bet365,Hits O/U,Dylan Crews (2) (0.5),,,,1.52,2.40,,,0.5,"{""label"": ""Dylan Crews (2) (0.5)"", ""hdp"": 0.5, ""over"": ""1.52"", ""under"": ""2.40""}",2026-06-03T06:39:03.62Z
63302469,Baseball,2026-06-03 19:05,Washington Nationals,Miami Marlins,USA - MLB,Bet365,Hits O/U,Luis Garcia (2) (0.5),,,,1.38,2.90,,,0.5,"{""label"": ""Luis Garcia (2) (0.5)"", ""hdp"": 0.5, ""over"": ""1.38"", ""under"": ""2.90""}",2026-06-03T06:39:03.62Z
63302469,Baseball,2026-06-03 19:05,Washington Nationals,Miami Marlins,USA - MLB,Bet365,Hits O/U,Daylen Lile (2) (0.5),,,,1.37,2.95,,,0.5,"{""label"": ""Daylen Lile (2) (0.5)"", ""hdp"": 0.5, ""over"": ""1.37"", ""under"": ""2.95""}",2026-06-03T06:39:03.62Z
63302469,Baseball,2026-06-03 19:05,Washington Nationals,Miami Marlins,USA - MLB,Bet365,Hits O/U,Curtis Mead (2) (0.5),,,,1.42,2.75,,,0.5,"{""label"": ""Curtis Mead (2) (0.5)"", ""hdp"": 0.5, ""over"": ""1.42"", ""under"": ""2.75""}",2026-06-03T06:39:03.62Z
63302469,Baseball,2026-06-03 19:05,Washington Nationals,Miami Marlins,USA - MLB,Bet365,Hits O/U,Keibert Ruiz (2) (0.5),,,,1.58,2.30,,,0.5,"{""label"": ""Keibert Ruiz (2) (0.5)"", ""hdp"": 0.5, ""over"": ""1.58"", ""under"": ""2.30""}",2026-06-03T06:39:03.62Z
63302469,Baseball,2026-06-03 19:05,Washington Nationals,Miami Marlins,USA - MLB,Bet365,Hits O/U,Jose Tena (2) (0.5),,,,1.71,2.05,,,0.5,"{""label"": ""Jose Tena (2) (0.5)"", ""hdp"": 0.5, ""over"": ""1.71"", ""under"": ""2.05""}",2026-06-03T06:39:03.62Z
63302469,Baseball,2026-06-03 19:05,Washington Nationals,Miami Marlins,USA - MLB,Bet365,Hits O/U,James Wood (2) (0.5),,,,1.50,2.50,,,0.5,"{""label"": ""James Wood (2) (0.5)"", ""hdp"": 0.5, ""over"": ""1.50"", ""under"": ""2.50""}",2026-06-03T06:39:03.62Z
63302469,Baseball,2026-06-03 19:05,Washington Nationals,Miami Marlins,USA - MLB,Bet365,Hits O/U,Jacob Young (2) (0.5),,,,1.60,2.25,,,0.5,"{""label"": ""Jacob Young (2) (0.5)"", ""hdp"": 0.5, ""over"": ""1.60"", ""under"": ""2.25""}",2026-06-03T06:39:03.62Z
63302469,Baseball,2026-06-03 19:05,Washington Nationals,Miami Marlins,USA - MLB,Bet365,Pitcher Hits Allowed O/U,Max Meyer (1) (5.5),,,,2.05,1.71,,,5.5,"{""label"": ""Max Meyer (1) (5.5)"", ""hdp"": 5.5, ""over"": ""2.05"", ""under"": ""1.71""}",2026-06-03T07:00:38.571Z
63302469,Baseball,2026-06-03 19:05,Washington Nationals,Miami Marlins,USA - MLB,Bet365,Alternative Run Line,,1.06,,,,,,,-5.5,"{""hdp"": -5.5, ""home"": ""1.06""}",2026-06-03T05:31:27.813Z
63302469,Baseball,2026-06-03 19:05,Washington Nationals,Miami Marlins,USA - MLB,Bet365,Alternative Run Line,,1.11,,,,,,,-4.5,"{""hdp"": -4.5, ""home"": ""1.11""}",2026-06-03T05:31:27.813Z
63302469,Baseball,2026-06-03 19:05,Washington Nationals,Miami Marlins,USA - MLB,Bet365,Alternative Run Line,,1.18,,,,,,,-3.5,"{""hdp"": -3.5, ""home"": ""1.18""}",2026-06-03T05:31:27.813Z
63302469,Baseball,2026-06-03 19:05,Washington Nationals,Miami Marlins,USA - MLB,Bet365,Alternative Run Line,,1.31,,,,,,,-2.5,"{""hdp"": -2.5, ""home"": ""1.31""}",2026-06-03T05:31:27.813Z
63302469,Baseball,2026-06-03 19:05,Washington Nationals,Miami Marlins,USA - MLB,Bet365,Alternative Run Line,,2.65,,,,,,,1.5,"{""hdp"": 1.5, ""home"": ""2.65""}",2026-06-03T05:31:27.813Z
63302469,Baseball,2026-06-03 19:05,Washington Nationals,Miami Marlins,USA - MLB,Bet365,Alternative Run Line,,3.75,,,,,,,2.5,"{""hdp"": 2.5, ""home"": ""3.75""}",2026-06-03T05:31:27.813Z
63302469,Baseball,2026-06-03 19:05,Washington Nationals,Miami Marlins,USA - MLB,Bet365,Alternative Run Line,,5.00,,,,,,,3.5,"{""hdp"": 3.5, ""home"": ""5.00""}",2026-06-03T05:31:27.813Z
63302469,Baseball,2026-06-03 19:05,Washington Nationals,Miami Marlins,USA - MLB,Bet365,Alternative Run Line,,7.25,,,,,,,4.5,"{""hdp"": 4.5, ""home"": ""7.25""}",2026-06-03T05:31:27.813Z
63302469,Baseball,2026-06-03 19:05,Washington Nationals,Miami Marlins,USA - MLB,Bet365,3-Way,Total (Tie) (null),9.50,,,,,,,,"{""label"": ""Total (Tie) (null)"", ""home"": ""9.50""}",2026-06-03T04:16:21.322Z
63302469,Baseball,2026-06-03 19:05,Washington Nationals,Miami Marlins,USA - MLB,Bet365,3-Way,Run Line (1) (1),,,1.90,,,,,1,"{""label"": ""Run Line (1) (1)"", ""hdp"": 1, ""away"": ""1.90""}",2026-06-03T04:16:21.322Z
63302469,Baseball,2026-06-03 19:05,Washington Nationals,Miami Marlins,USA - MLB,Bet365,3-Way,Total (1) (8),2.10,,1.86,,,,,8,"{""label"": ""Total (1) (8)"", ""hdp"": 8, ""home"": ""2.10"", ""away"": ""1.86""}",2026-06-03T04:16:21.322Z
63302469,Baseball,2026-06-03 19:05,Washington Nationals,Miami Marlins,USA - MLB,Bet365,3-Way,Run Line (2) (-1),2.65,,,,,,,-1,"{""label"": ""Run Line (2) (-1)"", ""hdp"": -1, ""home"": ""2.65""}",2026-06-03T04:16:21.322Z
63302469,Baseball,2026-06-03 19:05,Washington Nationals,Miami Marlins,USA - MLB,Bet365,Pitcher Strikeouts O/U,Andrew Alvarez (2) (4.5),,,,2.15,1.64,,,4.5,"{""label"": ""Andrew Alvarez (2) (4.5)"", ""hdp"": 4.5, ""over"": ""2.15"", ""under"": ""1.64""}",2026-06-03T08:07:31.233Z
63302469,Baseball,2026-06-03 19:05,Washington Nationals,Miami Marlins,USA - MLB,Bet365,Pitcher Strikeouts O/U,Max Meyer (1) (5.5),,,,1.90,1.83,,,5.5,"{""label"": ""Max Meyer (1) (5.5)"", ""hdp"": 5.5, ""over"": ""1.90"", ""under"": ""1.83""}",2026-06-03T08:07:31.233Z
63302469,Baseball,2026-06-03 19:05,Washington Nationals,Miami Marlins,USA - MLB,Bet365,Pitcher Walks Issued O/U,Max Meyer (1) (1.5),,,,1.62,2.20,,,1.5,"{""label"": ""Max Meyer (1) (1.5)"", ""hdp"": 1.5, ""over"": ""1.62"", ""under"": ""2.20""}",2026-06-03T06:40:34.057Z
63302469,Baseball,2026-06-03 19:05,Washington Nationals,Miami Marlins,USA - MLB,Bet365,Doubles O/U,Xavier Edwards (1) (0.5),,,,4.50,1.18,,,0.5,"{""label"": ""Xavier Edwards (1) (0.5)"", ""hdp"": 0.5, ""over"": ""4.50"", ""under"": ""1.18""}",2026-06-03T07:30:42.716Z
63302469,Baseball,2026-06-03 19:05,Washington Nationals,Miami Marlins,USA - MLB,Bet365,Doubles O/U,Heriberto Hernandez (1) (0.5),,,,5.25,1.14,,,0.5,"{""label"": ""Heriberto Hernandez (1) (0.5)"", ""hdp"": 0.5, ""over"": ""5.25"", ""under"": ""1.14""}",2026-06-03T07:30:42.716Z
63302469,Baseball,2026-06-03 19:05,Washington Nationals,Miami Marlins,USA - MLB,Bet365,Doubles O/U,Liam Hicks (1) (0.5),,,,4.75,1.16,,,0.5,"{""label"": ""Liam Hicks (1) (0.5)"", ""hdp"": 0.5, ""over"": ""4.75"", ""under"": ""1.16""}",2026-06-03T07:30:42.716Z
63302469,Baseball,2026-06-03 19:05,Washington Nationals,Miami Marlins,USA - MLB,Bet365,Doubles O/U,Otto Lopez (1) (0.5),,,,4.50,1.18,,,0.5,"{""label"": ""Otto Lopez (1) (0.5)"", ""hdp"": 0.5, ""over"": ""4.50"", ""under"": ""1.18""}",2026-06-03T07:30:42.716Z
63302469,Baseball,2026-06-03 19:05,Washington Nationals,Miami Marlins,USA - MLB,Bet365,Doubles O/U,Christopher Morel (1) (0.5),,,,6.50,1.10,,,0.5,"{""label"": ""Christopher Morel (1) (0.5)"", ""hdp"": 0.5, ""over"": ""6.50"", ""under"": ""1.10""}",2026-06-03T07:30:42.716Z
63302469,Baseball,2026-06-03 19:05,Washington Nationals,Miami Marlins,USA - MLB,Bet365,Doubles O/U,Connor Norby (1) (0.5),,,,5.00,1.15,,,0.5,"{""label"": ""Connor Norby (1) (0.5)"", ""hdp"": 0.5, ""over"": ""5.00"", ""under"": ""1.15""}",2026-06-03T07:30:42.716Z
63302469,Baseball,2026-06-03 19:05,Washington Nationals,Miami Marlins,USA - MLB,Bet365,Doubles O/U,Esteury Ruiz (1) (0.5),,,,6.75,1.10,,,0.5,"{""label"": ""Esteury Ruiz (1) (0.5)"", ""hdp"": 0.5, ""over"": ""6.75"", ""under"": ""1.10""}",2026-06-03T07:30:42.716Z
63302469,Baseball,2026-06-03 19:05,Washington Nationals,Miami Marlins,USA - MLB,Bet365,Doubles O/U,Javier Sanoja (1) (0.5),,,,5.50,1.13,,,0.5,"{""label"": ""Javier Sanoja (1) (0.5)"", ""hdp"": 0.5, ""over"": ""5.50"", ""under"": ""1.13""}",2026-06-03T07:30:42.716Z
63302469,Baseball,2026-06-03 19:05,Washington Nationals,Miami Marlins,USA - MLB,Bet365,Doubles O/U,Kyle Stowers (1) (0.5),,,,4.30,1.20,,,0.5,"{""label"": ""Kyle Stowers (1) (0.5)"", ""hdp"": 0.5, ""over"": ""4.30"", ""under"": ""1.20""}",2026-06-03T07:30:42.716Z
63302469,Baseball,2026-06-03 19:05,Washington Nationals,Miami Marlins,USA - MLB,Bet365,Doubles O/U,CJ Abrams (2) (0.5),,,,4.00,1.22,,,0.5,"{""label"": ""CJ Abrams (2) (0.5)"", ""hdp"": 0.5, ""over"": ""4.00"", ""under"": ""1.22""}",2026-06-03T07:30:42.716Z
63302469,Baseball,2026-06-03 19:05,Washington Nationals,Miami Marlins,USA - MLB,Bet365,Doubles O/U,Dylan Crews (2) (0.5),,,,5.75,1.12,,,0.5,"{""label"": ""Dylan Crews (2) (0.5)"", ""hdp"": 0.5, ""over"": ""5.75"", ""under"": ""1.12""}",2026-06-03T07:30:42.716Z
63302469,Baseball,2026-06-03 19:05,Washington Nationals,Miami Marlins,USA - MLB,Bet365,Doubles O/U,Luis Garcia (2) (0.5),,,,4.00,1.22,,,0.5,"{""label"": ""Luis Garcia (2) (0.5)"", ""hdp"": 0.5, ""over"": ""4.00"", ""under"": ""1.22""}",2026-06-03T07:30:42.716Z
63302469,Baseball,2026-06-03 19:05,Washington Nationals,Miami Marlins,USA - MLB,Bet365,Doubles O/U,Daylen Lile (2) (0.5),,,,3.75,1.25,,,0.5,"{""label"": ""Daylen Lile (2) (0.5)"", ""hdp"": 0.5, ""over"": ""3.75"", ""under"": ""1.25""}",2026-06-03T07:30:42.716Z
63302469,Baseball,2026-06-03 19:05,Washington Nationals,Miami Marlins,USA - MLB,Bet365,Doubles O/U,Curtis Mead (2) (0.5),,,,4.75,1.16,,,0.5,"{""label"": ""Curtis Mead (2) (0.5)"", ""hdp"": 0.5, ""over"": ""4.75"", ""under"": ""1.16""}",2026-06-03T07:30:42.716Z
63302469,Baseball,2026-06-03 19:05,Washington Nationals,Miami Marlins,USA - MLB,Bet365,Doubles O/U,Keibert Ruiz (2) (0.5),,,,4.75,1.16,,,0.5,"{""label"": ""Keibert Ruiz (2) (0.5)"", ""hdp"": 0.5, ""over"": ""4.75"", ""under"": ""1.16""}",2026-06-03T07:30:42.716Z
63302469,Baseball,2026-06-03 19:05,Washington Nationals,Miami Marlins,USA - MLB,Bet365,Doubles O/U,Jose Tena (2) (0.5),,,,5.00,1.15,,,0.5,"{""label"": ""Jose Tena (2) (0.5)"", ""hdp"": 0.5, ""over"": ""5.00"", ""under"": ""1.15""}",2026-06-03T07:30:42.716Z
63302469,Baseball,2026-06-03 19:05,Washington Nationals,Miami Marlins,USA - MLB,Bet365,Doubles O/U,James Wood (2) (0.5),,,,4.30,1.20,,,0.5,"{""label"": ""James Wood (2) (0.5)"", ""hdp"": 0.5, ""over"": ""4.30"", ""under"": ""1.20""}",2026-06-03T07:30:42.716Z
63302469,Baseball,2026-06-03 19:05,Washington Nationals,Miami Marlins,USA - MLB,Bet365,Doubles O/U,Jacob Young (2) (0.5),,,,6.75,1.10,,,0.5,"{""label"": ""Jacob Young (2) (0.5)"", ""hdp"": 0.5, ""over"": ""6.75"", ""under"": ""1.10""}",2026-06-03T07:30:42.716Z
63302469,Baseball,2026-06-03 19:05,Washington Nationals,Miami Marlins,USA - MLB,Bet365,"Total Hits, Runs and RBIs O/U",Xavier Edwards (1) (1.5),,,,1.62,2.20,,,1.5,"{""label"": ""Xavier Edwards (1) (1.5)"", ""hdp"": 1.5, ""over"": ""1.62"", ""under"": ""2.20""}",2026-06-03T07:32:42.979Z
63302469,Baseball,2026-06-03 19:05,Washington Nationals,Miami Marlins,USA - MLB,Bet365,"Total Hits, Runs and RBIs O/U",Heriberto Hernandez (1) (1.5),,,,1.95,1.76,,,1.5,"{""label"": ""Heriberto Hernandez (1) (1.5)"", ""hdp"": 1.5, ""over"": ""1.95"", ""under"": ""1.76""}",2026-06-03T07:32:42.979Z
63302469,Baseball,2026-06-03 19:05,Washington Nationals,Miami Marlins,USA - MLB,Bet365,"Total Hits, Runs and RBIs O/U",Liam Hicks (1) (1.5),,,,1.76,1.95,,,1.5,"{""label"": ""Liam Hicks (1) (1.5)"", ""hdp"": 1.5, ""over"": ""1.76"", ""under"": ""1.95""}",2026-06-03T07:32:42.979Z
63302469,Baseball,2026-06-03 19:05,Washington Nationals,Miami Marlins,USA - MLB,Bet365,"Total Hits, Runs and RBIs O/U",Otto Lopez (1) (1.5),,,,1.57,2.32,,,1.5,"{""label"": ""Otto Lopez (1) (1.5)"", ""hdp"": 1.5, ""over"": ""1.57"", ""under"": ""2.32""}",2026-06-03T07:32:42.979Z
63302469,Baseball,2026-06-03 19:05,Washington Nationals,Miami Marlins,USA - MLB,Bet365,"Total Hits, Runs and RBIs O/U",Christopher Morel (1) (1.5),,,,2.35,1.55,,,1.5,"{""label"": ""Christopher Morel (1) (1.5)"", ""hdp"": 1.5, ""over"": ""2.35"", ""under"": ""1.55""}",2026-06-03T07:32:42.979Z
63302469,Baseball,2026-06-03 19:05,Washington Nationals,Miami Marlins,USA - MLB,Bet365,"Total Hits, Runs and RBIs O/U",Connor Norby (1) (1.5),,,,1.95,1.76,,,1.5,"{""label"": ""Connor Norby (1) (1.5)"", ""hdp"": 1.5, ""over"": ""1.95"", ""under"": ""1.76""}",2026-06-03T07:32:42.979Z
63302469,Baseball,2026-06-03 19:05,Washington Nationals,Miami Marlins,USA - MLB,Bet365,"Total Hits, Runs and RBIs O/U",Esteury Ruiz (1) (0.5),,,,1.58,2.30,,,0.5,"{""label"": ""Esteury Ruiz (1) (0.5)"", ""hdp"": 0.5, ""over"": ""1.58"", ""under"": ""2.30""}",2026-06-03T07:32:42.979Z
63302469,Baseball,2026-06-03 19:05,Washington Nationals,Miami Marlins,USA - MLB,Bet365,"Total Hits, Runs and RBIs O/U",Javier Sanoja (1) (1.5),,,,1.95,1.76,,,1.5,"{""label"": ""Javier Sanoja (1) (1.5)"", ""hdp"": 1.5, ""over"": ""1.95"", ""under"": ""1.76""}",2026-06-03T07:32:42.979Z
63302469,Baseball,2026-06-03 19:05,Washington Nationals,Miami Marlins,USA - MLB,Bet365,"Total Hits, Runs and RBIs O/U",Kyle Stowers (1) (1.5),,,,1.76,1.95,,,1.5,"{""label"": ""Kyle Stowers (1) (1.5)"", ""hdp"": 1.5, ""over"": ""1.76"", ""under"": ""1.95""}",2026-06-03T07:32:42.979Z
63302469,Baseball,2026-06-03 19:05,Washington Nationals,Miami Marlins,USA - MLB,Bet365,"Total Hits, Runs and RBIs O/U",CJ Abrams (2) (1.5),,,,1.83,1.90,,,1.5,"{""label"": ""CJ Abrams (2) (1.5)"", ""hdp"": 1.5, ""over"": ""1.83"", ""under"": ""1.90""}",2026-06-03T07:32:42.979Z
63302469,Baseball,2026-06-03 19:05,Washington Nationals,Miami Marlins,USA - MLB,Bet365,"Total Hits, Runs and RBIs O/U",Dylan Crews (2) (1.5),,,,2.05,1.71,,,1.5,"{""label"": ""Dylan Crews (2) (1.5)"", ""hdp"": 1.5, ""over"": ""2.05"", ""under"": ""1.71""}",2026-06-03T07:32:42.979Z
63302469,Baseball,2026-06-03 19:05,Washington Nationals,Miami Marlins,USA - MLB,Bet365,"Total Hits, Runs and RBIs O/U",Luis Garcia (2) (1.5),,,,1.83,1.90,,,1.5,"{""label"": ""Luis Garcia (2) (1.5)"", ""hdp"": 1.5, ""over"": ""1.83"", ""under"": ""1.90""}",2026-06-03T07:32:42.979Z
63302469,Baseball,2026-06-03 19:05,Washington Nationals,Miami Marlins,USA - MLB,Bet365,"Total Hits, Runs and RBIs O/U",Daylen Lile (2) (1.5),,,,1.71,2.05,,,1.5,"{""label"": ""Daylen Lile (2) (1.5)"", ""hdp"": 1.5, ""over"": ""1.71"", ""under"": ""2.05""}",2026-06-03T07:32:42.979Z
63302469,Baseball,2026-06-03 19:05,Washington Nationals,Miami Marlins,USA - MLB,Bet365,"Total Hits, Runs and RBIs O/U",Curtis Mead (2) (1.5),,,,1.83,1.90,,,1.5,"{""label"": ""Curtis Mead (2) (1.5)"", ""hdp"": 1.5, ""over"": ""1.83"", ""under"": ""1.90""}",2026-06-03T07:32:42.979Z
63302469,Baseball,2026-06-03 19:05,Washington Nationals,Miami Marlins,USA - MLB,Bet365,"Total Hits, Runs and RBIs O/U",Keibert Ruiz (2) (1.5),,,,2.10,1.66,,,1.5,"{""label"": ""Keibert Ruiz (2) (1.5)"", ""hdp"": 1.5, ""over"": ""2.10"", ""under"": ""1.66""}",2026-06-03T07:32:42.979Z
63302469,Baseball,2026-06-03 19:05,Washington Nationals,Miami Marlins,USA - MLB,Bet365,"Total Hits, Runs and RBIs O/U",Jose Tena (2) (1.5),,,,2.32,1.57,,,1.5,"{""label"": ""Jose Tena (2) (1.5)"", ""hdp"": 1.5, ""over"": ""2.32"", ""under"": ""1.57""}",2026-06-03T07:32:42.979Z
63302469,Baseball,2026-06-03 19:05,Washington Nationals,Miami Marlins,USA - MLB,Bet365,"Total Hits, Runs and RBIs O/U",James Wood (2) (1.5),,,,1.76,1.95,,,1.5,"{""label"": ""James Wood (2) (1.5)"", ""hdp"": 1.5, ""over"": ""1.76"", ""under"": ""1.95""}",2026-06-03T07:32:42.979Z
63302469,Baseball,2026-06-03 19:05,Washington Nationals,Miami Marlins,USA - MLB,Bet365,"Total Hits, Runs and RBIs O/U",Jacob Young (2) (1.5),,,,2.15,1.64,,,1.5,"{""label"": ""Jacob Young (2) (1.5)"", ""hdp"": 1.5, ""over"": ""2.15"", ""under"": ""1.64""}",2026-06-03T07:32:42.979Z
63302469,Baseball,2026-06-03 19:05,Washington Nationals,Miami Marlins,USA - MLB,Bet365,Batter Strikeouts O/U,Xavier Edwards (1) (0.5),,,,1.86,1.86,,,0.5,"{""label"": ""Xavier Edwards (1) (0.5)"", ""hdp"": 0.5, ""over"": ""1.86"", ""under"": ""1.86""}",2026-06-03T07:30:58.458Z
63302469,Baseball,2026-06-03 19:05,Washington Nationals,Miami Marlins,USA - MLB,Bet365,Batter Strikeouts O/U,Heriberto Hernandez (1) (0.5),,,,1.38,2.90,,,0.5,"{""label"": ""Heriberto Hernandez (1) (0.5)"", ""hdp"": 0.5, ""over"": ""1.38"", ""under"": ""2.90""}",2026-06-03T07:30:58.458Z
63302469,Baseball,2026-06-03 19:05,Washington Nationals,Miami Marlins,USA - MLB,Bet365,Batter Strikeouts O/U,Liam Hicks (1) (0.5),,,,1.83,1.90,,,0.5,"{""label"": ""Liam Hicks (1) (0.5)"", ""hdp"": 0.5, ""over"": ""1.83"", ""under"": ""1.90""}",2026-06-03T07:30:58.458Z
63302469,Baseball,2026-06-03 19:05,Washington Nationals,Miami Marlins,USA - MLB,Bet365,Batter Strikeouts O/U,Otto Lopez (1) (0.5),,,,1.74,2.00,,,0.5,"{""label"": ""Otto Lopez (1) (0.5)"", ""hdp"": 0.5, ""over"": ""1.74"", ""under"": ""2.00""}",2026-06-03T07:30:58.458Z
63302469,Baseball,2026-06-03 19:05,Washington Nationals,Miami Marlins,USA - MLB,Bet365,Batter Strikeouts O/U,Christopher Morel (1) (1.5),,,,2.95,1.37,,,1.5,"{""label"": ""Christopher Morel (1) (1.5)"", ""hdp"": 1.5, ""over"": ""2.95"", ""under"": ""1.37""}",2026-06-03T07:30:58.458Z
63302469,Baseball,2026-06-03 19:05,Washington Nationals,Miami Marlins,USA - MLB,Bet365,Batter Strikeouts O/U,Connor Norby (1) (0.5),,,,1.35,3.02,,,0.5,"{""label"": ""Connor Norby (1) (0.5)"", ""hdp"": 0.5, ""over"": ""1.35"", ""under"": ""3.02""}",2026-06-03T07:30:58.458Z
63302469,Baseball,2026-06-03 19:05,Washington Nationals,Miami Marlins,USA - MLB,Bet365,Batter Strikeouts O/U,Esteury Ruiz (1) (0.5),,,,1.47,2.55,,,0.5,"{""label"": ""Esteury Ruiz (1) (0.5)"", ""hdp"": 0.5, ""over"": ""1.47"", ""under"": ""2.55""}",2026-06-03T07:30:58.458Z
63302469,Baseball,2026-06-03 19:05,Washington Nationals,Miami Marlins,USA - MLB,Bet365,Batter Strikeouts O/U,Javier Sanoja (1) (0.5),,,,2.60,1.45,,,0.5,"{""label"": ""Javier Sanoja (1) (0.5)"", ""hdp"": 0.5, ""over"": ""2.60"", ""under"": ""1.45""}",2026-06-03T07:30:58.458Z
63302469,Baseball,2026-06-03 19:05,Washington Nationals,Miami Marlins,USA - MLB,Bet365,Batter Strikeouts O/U,Kyle Stowers (1) (1.5),,,,2.55,1.47,,,1.5,"{""label"": ""Kyle Stowers (1) (1.5)"", ""hdp"": 1.5, ""over"": ""2.55"", ""under"": ""1.47""}",2026-06-03T07:30:58.458Z
63302469,Baseball,2026-06-03 19:05,Washington Nationals,Miami Marlins,USA - MLB,Bet365,Batter Strikeouts O/U,CJ Abrams (2) (0.5),,,,1.41,2.80,,,0.5,"{""label"": ""CJ Abrams (2) (0.5)"", ""hdp"": 0.5, ""over"": ""1.41"", ""under"": ""2.80""}",2026-06-03T07:30:58.458Z
63302469,Baseball,2026-06-03 19:05,Washington Nationals,Miami Marlins,USA - MLB,Bet365,Batter Strikeouts O/U,Dylan Crews (2) (0.5),,,,1.40,2.85,,,0.5,"{""label"": ""Dylan Crews (2) (0.5)"", ""hdp"": 0.5, ""over"": ""1.40"", ""under"": ""2.85""}",2026-06-03T07:30:58.458Z
63302469,Baseball,2026-06-03 19:05,Washington Nationals,Miami Marlins,USA - MLB,Bet365,Batter Strikeouts O/U,Luis Garcia (2) (0.5),,,,1.64,2.15,,,0.5,"{""label"": ""Luis Garcia (2) (0.5)"", ""hdp"": 0.5, ""over"": ""1.64"", ""under"": ""2.15""}",2026-06-03T07:30:58.458Z
63302469,Baseball,2026-06-03 19:05,Washington Nationals,Miami Marlins,USA - MLB,Bet365,Batter Strikeouts O/U,Daylen Lile (2) (0.5),,,,1.60,2.25,,,0.5,"{""label"": ""Daylen Lile (2) (0.5)"", ""hdp"": 0.5, ""over"": ""1.60"", ""under"": ""2.25""}",2026-06-03T07:30:58.458Z
63302469,Baseball,2026-06-03 19:05,Washington Nationals,Miami Marlins,USA - MLB,Bet365,Batter Strikeouts O/U,Curtis Mead (2) (0.5),,,,1.50,2.50,,,0.5,"{""label"": ""Curtis Mead (2) (0.5)"", ""hdp"": 0.5, ""over"": ""1.50"", ""under"": ""2.50""}",2026-06-03T07:30:58.458Z
63302469,Baseball,2026-06-03 19:05,Washington Nationals,Miami Marlins,USA - MLB,Bet365,Batter Strikeouts O/U,Keibert Ruiz (2) (0.5),,,,2.55,1.47,,,0.5,"{""label"": ""Keibert Ruiz (2) (0.5)"", ""hdp"": 0.5, ""over"": ""2.55"", ""under"": ""1.47""}",2026-06-03T07:30:58.458Z
63302469,Baseball,2026-06-03 19:05,Washington Nationals,Miami Marlins,USA - MLB,Bet365,Batter Strikeouts O/U,Jose Tena (2) (1.5),,,,3.05,1.34,,,1.5,"{""label"": ""Jose Tena (2) (1.5)"", ""hdp"": 1.5, ""over"": ""3.05"", ""under"": ""1.34""}",2026-06-03T07:30:58.458Z
63302469,Baseball,2026-06-03 19:05,Washington Nationals,Miami Marlins,USA - MLB,Bet365,Batter Strikeouts O/U,James Wood (2) (1.5),,,,2.10,1.66,,,1.5,"{""label"": ""James Wood (2) (1.5)"", ""hdp"": 1.5, ""over"": ""2.10"", ""under"": ""1.66""}",2026-06-03T07:30:58.458Z
63302469,Baseball,2026-06-03 19:05,Washington Nationals,Miami Marlins,USA - MLB,Bet365,Batter Strikeouts O/U,Jacob Young (2) (0.5),,,,1.60,2.25,,,0.5,"{""label"": ""Jacob Young (2) (0.5)"", ""hdp"": 0.5, ""over"": ""1.60"", ""under"": ""2.25""}",2026-06-03T07:30:58.458Z
63302469,Baseball,2026-06-03 19:05,Washington Nationals,Miami Marlins,USA - MLB,Bet365,Batter Walks O/U,CJ Abrams (2) (0.5),,,,3.02,1.35,,,0.5,"{""label"": ""CJ Abrams (2) (0.5)"", ""hdp"": 0.5, ""over"": ""3.02"", ""under"": ""1.35""}",2026-06-03T07:50:57.535Z
63302469,Baseball,2026-06-03 19:05,Washington Nationals,Miami Marlins,USA - MLB,Bet365,Batter Walks O/U,Connor Norby (1) (0.5),,,,2.60,1.45,,,0.5,"{""label"": ""Connor Norby (1) (0.5)"", ""hdp"": 0.5, ""over"": ""2.60"", ""under"": ""1.45""}",2026-06-03T07:50:57.535Z
63302469,Baseball,2026-06-03 19:05,Washington Nationals,Miami Marlins,USA - MLB,Bet365,Batter Walks O/U,Daylen Lile (2) (0.5),,,,3.30,1.30,,,0.5,"{""label"": ""Daylen Lile (2) (0.5)"", ""hdp"": 0.5, ""over"": ""3.30"", ""under"": ""1.30""}",2026-06-03T07:50:57.535Z
63302469,Baseball,2026-06-03 19:05,Washington Nationals,Miami Marlins,USA - MLB,Bet365,Batter Walks O/U,Jacob Young (2) (0.5),,,,3.75,1.25,,,0.5,"{""label"": ""Jacob Young (2) (0.5)"", ""hdp"": 0.5, ""over"": ""3.75"", ""under"": ""1.25""}",2026-06-03T07:50:57.535Z
63302469,Baseball,2026-06-03 19:05,Washington Nationals,Miami Marlins,USA - MLB,Bet365,Batter Walks O/U,James Wood (2) (0.5),,,,1.74,2.00,,,0.5,"{""label"": ""James Wood (2) (0.5)"", ""hdp"": 0.5, ""over"": ""1.74"", ""under"": ""2.00""}",2026-06-03T07:50:57.535Z
63302469,Baseball,2026-06-03 19:05,Washington Nationals,Miami Marlins,USA - MLB,Bet365,Batter Walks O/U,Javier Sanoja (1) (0.5),,,,3.80,1.25,,,0.5,"{""label"": ""Javier Sanoja (1) (0.5)"", ""hdp"": 0.5, ""over"": ""3.80"", ""under"": ""1.25""}",2026-06-03T07:50:57.535Z
63302469,Baseball,2026-06-03 19:05,Washington Nationals,Miami Marlins,USA - MLB,Bet365,Batter Walks O/U,Kyle Stowers (1) (0.5),,,,2.65,1.44,,,0.5,"{""label"": ""Kyle Stowers (1) (0.5)"", ""hdp"": 0.5, ""over"": ""2.65"", ""under"": ""1.44""}",2026-06-03T07:50:57.535Z
63302469,Baseball,2026-06-03 19:05,Washington Nationals,Miami Marlins,USA - MLB,Bet365,Batter Walks O/U,Liam Hicks (1) (0.5),,,,2.20,1.62,,,0.5,"{""label"": ""Liam Hicks (1) (0.5)"", ""hdp"": 0.5, ""over"": ""2.20"", ""under"": ""1.62""}",2026-06-03T07:50:57.535Z
63302469,Baseball,2026-06-03 19:05,Washington Nationals,Miami Marlins,USA - MLB,Bet365,Batter Walks O/U,Luis Garcia (2) (0.5),,,,4.00,1.22,,,0.5,"{""label"": ""Luis Garcia (2) (0.5)"", ""hdp"": 0.5, ""over"": ""4.00"", ""under"": ""1.22""}",2026-06-03T07:50:57.535Z
63302469,Baseball,2026-06-03 19:05,Washington Nationals,Miami Marlins,USA - MLB,Bet365,Batter Walks O/U,Otto Lopez (1) (0.5),,,,3.15,1.32,,,0.5,"{""label"": ""Otto Lopez (1) (0.5)"", ""hdp"": 0.5, ""over"": ""3.15"", ""under"": ""1.32""}",2026-06-03T07:50:57.535Z
63302469,Baseball,2026-06-03 19:05,Washington Nationals,Miami Marlins,USA - MLB,Bet365,Batter Walks O/U,Xavier Edwards (1) (0.5),,,,2.20,1.62,,,0.5,"{""label"": ""Xavier Edwards (1) (0.5)"", ""hdp"": 0.5, ""over"": ""2.20"", ""under"": ""1.62""}",2026-06-03T07:50:57.535Z
63302469,Baseball,2026-06-03 19:05,Washington Nationals,Miami Marlins,USA - MLB,Bet365,Batter Walks O/U,Curtis Mead (2) (0.5),,,,2.90,1.38,,,0.5,"{""label"": ""Curtis Mead (2) (0.5)"", ""hdp"": 0.5, ""over"": ""2.90"", ""under"": ""1.38""}",2026-06-03T07:50:57.535Z
63302469,Baseball,2026-06-03 19:05,Washington Nationals,Miami Marlins,USA - MLB,Bet365,Batter Walks O/U,Dylan Crews (2) (0.5),,,,3.65,1.27,,,0.5,"{""label"": ""Dylan Crews (2) (0.5)"", ""hdp"": 0.5, ""over"": ""3.65"", ""under"": ""1.27""}",2026-06-03T07:50:57.535Z
63302469,Baseball,2026-06-03 19:05,Washington Nationals,Miami Marlins,USA - MLB,Bet365,Batter Walks O/U,Jose Tena (2) (0.5),,,,3.70,1.26,,,0.5,"{""label"": ""Jose Tena (2) (0.5)"", ""hdp"": 0.5, ""over"": ""3.70"", ""under"": ""1.26""}",2026-06-03T07:50:57.535Z
63302469,Baseball,2026-06-03 19:05,Washington Nationals,Miami Marlins,USA - MLB,Bet365,Batter Walks O/U,Christopher Morel (1) (0.5),,,,2.90,1.38,,,0.5,"{""label"": ""Christopher Morel (1) (0.5)"", ""hdp"": 0.5, ""over"": ""2.90"", ""under"": ""1.38""}",2026-06-03T07:50:57.535Z
63302469,Baseball,2026-06-03 19:05,Washington Nationals,Miami Marlins,USA - MLB,Bet365,Batter Walks O/U,Esteury Ruiz (1) (0.5),,,,3.50,1.28,,,0.5,"{""label"": ""Esteury Ruiz (1) (0.5)"", ""hdp"": 0.5, ""over"": ""3.50"", ""under"": ""1.28""}",2026-06-03T07:50:57.535Z
63302469,Baseball,2026-06-03 19:05,Washington Nationals,Miami Marlins,USA - MLB,Bet365,Batter Walks O/U,Heriberto Hernandez (1) (0.5),,,,2.32,1.57,,,0.5,"{""label"": ""Heriberto Hernandez (1) (0.5)"", ""hdp"": 0.5, ""over"": ""2.32"", ""under"": ""1.57""}",2026-06-03T07:50:57.535Z
63302469,Baseball,2026-06-03 19:05,Washington Nationals,Miami Marlins,USA - MLB,Bet365,Runs Batted In O/U,Xavier Edwards (1) (0.5),,,,2.50,1.50,,,0.5,"{""label"": ""Xavier Edwards (1) (0.5)"", ""hdp"": 0.5, ""over"": ""2.50"", ""under"": ""1.50""}",2026-06-03T07:29:27.42Z
63302469,Baseball,2026-06-03 19:05,Washington Nationals,Miami Marlins,USA - MLB,Bet365,Runs Batted In O/U,Heriberto Hernandez (1) (0.5),,,,2.65,1.44,,,0.5,"{""label"": ""Heriberto Hernandez (1) (0.5)"", ""hdp"": 0.5, ""over"": ""2.65"", ""under"": ""1.44""}",2026-06-03T07:29:27.42Z
63302469,Baseball,2026-06-03 19:05,Washington Nationals,Miami Marlins,USA - MLB,Bet365,Runs Batted In O/U,Liam Hicks (1) (0.5),,,,3.05,1.34,,,0.5,"{""label"": ""Liam Hicks (1) (0.5)"", ""hdp"": 0.5, ""over"": ""3.05"", ""under"": ""1.34""}",2026-06-03T07:29:27.42Z
63302469,Baseball,2026-06-03 19:05,Washington Nationals,Miami Marlins,USA - MLB,Bet365,Runs Batted In O/U,Otto Lopez (1) (0.5),,,,3.00,1.36,,,0.5,"{""label"": ""Otto Lopez (1) (0.5)"", ""hdp"": 0.5, ""over"": ""3.00"", ""under"": ""1.36""}",2026-06-03T07:29:27.42Z
63302469,Baseball,2026-06-03 19:05,Washington Nationals,Miami Marlins,USA - MLB,Bet365,Runs Batted In O/U,Christopher Morel (1) (0.5),,,,3.15,1.32,,,0.5,"{""label"": ""Christopher Morel (1) (0.5)"", ""hdp"": 0.5, ""over"": ""3.15"", ""under"": ""1.32""}",2026-06-03T07:29:27.42Z
63302469,Baseball,2026-06-03 19:05,Washington Nationals,Miami Marlins,USA - MLB,Bet365,Runs Batted In O/U,Connor Norby (1) (0.5),,,,2.82,1.40,,,0.5,"{""label"": ""Connor Norby (1) (0.5)"", ""hdp"": 0.5, ""over"": ""2.82"", ""under"": ""1.40""}",2026-06-03T07:29:27.42Z
63302469,Baseball,2026-06-03 19:05,Washington Nationals,Miami Marlins,USA - MLB,Bet365,Runs Batted In O/U,Esteury Ruiz (1) (0.5),,,,3.90,1.23,,,0.5,"{""label"": ""Esteury Ruiz (1) (0.5)"", ""hdp"": 0.5, ""over"": ""3.90"", ""under"": ""1.23""}",2026-06-03T07:29:27.42Z
63302469,Baseball,2026-06-03 19:05,Washington Nationals,Miami Marlins,USA - MLB,Bet365,Runs Batted In O/U,Javier Sanoja (1) (0.5),,,,3.05,1.34,,,0.5,"{""label"": ""Javier Sanoja (1) (0.5)"", ""hdp"": 0.5, ""over"": ""3.05"", ""under"": ""1.34""}",2026-06-03T07:29:27.42Z
63302469,Baseball,2026-06-03 19:05,Washington Nationals,Miami Marlins,USA - MLB,Bet365,Runs Batted In O/U,Kyle Stowers (1) (0.5),,,,2.50,1.50,,,0.5,"{""label"": ""Kyle Stowers (1) (0.5)"", ""hdp"": 0.5, ""over"": ""2.50"", ""under"": ""1.50""}",2026-06-03T07:29:27.42Z
63302469,Baseball,2026-06-03 19:05,Washington Nationals,Miami Marlins,USA - MLB,Bet365,Runs Batted In O/U,CJ Abrams (2) (0.5),,,,2.60,1.45,,,0.5,"{""label"": ""CJ Abrams (2) (0.5)"", ""hdp"": 0.5, ""over"": ""2.60"", ""under"": ""1.45""}",2026-06-03T07:29:27.42Z
63302469,Baseball,2026-06-03 19:05,Washington Nationals,Miami Marlins,USA - MLB,Bet365,Runs Batted In O/U,Dylan Crews (2) (0.5),,,,3.02,1.35,,,0.5,"{""label"": ""Dylan Crews (2) (0.5)"", ""hdp"": 0.5, ""over"": ""3.02"", ""under"": ""1.35""}",2026-06-03T07:29:27.42Z
63302469,Baseball,2026-06-03 19:05,Washington Nationals,Miami Marlins,USA - MLB,Bet365,Runs Batted In O/U,Luis Garcia (2) (0.5),,,,2.95,1.37,,,0.5,"{""label"": ""Luis Garcia (2) (0.5)"", ""hdp"": 0.5, ""over"": ""2.95"", ""under"": ""1.37""}",2026-06-03T07:29:27.42Z
63302469,Baseball,2026-06-03 19:05,Washington Nationals,Miami Marlins,USA - MLB,Bet365,Runs Batted In O/U,Daylen Lile (2) (0.5),,,,2.55,1.47,,,0.5,"{""label"": ""Daylen Lile (2) (0.5)"", ""hdp"": 0.5, ""over"": ""2.55"", ""under"": ""1.47""}",2026-06-03T07:29:27.42Z
63302469,Baseball,2026-06-03 19:05,Washington Nationals,Miami Marlins,USA - MLB,Bet365,Runs Batted In O/U,Curtis Mead (2) (0.5),,,,2.70,1.43,,,0.5,"{""label"": ""Curtis Mead (2) (0.5)"", ""hdp"": 0.5, ""over"": ""2.70"", ""under"": ""1.43""}",2026-06-03T07:29:27.42Z
63302469,Baseball,2026-06-03 19:05,Washington Nationals,Miami Marlins,USA - MLB,Bet365,Runs Batted In O/U,Keibert Ruiz (2) (0.5),,,,3.02,1.35,,,0.5,"{""label"": ""Keibert Ruiz (2) (0.5)"", ""hdp"": 0.5, ""over"": ""3.02"", ""under"": ""1.35""}",2026-06-03T07:29:27.42Z
63302469,Baseball,2026-06-03 19:05,Washington Nationals,Miami Marlins,USA - MLB,Bet365,Runs Batted In O/U,Jose Tena (2) (0.5),,,,3.30,1.30,,,0.5,"{""label"": ""Jose Tena (2) (0.5)"", ""hdp"": 0.5, ""over"": ""3.30"", ""under"": ""1.30""}",2026-06-03T07:29:27.42Z
63302469,Baseball,2026-06-03 19:05,Washington Nationals,Miami Marlins,USA - MLB,Bet365,Runs Batted In O/U,James Wood (2) (0.5),,,,2.85,1.40,,,0.5,"{""label"": ""James Wood (2) (0.5)"", ""hdp"": 0.5, ""over"": ""2.85"", ""under"": ""1.40""}",2026-06-03T07:29:27.42Z
63302469,Baseball,2026-06-03 19:05,Washington Nationals,Miami Marlins,USA - MLB,Bet365,Runs Batted In O/U,Jacob Young (2) (0.5),,,,3.30,1.30,,,0.5,"{""label"": ""Jacob Young (2) (0.5)"", ""hdp"": 0.5, ""over"": ""3.30"", ""under"": ""1.30""}",2026-06-03T07:29:27.42Z
63302469,Baseball,2026-06-03 19:05,Washington Nationals,Miami Marlins,USA - MLB,Bet365,Runs O/U,Xavier Edwards (1) (0.5),,,,2.15,1.64,,,0.5,"{""label"": ""Xavier Edwards (1) (0.5)"", ""hdp"": 0.5, ""over"": ""2.15"", ""under"": ""1.64""}",2026-06-03T08:42:31.219Z
63302469,Baseball,2026-06-03 19:05,Washington Nationals,Miami Marlins,USA - MLB,Bet365,Runs O/U,Heriberto Hernandez (1) (0.5),,,,2.35,1.55,,,0.5,"{""label"": ""Heriberto Hernandez (1) (0.5)"", ""hdp"": 0.5, ""over"": ""2.35"", ""under"": ""1.55""}",2026-06-03T08:42:31.219Z
63302469,Baseball,2026-06-03 19:05,Washington Nationals,Miami Marlins,USA - MLB,Bet365,Runs O/U,Liam Hicks (1) (0.5),,,,2.15,1.64,,,0.5,"{""label"": ""Liam Hicks (1) (0.5)"", ""hdp"": 0.5, ""over"": ""2.15"", ""under"": ""1.64""}",2026-06-03T08:42:31.219Z
63302469,Baseball,2026-06-03 19:05,Washington Nationals,Miami Marlins,USA - MLB,Bet365,Runs O/U,Christopher Morel (1) (0.5),,,,2.60,1.45,,,0.5,"{""label"": ""Christopher Morel (1) (0.5)"", ""hdp"": 0.5, ""over"": ""2.60"", ""under"": ""1.45""}",2026-06-03T08:42:31.219Z
63302469,Baseball,2026-06-03 19:05,Washington Nationals,Miami Marlins,USA - MLB,Bet365,Runs O/U,Javier Sanoja (1) (0.5),,,,2.55,1.47,,,0.5,"{""label"": ""Javier Sanoja (1) (0.5)"", ""hdp"": 0.5, ""over"": ""2.55"", ""under"": ""1.47""}",2026-06-03T08:42:31.219Z
63302469,Baseball,2026-06-03 19:05,Washington Nationals,Miami Marlins,USA - MLB,Bet365,Runs O/U,CJ Abrams (2) (0.5),,,,2.05,1.71,,,0.5,"{""label"": ""CJ Abrams (2) (0.5)"", ""hdp"": 0.5, ""over"": ""2.05"", ""under"": ""1.71""}",2026-06-03T08:42:31.219Z
63302469,Baseball,2026-06-03 19:05,Washington Nationals,Miami Marlins,USA - MLB,Bet365,Runs O/U,Dylan Crews (2) (0.5),,,,2.50,1.50,,,0.5,"{""label"": ""Dylan Crews (2) (0.5)"", ""hdp"": 0.5, ""over"": ""2.50"", ""under"": ""1.50""}",2026-06-03T08:42:31.219Z
63302469,Baseball,2026-06-03 19:05,Washington Nationals,Miami Marlins,USA - MLB,Bet365,Runs O/U,Luis Garcia (2) (0.5),,,,2.25,1.60,,,0.5,"{""label"": ""Luis Garcia (2) (0.5)"", ""hdp"": 0.5, ""over"": ""2.25"", ""under"": ""1.60""}",2026-06-03T08:42:31.219Z
63302469,Baseball,2026-06-03 19:05,Washington Nationals,Miami Marlins,USA - MLB,Bet365,Runs O/U,Keibert Ruiz (2) (0.5),,,,2.65,1.44,,,0.5,"{""label"": ""Keibert Ruiz (2) (0.5)"", ""hdp"": 0.5, ""over"": ""2.65"", ""under"": ""1.44""}",2026-06-03T08:42:31.219Z
63302469,Baseball,2026-06-03 19:05,Washington Nationals,Miami Marlins,USA - MLB,Bet365,Runs O/U,James Wood (2) (0.5),,,,1.74,2.00,,,0.5,"{""label"": ""James Wood (2) (0.5)"", ""hdp"": 0.5, ""over"": ""1.74"", ""under"": ""2.00""}",2026-06-03T08:42:31.219Z
63302469,Baseball,2026-06-03 19:05,Washington Nationals,Miami Marlins,USA - MLB,Bet365,Runs O/U,Otto Lopez (1) (0.5),,,,2.05,1.71,,,0.5,"{""label"": ""Otto Lopez (1) (0.5)"", ""hdp"": 0.5, ""over"": ""2.05"", ""under"": ""1.71""}",2026-06-03T08:42:31.219Z
63302469,Baseball,2026-06-03 19:05,Washington Nationals,Miami Marlins,USA - MLB,Bet365,Runs O/U,Connor Norby (1) (0.5),,,,2.30,1.58,,,0.5,"{""label"": ""Connor Norby (1) (0.5)"", ""hdp"": 0.5, ""over"": ""2.30"", ""under"": ""1.58""}",2026-06-03T08:42:31.219Z
63302469,Baseball,2026-06-03 19:05,Washington Nationals,Miami Marlins,USA - MLB,Bet365,Runs O/U,Esteury Ruiz (1) (0.5),,,,2.65,1.44,,,0.5,"{""label"": ""Esteury Ruiz (1) (0.5)"", ""hdp"": 0.5, ""over"": ""2.65"", ""under"": ""1.44""}",2026-06-03T08:42:31.219Z
63302469,Baseball,2026-06-03 19:05,Washington Nationals,Miami Marlins,USA - MLB,Bet365,Runs O/U,Kyle Stowers (1) (0.5),,,,2.05,1.71,,,0.5,"{""label"": ""Kyle Stowers (1) (0.5)"", ""hdp"": 0.5, ""over"": ""2.05"", ""under"": ""1.71""}",2026-06-03T08:42:31.219Z
63302469,Baseball,2026-06-03 19:05,Washington Nationals,Miami Marlins,USA - MLB,Bet365,Runs O/U,Daylen Lile (2) (0.5),,,,2.20,1.62,,,0.5,"{""label"": ""Daylen Lile (2) (0.5)"", ""hdp"": 0.5, ""over"": ""2.20"", ""under"": ""1.62""}",2026-06-03T08:42:31.219Z
63302469,Baseball,2026-06-03 19:05,Washington Nationals,Miami Marlins,USA - MLB,Bet365,Runs O/U,Curtis Mead (2) (0.5),,,,2.15,1.64,,,0.5,"{""label"": ""Curtis Mead (2) (0.5)"", ""hdp"": 0.5, ""over"": ""2.15"", ""under"": ""1.64""}",2026-06-03T08:42:31.219Z
63302469,Baseball,2026-06-03 19:05,Washington Nationals,Miami Marlins,USA - MLB,Bet365,Runs O/U,Jose Tena (2) (0.5),,,,2.80,1.41,,,0.5,"{""label"": ""Jose Tena (2) (0.5)"", ""hdp"": 0.5, ""over"": ""2.80"", ""under"": ""1.41""}",2026-06-03T08:42:31.219Z
63302469,Baseball,2026-06-03 19:05,Washington Nationals,Miami Marlins,USA - MLB,Bet365,Runs O/U,Jacob Young (2) (0.5),,,,2.85,1.40,,,0.5,"{""label"": ""Jacob Young (2) (0.5)"", ""hdp"": 0.5, ""over"": ""2.85"", ""under"": ""1.40""}",2026-06-03T08:42:31.219Z
63302469,Baseball,2026-06-03 19:05,Washington Nationals,Miami Marlins,USA - MLB,Bet365,Singles O/U,Xavier Edwards (1) (0.5),,,,1.57,2.32,,,0.5,"{""label"": ""Xavier Edwards (1) (0.5)"", ""hdp"": 0.5, ""over"": ""1.57"", ""under"": ""2.32""}",2026-06-03T06:40:03.009Z
63302469,Baseball,2026-06-03 19:05,Washington Nationals,Miami Marlins,USA - MLB,Bet365,Singles O/U,Heriberto Hernandez (1) (0.5),,,,2.05,1.71,,,0.5,"{""label"": ""Heriberto Hernandez (1) (0.5)"", ""hdp"": 0.5, ""over"": ""2.05"", ""under"": ""1.71""}",2026-06-03T06:40:03.009Z
63302469,Baseball,2026-06-03 19:05,Washington Nationals,Miami Marlins,USA - MLB,Bet365,Singles O/U,Liam Hicks (1) (0.5),,,,1.74,2.00,,,0.5,"{""label"": ""Liam Hicks (1) (0.5)"", ""hdp"": 0.5, ""over"": ""1.74"", ""under"": ""2.00""}",2026-06-03T06:40:03.009Z
63302469,Baseball,2026-06-03 19:05,Washington Nationals,Miami Marlins,USA - MLB,Bet365,Singles O/U,Otto Lopez (1) (0.5),,,,1.52,2.40,,,0.5,"{""label"": ""Otto Lopez (1) (0.5)"", ""hdp"": 0.5, ""over"": ""1.52"", ""under"": ""2.40""}",2026-06-03T06:40:03.009Z
63302469,Baseball,2026-06-03 19:05,Washington Nationals,Miami Marlins,USA - MLB,Bet365,Singles O/U,Christopher Morel (1) (0.5),,,,2.50,1.50,,,0.5,"{""label"": ""Christopher Morel (1) (0.5)"", ""hdp"": 0.5, ""over"": ""2.50"", ""under"": ""1.50""}",2026-06-03T06:40:03.009Z
63302469,Baseball,2026-06-03 19:05,Washington Nationals,Miami Marlins,USA - MLB,Bet365,Singles O/U,Connor Norby (1) (0.5),,,,2.05,1.71,,,0.5,"{""label"": ""Connor Norby (1) (0.5)"", ""hdp"": 0.5, ""over"": ""2.05"", ""under"": ""1.71""}",2026-06-03T06:40:03.009Z
63302469,Baseball,2026-06-03 19:05,Washington Nationals,Miami Marlins,USA - MLB,Bet365,Singles O/U,Esteury Ruiz (1) (0.5),,,,2.40,1.52,,,0.5,"{""label"": ""Esteury Ruiz (1) (0.5)"", ""hdp"": 0.5, ""over"": ""2.40"", ""under"": ""1.52""}",2026-06-03T06:40:03.009Z
63302469,Baseball,2026-06-03 19:05,Washington Nationals,Miami Marlins,USA - MLB,Bet365,Singles O/U,Javier Sanoja (1) (0.5),,,,1.76,1.95,,,0.5,"{""label"": ""Javier Sanoja (1) (0.5)"", ""hdp"": 0.5, ""over"": ""1.76"", ""under"": ""1.95""}",2026-06-03T06:40:03.009Z
63302469,Baseball,2026-06-03 19:05,Washington Nationals,Miami Marlins,USA - MLB,Bet365,Singles O/U,Kyle Stowers (1) (0.5),,,,2.00,1.74,,,0.5,"{""label"": ""Kyle Stowers (1) (0.5)"", ""hdp"": 0.5, ""over"": ""2.00"", ""under"": ""1.74""}",2026-06-03T06:40:03.009Z
63302469,Baseball,2026-06-03 19:05,Washington Nationals,Miami Marlins,USA - MLB,Bet365,Singles O/U,CJ Abrams (2) (0.5),,,,2.15,1.64,,,0.5,"{""label"": ""CJ Abrams (2) (0.5)"", ""hdp"": 0.5, ""over"": ""2.15"", ""under"": ""1.64""}",2026-06-03T06:40:03.009Z
63302469,Baseball,2026-06-03 19:05,Washington Nationals,Miami Marlins,USA - MLB,Bet365,Singles O/U,Dylan Crews (2) (0.5),,,,1.95,1.76,,,0.5,"{""label"": ""Dylan Crews (2) (0.5)"", ""hdp"": 0.5, ""over"": ""1.95"", ""under"": ""1.76""}",2026-06-03T06:40:03.009Z
63302469,Baseball,2026-06-03 19:05,Washington Nationals,Miami Marlins,USA - MLB,Bet365,Singles O/U,Luis Garcia (2) (0.5),,,,1.86,1.86,,,0.5,"{""label"": ""Luis Garcia (2) (0.5)"", ""hdp"": 0.5, ""over"": ""1.86"", ""under"": ""1.86""}",2026-06-03T06:40:03.009Z
63302469,Baseball,2026-06-03 19:05,Washington Nationals,Miami Marlins,USA - MLB,Bet365,Singles O/U,Daylen Lile (2) (0.5),,,,1.95,1.76,,,0.5,"{""label"": ""Daylen Lile (2) (0.5)"", ""hdp"": 0.5, ""over"": ""1.95"", ""under"": ""1.76""}",2026-06-03T06:40:03.009Z
63302469,Baseball,2026-06-03 19:05,Washington Nationals,Miami Marlins,USA - MLB,Bet365,Singles O/U,Curtis Mead (2) (0.5),,,,1.83,1.90,,,0.5,"{""label"": ""Curtis Mead (2) (0.5)"", ""hdp"": 0.5, ""over"": ""1.83"", ""under"": ""1.90""}",2026-06-03T06:40:03.009Z
63302469,Baseball,2026-06-03 19:05,Washington Nationals,Miami Marlins,USA - MLB,Bet365,Singles O/U,Keibert Ruiz (2) (0.5),,,,2.10,1.66,,,0.5,"{""label"": ""Keibert Ruiz (2) (0.5)"", ""hdp"": 0.5, ""over"": ""2.10"", ""under"": ""1.66""}",2026-06-03T06:40:03.009Z
63302469,Baseball,2026-06-03 19:05,Washington Nationals,Miami Marlins,USA - MLB,Bet365,Singles O/U,Jose Tena (2) (0.5),,,,2.50,1.50,,,0.5,"{""label"": ""Jose Tena (2) (0.5)"", ""hdp"": 0.5, ""over"": ""2.50"", ""under"": ""1.50""}",2026-06-03T06:40:03.009Z
63302469,Baseball,2026-06-03 19:05,Washington Nationals,Miami Marlins,USA - MLB,Bet365,Singles O/U,James Wood (2) (0.5),,,,2.35,1.55,,,0.5,"{""label"": ""James Wood (2) (0.5)"", ""hdp"": 0.5, ""over"": ""2.35"", ""under"": ""1.55""}",2026-06-03T06:40:03.009Z
63302469,Baseball,2026-06-03 19:05,Washington Nationals,Miami Marlins,USA - MLB,Bet365,Singles O/U,Jacob Young (2) (0.5),,,,1.95,1.76,,,0.5,"{""label"": ""Jacob Young (2) (0.5)"", ""hdp"": 0.5, ""over"": ""1.95"", ""under"": ""1.76""}",2026-06-03T06:40:03.009Z
63302469,Baseball,2026-06-03 19:05,Washington Nationals,Miami Marlins,USA - MLB,Bet365,Total Bases O/U,Xavier Edwards (1) (1.5),,,,2.32,1.57,,,1.5,"{""label"": ""Xavier Edwards (1) (1.5)"", ""hdp"": 1.5, ""over"": ""2.32"", ""under"": ""1.57""}",2026-06-03T06:31:33.359Z
63302469,Baseball,2026-06-03 19:05,Washington Nationals,Miami Marlins,USA - MLB,Bet365,Total Bases O/U,Heriberto Hernandez (1) (1.5),,,,2.60,1.45,,,1.5,"{""label"": ""Heriberto Hernandez (1) (1.5)"", ""hdp"": 1.5, ""over"": ""2.60"", ""under"": ""1.45""}",2026-06-03T06:31:33.359Z
63302469,Baseball,2026-06-03 19:05,Washington Nationals,Miami Marlins,USA - MLB,Bet365,Total Bases O/U,Liam Hicks (1) (1.5),,,,2.40,1.52,,,1.5,"{""label"": ""Liam Hicks (1) (1.5)"", ""hdp"": 1.5, ""over"": ""2.40"", ""under"": ""1.52""}",2026-06-03T06:31:33.359Z
63302469,Baseball,2026-06-03 19:05,Washington Nationals,Miami Marlins,USA - MLB,Bet365,Total Bases O/U,Otto Lopez (1) (1.5),,,,2.05,1.71,,,1.5,"{""label"": ""Otto Lopez (1) (1.5)"", ""hdp"": 1.5, ""over"": ""2.05"", ""under"": ""1.71""}",2026-06-03T06:31:33.359Z
63302469,Baseball,2026-06-03 19:05,Washington Nationals,Miami Marlins,USA - MLB,Bet365,Total Bases O/U,Christopher Morel (1) (1.5),,,,3.10,1.33,,,1.5,"{""label"": ""Christopher Morel (1) (1.5)"", ""hdp"": 1.5, ""over"": ""3.10"", ""under"": ""1.33""}",2026-06-03T06:31:33.359Z
63302469,Baseball,2026-06-03 19:05,Washington Nationals,Miami Marlins,USA - MLB,Bet365,Total Bases O/U,Connor Norby (1) (1.5),,,,2.60,1.45,,,1.5,"{""label"": ""Connor Norby (1) (1.5)"", ""hdp"": 1.5, ""over"": ""2.60"", ""under"": ""1.45""}",2026-06-03T06:31:33.359Z
63302469,Baseball,2026-06-03 19:05,Washington Nationals,Miami Marlins,USA - MLB,Bet365,Total Bases O/U,Esteury Ruiz (1) (1.5),,,,3.50,1.28,,,1.5,"{""label"": ""Esteury Ruiz (1) (1.5)"", ""hdp"": 1.5, ""over"": ""3.50"", ""under"": ""1.28""}",2026-06-03T06:31:33.359Z
63302469,Baseball,2026-06-03 19:05,Washington Nationals,Miami Marlins,USA - MLB,Bet365,Total Bases O/U,Javier Sanoja (1) (1.5),,,,2.85,1.40,,,1.5,"{""label"": ""Javier Sanoja (1) (1.5)"", ""hdp"": 1.5, ""over"": ""2.85"", ""under"": ""1.40""}",2026-06-03T06:31:33.359Z
63302469,Baseball,2026-06-03 19:05,Washington Nationals,Miami Marlins,USA - MLB,Bet365,Total Bases O/U,Kyle Stowers (1) (1.5),,,,2.15,1.64,,,1.5,"{""label"": ""Kyle Stowers (1) (1.5)"", ""hdp"": 1.5, ""over"": ""2.15"", ""under"": ""1.64""}",2026-06-03T06:31:33.359Z
63302469,Baseball,2026-06-03 19:05,Washington Nationals,Miami Marlins,USA - MLB,Bet365,Total Bases O/U,CJ Abrams (2) (1.5),,,,2.25,1.60,,,1.5,"{""label"": ""CJ Abrams (2) (1.5)"", ""hdp"": 1.5, ""over"": ""2.25"", ""under"": ""1.60""}",2026-06-03T06:31:33.359Z
63302469,Baseball,2026-06-03 19:05,Washington Nationals,Miami Marlins,USA - MLB,Bet365,Total Bases O/U,Dylan Crews (2) (1.5),,,,2.70,1.43,,,1.5,"{""label"": ""Dylan Crews (2) (1.5)"", ""hdp"": 1.5, ""over"": ""2.70"", ""under"": ""1.43""}",2026-06-03T06:31:33.359Z
63302469,Baseball,2026-06-03 19:05,Washington Nationals,Miami Marlins,USA - MLB,Bet365,Total Bases O/U,Luis Garcia (2) (1.5),,,,2.20,1.62,,,1.5,"{""label"": ""Luis Garcia (2) (1.5)"", ""hdp"": 1.5, ""over"": ""2.20"", ""under"": ""1.62""}",2026-06-03T06:31:33.359Z
63302469,Baseball,2026-06-03 19:05,Washington Nationals,Miami Marlins,USA - MLB,Bet365,Total Bases O/U,Daylen Lile (2) (1.5),,,,2.05,1.71,,,1.5,"{""label"": ""Daylen Lile (2) (1.5)"", ""hdp"": 1.5, ""over"": ""2.05"", ""under"": ""1.71""}",2026-06-03T06:31:33.359Z
63302469,Baseball,2026-06-03 19:05,Washington Nationals,Miami Marlins,USA - MLB,Bet365,Total Bases O/U,Curtis Mead (2) (1.5),,,,2.40,1.52,,,1.5,"{""label"": ""Curtis Mead (2) (1.5)"", ""hdp"": 1.5, ""over"": ""2.40"", ""under"": ""1.52""}",2026-06-03T06:31:33.359Z
63302469,Baseball,2026-06-03 19:05,Washington Nationals,Miami Marlins,USA - MLB,Bet365,Total Bases O/U,Keibert Ruiz (2) (1.5),,,,2.82,1.40,,,1.5,"{""label"": ""Keibert Ruiz (2) (1.5)"", ""hdp"": 1.5, ""over"": ""2.82"", ""under"": ""1.40""}",2026-06-03T06:31:33.359Z
63302469,Baseball,2026-06-03 19:05,Washington Nationals,Miami Marlins,USA - MLB,Bet365,Total Bases O/U,Jose Tena (2) (1.5),,,,2.95,1.37,,,1.5,"{""label"": ""Jose Tena (2) (1.5)"", ""hdp"": 1.5, ""over"": ""2.95"", ""under"": ""1.37""}",2026-06-03T06:31:33.359Z
63302469,Baseball,2026-06-03 19:05,Washington Nationals,Miami Marlins,USA - MLB,Bet365,Total Bases O/U,James Wood (2) (1.5),,,,2.20,1.62,,,1.5,"{""label"": ""James Wood (2) (1.5)"", ""hdp"": 1.5, ""over"": ""2.20"", ""under"": ""1.62""}",2026-06-03T06:31:33.359Z
63302469,Baseball,2026-06-03 19:05,Washington Nationals,Miami Marlins,USA - MLB,Bet365,Total Bases O/U,Jacob Young (2) (1.5),,,,3.10,1.33,,,1.5,"{""label"": ""Jacob Young (2) (1.5)"", ""hdp"": 1.5, ""over"": ""3.10"", ""under"": ""1.33""}",2026-06-03T06:31:33.359Z
63302469,Baseball,2026-06-03 19:05,Washington Nationals,Miami Marlins,USA - MLB,Bet365,First 5 Innings ML,,1.90,,1.83,,,,,,"{""home"": ""1.90"", ""away"": ""1.83""}",2026-06-03T04:16:07.376Z
63302469,Baseball,2026-06-03 19:05,Washington Nationals,Miami Marlins,USA - MLB,Bet365,Home Runs O/U,Heriberto Hernandez (1) (0.5),,,,7.50,1.10,,,0.5,"{""label"": ""Heriberto Hernandez (1) (0.5)"", ""hdp"": 0.5, ""over"": ""7.50"", ""under"": ""1.10""}",2026-06-03T07:33:16.72Z
63302469,Baseball,2026-06-03 19:05,Washington Nationals,Miami Marlins,USA - MLB,Bet365,Home Runs O/U,Otto Lopez (1) (0.5),,,,9.50,1.07,,,0.5,"{""label"": ""Otto Lopez (1) (0.5)"", ""hdp"": 0.5, ""over"": ""9.50"", ""under"": ""1.07""}",2026-06-03T07:33:16.72Z
63302469,Baseball,2026-06-03 19:05,Washington Nationals,Miami Marlins,USA - MLB,Bet365,Home Runs O/U,Christopher Morel (1) (0.5),,,,7.25,1.10,,,0.5,"{""label"": ""Christopher Morel (1) (0.5)"", ""hdp"": 0.5, ""over"": ""7.25"", ""under"": ""1.10""}",2026-06-03T07:33:16.72Z
63302469,Baseball,2026-06-03 19:05,Washington Nationals,Miami Marlins,USA - MLB,Bet365,Home Runs O/U,CJ Abrams (2) (0.5),,,,6.00,1.14,,,0.5,"{""label"": ""CJ Abrams (2) (0.5)"", ""hdp"": 0.5, ""over"": ""6.00"", ""under"": ""1.14""}",2026-06-03T07:33:16.72Z
63302469,Baseball,2026-06-03 19:05,Washington Nationals,Miami Marlins,USA - MLB,Bet365,Home Runs O/U,Daylen Lile (2) (0.5),,,,7.00,1.11,,,0.5,"{""label"": ""Daylen Lile (2) (0.5)"", ""hdp"": 0.5, ""over"": ""7.00"", ""under"": ""1.11""}",2026-06-03T07:33:16.72Z
63302469,Baseball,2026-06-03 19:05,Washington Nationals,Miami Marlins,USA - MLB,Bet365,Home Runs O/U,Curtis Mead (2) (0.5),,,,7.25,1.10,,,0.5,"{""label"": ""Curtis Mead (2) (0.5)"", ""hdp"": 0.5, ""over"": ""7.25"", ""under"": ""1.10""}",2026-06-03T07:33:16.72Z
63302469,Baseball,2026-06-03 19:05,Washington Nationals,Miami Marlins,USA - MLB,Bet365,Home Runs O/U,James Wood (2) (0.5),,,,4.50,1.22,,,0.5,"{""label"": ""James Wood (2) (0.5)"", ""hdp"": 0.5, ""over"": ""4.50"", ""under"": ""1.22""}",2026-06-03T07:33:16.72Z
63302469,Baseball,2026-06-03 19:05,Washington Nationals,Miami Marlins,USA - MLB,Bet365,Home Runs O/U,Xavier Edwards (1) (0.5),,,,13.50,1.04,,,0.5,"{""label"": ""Xavier Edwards (1) (0.5)"", ""hdp"": 0.5, ""over"": ""13.50"", ""under"": ""1.04""}",2026-06-03T07:33:16.72Z
63302469,Baseball,2026-06-03 19:05,Washington Nationals,Miami Marlins,USA - MLB,Bet365,Home Runs O/U,Liam Hicks (1) (0.5),,,,10.00,1.06,,,0.5,"{""label"": ""Liam Hicks (1) (0.5)"", ""hdp"": 0.5, ""over"": ""10.00"", ""under"": ""1.06""}",2026-06-03T07:33:16.72Z
63302469,Baseball,2026-06-03 19:05,Washington Nationals,Miami Marlins,USA - MLB,Bet365,Home Runs O/U,Connor Norby (1) (0.5),,,,7.50,1.10,,,0.5,"{""label"": ""Connor Norby (1) (0.5)"", ""hdp"": 0.5, ""over"": ""7.50"", ""under"": ""1.10""}",2026-06-03T07:33:16.72Z
63302469,Baseball,2026-06-03 19:05,Washington Nationals,Miami Marlins,USA - MLB,Bet365,Home Runs O/U,Esteury Ruiz (1) (0.5),,,,11.00,1.05,,,0.5,"{""label"": ""Esteury Ruiz (1) (0.5)"", ""hdp"": 0.5, ""over"": ""11.00"", ""under"": ""1.05""}",2026-06-03T07:33:16.72Z
63302469,Baseball,2026-06-03 19:05,Washington Nationals,Miami Marlins,USA - MLB,Bet365,Home Runs O/U,Javier Sanoja (1) (0.5),,,,13.00,1.04,,,0.5,"{""label"": ""Javier Sanoja (1) (0.5)"", ""hdp"": 0.5, ""over"": ""13.00"", ""under"": ""1.04""}",2026-06-03T07:33:16.72Z
63302469,Baseball,2026-06-03 19:05,Washington Nationals,Miami Marlins,USA - MLB,Bet365,Home Runs O/U,Kyle Stowers (1) (0.5),,,,5.50,1.16,,,0.5,"{""label"": ""Kyle Stowers (1) (0.5)"", ""hdp"": 0.5, ""over"": ""5.50"", ""under"": ""1.16""}",2026-06-03T07:33:16.72Z
63302469,Baseball,2026-06-03 19:05,Washington Nationals,Miami Marlins,USA - MLB,Bet365,Home Runs O/U,Dylan Crews (2) (0.5),,,,8.50,1.08,,,0.5,"{""label"": ""Dylan Crews (2) (0.5)"", ""hdp"": 0.5, ""over"": ""8.50"", ""under"": ""1.08""}",2026-06-03T07:33:16.72Z
63302469,Baseball,2026-06-03 19:05,Washington Nationals,Miami Marlins,USA - MLB,Bet365,Home Runs O/U,Luis Garcia (2) (0.5),,,,6.50,1.12,,,0.5,"{""label"": ""Luis Garcia (2) (0.5)"", ""hdp"": 0.5, ""over"": ""6.50"", ""under"": ""1.12""}",2026-06-03T07:33:16.72Z
63302469,Baseball,2026-06-03 19:05,Washington Nationals,Miami Marlins,USA - MLB,Bet365,Home Runs O/U,Keibert Ruiz (2) (0.5),,,,10.00,1.06,,,0.5,"{""label"": ""Keibert Ruiz (2) (0.5)"", ""hdp"": 0.5, ""over"": ""10.00"", ""under"": ""1.06""}",2026-06-03T07:33:16.72Z
63302469,Baseball,2026-06-03 19:05,Washington Nationals,Miami Marlins,USA - MLB,Bet365,Home Runs O/U,Jose Tena (2) (0.5),,,,10.00,1.06,,,0.5,"{""label"": ""Jose Tena (2) (0.5)"", ""hdp"": 0.5, ""over"": ""10.00"", ""under"": ""1.06""}",2026-06-03T07:33:16.72Z
63302469,Baseball,2026-06-03 19:05,Washington Nationals,Miami Marlins,USA - MLB,Bet365,Home Runs O/U,Jacob Young (2) (0.5),,,,14.00,1.03,,,0.5,"{""label"": ""Jacob Young (2) (0.5)"", ""hdp"": 0.5, ""over"": ""14.00"", ""under"": ""1.03""}",2026-06-03T07:33:16.72Z
63302469,Baseball,2026-06-03 19:05,Washington Nationals,Miami Marlins,USA - MLB,Bet365,Triples O/U,Xavier Edwards (1) (0.5),,,,19.00,1.00,,,0.5,"{""label"": ""Xavier Edwards (1) (0.5)"", ""hdp"": 0.5, ""over"": ""19.00"", ""under"": ""1.00""}",2026-06-03T08:46:45.722Z
63302469,Baseball,2026-06-03 19:05,Washington Nationals,Miami Marlins,USA - MLB,Bet365,Triples O/U,Heriberto Hernandez (1) (0.5),,,,21.00,1.00,,,0.5,"{""label"": ""Heriberto Hernandez (1) (0.5)"", ""hdp"": 0.5, ""over"": ""21.00"", ""under"": ""1.00""}",2026-06-03T08:46:45.722Z
63302469,Baseball,2026-06-03 19:05,Washington Nationals,Miami Marlins,USA - MLB,Bet365,Triples O/U,Liam Hicks (1) (0.5),,,,23.00,1.00,,,0.5,"{""label"": ""Liam Hicks (1) (0.5)"", ""hdp"": 0.5, ""over"": ""23.00"", ""under"": ""1.00""}",2026-06-03T08:46:45.722Z
63302469,Baseball,2026-06-03 19:05,Washington Nationals,Miami Marlins,USA - MLB,Bet365,Triples O/U,Otto Lopez (1) (0.5),,,,19.00,1.00,,,0.5,"{""label"": ""Otto Lopez (1) (0.5)"", ""hdp"": 0.5, ""over"": ""19.00"", ""under"": ""1.00""}",2026-06-03T08:46:45.722Z
63302469,Baseball,2026-06-03 19:05,Washington Nationals,Miami Marlins,USA - MLB,Bet365,Triples O/U,Connor Norby (1) (0.5),,,,23.00,1.00,,,0.5,"{""label"": ""Connor Norby (1) (0.5)"", ""hdp"": 0.5, ""over"": ""23.00"", ""under"": ""1.00""}",2026-06-03T08:46:45.722Z
63302469,Baseball,2026-06-03 19:05,Washington Nationals,Miami Marlins,USA - MLB,Bet365,Triples O/U,Esteury Ruiz (1) (0.5),,,,19.00,1.00,,,0.5,"{""label"": ""Esteury Ruiz (1) (0.5)"", ""hdp"": 0.5, ""over"": ""19.00"", ""under"": ""1.00""}",2026-06-03T08:46:45.722Z
63302469,Baseball,2026-06-03 19:05,Washington Nationals,Miami Marlins,USA - MLB,Bet365,Triples O/U,Javier Sanoja (1) (0.5),,,,20.00,1.00,,,0.5,"{""label"": ""Javier Sanoja (1) (0.5)"", ""hdp"": 0.5, ""over"": ""20.00"", ""under"": ""1.00""}",2026-06-03T08:46:45.722Z
63302469,Baseball,2026-06-03 19:05,Washington Nationals,Miami Marlins,USA - MLB,Bet365,Triples O/U,Kyle Stowers (1) (0.5),,,,26.00,1.00,,,0.5,"{""label"": ""Kyle Stowers (1) (0.5)"", ""hdp"": 0.5, ""over"": ""26.00"", ""under"": ""1.00""}",2026-06-03T08:46:45.722Z
63302469,Baseball,2026-06-03 19:05,Washington Nationals,Miami Marlins,USA - MLB,Bet365,Triples O/U,CJ Abrams (2) (0.5),,,,19.00,1.00,,,0.5,"{""label"": ""CJ Abrams (2) (0.5)"", ""hdp"": 0.5, ""over"": ""19.00"", ""under"": ""1.00""}",2026-06-03T08:46:45.722Z
63302469,Baseball,2026-06-03 19:05,Washington Nationals,Miami Marlins,USA - MLB,Bet365,Triples O/U,Dylan Crews (2) (0.5),,,,18.00,1.00,,,0.5,"{""label"": ""Dylan Crews (2) (0.5)"", ""hdp"": 0.5, ""over"": ""18.00"", ""under"": ""1.00""}",2026-06-03T08:46:45.722Z
63302469,Baseball,2026-06-03 19:05,Washington Nationals,Miami Marlins,USA - MLB,Bet365,Triples O/U,Luis Garcia (2) (0.5),,,,21.00,1.01,,,0.5,"{""label"": ""Luis Garcia (2) (0.5)"", ""hdp"": 0.5, ""over"": ""21.00"", ""under"": ""1.01""}",2026-06-03T08:46:45.722Z
63302469,Baseball,2026-06-03 19:05,Washington Nationals,Miami Marlins,USA - MLB,Bet365,Triples O/U,Daylen Lile (2) (0.5),,,,13.00,1.00,,,0.5,"{""label"": ""Daylen Lile (2) (0.5)"", ""hdp"": 0.5, ""over"": ""13.00"", ""under"": ""1.00""}",2026-06-03T08:46:45.722Z
63302469,Baseball,2026-06-03 19:05,Washington Nationals,Miami Marlins,USA - MLB,Bet365,Triples O/U,Curtis Mead (2) (0.5),,,,23.00,1.02,,,0.5,"{""label"": ""Curtis Mead (2) (0.5)"", ""hdp"": 0.5, ""over"": ""23.00"", ""under"": ""1.02""}",2026-06-03T08:46:45.722Z
63302469,Baseball,2026-06-03 19:05,Washington Nationals,Miami Marlins,USA - MLB,Bet365,Triples O/U,Keibert Ruiz (2) (0.5),,,,29.00,1.00,,,0.5,"{""label"": ""Keibert Ruiz (2) (0.5)"", ""hdp"": 0.5, ""over"": ""29.00"", ""under"": ""1.00""}",2026-06-03T08:46:45.722Z
63302469,Baseball,2026-06-03 19:05,Washington Nationals,Miami Marlins,USA - MLB,Bet365,Triples O/U,Jose Tena (2) (0.5),,,,18.00,1.00,,,0.5,"{""label"": ""Jose Tena (2) (0.5)"", ""hdp"": 0.5, ""over"": ""18.00"", ""under"": ""1.00""}",2026-06-03T08:46:45.722Z
63302469,Baseball,2026-06-03 19:05,Washington Nationals,Miami Marlins,USA - MLB,Bet365,Triples O/U,James Wood (2) (0.5),,,,26.00,1.01,,,0.5,"{""label"": ""James Wood (2) (0.5)"", ""hdp"": 0.5, ""over"": ""26.00"", ""under"": ""1.01""}",2026-06-03T08:46:45.722Z
63302469,Baseball,2026-06-03 19:05,Washington Nationals,Miami Marlins,USA - MLB,Bet365,Triples O/U,Jacob Young (2) (0.5),,,,19.00,1.00,,,0.5,"{""label"": ""Jacob Young (2) (0.5)"", ""hdp"": 0.5, ""over"": ""19.00"", ""under"": ""1.00""}",2026-06-03T08:46:45.722Z
63302469,Baseball,2026-06-03 19:05,Washington Nationals,Miami Marlins,USA - MLB,Bet365,Triples O/U,(0.5),,,,,1.00,,,0.5,"{""label"": ""(0.5)"", ""hdp"": 0.5, ""under"": ""1.00""}",2026-06-03T08:46:45.722Z
63302849,Baseball,2026-06-03 19:10,Tampa Bay Rays,Detroit Tigers,USA - MLB,Bet365,ML,,1.66,,2.25,,,,,,"{""home"": ""1.66"", ""away"": ""2.25""}",2026-06-03T01:30:35.285Z
63302849,Baseball,2026-06-03 19:10,Tampa Bay Rays,Detroit Tigers,USA - MLB,Bet365,Spread,,2.45,,1.58,,,,,-1.5,"{""hdp"": -1.5, ""home"": ""2.45"", ""away"": ""1.58""}",2026-06-03T03:40:32.389Z
63302849,Baseball,2026-06-03 19:10,Tampa Bay Rays,Detroit Tigers,USA - MLB,Bet365,Totals,,,,,1.80,2.05,,,7.5,"{""hdp"": 7.5, ""over"": ""1.80"", ""under"": ""2.05""}",2026-06-03T01:30:35.285Z
63302849,Baseball,2026-06-03 19:10,Tampa Bay Rays,Detroit Tigers,USA - MLB,Bet365,Team Total Home,,,,,2.10,1.71,,,4.5,"{""hdp"": 4.5, ""over"": ""2.10"", ""under"": ""1.71""}",2026-06-03T07:16:57.811Z
63302849,Baseball,2026-06-03 19:10,Tampa Bay Rays,Detroit Tigers,USA - MLB,Bet365,Team Total Away,,,,,1.86,1.86,,,3.5,"{""hdp"": 3.5, ""over"": ""1.86"", ""under"": ""1.86""}",2026-06-03T00:49:01.827Z
63302849,Baseball,2026-06-03 19:10,Tampa Bay Rays,Detroit Tigers,USA - MLB,Bet365,Pitcher Strikeouts O/U,Troy Melton (1) (3.5),,,,2.00,1.74,,,3.5,"{""label"": ""Troy Melton (1) (3.5)"", ""hdp"": 3.5, ""over"": ""2.00"", ""under"": ""1.74""}",2026-06-03T07:28:13.277Z
63302849,Baseball,2026-06-03 19:10,Tampa Bay Rays,Detroit Tigers,USA - MLB,Bet365,Pitcher Strikeouts O/U,Nick Martinez (2) (4.5),,,,1.90,1.83,,,4.5,"{""label"": ""Nick Martinez (2) (4.5)"", ""hdp"": 4.5, ""over"": ""1.90"", ""under"": ""1.83""}",2026-06-03T07:28:13.277Z
63302849,Baseball,2026-06-03 19:10,Tampa Bay Rays,Detroit Tigers,USA - MLB,Bet365,Hits O/U,Kerry Carpenter (1) (0.5),,,,1.58,2.30,,,0.5,"{""label"": ""Kerry Carpenter (1) (0.5)"", ""hdp"": 0.5, ""over"": ""1.58"", ""under"": ""2.30""}",2026-06-03T07:28:13.277Z
63302849,Baseball,2026-06-03 19:10,Tampa Bay Rays,Detroit Tigers,USA - MLB,Bet365,Hits O/U,Dillon Dingler (1) (0.5),,,,1.44,2.65,,,0.5,"{""label"": ""Dillon Dingler (1) (0.5)"", ""hdp"": 0.5, ""over"": ""1.44"", ""under"": ""2.65""}",2026-06-03T07:28:13.277Z
63302849,Baseball,2026-06-03 19:10,Tampa Bay Rays,Detroit Tigers,USA - MLB,Bet365,Hits O/U,Riley Greene (1) (0.5),,,,1.42,2.75,,,0.5,"{""label"": ""Riley Greene (1) (0.5)"", ""hdp"": 0.5, ""over"": ""1.42"", ""under"": ""2.75""}",2026-06-03T07:28:13.277Z
63302849,Baseball,2026-06-03 19:10,Tampa Bay Rays,Detroit Tigers,USA - MLB,Bet365,Hits O/U,Colt Keith (1) (0.5),,,,1.50,2.50,,,0.5,"{""label"": ""Colt Keith (1) (0.5)"", ""hdp"": 0.5, ""over"": ""1.50"", ""under"": ""2.50""}",2026-06-03T07:28:13.277Z
63302849,Baseball,2026-06-03 19:10,Tampa Bay Rays,Detroit Tigers,USA - MLB,Bet365,Hits O/U,Kevin McGonigle (1) (0.5),,,,1.38,2.90,,,0.5,"{""label"": ""Kevin McGonigle (1) (0.5)"", ""hdp"": 0.5, ""over"": ""1.38"", ""under"": ""2.90""}",2026-06-03T07:28:13.277Z
63302849,Baseball,2026-06-03 19:10,Tampa Bay Rays,Detroit Tigers,USA - MLB,Bet365,Hits O/U,Zach McKinstry (1) (0.5),,,,1.83,1.90,,,0.5,"{""label"": ""Zach McKinstry (1) (0.5)"", ""hdp"": 0.5, ""over"": ""1.83"", ""under"": ""1.90""}",2026-06-03T07:28:13.277Z
63302849,Baseball,2026-06-03 19:10,Tampa Bay Rays,Detroit Tigers,USA - MLB,Bet365,Hits O/U,Wenceel Perez (1) (0.5),,,,1.71,2.05,,,0.5,"{""label"": ""Wenceel Perez (1) (0.5)"", ""hdp"": 0.5, ""over"": ""1.71"", ""under"": ""2.05""}",2026-06-03T07:28:13.277Z
63302849,Baseball,2026-06-03 19:10,Tampa Bay Rays,Detroit Tigers,USA - MLB,Bet365,Hits O/U,Spencer Torkelson (1) (0.5),,,,1.74,2.00,,,0.5,"{""label"": ""Spencer Torkelson (1) (0.5)"", ""hdp"": 0.5, ""over"": ""1.74"", ""under"": ""2.00""}",2026-06-03T07:28:13.277Z
63302849,Baseball,2026-06-03 19:10,Tampa Bay Rays,Detroit Tigers,USA - MLB,Bet365,Hits O/U,Gleyber Torres (1) (0.5),,,,1.44,2.65,,,0.5,"{""label"": ""Gleyber Torres (1) (0.5)"", ""hdp"": 0.5, ""over"": ""1.44"", ""under"": ""2.65""}",2026-06-03T07:28:13.277Z
63302849,Baseball,2026-06-03 19:10,Tampa Bay Rays,Detroit Tigers,USA - MLB,Bet365,Hits O/U,Jonathan Aranda (2) (0.5),,,,1.37,2.95,,,0.5,"{""label"": ""Jonathan Aranda (2) (0.5)"", ""hdp"": 0.5, ""over"": ""1.37"", ""under"": ""2.95""}",2026-06-03T07:28:13.277Z
63302849,Baseball,2026-06-03 19:10,Tampa Bay Rays,Detroit Tigers,USA - MLB,Bet365,Hits O/U,Junior Caminero (2) (1.5),,,,3.02,1.35,,,1.5,"{""label"": ""Junior Caminero (2) (1.5)"", ""hdp"": 1.5, ""over"": ""3.02"", ""under"": ""1.35""}",2026-06-03T07:28:13.277Z
63302849,Baseball,2026-06-03 19:10,Tampa Bay Rays,Detroit Tigers,USA - MLB,Bet365,Hits O/U,Yandy Diaz (2) (1.5),,,,3.02,1.35,,,1.5,"{""label"": ""Yandy Diaz (2) (1.5)"", ""hdp"": 1.5, ""over"": ""3.02"", ""under"": ""1.35""}",2026-06-03T07:28:13.277Z
63302849,Baseball,2026-06-03 19:10,Tampa Bay Rays,Detroit Tigers,USA - MLB,Bet365,Hits O/U,Nick Fortes (2) (0.5),,,,1.62,2.20,,,0.5,"{""label"": ""Nick Fortes (2) (0.5)"", ""hdp"": 0.5, ""over"": ""1.62"", ""under"": ""2.20""}",2026-06-03T07:28:13.277Z
63302849,Baseball,2026-06-03 19:10,Tampa Bay Rays,Detroit Tigers,USA - MLB,Bet365,Hits O/U,Victor Mesa Jr. (2) (0.5),,,,1.52,2.40,,,0.5,"{""label"": ""Victor Mesa Jr. (2) (0.5)"", ""hdp"": 0.5, ""over"": ""1.52"", ""under"": ""2.40""}",2026-06-03T07:28:13.277Z
63302849,Baseball,2026-06-03 19:10,Tampa Bay Rays,Detroit Tigers,USA - MLB,Bet365,Hits O/U,Cedric Mullins (2) (0.5),,,,1.64,2.15,,,0.5,"{""label"": ""Cedric Mullins (2) (0.5)"", ""hdp"": 0.5, ""over"": ""1.64"", ""under"": ""2.15""}",2026-06-03T07:28:13.277Z
63302849,Baseball,2026-06-03 19:10,Tampa Bay Rays,Detroit Tigers,USA - MLB,Bet365,Hits O/U,Richie Palacios (2) (0.5),,,,1.58,2.30,,,0.5,"{""label"": ""Richie Palacios (2) (0.5)"", ""hdp"": 0.5, ""over"": ""1.58"", ""under"": ""2.30""}",2026-06-03T07:28:13.277Z
63302849,Baseball,2026-06-03 19:10,Tampa Bay Rays,Detroit Tigers,USA - MLB,Bet365,Hits O/U,Chandler Simpson (2) (1.5),,,,2.70,1.43,,,1.5,"{""label"": ""Chandler Simpson (2) (1.5)"", ""hdp"": 1.5, ""over"": ""2.70"", ""under"": ""1.43""}",2026-06-03T07:28:13.277Z
63302849,Baseball,2026-06-03 19:10,Tampa Bay Rays,Detroit Tigers,USA - MLB,Bet365,Hits O/U,Taylor Walls (2) (0.5),,,,1.76,1.95,,,0.5,"{""label"": ""Taylor Walls (2) (0.5)"", ""hdp"": 0.5, ""over"": ""1.76"", ""under"": ""1.95""}",2026-06-03T07:28:13.277Z
63302849,Baseball,2026-06-03 19:10,Tampa Bay Rays,Detroit Tigers,USA - MLB,Bet365,Total Bases O/U,Kerry Carpenter (1) (1.5),,,,2.50,1.50,,,1.5,"{""label"": ""Kerry Carpenter (1) (1.5)"", ""hdp"": 1.5, ""over"": ""2.50"", ""under"": ""1.50""}",2026-06-03T08:42:31.219Z
63302849,Baseball,2026-06-03 19:10,Tampa Bay Rays,Detroit Tigers,USA - MLB,Bet365,Total Bases O/U,Dillon Dingler (1) (1.5),,,,2.35,1.55,,,1.5,"{""label"": ""Dillon Dingler (1) (1.5)"", ""hdp"": 1.5, ""over"": ""2.35"", ""under"": ""1.55""}",2026-06-03T08:42:31.219Z
63302849,Baseball,2026-06-03 19:10,Tampa Bay Rays,Detroit Tigers,USA - MLB,Bet365,Total Bases O/U,Riley Greene (1) (1.5),,,,2.20,1.62,,,1.5,"{""label"": ""Riley Greene (1) (1.5)"", ""hdp"": 1.5, ""over"": ""2.20"", ""under"": ""1.62""}",2026-06-03T08:42:31.219Z
63302849,Baseball,2026-06-03 19:10,Tampa Bay Rays,Detroit Tigers,USA - MLB,Bet365,Total Bases O/U,Colt Keith (1) (1.5),,,,2.60,1.45,,,1.5,"{""label"": ""Colt Keith (1) (1.5)"", ""hdp"": 1.5, ""over"": ""2.60"", ""under"": ""1.45""}",2026-06-03T08:42:31.219Z
63302849,Baseball,2026-06-03 19:10,Tampa Bay Rays,Detroit Tigers,USA - MLB,Bet365,Total Bases O/U,Kevin McGonigle (1) (1.5),,,,2.20,1.62,,,1.5,"{""label"": ""Kevin McGonigle (1) (1.5)"", ""hdp"": 1.5, ""over"": ""2.20"", ""under"": ""1.62""}",2026-06-03T08:42:31.219Z
63302849,Baseball,2026-06-03 19:10,Tampa Bay Rays,Detroit Tigers,USA - MLB,Bet365,Total Bases O/U,Zach McKinstry (1) (1.5),,,,3.50,1.28,,,1.5,"{""label"": ""Zach McKinstry (1) (1.5)"", ""hdp"": 1.5, ""over"": ""3.50"", ""under"": ""1.28""}",2026-06-03T08:42:31.219Z
63302849,Baseball,2026-06-03 19:10,Tampa Bay Rays,Detroit Tigers,USA - MLB,Bet365,Total Bases O/U,Wenceel Perez (1) (1.5),,,,3.02,1.35,,,1.5,"{""label"": ""Wenceel Perez (1) (1.5)"", ""hdp"": 1.5, ""over"": ""3.02"", ""under"": ""1.35""}",2026-06-03T08:42:31.219Z
63302849,Baseball,2026-06-03 19:10,Tampa Bay Rays,Detroit Tigers,USA - MLB,Bet365,Total Bases O/U,Spencer Torkelson (1) (1.5),,,,2.90,1.38,,,1.5,"{""label"": ""Spencer Torkelson (1) (1.5)"", ""hdp"": 1.5, ""over"": ""2.90"", ""under"": ""1.38""}",2026-06-03T08:42:31.219Z
63302849,Baseball,2026-06-03 19:10,Tampa Bay Rays,Detroit Tigers,USA - MLB,Bet365,Total Bases O/U,Gleyber Torres (1) (1.5),,,,2.65,1.44,,,1.5,"{""label"": ""Gleyber Torres (1) (1.5)"", ""hdp"": 1.5, ""over"": ""2.65"", ""under"": ""1.44""}",2026-06-03T08:42:31.219Z
63302849,Baseball,2026-06-03 19:10,Tampa Bay Rays,Detroit Tigers,USA - MLB,Bet365,Total Bases O/U,Jonathan Aranda (2) (1.5),,,,2.10,1.66,,,1.5,"{""label"": ""Jonathan Aranda (2) (1.5)"", ""hdp"": 1.5, ""over"": ""2.10"", ""under"": ""1.66""}",2026-06-03T08:42:31.219Z
63302849,Baseball,2026-06-03 19:10,Tampa Bay Rays,Detroit Tigers,USA - MLB,Bet365,Total Bases O/U,Junior Caminero (2) (1.5),,,,2.00,1.74,,,1.5,"{""label"": ""Junior Caminero (2) (1.5)"", ""hdp"": 1.5, ""over"": ""2.00"", ""under"": ""1.74""}",2026-06-03T08:42:31.219Z
63302849,Baseball,2026-06-03 19:10,Tampa Bay Rays,Detroit Tigers,USA - MLB,Bet365,Total Bases O/U,Yandy Diaz (2) (1.5),,,,2.20,1.62,,,1.5,"{""label"": ""Yandy Diaz (2) (1.5)"", ""hdp"": 1.5, ""over"": ""2.20"", ""under"": ""1.62""}",2026-06-03T08:42:31.219Z
63302849,Baseball,2026-06-03 19:10,Tampa Bay Rays,Detroit Tigers,USA - MLB,Bet365,Total Bases O/U,Nick Fortes (2) (1.5),,,,3.10,1.33,,,1.5,"{""label"": ""Nick Fortes (2) (1.5)"", ""hdp"": 1.5, ""over"": ""3.10"", ""under"": ""1.33""}",2026-06-03T08:42:31.219Z
63302849,Baseball,2026-06-03 19:10,Tampa Bay Rays,Detroit Tigers,USA - MLB,Bet365,Total Bases O/U,Victor Mesa Jr. (2) (1.5),,,,2.65,1.44,,,1.5,"{""label"": ""Victor Mesa Jr. (2) (1.5)"", ""hdp"": 1.5, ""over"": ""2.65"", ""under"": ""1.44""}",2026-06-03T08:42:31.219Z
63302849,Baseball,2026-06-03 19:10,Tampa Bay Rays,Detroit Tigers,USA - MLB,Bet365,Total Bases O/U,Cedric Mullins (2) (1.5),,,,2.85,1.40,,,1.5,"{""label"": ""Cedric Mullins (2) (1.5)"", ""hdp"": 1.5, ""over"": ""2.85"", ""under"": ""1.40""}",2026-06-03T08:42:31.219Z
63302849,Baseball,2026-06-03 19:10,Tampa Bay Rays,Detroit Tigers,USA - MLB,Bet365,Total Bases O/U,Richie Palacios (2) (1.5),,,,3.00,1.36,,,1.5,"{""label"": ""Richie Palacios (2) (1.5)"", ""hdp"": 1.5, ""over"": ""3.00"", ""under"": ""1.36""}",2026-06-03T08:42:31.219Z
63302849,Baseball,2026-06-03 19:10,Tampa Bay Rays,Detroit Tigers,USA - MLB,Bet365,Total Bases O/U,Chandler Simpson (2) (1.5),,,,2.32,1.57,,,1.5,"{""label"": ""Chandler Simpson (2) (1.5)"", ""hdp"": 1.5, ""over"": ""2.32"", ""under"": ""1.57""}",2026-06-03T08:42:31.219Z
63302849,Baseball,2026-06-03 19:10,Tampa Bay Rays,Detroit Tigers,USA - MLB,Bet365,Total Bases O/U,Taylor Walls (2) (1.5),,,,3.50,1.28,,,1.5,"{""label"": ""Taylor Walls (2) (1.5)"", ""hdp"": 1.5, ""over"": ""3.50"", ""under"": ""1.28""}",2026-06-03T08:42:31.219Z
63302849,Baseball,2026-06-03 19:10,Tampa Bay Rays,Detroit Tigers,USA - MLB,Bet365,"Total Hits, Runs and RBIs O/U",Kerry Carpenter (1) (1.5),,,,2.15,1.64,,,1.5,"{""label"": ""Kerry Carpenter (1) (1.5)"", ""hdp"": 1.5, ""over"": ""2.15"", ""under"": ""1.64""}",2026-06-03T07:28:13.277Z
63302849,Baseball,2026-06-03 19:10,Tampa Bay Rays,Detroit Tigers,USA - MLB,Bet365,"Total Hits, Runs and RBIs O/U",Dillon Dingler (1) (1.5),,,,1.86,1.86,,,1.5,"{""label"": ""Dillon Dingler (1) (1.5)"", ""hdp"": 1.5, ""over"": ""1.86"", ""under"": ""1.86""}",2026-06-03T07:28:13.277Z
63302849,Baseball,2026-06-03 19:10,Tampa Bay Rays,Detroit Tigers,USA - MLB,Bet365,"Total Hits, Runs and RBIs O/U",Riley Greene (1) (1.5),,,,1.76,1.95,,,1.5,"{""label"": ""Riley Greene (1) (1.5)"", ""hdp"": 1.5, ""over"": ""1.76"", ""under"": ""1.95""}",2026-06-03T07:28:13.277Z
63302849,Baseball,2026-06-03 19:10,Tampa Bay Rays,Detroit Tigers,USA - MLB,Bet365,"Total Hits, Runs and RBIs O/U",Colt Keith (1) (1.5),,,,2.05,1.71,,,1.5,"{""label"": ""Colt Keith (1) (1.5)"", ""hdp"": 1.5, ""over"": ""2.05"", ""under"": ""1.71""}",2026-06-03T07:28:13.277Z
63302849,Baseball,2026-06-03 19:10,Tampa Bay Rays,Detroit Tigers,USA - MLB,Bet365,"Total Hits, Runs and RBIs O/U",Kevin McGonigle (1) (1.5),,,,1.76,1.95,,,1.5,"{""label"": ""Kevin McGonigle (1) (1.5)"", ""hdp"": 1.5, ""over"": ""1.76"", ""under"": ""1.95""}",2026-06-03T07:28:13.277Z
63302849,Baseball,2026-06-03 19:10,Tampa Bay Rays,Detroit Tigers,USA - MLB,Bet365,"Total Hits, Runs and RBIs O/U",Zach McKinstry (1) (0.5),,,,1.60,2.25,,,0.5,"{""label"": ""Zach McKinstry (1) (0.5)"", ""hdp"": 0.5, ""over"": ""1.60"", ""under"": ""2.25""}",2026-06-03T07:28:13.277Z
63302849,Baseball,2026-06-03 19:10,Tampa Bay Rays,Detroit Tigers,USA - MLB,Bet365,"Total Hits, Runs and RBIs O/U",Wenceel Perez (1) (0.5),,,,1.55,2.35,,,0.5,"{""label"": ""Wenceel Perez (1) (0.5)"", ""hdp"": 0.5, ""over"": ""1.55"", ""under"": ""2.35""}",2026-06-03T07:28:13.277Z
63302849,Baseball,2026-06-03 19:10,Tampa Bay Rays,Detroit Tigers,USA - MLB,Bet365,"Total Hits, Runs and RBIs O/U",Spencer Torkelson (1) (0.5),,,,1.55,2.35,,,0.5,"{""label"": ""Spencer Torkelson (1) (0.5)"", ""hdp"": 0.5, ""over"": ""1.55"", ""under"": ""2.35""}",2026-06-03T07:28:13.277Z
63302849,Baseball,2026-06-03 19:10,Tampa Bay Rays,Detroit Tigers,USA - MLB,Bet365,"Total Hits, Runs and RBIs O/U",Gleyber Torres (1) (1.5),,,,1.95,1.76,,,1.5,"{""label"": ""Gleyber Torres (1) (1.5)"", ""hdp"": 1.5, ""over"": ""1.95"", ""under"": ""1.76""}",2026-06-03T07:28:13.277Z
63302849,Baseball,2026-06-03 19:10,Tampa Bay Rays,Detroit Tigers,USA - MLB,Bet365,"Total Hits, Runs and RBIs O/U",Jonathan Aranda (2) (1.5),,,,1.71,2.05,,,1.5,"{""label"": ""Jonathan Aranda (2) (1.5)"", ""hdp"": 1.5, ""over"": ""1.71"", ""under"": ""2.05""}",2026-06-03T07:28:13.277Z
63302849,Baseball,2026-06-03 19:10,Tampa Bay Rays,Detroit Tigers,USA - MLB,Bet365,"Total Hits, Runs and RBIs O/U",Junior Caminero (2) (2.5),,,,2.25,1.60,,,2.5,"{""label"": ""Junior Caminero (2) (2.5)"", ""hdp"": 2.5, ""over"": ""2.25"", ""under"": ""1.60""}",2026-06-03T07:28:13.277Z
63302849,Baseball,2026-06-03 19:10,Tampa Bay Rays,Detroit Tigers,USA - MLB,Bet365,"Total Hits, Runs and RBIs O/U",Yandy Diaz (2) (1.5),,,,1.74,2.00,,,1.5,"{""label"": ""Yandy Diaz (2) (1.5)"", ""hdp"": 1.5, ""over"": ""1.74"", ""under"": ""2.00""}",2026-06-03T07:28:13.277Z
63302849,Baseball,2026-06-03 19:10,Tampa Bay Rays,Detroit Tigers,USA - MLB,Bet365,"Total Hits, Runs and RBIs O/U",Nick Fortes (2) (1.5),,,,2.25,1.60,,,1.5,"{""label"": ""Nick Fortes (2) (1.5)"", ""hdp"": 1.5, ""over"": ""2.25"", ""under"": ""1.60""}",2026-06-03T07:28:13.277Z
63302849,Baseball,2026-06-03 19:10,Tampa Bay Rays,Detroit Tigers,USA - MLB,Bet365,"Total Hits, Runs and RBIs O/U",Victor Mesa Jr. (2) (1.5),,,,2.05,1.71,,,1.5,"{""label"": ""Victor Mesa Jr. (2) (1.5)"", ""hdp"": 1.5, ""over"": ""2.05"", ""under"": ""1.71""}",2026-06-03T07:28:13.277Z
63302849,Baseball,2026-06-03 19:10,Tampa Bay Rays,Detroit Tigers,USA - MLB,Bet365,"Total Hits, Runs and RBIs O/U",Cedric Mullins (2) (1.5),,,,2.15,1.64,,,1.5,"{""label"": ""Cedric Mullins (2) (1.5)"", ""hdp"": 1.5, ""over"": ""2.15"", ""under"": ""1.64""}",2026-06-03T07:28:13.277Z
63302849,Baseball,2026-06-03 19:10,Tampa Bay Rays,Detroit Tigers,USA - MLB,Bet365,"Total Hits, Runs and RBIs O/U",Richie Palacios (2) (1.5),,,,2.05,1.71,,,1.5,"{""label"": ""Richie Palacios (2) (1.5)"", ""hdp"": 1.5, ""over"": ""2.05"", ""under"": ""1.71""}",2026-06-03T07:28:13.277Z
63302849,Baseball,2026-06-03 19:10,Tampa Bay Rays,Detroit Tigers,USA - MLB,Bet365,"Total Hits, Runs and RBIs O/U",Chandler Simpson (2) (1.5),,,,1.64,2.15,,,1.5,"{""label"": ""Chandler Simpson (2) (1.5)"", ""hdp"": 1.5, ""over"": ""1.64"", ""under"": ""2.15""}",2026-06-03T07:28:13.277Z
63302849,Baseball,2026-06-03 19:10,Tampa Bay Rays,Detroit Tigers,USA - MLB,Bet365,"Total Hits, Runs and RBIs O/U",Taylor Walls (2) (1.5),,,,2.35,1.55,,,1.5,"{""label"": ""Taylor Walls (2) (1.5)"", ""hdp"": 1.5, ""over"": ""2.35"", ""under"": ""1.55""}",2026-06-03T07:28:13.277Z
63302849,Baseball,2026-06-03 19:10,Tampa Bay Rays,Detroit Tigers,USA - MLB,Bet365,Triples O/U,Kerry Carpenter (1) (0.5),,,,20.00,1.00,,,0.5,"{""label"": ""Kerry Carpenter (1) (0.5)"", ""hdp"": 0.5, ""over"": ""20.00"", ""under"": ""1.00""}",2026-06-03T07:29:27.42Z
63302849,Baseball,2026-06-03 19:10,Tampa Bay Rays,Detroit Tigers,USA - MLB,Bet365,Triples O/U,Dillon Dingler (1) (0.5),,,,21.00,1.00,,,0.5,"{""label"": ""Dillon Dingler (1) (0.5)"", ""hdp"": 0.5, ""over"": ""21.00"", ""under"": ""1.00""}",2026-06-03T07:29:27.42Z
63302849,Baseball,2026-06-03 19:10,Tampa Bay Rays,Detroit Tigers,USA - MLB,Bet365,Triples O/U,Riley Greene (1) (0.5),,,,26.00,1.00,,,0.5,"{""label"": ""Riley Greene (1) (0.5)"", ""hdp"": 0.5, ""over"": ""26.00"", ""under"": ""1.00""}",2026-06-03T07:29:27.42Z
63302849,Baseball,2026-06-03 19:10,Tampa Bay Rays,Detroit Tigers,USA - MLB,Bet365,Triples O/U,Colt Keith (1) (0.5),,,,18.00,1.01,,,0.5,"{""label"": ""Colt Keith (1) (0.5)"", ""hdp"": 0.5, ""over"": ""18.00"", ""under"": ""1.01""}",2026-06-03T07:29:27.42Z
63302849,Baseball,2026-06-03 19:10,Tampa Bay Rays,Detroit Tigers,USA - MLB,Bet365,Triples O/U,Kevin McGonigle (1) (0.5),,,,17.00,1.01,,,0.5,"{""label"": ""Kevin McGonigle (1) (0.5)"", ""hdp"": 0.5, ""over"": ""17.00"", ""under"": ""1.01""}",2026-06-03T07:29:27.42Z
63302849,Baseball,2026-06-03 19:10,Tampa Bay Rays,Detroit Tigers,USA - MLB,Bet365,Triples O/U,Zach McKinstry (1) (0.5),,,,19.00,1.00,,,0.5,"{""label"": ""Zach McKinstry (1) (0.5)"", ""hdp"": 0.5, ""over"": ""19.00"", ""under"": ""1.00""}",2026-06-03T07:29:27.42Z
63302849,Baseball,2026-06-03 19:10,Tampa Bay Rays,Detroit Tigers,USA - MLB,Bet365,Triples O/U,Wenceel Perez (1) (0.5),,,,18.00,1.01,,,0.5,"{""label"": ""Wenceel Perez (1) (0.5)"", ""hdp"": 0.5, ""over"": ""18.00"", ""under"": ""1.01""}",2026-06-03T07:29:27.42Z
63302849,Baseball,2026-06-03 19:10,Tampa Bay Rays,Detroit Tigers,USA - MLB,Bet365,Triples O/U,Jonathan Aranda (2) (0.5),,,,26.00,1.00,,,0.5,"{""label"": ""Jonathan Aranda (2) (0.5)"", ""hdp"": 0.5, ""over"": ""26.00"", ""under"": ""1.00""}",2026-06-03T07:29:27.42Z
63302849,Baseball,2026-06-03 19:10,Tampa Bay Rays,Detroit Tigers,USA - MLB,Bet365,Triples O/U,Junior Caminero (2) (0.5),,,,26.00,1.00,,,0.5,"{""label"": ""Junior Caminero (2) (0.5)"", ""hdp"": 0.5, ""over"": ""26.00"", ""under"": ""1.00""}",2026-06-03T07:29:27.42Z
63302849,Baseball,2026-06-03 19:10,Tampa Bay Rays,Detroit Tigers,USA - MLB,Bet365,Triples O/U,Yandy Diaz (2) (0.5),,,,29.00,1.00,,,0.5,"{""label"": ""Yandy Diaz (2) (0.5)"", ""hdp"": 0.5, ""over"": ""29.00"", ""under"": ""1.00""}",2026-06-03T07:29:27.42Z
63302849,Baseball,2026-06-03 19:10,Tampa Bay Rays,Detroit Tigers,USA - MLB,Bet365,Triples O/U,Nick Fortes (2) (0.5),,,,29.00,1.00,,,0.5,"{""label"": ""Nick Fortes (2) (0.5)"", ""hdp"": 0.5, ""over"": ""29.00"", ""under"": ""1.00""}",2026-06-03T07:29:27.42Z
63302849,Baseball,2026-06-03 19:10,Tampa Bay Rays,Detroit Tigers,USA - MLB,Bet365,Triples O/U,Victor Mesa Jr. (2) (0.5),,,,17.00,1.01,,,0.5,"{""label"": ""Victor Mesa Jr. (2) (0.5)"", ""hdp"": 0.5, ""over"": ""17.00"", ""under"": ""1.01""}",2026-06-03T07:29:27.42Z
63302849,Baseball,2026-06-03 19:10,Tampa Bay Rays,Detroit Tigers,USA - MLB,Bet365,Triples O/U,Cedric Mullins (2) (0.5),,,,19.00,1.00,,,0.5,"{""label"": ""Cedric Mullins (2) (0.5)"", ""hdp"": 0.5, ""over"": ""19.00"", ""under"": ""1.00""}",2026-06-03T07:29:27.42Z
63302849,Baseball,2026-06-03 19:10,Tampa Bay Rays,Detroit Tigers,USA - MLB,Bet365,Triples O/U,Richie Palacios (2) (0.5),,,,19.00,1.00,,,0.5,"{""label"": ""Richie Palacios (2) (0.5)"", ""hdp"": 0.5, ""over"": ""19.00"", ""under"": ""1.00""}",2026-06-03T07:29:27.42Z
63302849,Baseball,2026-06-03 19:10,Tampa Bay Rays,Detroit Tigers,USA - MLB,Bet365,Triples O/U,Chandler Simpson (2) (0.5),,,,14.00,1.02,,,0.5,"{""label"": ""Chandler Simpson (2) (0.5)"", ""hdp"": 0.5, ""over"": ""14.00"", ""under"": ""1.02""}",2026-06-03T07:29:27.42Z
63302849,Baseball,2026-06-03 19:10,Tampa Bay Rays,Detroit Tigers,USA - MLB,Bet365,Triples O/U,Taylor Walls (2) (0.5),,,,18.00,1.01,,,0.5,"{""label"": ""Taylor Walls (2) (0.5)"", ""hdp"": 0.5, ""over"": ""18.00"", ""under"": ""1.01""}",2026-06-03T07:29:27.42Z
63302849,Baseball,2026-06-03 19:10,Tampa Bay Rays,Detroit Tigers,USA - MLB,Bet365,3-Way,Run Line (1) (1),,,2.25,,,,,1,"{""label"": ""Run Line (1) (1)"", ""hdp"": 1, ""away"": ""2.25""}",2026-06-03T03:28:32.064Z
63302849,Baseball,2026-06-03 19:10,Tampa Bay Rays,Detroit Tigers,USA - MLB,Bet365,3-Way,Total (Tie) (null),9.50,,,,,,,,"{""label"": ""Total (Tie) (null)"", ""home"": ""9.50""}",2026-06-03T03:28:32.064Z
63302849,Baseball,2026-06-03 19:10,Tampa Bay Rays,Detroit Tigers,USA - MLB,Bet365,3-Way,Total (1) (8),2.05,,2.00,,,,,8,"{""label"": ""Total (1) (8)"", ""hdp"": 8, ""home"": ""2.05"", ""away"": ""2.00""}",2026-06-03T03:28:32.064Z
63302849,Baseball,2026-06-03 19:10,Tampa Bay Rays,Detroit Tigers,USA - MLB,Bet365,3-Way,Run Line (2) (-1),2.45,,,,,,,-1,"{""label"": ""Run Line (2) (-1)"", ""hdp"": -1, ""home"": ""2.45""}",2026-06-03T03:28:32.064Z
63302849,Baseball,2026-06-03 19:10,Tampa Bay Rays,Detroit Tigers,USA - MLB,Bet365,Home Runs O/U,Kerry Carpenter (1) (0.5),,,,5.50,1.16,,,0.5,"{""label"": ""Kerry Carpenter (1) (0.5)"", ""hdp"": 0.5, ""over"": ""5.50"", ""under"": ""1.16""}",2026-06-03T08:00:26.354Z
63302849,Baseball,2026-06-03 19:10,Tampa Bay Rays,Detroit Tigers,USA - MLB,Bet365,Home Runs O/U,Colt Keith (1) (0.5),,,,9.50,1.07,,,0.5,"{""label"": ""Colt Keith (1) (0.5)"", ""hdp"": 0.5, ""over"": ""9.50"", ""under"": ""1.07""}",2026-06-03T08:00:26.354Z
63302849,Baseball,2026-06-03 19:10,Tampa Bay Rays,Detroit Tigers,USA - MLB,Bet365,Home Runs O/U,Zach McKinstry (1) (0.5),,,,12.00,1.04,,,0.5,"{""label"": ""Zach McKinstry (1) (0.5)"", ""hdp"": 0.5, ""over"": ""12.00"", ""under"": ""1.04""}",2026-06-03T08:00:26.354Z
63302849,Baseball,2026-06-03 19:10,Tampa Bay Rays,Detroit Tigers,USA - MLB,Bet365,Home Runs O/U,Wenceel Perez (1) (0.5),,,,9.00,1.07,,,0.5,"{""label"": ""Wenceel Perez (1) (0.5)"", ""hdp"": 0.5, ""over"": ""9.00"", ""under"": ""1.07""}",2026-06-03T08:00:26.354Z
63302849,Baseball,2026-06-03 19:10,Tampa Bay Rays,Detroit Tigers,USA - MLB,Bet365,Home Runs O/U,Gleyber Torres (1) (0.5),,,,10.50,1.05,,,0.5,"{""label"": ""Gleyber Torres (1) (0.5)"", ""hdp"": 0.5, ""over"": ""10.50"", ""under"": ""1.05""}",2026-06-03T08:00:26.354Z
63302849,Baseball,2026-06-03 19:10,Tampa Bay Rays,Detroit Tigers,USA - MLB,Bet365,Home Runs O/U,Junior Caminero (2) (0.5),,,,4.25,1.23,,,0.5,"{""label"": ""Junior Caminero (2) (0.5)"", ""hdp"": 0.5, ""over"": ""4.25"", ""under"": ""1.23""}",2026-06-03T08:00:26.354Z
63302849,Baseball,2026-06-03 19:10,Tampa Bay Rays,Detroit Tigers,USA - MLB,Bet365,Home Runs O/U,Yandy Diaz (2) (0.5),,,,7.25,1.10,,,0.5,"{""label"": ""Yandy Diaz (2) (0.5)"", ""hdp"": 0.5, ""over"": ""7.25"", ""under"": ""1.10""}",2026-06-03T08:00:26.354Z
63302849,Baseball,2026-06-03 19:10,Tampa Bay Rays,Detroit Tigers,USA - MLB,Bet365,Home Runs O/U,Nick Fortes (2) (0.5),,,,11.00,1.05,,,0.5,"{""label"": ""Nick Fortes (2) (0.5)"", ""hdp"": 0.5, ""over"": ""11.00"", ""under"": ""1.05""}",2026-06-03T08:00:26.354Z
63302849,Baseball,2026-06-03 19:10,Tampa Bay Rays,Detroit Tigers,USA - MLB,Bet365,Home Runs O/U,Victor Mesa Jr. (2) (0.5),,,,8.00,1.09,,,0.5,"{""label"": ""Victor Mesa Jr. (2) (0.5)"", ""hdp"": 0.5, ""over"": ""8.00"", ""under"": ""1.09""}",2026-06-03T08:00:26.354Z
63302849,Baseball,2026-06-03 19:10,Tampa Bay Rays,Detroit Tigers,USA - MLB,Bet365,Home Runs O/U,Richie Palacios (2) (0.5),,,,11.00,1.05,,,0.5,"{""label"": ""Richie Palacios (2) (0.5)"", ""hdp"": 0.5, ""over"": ""11.00"", ""under"": ""1.05""}",2026-06-03T08:00:26.354Z
63302849,Baseball,2026-06-03 19:10,Tampa Bay Rays,Detroit Tigers,USA - MLB,Bet365,Home Runs O/U,Dillon Dingler (1) (0.5),,,,6.00,1.14,,,0.5,"{""label"": ""Dillon Dingler (1) (0.5)"", ""hdp"": 0.5, ""over"": ""6.00"", ""under"": ""1.14""}",2026-06-03T08:00:26.354Z
63302849,Baseball,2026-06-03 19:10,Tampa Bay Rays,Detroit Tigers,USA - MLB,Bet365,Home Runs O/U,Riley Greene (1) (0.5),,,,6.00,1.14,,,0.5,"{""label"": ""Riley Greene (1) (0.5)"", ""hdp"": 0.5, ""over"": ""6.00"", ""under"": ""1.14""}",2026-06-03T08:00:26.354Z
63302849,Baseball,2026-06-03 19:10,Tampa Bay Rays,Detroit Tigers,USA - MLB,Bet365,Home Runs O/U,Kevin McGonigle (1) (0.5),,,,8.00,1.09,,,0.5,"{""label"": ""Kevin McGonigle (1) (0.5)"", ""hdp"": 0.5, ""over"": ""8.00"", ""under"": ""1.09""}",2026-06-03T08:00:26.354Z
63302849,Baseball,2026-06-03 19:10,Tampa Bay Rays,Detroit Tigers,USA - MLB,Bet365,Home Runs O/U,Spencer Torkelson (1) (0.5),,,,6.50,1.12,,,0.5,"{""label"": ""Spencer Torkelson (1) (0.5)"", ""hdp"": 0.5, ""over"": ""6.50"", ""under"": ""1.12""}",2026-06-03T08:00:26.354Z
63302849,Baseball,2026-06-03 19:10,Tampa Bay Rays,Detroit Tigers,USA - MLB,Bet365,Home Runs O/U,Jonathan Aranda (2) (0.5),,,,5.50,1.16,,,0.5,"{""label"": ""Jonathan Aranda (2) (0.5)"", ""hdp"": 0.5, ""over"": ""5.50"", ""under"": ""1.16""}",2026-06-03T08:00:26.354Z
63302849,Baseball,2026-06-03 19:10,Tampa Bay Rays,Detroit Tigers,USA - MLB,Bet365,Home Runs O/U,Cedric Mullins (2) (0.5),,,,8.00,1.09,,,0.5,"{""label"": ""Cedric Mullins (2) (0.5)"", ""hdp"": 0.5, ""over"": ""8.00"", ""under"": ""1.09""}",2026-06-03T08:00:26.354Z
63302849,Baseball,2026-06-03 19:10,Tampa Bay Rays,Detroit Tigers,USA - MLB,Bet365,Home Runs O/U,Chandler Simpson (2) (0.5),,,,29.00,1.00,,,0.5,"{""label"": ""Chandler Simpson (2) (0.5)"", ""hdp"": 0.5, ""over"": ""29.00"", ""under"": ""1.00""}",2026-06-03T08:00:26.354Z
63302849,Baseball,2026-06-03 19:10,Tampa Bay Rays,Detroit Tigers,USA - MLB,Bet365,Home Runs O/U,Taylor Walls (2) (0.5),,,,15.00,1.03,,,0.5,"{""label"": ""Taylor Walls (2) (0.5)"", ""hdp"": 0.5, ""over"": ""15.00"", ""under"": ""1.03""}",2026-06-03T08:00:26.354Z
63302849,Baseball,2026-06-03 19:10,Tampa Bay Rays,Detroit Tigers,USA - MLB,Bet365,Pitcher Walks Issued O/U,Troy Melton (1) (1.5),,,,1.90,1.83,,,1.5,"{""label"": ""Troy Melton (1) (1.5)"", ""hdp"": 1.5, ""over"": ""1.90"", ""under"": ""1.83""}",2026-06-03T07:32:42.979Z
63302849,Baseball,2026-06-03 19:10,Tampa Bay Rays,Detroit Tigers,USA - MLB,Bet365,Pitcher Walks Issued O/U,Nick Martinez (2) (1.5),,,,2.35,1.55,,,1.5,"{""label"": ""Nick Martinez (2) (1.5)"", ""hdp"": 1.5, ""over"": ""2.35"", ""under"": ""1.55""}",2026-06-03T07:32:42.979Z
63302849,Baseball,2026-06-03 19:10,Tampa Bay Rays,Detroit Tigers,USA - MLB,Bet365,Batter Strikeouts O/U,Kerry Carpenter (1) (0.5),,,,1.50,2.50,,,0.5,"{""label"": ""Kerry Carpenter (1) (0.5)"", ""hdp"": 0.5, ""over"": ""1.50"", ""under"": ""2.50""}",2026-06-03T07:28:30.841Z
63302849,Baseball,2026-06-03 19:10,Tampa Bay Rays,Detroit Tigers,USA - MLB,Bet365,Batter Strikeouts O/U,Dillon Dingler (1) (0.5),,,,1.58,2.30,,,0.5,"{""label"": ""Dillon Dingler (1) (0.5)"", ""hdp"": 0.5, ""over"": ""1.58"", ""under"": ""2.30""}",2026-06-03T07:28:30.841Z
63302849,Baseball,2026-06-03 19:10,Tampa Bay Rays,Detroit Tigers,USA - MLB,Bet365,Batter Strikeouts O/U,Riley Greene (1) (1.5),,,,2.90,1.38,,,1.5,"{""label"": ""Riley Greene (1) (1.5)"", ""hdp"": 1.5, ""over"": ""2.90"", ""under"": ""1.38""}",2026-06-03T07:28:30.841Z
63302849,Baseball,2026-06-03 19:10,Tampa Bay Rays,Detroit Tigers,USA - MLB,Bet365,Batter Strikeouts O/U,Colt Keith (1) (0.5),,,,1.83,1.90,,,0.5,"{""label"": ""Colt Keith (1) (0.5)"", ""hdp"": 0.5, ""over"": ""1.83"", ""under"": ""1.90""}",2026-06-03T07:28:30.841Z
63302849,Baseball,2026-06-03 19:10,Tampa Bay Rays,Detroit Tigers,USA - MLB,Bet365,Batter Strikeouts O/U,Kevin McGonigle (1) (0.5),,,,1.60,2.25,,,0.5,"{""label"": ""Kevin McGonigle (1) (0.5)"", ""hdp"": 0.5, ""over"": ""1.60"", ""under"": ""2.25""}",2026-06-03T07:28:30.841Z
63302849,Baseball,2026-06-03 19:10,Tampa Bay Rays,Detroit Tigers,USA - MLB,Bet365,Batter Strikeouts O/U,Zach McKinstry (1) (0.5),,,,1.90,1.83,,,0.5,"{""label"": ""Zach McKinstry (1) (0.5)"", ""hdp"": 0.5, ""over"": ""1.90"", ""under"": ""1.83""}",2026-06-03T07:28:30.841Z
63302849,Baseball,2026-06-03 19:10,Tampa Bay Rays,Detroit Tigers,USA - MLB,Bet365,Batter Strikeouts O/U,Wenceel Perez (1) (0.5),,,,1.71,2.05,,,0.5,"{""label"": ""Wenceel Perez (1) (0.5)"", ""hdp"": 0.5, ""over"": ""1.71"", ""under"": ""2.05""}",2026-06-03T07:28:30.841Z
63302849,Baseball,2026-06-03 19:10,Tampa Bay Rays,Detroit Tigers,USA - MLB,Bet365,Batter Strikeouts O/U,Spencer Torkelson (1) (1.5),,,,3.00,1.36,,,1.5,"{""label"": ""Spencer Torkelson (1) (1.5)"", ""hdp"": 1.5, ""over"": ""3.00"", ""under"": ""1.36""}",2026-06-03T07:28:30.841Z
63302849,Baseball,2026-06-03 19:10,Tampa Bay Rays,Detroit Tigers,USA - MLB,Bet365,Batter Strikeouts O/U,Gleyber Torres (1) (0.5),,,,1.57,2.32,,,0.5,"{""label"": ""Gleyber Torres (1) (0.5)"", ""hdp"": 0.5, ""over"": ""1.57"", ""under"": ""2.32""}",2026-06-03T07:28:30.841Z
63302849,Baseball,2026-06-03 19:10,Tampa Bay Rays,Detroit Tigers,USA - MLB,Bet365,Batter Strikeouts O/U,Jonathan Aranda (2) (0.5),,,,1.52,2.40,,,0.5,"{""label"": ""Jonathan Aranda (2) (0.5)"", ""hdp"": 0.5, ""over"": ""1.52"", ""under"": ""2.40""}",2026-06-03T07:28:30.841Z
63302849,Baseball,2026-06-03 19:10,Tampa Bay Rays,Detroit Tigers,USA - MLB,Bet365,Batter Strikeouts O/U,Junior Caminero (2) (0.5),,,,1.83,1.90,,,0.5,"{""label"": ""Junior Caminero (2) (0.5)"", ""hdp"": 0.5, ""over"": ""1.83"", ""under"": ""1.90""}",2026-06-03T07:28:30.841Z
63302849,Baseball,2026-06-03 19:10,Tampa Bay Rays,Detroit Tigers,USA - MLB,Bet365,Batter Strikeouts O/U,Yandy Diaz (2) (0.5),,,,2.25,1.60,,,0.5,"{""label"": ""Yandy Diaz (2) (0.5)"", ""hdp"": 0.5, ""over"": ""2.25"", ""under"": ""1.60""}",2026-06-03T07:28:30.841Z
63302849,Baseball,2026-06-03 19:10,Tampa Bay Rays,Detroit Tigers,USA - MLB,Bet365,Batter Strikeouts O/U,Nick Fortes (2) (0.5),,,,2.50,1.50,,,0.5,"{""label"": ""Nick Fortes (2) (0.5)"", ""hdp"": 0.5, ""over"": ""2.50"", ""under"": ""1.50""}",2026-06-03T07:28:30.841Z
63302849,Baseball,2026-06-03 19:10,Tampa Bay Rays,Detroit Tigers,USA - MLB,Bet365,Batter Strikeouts O/U,Victor Mesa Jr. (2) (0.5),,,,1.60,2.25,,,0.5,"{""label"": ""Victor Mesa Jr. (2) (0.5)"", ""hdp"": 0.5, ""over"": ""1.60"", ""under"": ""2.25""}",2026-06-03T07:28:30.841Z
63302849,Baseball,2026-06-03 19:10,Tampa Bay Rays,Detroit Tigers,USA - MLB,Bet365,Batter Strikeouts O/U,Cedric Mullins (2) (0.5),,,,1.76,1.95,,,0.5,"{""label"": ""Cedric Mullins (2) (0.5)"", ""hdp"": 0.5, ""over"": ""1.76"", ""under"": ""1.95""}",2026-06-03T07:28:30.841Z
63302849,Baseball,2026-06-03 19:10,Tampa Bay Rays,Detroit Tigers,USA - MLB,Bet365,Batter Strikeouts O/U,Richie Palacios (2) (0.5),,,,1.74,2.00,,,0.5,"{""label"": ""Richie Palacios (2) (0.5)"", ""hdp"": 0.5, ""over"": ""1.74"", ""under"": ""2.00""}",2026-06-03T07:28:30.841Z
63302849,Baseball,2026-06-03 19:10,Tampa Bay Rays,Detroit Tigers,USA - MLB,Bet365,Batter Strikeouts O/U,Chandler Simpson (2) (0.5),,,,2.60,1.45,,,0.5,"{""label"": ""Chandler Simpson (2) (0.5)"", ""hdp"": 0.5, ""over"": ""2.60"", ""under"": ""1.45""}",2026-06-03T07:28:30.841Z
63302849,Baseball,2026-06-03 19:10,Tampa Bay Rays,Detroit Tigers,USA - MLB,Bet365,Batter Strikeouts O/U,Taylor Walls (2) (0.5),,,,1.71,2.05,,,0.5,"{""label"": ""Taylor Walls (2) (0.5)"", ""hdp"": 0.5, ""over"": ""1.71"", ""under"": ""2.05""}",2026-06-03T07:28:30.841Z
63302849,Baseball,2026-06-03 19:10,Tampa Bay Rays,Detroit Tigers,USA - MLB,Bet365,Singles O/U,Kerry Carpenter (1) (0.5),,,,2.50,1.50,,,0.5,"{""label"": ""Kerry Carpenter (1) (0.5)"", ""hdp"": 0.5, ""over"": ""2.50"", ""under"": ""1.50""}",2026-06-03T07:30:42.716Z
63302849,Baseball,2026-06-03 19:10,Tampa Bay Rays,Detroit Tigers,USA - MLB,Bet365,Singles O/U,Dillon Dingler (1) (0.5),,,,2.00,1.74,,,0.5,"{""label"": ""Dillon Dingler (1) (0.5)"", ""hdp"": 0.5, ""over"": ""2.00"", ""under"": ""1.74""}",2026-06-03T07:30:42.716Z
63302849,Baseball,2026-06-03 19:10,Tampa Bay Rays,Detroit Tigers,USA - MLB,Bet365,Singles O/U,Riley Greene (1) (0.5),,,,1.95,1.76,,,0.5,"{""label"": ""Riley Greene (1) (0.5)"", ""hdp"": 0.5, ""over"": ""1.95"", ""under"": ""1.76""}",2026-06-03T07:30:42.716Z
63302849,Baseball,2026-06-03 19:10,Tampa Bay Rays,Detroit Tigers,USA - MLB,Bet365,Singles O/U,Colt Keith (1) (0.5),,,,1.95,1.76,,,0.5,"{""label"": ""Colt Keith (1) (0.5)"", ""hdp"": 0.5, ""over"": ""1.95"", ""under"": ""1.76""}",2026-06-03T07:30:42.716Z
63302849,Baseball,2026-06-03 19:10,Tampa Bay Rays,Detroit Tigers,USA - MLB,Bet365,Singles O/U,Kevin McGonigle (1) (0.5),,,,1.83,1.90,,,0.5,"{""label"": ""Kevin McGonigle (1) (0.5)"", ""hdp"": 0.5, ""over"": ""1.83"", ""under"": ""1.90""}",2026-06-03T07:30:42.716Z
63302849,Baseball,2026-06-03 19:10,Tampa Bay Rays,Detroit Tigers,USA - MLB,Bet365,Singles O/U,Zach McKinstry (1) (0.5),,,,2.40,1.52,,,0.5,"{""label"": ""Zach McKinstry (1) (0.5)"", ""hdp"": 0.5, ""over"": ""2.40"", ""under"": ""1.52""}",2026-06-03T07:30:42.716Z
63302849,Baseball,2026-06-03 19:10,Tampa Bay Rays,Detroit Tigers,USA - MLB,Bet365,Singles O/U,Wenceel Perez (1) (0.5),,,,2.35,1.55,,,0.5,"{""label"": ""Wenceel Perez (1) (0.5)"", ""hdp"": 0.5, ""over"": ""2.35"", ""under"": ""1.55""}",2026-06-03T07:30:42.716Z
63302849,Baseball,2026-06-03 19:10,Tampa Bay Rays,Detroit Tigers,USA - MLB,Bet365,Singles O/U,Spencer Torkelson (1) (0.5),,,,2.60,1.45,,,0.5,"{""label"": ""Spencer Torkelson (1) (0.5)"", ""hdp"": 0.5, ""over"": ""2.60"", ""under"": ""1.45""}",2026-06-03T07:30:42.716Z
63302849,Baseball,2026-06-03 19:10,Tampa Bay Rays,Detroit Tigers,USA - MLB,Bet365,Singles O/U,Gleyber Torres (1) (0.5),,,,1.74,2.00,,,0.5,"{""label"": ""Gleyber Torres (1) (0.5)"", ""hdp"": 0.5, ""over"": ""1.74"", ""under"": ""2.00""}",2026-06-03T07:30:42.716Z
63302849,Baseball,2026-06-03 19:10,Tampa Bay Rays,Detroit Tigers,USA - MLB,Bet365,Singles O/U,Jonathan Aranda (2) (0.5),,,,1.83,1.90,,,0.5,"{""label"": ""Jonathan Aranda (2) (0.5)"", ""hdp"": 0.5, ""over"": ""1.83"", ""under"": ""1.90""}",2026-06-03T07:30:42.716Z
63302849,Baseball,2026-06-03 19:10,Tampa Bay Rays,Detroit Tigers,USA - MLB,Bet365,Singles O/U,Junior Caminero (2) (0.5),,,,1.83,1.90,,,0.5,"{""label"": ""Junior Caminero (2) (0.5)"", ""hdp"": 0.5, ""over"": ""1.83"", ""under"": ""1.90""}",2026-06-03T07:30:42.716Z
63302849,Baseball,2026-06-03 19:10,Tampa Bay Rays,Detroit Tigers,USA - MLB,Bet365,Singles O/U,Yandy Diaz (2) (0.5),,,,1.62,2.20,,,0.5,"{""label"": ""Yandy Diaz (2) (0.5)"", ""hdp"": 0.5, ""over"": ""1.62"", ""under"": ""2.20""}",2026-06-03T07:30:42.716Z
63302849,Baseball,2026-06-03 19:10,Tampa Bay Rays,Detroit Tigers,USA - MLB,Bet365,Singles O/U,Nick Fortes (2) (0.5),,,,2.00,1.74,,,0.5,"{""label"": ""Nick Fortes (2) (0.5)"", ""hdp"": 0.5, ""over"": ""2.00"", ""under"": ""1.74""}",2026-06-03T07:30:42.716Z
63302849,Baseball,2026-06-03 19:10,Tampa Bay Rays,Detroit Tigers,USA - MLB,Bet365,Singles O/U,Victor Mesa Jr. (2) (0.5),,,,2.05,1.71,,,0.5,"{""label"": ""Victor Mesa Jr. (2) (0.5)"", ""hdp"": 0.5, ""over"": ""2.05"", ""under"": ""1.71""}",2026-06-03T07:30:42.716Z
63302849,Baseball,2026-06-03 19:10,Tampa Bay Rays,Detroit Tigers,USA - MLB,Bet365,Singles O/U,Cedric Mullins (2) (0.5),,,,2.32,1.57,,,0.5,"{""label"": ""Cedric Mullins (2) (0.5)"", ""hdp"": 0.5, ""over"": ""2.32"", ""under"": ""1.57""}",2026-06-03T07:30:42.716Z
63302849,Baseball,2026-06-03 19:10,Tampa Bay Rays,Detroit Tigers,USA - MLB,Bet365,Singles O/U,Richie Palacios (2) (0.5),,,,2.00,1.74,,,0.5,"{""label"": ""Richie Palacios (2) (0.5)"", ""hdp"": 0.5, ""over"": ""2.00"", ""under"": ""1.74""}",2026-06-03T07:30:42.716Z
63302849,Baseball,2026-06-03 19:10,Tampa Bay Rays,Detroit Tigers,USA - MLB,Bet365,Singles O/U,Chandler Simpson (2) (0.5),,,,1.40,2.85,,,0.5,"{""label"": ""Chandler Simpson (2) (0.5)"", ""hdp"": 0.5, ""over"": ""1.40"", ""under"": ""2.85""}",2026-06-03T07:30:42.716Z
63302849,Baseball,2026-06-03 19:10,Tampa Bay Rays,Detroit Tigers,USA - MLB,Bet365,Singles O/U,Taylor Walls (2) (0.5),,,,2.32,1.57,,,0.5,"{""label"": ""Taylor Walls (2) (0.5)"", ""hdp"": 0.5, ""over"": ""2.32"", ""under"": ""1.57""}",2026-06-03T07:30:42.716Z
63302849,Baseball,2026-06-03 19:10,Tampa Bay Rays,Detroit Tigers,USA - MLB,Bet365,Pitcher Hits Allowed O/U,Troy Melton (1) (5.5),,,,2.05,1.71,,,5.5,"{""label"": ""Troy Melton (1) (5.5)"", ""hdp"": 5.5, ""over"": ""2.05"", ""under"": ""1.71""}",2026-06-03T07:00:38.571Z
63302849,Baseball,2026-06-03 19:10,Tampa Bay Rays,Detroit Tigers,USA - MLB,Bet365,Pitcher Hits Allowed O/U,Nick Martinez (2) (5.5),,,,2.15,1.64,,,5.5,"{""label"": ""Nick Martinez (2) (5.5)"", ""hdp"": 5.5, ""over"": ""2.15"", ""under"": ""1.64""}",2026-06-03T07:00:38.571Z
63302849,Baseball,2026-06-03 19:10,Tampa Bay Rays,Detroit Tigers,USA - MLB,Bet365,Runs Batted In O/U,Kerry Carpenter (1) (0.5),,,,3.00,1.36,,,0.5,"{""label"": ""Kerry Carpenter (1) (0.5)"", ""hdp"": 0.5, ""over"": ""3.00"", ""under"": ""1.36""}",2026-06-03T07:31:42.777Z
63302849,Baseball,2026-06-03 19:10,Tampa Bay Rays,Detroit Tigers,USA - MLB,Bet365,Runs Batted In O/U,Dillon Dingler (1) (0.5),,,,2.70,1.43,,,0.5,"{""label"": ""Dillon Dingler (1) (0.5)"", ""hdp"": 0.5, ""over"": ""2.70"", ""under"": ""1.43""}",2026-06-03T07:31:42.777Z
63302849,Baseball,2026-06-03 19:10,Tampa Bay Rays,Detroit Tigers,USA - MLB,Bet365,Runs Batted In O/U,Riley Greene (1) (0.5),,,,2.55,1.47,,,0.5,"{""label"": ""Riley Greene (1) (0.5)"", ""hdp"": 0.5, ""over"": ""2.55"", ""under"": ""1.47""}",2026-06-03T07:31:42.777Z
63302849,Baseball,2026-06-03 19:10,Tampa Bay Rays,Detroit Tigers,USA - MLB,Bet365,Runs Batted In O/U,Colt Keith (1) (0.5),,,,3.20,1.31,,,0.5,"{""label"": ""Colt Keith (1) (0.5)"", ""hdp"": 0.5, ""over"": ""3.20"", ""under"": ""1.31""}",2026-06-03T07:31:42.777Z
63302849,Baseball,2026-06-03 19:10,Tampa Bay Rays,Detroit Tigers,USA - MLB,Bet365,Runs Batted In O/U,Kevin McGonigle (1) (0.5),,,,3.30,1.30,,,0.5,"{""label"": ""Kevin McGonigle (1) (0.5)"", ""hdp"": 0.5, ""over"": ""3.30"", ""under"": ""1.30""}",2026-06-03T07:31:42.777Z
63302849,Baseball,2026-06-03 19:10,Tampa Bay Rays,Detroit Tigers,USA - MLB,Bet365,Runs Batted In O/U,Zach McKinstry (1) (0.5),,,,4.30,1.20,,,0.5,"{""label"": ""Zach McKinstry (1) (0.5)"", ""hdp"": 0.5, ""over"": ""4.30"", ""under"": ""1.20""}",2026-06-03T07:31:42.777Z
63302849,Baseball,2026-06-03 19:10,Tampa Bay Rays,Detroit Tigers,USA - MLB,Bet365,Runs Batted In O/U,Wenceel Perez (1) (0.5),,,,3.75,1.25,,,0.5,"{""label"": ""Wenceel Perez (1) (0.5)"", ""hdp"": 0.5, ""over"": ""3.75"", ""under"": ""1.25""}",2026-06-03T07:31:42.777Z
63302849,Baseball,2026-06-03 19:10,Tampa Bay Rays,Detroit Tigers,USA - MLB,Bet365,Runs Batted In O/U,Spencer Torkelson (1) (0.5),,,,3.20,1.31,,,0.5,"{""label"": ""Spencer Torkelson (1) (0.5)"", ""hdp"": 0.5, ""over"": ""3.20"", ""under"": ""1.31""}",2026-06-03T07:31:42.777Z
63302849,Baseball,2026-06-03 19:10,Tampa Bay Rays,Detroit Tigers,USA - MLB,Bet365,Runs Batted In O/U,Gleyber Torres (1) (0.5),,,,3.50,1.28,,,0.5,"{""label"": ""Gleyber Torres (1) (0.5)"", ""hdp"": 0.5, ""over"": ""3.50"", ""under"": ""1.28""}",2026-06-03T07:31:42.777Z
63302849,Baseball,2026-06-03 19:10,Tampa Bay Rays,Detroit Tigers,USA - MLB,Bet365,Runs Batted In O/U,Jonathan Aranda (2) (0.5),,,,2.50,1.50,,,0.5,"{""label"": ""Jonathan Aranda (2) (0.5)"", ""hdp"": 0.5, ""over"": ""2.50"", ""under"": ""1.50""}",2026-06-03T07:31:42.777Z
63302849,Baseball,2026-06-03 19:10,Tampa Bay Rays,Detroit Tigers,USA - MLB,Bet365,Runs Batted In O/U,Junior Caminero (2) (0.5),,,,2.25,1.60,,,0.5,"{""label"": ""Junior Caminero (2) (0.5)"", ""hdp"": 0.5, ""over"": ""2.25"", ""under"": ""1.60""}",2026-06-03T07:31:42.777Z
63302849,Baseball,2026-06-03 19:10,Tampa Bay Rays,Detroit Tigers,USA - MLB,Bet365,Runs Batted In O/U,Yandy Diaz (2) (0.5),,,,2.70,1.43,,,0.5,"{""label"": ""Yandy Diaz (2) (0.5)"", ""hdp"": 0.5, ""over"": ""2.70"", ""under"": ""1.43""}",2026-06-03T07:31:42.777Z
63302849,Baseball,2026-06-03 19:10,Tampa Bay Rays,Detroit Tigers,USA - MLB,Bet365,Runs Batted In O/U,Nick Fortes (2) (0.5),,,,3.20,1.31,,,0.5,"{""label"": ""Nick Fortes (2) (0.5)"", ""hdp"": 0.5, ""over"": ""3.20"", ""under"": ""1.31""}",2026-06-03T07:31:42.777Z
63302849,Baseball,2026-06-03 19:10,Tampa Bay Rays,Detroit Tigers,USA - MLB,Bet365,Runs Batted In O/U,Victor Mesa Jr. (2) (0.5),,,,3.02,1.35,,,0.5,"{""label"": ""Victor Mesa Jr. (2) (0.5)"", ""hdp"": 0.5, ""over"": ""3.02"", ""under"": ""1.35""}",2026-06-03T07:31:42.777Z
63302849,Baseball,2026-06-03 19:10,Tampa Bay Rays,Detroit Tigers,USA - MLB,Bet365,Runs Batted In O/U,Cedric Mullins (2) (0.5),,,,3.02,1.35,,,0.5,"{""label"": ""Cedric Mullins (2) (0.5)"", ""hdp"": 0.5, ""over"": ""3.02"", ""under"": ""1.35""}",2026-06-03T07:31:42.777Z
63302849,Baseball,2026-06-03 19:10,Tampa Bay Rays,Detroit Tigers,USA - MLB,Bet365,Runs Batted In O/U,Richie Palacios (2) (0.5),,,,3.20,1.31,,,0.5,"{""label"": ""Richie Palacios (2) (0.5)"", ""hdp"": 0.5, ""over"": ""3.20"", ""under"": ""1.31""}",2026-06-03T07:31:42.777Z
63302849,Baseball,2026-06-03 19:10,Tampa Bay Rays,Detroit Tigers,USA - MLB,Bet365,Runs Batted In O/U,Chandler Simpson (2) (0.5),,,,3.60,1.27,,,0.5,"{""label"": ""Chandler Simpson (2) (0.5)"", ""hdp"": 0.5, ""over"": ""3.60"", ""under"": ""1.27""}",2026-06-03T07:31:42.777Z
63302849,Baseball,2026-06-03 19:10,Tampa Bay Rays,Detroit Tigers,USA - MLB,Bet365,Runs Batted In O/U,Taylor Walls (2) (0.5),,,,3.80,1.25,,,0.5,"{""label"": ""Taylor Walls (2) (0.5)"", ""hdp"": 0.5, ""over"": ""3.80"", ""under"": ""1.25""}",2026-06-03T07:31:42.777Z
63302849,Baseball,2026-06-03 19:10,Tampa Bay Rays,Detroit Tigers,USA - MLB,Bet365,First 5 Innings Totals,,,,,1.80,1.95,,,4,"{""hdp"": 4, ""over"": ""1.80"", ""under"": ""1.95""}",2026-06-03T03:36:03.269Z
63302849,Baseball,2026-06-03 19:10,Tampa Bay Rays,Detroit Tigers,USA - MLB,Bet365,Doubles O/U,Kerry Carpenter (1) (0.5),,,,4.75,1.16,,,0.5,"{""label"": ""Kerry Carpenter (1) (0.5)"", ""hdp"": 0.5, ""over"": ""4.75"", ""under"": ""1.16""}",2026-06-03T07:29:13.6Z
63302849,Baseball,2026-06-03 19:10,Tampa Bay Rays,Detroit Tigers,USA - MLB,Bet365,Doubles O/U,Dillon Dingler (1) (0.5),,,,4.50,1.18,,,0.5,"{""label"": ""Dillon Dingler (1) (0.5)"", ""hdp"": 0.5, ""over"": ""4.50"", ""under"": ""1.18""}",2026-06-03T07:29:13.6Z
63302849,Baseball,2026-06-03 19:10,Tampa Bay Rays,Detroit Tigers,USA - MLB,Bet365,Doubles O/U,Riley Greene (1) (0.5),,,,4.30,1.20,,,0.5,"{""label"": ""Riley Greene (1) (0.5)"", ""hdp"": 0.5, ""over"": ""4.30"", ""under"": ""1.20""}",2026-06-03T07:29:13.6Z
63302849,Baseball,2026-06-03 19:10,Tampa Bay Rays,Detroit Tigers,USA - MLB,Bet365,Doubles O/U,Colt Keith (1) (0.5),,,,4.75,1.16,,,0.5,"{""label"": ""Colt Keith (1) (0.5)"", ""hdp"": 0.5, ""over"": ""4.75"", ""under"": ""1.16""}",2026-06-03T07:29:13.6Z
63302849,Baseball,2026-06-03 19:10,Tampa Bay Rays,Detroit Tigers,USA - MLB,Bet365,Doubles O/U,Kevin McGonigle (1) (0.5),,,,4.00,1.22,,,0.5,"{""label"": ""Kevin McGonigle (1) (0.5)"", ""hdp"": 0.5, ""over"": ""4.00"", ""under"": ""1.22""}",2026-06-03T07:29:13.6Z
63302849,Baseball,2026-06-03 19:10,Tampa Bay Rays,Detroit Tigers,USA - MLB,Bet365,Doubles O/U,Zach McKinstry (1) (0.5),,,,6.00,1.11,,,0.5,"{""label"": ""Zach McKinstry (1) (0.5)"", ""hdp"": 0.5, ""over"": ""6.00"", ""under"": ""1.11""}",2026-06-03T07:29:13.6Z
63302849,Baseball,2026-06-03 19:10,Tampa Bay Rays,Detroit Tigers,USA - MLB,Bet365,Doubles O/U,Wenceel Perez (1) (0.5),,,,5.50,1.13,,,0.5,"{""label"": ""Wenceel Perez (1) (0.5)"", ""hdp"": 0.5, ""over"": ""5.50"", ""under"": ""1.13""}",2026-06-03T07:29:13.6Z
63302849,Baseball,2026-06-03 19:10,Tampa Bay Rays,Detroit Tigers,USA - MLB,Bet365,Doubles O/U,Spencer Torkelson (1) (0.5),,,,5.50,1.13,,,0.5,"{""label"": ""Spencer Torkelson (1) (0.5)"", ""hdp"": 0.5, ""over"": ""5.50"", ""under"": ""1.13""}",2026-06-03T07:29:13.6Z
63302849,Baseball,2026-06-03 19:10,Tampa Bay Rays,Detroit Tigers,USA - MLB,Bet365,Doubles O/U,Gleyber Torres (1) (0.5),,,,5.25,1.14,,,0.5,"{""label"": ""Gleyber Torres (1) (0.5)"", ""hdp"": 0.5, ""over"": ""5.25"", ""under"": ""1.14""}",2026-06-03T07:29:13.6Z
63302849,Baseball,2026-06-03 19:10,Tampa Bay Rays,Detroit Tigers,USA - MLB,Bet365,Doubles O/U,Jonathan Aranda (2) (0.5),,,,4.50,1.18,,,0.5,"{""label"": ""Jonathan Aranda (2) (0.5)"", ""hdp"": 0.5, ""over"": ""4.50"", ""under"": ""1.18""}",2026-06-03T07:29:13.6Z
63302849,Baseball,2026-06-03 19:10,Tampa Bay Rays,Detroit Tigers,USA - MLB,Bet365,Doubles O/U,Junior Caminero (2) (0.5),,,,4.75,1.16,,,0.5,"{""label"": ""Junior Caminero (2) (0.5)"", ""hdp"": 0.5, ""over"": ""4.75"", ""under"": ""1.16""}",2026-06-03T07:29:13.6Z
63302849,Baseball,2026-06-03 19:10,Tampa Bay Rays,Detroit Tigers,USA - MLB,Bet365,Doubles O/U,Yandy Diaz (2) (0.5),,,,4.75,1.16,,,0.5,"{""label"": ""Yandy Diaz (2) (0.5)"", ""hdp"": 0.5, ""over"": ""4.75"", ""under"": ""1.16""}",2026-06-03T07:29:13.6Z
63302849,Baseball,2026-06-03 19:10,Tampa Bay Rays,Detroit Tigers,USA - MLB,Bet365,Doubles O/U,Nick Fortes (2) (0.5),,,,6.25,1.11,,,0.5,"{""label"": ""Nick Fortes (2) (0.5)"", ""hdp"": 0.5, ""over"": ""6.25"", ""under"": ""1.11""}",2026-06-03T07:29:13.6Z
63302849,Baseball,2026-06-03 19:10,Tampa Bay Rays,Detroit Tigers,USA - MLB,Bet365,Doubles O/U,Victor Mesa Jr. (2) (0.5),,,,5.00,1.15,,,0.5,"{""label"": ""Victor Mesa Jr. (2) (0.5)"", ""hdp"": 0.5, ""over"": ""5.00"", ""under"": ""1.15""}",2026-06-03T07:29:13.6Z
63302849,Baseball,2026-06-03 19:10,Tampa Bay Rays,Detroit Tigers,USA - MLB,Bet365,Doubles O/U,Cedric Mullins (2) (0.5),,,,5.25,1.14,,,0.5,"{""label"": ""Cedric Mullins (2) (0.5)"", ""hdp"": 0.5, ""over"": ""5.25"", ""under"": ""1.14""}",2026-06-03T07:29:13.6Z
63302849,Baseball,2026-06-03 19:10,Tampa Bay Rays,Detroit Tigers,USA - MLB,Bet365,Doubles O/U,Richie Palacios (2) (0.5),,,,5.75,1.12,,,0.5,"{""label"": ""Richie Palacios (2) (0.5)"", ""hdp"": 0.5, ""over"": ""5.75"", ""under"": ""1.12""}",2026-06-03T07:29:13.6Z
63302849,Baseball,2026-06-03 19:10,Tampa Bay Rays,Detroit Tigers,USA - MLB,Bet365,Doubles O/U,Chandler Simpson (2) (0.5),,,,6.50,1.10,,,0.5,"{""label"": ""Chandler Simpson (2) (0.5)"", ""hdp"": 0.5, ""over"": ""6.50"", ""under"": ""1.10""}",2026-06-03T07:29:13.6Z
63302849,Baseball,2026-06-03 19:10,Tampa Bay Rays,Detroit Tigers,USA - MLB,Bet365,Doubles O/U,Taylor Walls (2) (0.5),,,,6.25,1.11,,,0.5,"{""label"": ""Taylor Walls (2) (0.5)"", ""hdp"": 0.5, ""over"": ""6.25"", ""under"": ""1.11""}",2026-06-03T07:29:13.6Z
63302849,Baseball,2026-06-03 19:10,Tampa Bay Rays,Detroit Tigers,USA - MLB,Bet365,Batter Walks O/U,Cedric Mullins (2) (0.5),,,,3.05,1.34,,,0.5,"{""label"": ""Cedric Mullins (2) (0.5)"", ""hdp"": 0.5, ""over"": ""3.05"", ""under"": ""1.34""}",2026-06-03T08:39:16.179Z
63302849,Baseball,2026-06-03 19:10,Tampa Bay Rays,Detroit Tigers,USA - MLB,Bet365,Batter Walks O/U,Chandler Simpson (2) (0.5),,,,4.30,1.20,,,0.5,"{""label"": ""Chandler Simpson (2) (0.5)"", ""hdp"": 0.5, ""over"": ""4.30"", ""under"": ""1.20""}",2026-06-03T08:39:16.179Z
63302849,Baseball,2026-06-03 19:10,Tampa Bay Rays,Detroit Tigers,USA - MLB,Bet365,Batter Walks O/U,Colt Keith (1) (0.5),,,,4.50,1.18,,,0.5,"{""label"": ""Colt Keith (1) (0.5)"", ""hdp"": 0.5, ""over"": ""4.50"", ""under"": ""1.18""}",2026-06-03T08:39:16.179Z
63302849,Baseball,2026-06-03 19:10,Tampa Bay Rays,Detroit Tigers,USA - MLB,Bet365,Batter Walks O/U,Dillon Dingler (1) (0.5),,,,4.30,1.20,,,0.5,"{""label"": ""Dillon Dingler (1) (0.5)"", ""hdp"": 0.5, ""over"": ""4.30"", ""under"": ""1.20""}",2026-06-03T08:39:16.179Z
63302849,Baseball,2026-06-03 19:10,Tampa Bay Rays,Detroit Tigers,USA - MLB,Bet365,Batter Walks O/U,Gleyber Torres (1) (0.5),,,,2.75,1.42,,,0.5,"{""label"": ""Gleyber Torres (1) (0.5)"", ""hdp"": 0.5, ""over"": ""2.75"", ""under"": ""1.42""}",2026-06-03T08:39:16.179Z
63302849,Baseball,2026-06-03 19:10,Tampa Bay Rays,Detroit Tigers,USA - MLB,Bet365,Batter Walks O/U,Jonathan Aranda (2) (0.5),,,,2.65,1.44,,,0.5,"{""label"": ""Jonathan Aranda (2) (0.5)"", ""hdp"": 0.5, ""over"": ""2.65"", ""under"": ""1.44""}",2026-06-03T08:39:16.179Z
63302849,Baseball,2026-06-03 19:10,Tampa Bay Rays,Detroit Tigers,USA - MLB,Bet365,Batter Walks O/U,Junior Caminero (2) (0.5),,,,2.50,1.50,,,0.5,"{""label"": ""Junior Caminero (2) (0.5)"", ""hdp"": 0.5, ""over"": ""2.50"", ""under"": ""1.50""}",2026-06-03T08:39:16.179Z
63302849,Baseball,2026-06-03 19:10,Tampa Bay Rays,Detroit Tigers,USA - MLB,Bet365,Batter Walks O/U,Kevin McGonigle (1) (0.5),,,,2.60,1.45,,,0.5,"{""label"": ""Kevin McGonigle (1) (0.5)"", ""hdp"": 0.5, ""over"": ""2.60"", ""under"": ""1.45""}",2026-06-03T08:39:16.179Z
63302849,Baseball,2026-06-03 19:10,Tampa Bay Rays,Detroit Tigers,USA - MLB,Bet365,Batter Walks O/U,Richie Palacios (2) (0.5),,,,2.75,1.42,,,0.5,"{""label"": ""Richie Palacios (2) (0.5)"", ""hdp"": 0.5, ""over"": ""2.75"", ""under"": ""1.42""}",2026-06-03T08:39:16.179Z
63302849,Baseball,2026-06-03 19:10,Tampa Bay Rays,Detroit Tigers,USA - MLB,Bet365,Batter Walks O/U,Riley Greene (1) (0.5),,,,3.10,1.33,,,0.5,"{""label"": ""Riley Greene (1) (0.5)"", ""hdp"": 0.5, ""over"": ""3.10"", ""under"": ""1.33""}",2026-06-03T08:39:16.179Z
63302849,Baseball,2026-06-03 19:10,Tampa Bay Rays,Detroit Tigers,USA - MLB,Bet365,Batter Walks O/U,Spencer Torkelson (1) (0.5),,,,3.10,1.33,,,0.5,"{""label"": ""Spencer Torkelson (1) (0.5)"", ""hdp"": 0.5, ""over"": ""3.10"", ""under"": ""1.33""}",2026-06-03T08:39:16.179Z
63302849,Baseball,2026-06-03 19:10,Tampa Bay Rays,Detroit Tigers,USA - MLB,Bet365,Batter Walks O/U,Taylor Walls (2) (0.5),,,,2.85,1.40,,,0.5,"{""label"": ""Taylor Walls (2) (0.5)"", ""hdp"": 0.5, ""over"": ""2.85"", ""under"": ""1.40""}",2026-06-03T08:39:16.179Z
63302849,Baseball,2026-06-03 19:10,Tampa Bay Rays,Detroit Tigers,USA - MLB,Bet365,Batter Walks O/U,Victor Mesa Jr. (2) (0.5),,,,4.00,1.22,,,0.5,"{""label"": ""Victor Mesa Jr. (2) (0.5)"", ""hdp"": 0.5, ""over"": ""4.00"", ""under"": ""1.22""}",2026-06-03T08:39:16.179Z
63302849,Baseball,2026-06-03 19:10,Tampa Bay Rays,Detroit Tigers,USA - MLB,Bet365,Batter Walks O/U,Yandy Diaz (2) (0.5),,,,3.05,1.34,,,0.5,"{""label"": ""Yandy Diaz (2) (0.5)"", ""hdp"": 0.5, ""over"": ""3.05"", ""under"": ""1.34""}",2026-06-03T08:39:16.179Z
63302849,Baseball,2026-06-03 19:10,Tampa Bay Rays,Detroit Tigers,USA - MLB,Bet365,Batter Walks O/U,Zach McKinstry (1) (0.5),,,,4.50,1.18,,,0.5,"{""label"": ""Zach McKinstry (1) (0.5)"", ""hdp"": 0.5, ""over"": ""4.50"", ""under"": ""1.18""}",2026-06-03T08:39:16.179Z
63302849,Baseball,2026-06-03 19:10,Tampa Bay Rays,Detroit Tigers,USA - MLB,Bet365,First 5 Innings ML,,1.68,,2.15,,,,,,"{""home"": ""1.68"", ""away"": ""2.15""}",2026-06-03T03:36:03.269Z
63302849,Baseball,2026-06-03 19:10,Tampa Bay Rays,Detroit Tigers,USA - MLB,Bet365,Alternative Run Line,,3.20,,,,,,,2.5,"{""hdp"": 2.5, ""home"": ""3.20""}",2026-06-03T08:15:30.842Z
63302849,Baseball,2026-06-03 19:10,Tampa Bay Rays,Detroit Tigers,USA - MLB,Bet365,Alternative Run Line,,6.25,,,,,,,4.5,"{""hdp"": 4.5, ""home"": ""6.25""}",2026-06-03T08:15:30.842Z
63302849,Baseball,2026-06-03 19:10,Tampa Bay Rays,Detroit Tigers,USA - MLB,Bet365,Alternative Run Line,,8.25,,,,,,,5.5,"{""hdp"": 5.5, ""home"": ""8.25""}",2026-06-03T08:15:30.842Z
63302849,Baseball,2026-06-03 19:10,Tampa Bay Rays,Detroit Tigers,USA - MLB,Bet365,Alternative Run Line,,1.13,,,,,,,-3.5,"{""hdp"": -3.5, ""home"": ""1.13""}",2026-06-03T08:15:30.842Z
63302849,Baseball,2026-06-03 19:10,Tampa Bay Rays,Detroit Tigers,USA - MLB,Bet365,Alternative Run Line,,1.07,,,,,,,-4.5,"{""hdp"": -4.5, ""home"": ""1.07""}",2026-06-03T08:15:30.842Z
63302849,Baseball,2026-06-03 19:10,Tampa Bay Rays,Detroit Tigers,USA - MLB,Bet365,Alternative Run Line,,1.22,,,,,,,-2.5,"{""hdp"": -2.5, ""home"": ""1.22""}",2026-06-03T08:15:30.842Z
63302849,Baseball,2026-06-03 19:10,Tampa Bay Rays,Detroit Tigers,USA - MLB,Bet365,Alternative Run Line,,1.38,,,,,,,-1.5,"{""hdp"": -1.5, ""home"": ""1.38""}",2026-06-03T08:15:30.842Z
63302849,Baseball,2026-06-03 19:10,Tampa Bay Rays,Detroit Tigers,USA - MLB,Bet365,Alternative Run Line,,4.50,,,,,,,3.5,"{""hdp"": 3.5, ""home"": ""4.50""}",2026-06-03T08:15:30.842Z
63302849,Baseball,2026-06-03 19:10,Tampa Bay Rays,Detroit Tigers,USA - MLB,Bet365,Pitcher Outs O/U,Nick Martinez (2) (17.5),,,,1.64,2.15,,,17.5,"{""label"": ""Nick Martinez (2) (17.5)"", ""hdp"": 17.5, ""over"": ""1.64"", ""under"": ""2.15""}",2026-06-03T07:35:43.299Z
63302849,Baseball,2026-06-03 19:10,Tampa Bay Rays,Detroit Tigers,USA - MLB,Bet365,Runs O/U,Kerry Carpenter (1) (0.5),,,,2.70,1.43,,,0.5,"{""label"": ""Kerry Carpenter (1) (0.5)"", ""hdp"": 0.5, ""over"": ""2.70"", ""under"": ""1.43""}",2026-06-03T06:33:18.43Z
63302849,Baseball,2026-06-03 19:10,Tampa Bay Rays,Detroit Tigers,USA - MLB,Bet365,Runs O/U,Dillon Dingler (1) (0.5),,,,2.40,1.52,,,0.5,"{""label"": ""Dillon Dingler (1) (0.5)"", ""hdp"": 0.5, ""over"": ""2.40"", ""under"": ""1.52""}",2026-06-03T06:33:18.43Z
63302849,Baseball,2026-06-03 19:10,Tampa Bay Rays,Detroit Tigers,USA - MLB,Bet365,Runs O/U,Riley Greene (1) (0.5),,,,2.25,1.60,,,0.5,"{""label"": ""Riley Greene (1) (0.5)"", ""hdp"": 0.5, ""over"": ""2.25"", ""under"": ""1.60""}",2026-06-03T06:33:18.43Z
63302849,Baseball,2026-06-03 19:10,Tampa Bay Rays,Detroit Tigers,USA - MLB,Bet365,Runs O/U,Colt Keith (1) (0.5),,,,2.90,1.38,,,0.5,"{""label"": ""Colt Keith (1) (0.5)"", ""hdp"": 0.5, ""over"": ""2.90"", ""under"": ""1.38""}",2026-06-03T06:33:18.43Z
63302849,Baseball,2026-06-03 19:10,Tampa Bay Rays,Detroit Tigers,USA - MLB,Bet365,Runs O/U,Kevin McGonigle (1) (0.5),,,,2.10,1.66,,,0.5,"{""label"": ""Kevin McGonigle (1) (0.5)"", ""hdp"": 0.5, ""over"": ""2.10"", ""under"": ""1.66""}",2026-06-03T06:33:18.43Z
63302849,Baseball,2026-06-03 19:10,Tampa Bay Rays,Detroit Tigers,USA - MLB,Bet365,Runs O/U,Zach McKinstry (1) (0.5),,,,3.10,1.33,,,0.5,"{""label"": ""Zach McKinstry (1) (0.5)"", ""hdp"": 0.5, ""over"": ""3.10"", ""under"": ""1.33""}",2026-06-03T06:33:18.43Z
63302849,Baseball,2026-06-03 19:10,Tampa Bay Rays,Detroit Tigers,USA - MLB,Bet365,Runs O/U,Wenceel Perez (1) (0.5),,,,2.90,1.38,,,0.5,"{""label"": ""Wenceel Perez (1) (0.5)"", ""hdp"": 0.5, ""over"": ""2.90"", ""under"": ""1.38""}",2026-06-03T06:33:18.43Z
63302849,Baseball,2026-06-03 19:10,Tampa Bay Rays,Detroit Tigers,USA - MLB,Bet365,Runs O/U,Spencer Torkelson (1) (0.5),,,,2.82,1.40,,,0.5,"{""label"": ""Spencer Torkelson (1) (0.5)"", ""hdp"": 0.5, ""over"": ""2.82"", ""under"": ""1.40""}",2026-06-03T06:33:18.43Z
63302849,Baseball,2026-06-03 19:10,Tampa Bay Rays,Detroit Tigers,USA - MLB,Bet365,Runs O/U,Gleyber Torres (1) (0.5),,,,2.40,1.52,,,0.5,"{""label"": ""Gleyber Torres (1) (0.5)"", ""hdp"": 0.5, ""over"": ""2.40"", ""under"": ""1.52""}",2026-06-03T06:33:18.43Z
63302849,Baseball,2026-06-03 19:10,Tampa Bay Rays,Detroit Tigers,USA - MLB,Bet365,Runs O/U,Jonathan Aranda (2) (0.5),,,,2.10,1.66,,,0.5,"{""label"": ""Jonathan Aranda (2) (0.5)"", ""hdp"": 0.5, ""over"": ""2.10"", ""under"": ""1.66""}",2026-06-03T06:33:18.43Z
63302849,Baseball,2026-06-03 19:10,Tampa Bay Rays,Detroit Tigers,USA - MLB,Bet365,Runs O/U,Junior Caminero (2) (0.5),,,,1.83,1.90,,,0.5,"{""label"": ""Junior Caminero (2) (0.5)"", ""hdp"": 0.5, ""over"": ""1.83"", ""under"": ""1.90""}",2026-06-03T06:33:18.43Z
63302849,Baseball,2026-06-03 19:10,Tampa Bay Rays,Detroit Tigers,USA - MLB,Bet365,Runs O/U,Yandy Diaz (2) (0.5),,,,2.40,1.52,,,0.5,"{""label"": ""Yandy Diaz (2) (0.5)"", ""hdp"": 0.5, ""over"": ""2.40"", ""under"": ""1.52""}",2026-06-03T06:33:18.43Z
63302849,Baseball,2026-06-03 19:10,Tampa Bay Rays,Detroit Tigers,USA - MLB,Bet365,Runs O/U,Nick Fortes (2) (0.5),,,,2.95,1.37,,,0.5,"{""label"": ""Nick Fortes (2) (0.5)"", ""hdp"": 0.5, ""over"": ""2.95"", ""under"": ""1.37""}",2026-06-03T06:33:18.43Z
63302849,Baseball,2026-06-03 19:10,Tampa Bay Rays,Detroit Tigers,USA - MLB,Bet365,Runs O/U,Victor Mesa Jr. (2) (0.5),,,,2.60,1.45,,,0.5,"{""label"": ""Victor Mesa Jr. (2) (0.5)"", ""hdp"": 0.5, ""over"": ""2.60"", ""under"": ""1.45""}",2026-06-03T06:33:18.43Z
63302849,Baseball,2026-06-03 19:10,Tampa Bay Rays,Detroit Tigers,USA - MLB,Bet365,Runs O/U,Cedric Mullins (2) (0.5),,,,2.55,1.47,,,0.5,"{""label"": ""Cedric Mullins (2) (0.5)"", ""hdp"": 0.5, ""over"": ""2.55"", ""under"": ""1.47""}",2026-06-03T06:33:18.43Z
63302849,Baseball,2026-06-03 19:10,Tampa Bay Rays,Detroit Tigers,USA - MLB,Bet365,Runs O/U,Richie Palacios (2) (0.5),,,,2.40,1.52,,,0.5,"{""label"": ""Richie Palacios (2) (0.5)"", ""hdp"": 0.5, ""over"": ""2.40"", ""under"": ""1.52""}",2026-06-03T06:33:18.43Z
63302849,Baseball,2026-06-03 19:10,Tampa Bay Rays,Detroit Tigers,USA - MLB,Bet365,Runs O/U,Chandler Simpson (2) (0.5),,,,2.10,1.66,,,0.5,"{""label"": ""Chandler Simpson (2) (0.5)"", ""hdp"": 0.5, ""over"": ""2.10"", ""under"": ""1.66""}",2026-06-03T06:33:18.43Z
63302849,Baseball,2026-06-03 19:10,Tampa Bay Rays,Detroit Tigers,USA - MLB,Bet365,Runs O/U,Taylor Walls (2) (0.5),,,,2.55,1.47,,,0.5,"{""label"": ""Taylor Walls (2) (0.5)"", ""hdp"": 0.5, ""over"": ""2.55"", ""under"": ""1.47""}",2026-06-03T06:33:18.43Z
63301849,Baseball,2026-06-03 19:40,Minnesota Twins,Chicago White Sox,USA - MLB,Bet365,ML,,1.62,,2.35,,,,,,"{""home"": ""1.62"", ""away"": ""2.35""}",2026-06-03T04:00:30.218Z
63301849,Baseball,2026-06-03 19:40,Minnesota Twins,Chicago White Sox,USA - MLB,Bet365,Spread,,2.35,,1.62,,,,,-1.5,"{""hdp"": -1.5, ""home"": ""2.35"", ""away"": ""1.62""}",2026-06-02T21:36:49.826Z
63301849,Baseball,2026-06-03 19:40,Minnesota Twins,Chicago White Sox,USA - MLB,Bet365,Totals,,,,,1.86,1.95,,,8.5,"{""hdp"": 8.5, ""over"": ""1.86"", ""under"": ""1.95""}",2026-06-02T21:36:49.826Z
63301849,Baseball,2026-06-03 19:40,Minnesota Twins,Chicago White Sox,USA - MLB,Bet365,Team Total Home,,,,,1.86,1.86,,,4.5,"{""hdp"": 4.5, ""over"": ""1.86"", ""under"": ""1.86""}",2026-06-02T21:53:06.653Z
63301849,Baseball,2026-06-03 19:40,Minnesota Twins,Chicago White Sox,USA - MLB,Bet365,Team Total Away,,,,,1.80,1.95,,,3.5,"{""hdp"": 3.5, ""over"": ""1.80"", ""under"": ""1.95""}",2026-06-03T03:49:16.642Z
63301849,Baseball,2026-06-03 19:40,Minnesota Twins,Chicago White Sox,USA - MLB,Bet365,Pitcher Hits Allowed O/U,Erick Fedde (1) (5.5),,,,1.90,1.83,,,5.5,"{""label"": ""Erick Fedde (1) (5.5)"", ""hdp"": 5.5, ""over"": ""1.90"", ""under"": ""1.83""}",2026-06-03T06:24:03.524Z
63301849,Baseball,2026-06-03 19:40,Minnesota Twins,Chicago White Sox,USA - MLB,Bet365,Pitcher Hits Allowed O/U,Taj Bradley (2) (4.5),,,,1.62,2.20,,,4.5,"{""label"": ""Taj Bradley (2) (4.5)"", ""hdp"": 4.5, ""over"": ""1.62"", ""under"": ""2.20""}",2026-06-03T06:24:03.524Z
63301849,Baseball,2026-06-03 19:40,Minnesota Twins,Chicago White Sox,USA - MLB,Bet365,Pitcher Strikeouts O/U,Erick Fedde (1) (3.5),,,,2.05,1.71,,,3.5,"{""label"": ""Erick Fedde (1) (3.5)"", ""hdp"": 3.5, ""over"": ""2.05"", ""under"": ""1.71""}",2026-06-03T06:41:18.986Z
63301849,Baseball,2026-06-03 19:40,Minnesota Twins,Chicago White Sox,USA - MLB,Bet365,Pitcher Strikeouts O/U,Taj Bradley (2) (5.5),,,,1.64,2.15,,,5.5,"{""label"": ""Taj Bradley (2) (5.5)"", ""hdp"": 5.5, ""over"": ""1.64"", ""under"": ""2.15""}",2026-06-03T06:41:18.986Z
63301849,Baseball,2026-06-03 19:40,Minnesota Twins,Chicago White Sox,USA - MLB,Bet365,Singles O/U,Sam Antonacci (1) (0.5),,,,1.76,1.95,,,0.5,"{""label"": ""Sam Antonacci (1) (0.5)"", ""hdp"": 0.5, ""over"": ""1.76"", ""under"": ""1.95""}",2026-06-03T06:25:03.58Z
63301849,Baseball,2026-06-03 19:40,Minnesota Twins,Chicago White Sox,USA - MLB,Bet365,Singles O/U,Andrew Benintendi (1) (0.5),,,,2.15,1.64,,,0.5,"{""label"": ""Andrew Benintendi (1) (0.5)"", ""hdp"": 0.5, ""over"": ""2.15"", ""under"": ""1.64""}",2026-06-03T06:25:03.58Z
63301849,Baseball,2026-06-03 19:40,Minnesota Twins,Chicago White Sox,USA - MLB,Bet365,Singles O/U,Chase Meidroth (1) (0.5),,,,1.76,1.95,,,0.5,"{""label"": ""Chase Meidroth (1) (0.5)"", ""hdp"": 0.5, ""over"": ""1.76"", ""under"": ""1.95""}",2026-06-03T06:25:03.58Z
63301849,Baseball,2026-06-03 19:40,Minnesota Twins,Chicago White Sox,USA - MLB,Bet365,Singles O/U,Colson Montgomery (1) (0.5),,,,2.60,1.45,,,0.5,"{""label"": ""Colson Montgomery (1) (0.5)"", ""hdp"": 0.5, ""over"": ""2.60"", ""under"": ""1.45""}",2026-06-03T06:25:03.58Z
63301849,Baseball,2026-06-03 19:40,Minnesota Twins,Chicago White Sox,USA - MLB,Bet365,Singles O/U,Rikuu Nishida (1) (0.5),,,,2.30,1.58,,,0.5,"{""label"": ""Rikuu Nishida (1) (0.5)"", ""hdp"": 0.5, ""over"": ""2.30"", ""under"": ""1.58""}",2026-06-03T06:25:03.58Z
63301849,Baseball,2026-06-03 19:40,Minnesota Twins,Chicago White Sox,USA - MLB,Bet365,Singles O/U,Tristan Peters (1) (0.5),,,,2.05,1.71,,,0.5,"{""label"": ""Tristan Peters (1) (0.5)"", ""hdp"": 0.5, ""over"": ""2.05"", ""under"": ""1.71""}",2026-06-03T06:25:03.58Z
63301849,Baseball,2026-06-03 19:40,Minnesota Twins,Chicago White Sox,USA - MLB,Bet365,Singles O/U,Drew Romo (1) (0.5),,,,2.35,1.55,,,0.5,"{""label"": ""Drew Romo (1) (0.5)"", ""hdp"": 0.5, ""over"": ""2.35"", ""under"": ""1.55""}",2026-06-03T06:25:03.58Z
63301849,Baseball,2026-06-03 19:40,Minnesota Twins,Chicago White Sox,USA - MLB,Bet365,Singles O/U,Miguel Vargas (1) (0.5),,,,2.30,1.58,,,0.5,"{""label"": ""Miguel Vargas (1) (0.5)"", ""hdp"": 0.5, ""over"": ""2.30"", ""under"": ""1.58""}",2026-06-03T06:25:03.58Z
63301849,Baseball,2026-06-03 19:40,Minnesota Twins,Chicago White Sox,USA - MLB,Bet365,Singles O/U,Josh Bell (2) (0.5),,,,1.95,1.76,,,0.5,"{""label"": ""Josh Bell (2) (0.5)"", ""hdp"": 0.5, ""over"": ""1.95"", ""under"": ""1.76""}",2026-06-03T06:25:03.58Z
63301849,Baseball,2026-06-03 19:40,Minnesota Twins,Chicago White Sox,USA - MLB,Bet365,Singles O/U,Byron Buxton (2) (0.5),,,,1.95,1.76,,,0.5,"{""label"": ""Byron Buxton (2) (0.5)"", ""hdp"": 0.5, ""over"": ""1.95"", ""under"": ""1.76""}",2026-06-03T06:25:03.58Z
63301849,Baseball,2026-06-03 19:40,Minnesota Twins,Chicago White Sox,USA - MLB,Bet365,Singles O/U,Victor Caratini (2) (0.5),,,,1.95,1.76,,,0.5,"{""label"": ""Victor Caratini (2) (0.5)"", ""hdp"": 0.5, ""over"": ""1.95"", ""under"": ""1.76""}",2026-06-03T06:25:03.58Z
63301849,Baseball,2026-06-03 19:40,Minnesota Twins,Chicago White Sox,USA - MLB,Bet365,Singles O/U,Kody Clemens (2) (0.5),,,,2.10,1.66,,,0.5,"{""label"": ""Kody Clemens (2) (0.5)"", ""hdp"": 0.5, ""over"": ""2.10"", ""under"": ""1.66""}",2026-06-03T06:25:03.58Z
63301849,Baseball,2026-06-03 19:40,Minnesota Twins,Chicago White Sox,USA - MLB,Bet365,Singles O/U,Tristan Gray (2) (0.5),,,,2.32,1.57,,,0.5,"{""label"": ""Tristan Gray (2) (0.5)"", ""hdp"": 0.5, ""over"": ""2.32"", ""under"": ""1.57""}",2026-06-03T06:25:03.58Z
63301849,Baseball,2026-06-03 19:40,Minnesota Twins,Chicago White Sox,USA - MLB,Bet365,Singles O/U,Luke Keaschall (2) (0.5),,,,1.86,1.86,,,0.5,"{""label"": ""Luke Keaschall (2) (0.5)"", ""hdp"": 0.5, ""over"": ""1.86"", ""under"": ""1.86""}",2026-06-03T06:25:03.58Z
63301849,Baseball,2026-06-03 19:40,Minnesota Twins,Chicago White Sox,USA - MLB,Bet365,Singles O/U,Trevor Larnach (2) (0.5),,,,2.20,1.62,,,0.5,"{""label"": ""Trevor Larnach (2) (0.5)"", ""hdp"": 0.5, ""over"": ""2.20"", ""under"": ""1.62""}",2026-06-03T06:25:03.58Z
63301849,Baseball,2026-06-03 19:40,Minnesota Twins,Chicago White Sox,USA - MLB,Bet365,Singles O/U,Brooks Lee (2) (0.5),,,,1.74,2.00,,,0.5,"{""label"": ""Brooks Lee (2) (0.5)"", ""hdp"": 0.5, ""over"": ""1.74"", ""under"": ""2.00""}",2026-06-03T06:25:03.58Z
63301849,Baseball,2026-06-03 19:40,Minnesota Twins,Chicago White Sox,USA - MLB,Bet365,Singles O/U,Austin Martin (2) (0.5),,,,1.76,1.95,,,0.5,"{""label"": ""Austin Martin (2) (0.5)"", ""hdp"": 0.5, ""over"": ""1.76"", ""under"": ""1.95""}",2026-06-03T06:25:03.58Z
63301849,Baseball,2026-06-03 19:40,Minnesota Twins,Chicago White Sox,USA - MLB,Bet365,Total Bases O/U,Sam Antonacci (1) (1.5),,,,2.35,1.55,,,1.5,"{""label"": ""Sam Antonacci (1) (1.5)"", ""hdp"": 1.5, ""over"": ""2.35"", ""under"": ""1.55""}",2026-06-03T06:40:03.009Z
63301849,Baseball,2026-06-03 19:40,Minnesota Twins,Chicago White Sox,USA - MLB,Bet365,Total Bases O/U,Andrew Benintendi (1) (1.5),,,,2.32,1.57,,,1.5,"{""label"": ""Andrew Benintendi (1) (1.5)"", ""hdp"": 1.5, ""over"": ""2.32"", ""under"": ""1.57""}",2026-06-03T06:40:03.009Z
63301849,Baseball,2026-06-03 19:40,Minnesota Twins,Chicago White Sox,USA - MLB,Bet365,Total Bases O/U,Jacob Gonzalez (1) (1.5),,,,2.55,1.47,,,1.5,"{""label"": ""Jacob Gonzalez (1) (1.5)"", ""hdp"": 1.5, ""over"": ""2.55"", ""under"": ""1.47""}",2026-06-03T06:40:03.009Z
63301849,Baseball,2026-06-03 19:40,Minnesota Twins,Chicago White Sox,USA - MLB,Bet365,Total Bases O/U,Chase Meidroth (1) (1.5),,,,2.60,1.45,,,1.5,"{""label"": ""Chase Meidroth (1) (1.5)"", ""hdp"": 1.5, ""over"": ""2.60"", ""under"": ""1.45""}",2026-06-03T06:40:03.009Z
63301849,Baseball,2026-06-03 19:40,Minnesota Twins,Chicago White Sox,USA - MLB,Bet365,Total Bases O/U,Colson Montgomery (1) (1.5),,,,2.25,1.60,,,1.5,"{""label"": ""Colson Montgomery (1) (1.5)"", ""hdp"": 1.5, ""over"": ""2.25"", ""under"": ""1.60""}",2026-06-03T06:40:03.009Z
63301849,Baseball,2026-06-03 19:40,Minnesota Twins,Chicago White Sox,USA - MLB,Bet365,Total Bases O/U,Rikuu Nishida (1) (1.5),,,,3.20,1.31,,,1.5,"{""label"": ""Rikuu Nishida (1) (1.5)"", ""hdp"": 1.5, ""over"": ""3.20"", ""under"": ""1.31""}",2026-06-03T06:40:03.009Z
63301849,Baseball,2026-06-03 19:40,Minnesota Twins,Chicago White Sox,USA - MLB,Bet365,Total Bases O/U,Tristan Peters (1) (1.5),,,,2.70,1.43,,,1.5,"{""label"": ""Tristan Peters (1) (1.5)"", ""hdp"": 1.5, ""over"": ""2.70"", ""under"": ""1.43""}",2026-06-03T06:40:03.009Z
63301849,Baseball,2026-06-03 19:40,Minnesota Twins,Chicago White Sox,USA - MLB,Bet365,Total Bases O/U,Drew Romo (1) (1.5),,,,2.75,1.42,,,1.5,"{""label"": ""Drew Romo (1) (1.5)"", ""hdp"": 1.5, ""over"": ""2.75"", ""under"": ""1.42""}",2026-06-03T06:40:03.009Z
63301849,Baseball,2026-06-03 19:40,Minnesota Twins,Chicago White Sox,USA - MLB,Bet365,Total Bases O/U,Miguel Vargas (1) (1.5),,,,2.25,1.60,,,1.5,"{""label"": ""Miguel Vargas (1) (1.5)"", ""hdp"": 1.5, ""over"": ""2.25"", ""under"": ""1.60""}",2026-06-03T06:40:03.009Z
63301849,Baseball,2026-06-03 19:40,Minnesota Twins,Chicago White Sox,USA - MLB,Bet365,Total Bases O/U,Josh Bell (2) (1.5),,,,2.20,1.62,,,1.5,"{""label"": ""Josh Bell (2) (1.5)"", ""hdp"": 1.5, ""over"": ""2.20"", ""under"": ""1.62""}",2026-06-03T06:40:03.009Z
63301849,Baseball,2026-06-03 19:40,Minnesota Twins,Chicago White Sox,USA - MLB,Bet365,Total Bases O/U,Byron Buxton (2) (1.5),,,,1.83,1.90,,,1.5,"{""label"": ""Byron Buxton (2) (1.5)"", ""hdp"": 1.5, ""over"": ""1.83"", ""under"": ""1.90""}",2026-06-03T06:40:03.009Z
63301849,Baseball,2026-06-03 19:40,Minnesota Twins,Chicago White Sox,USA - MLB,Bet365,Total Bases O/U,Victor Caratini (2) (1.5),,,,2.55,1.47,,,1.5,"{""label"": ""Victor Caratini (2) (1.5)"", ""hdp"": 1.5, ""over"": ""2.55"", ""under"": ""1.47""}",2026-06-03T06:40:03.009Z
63301849,Baseball,2026-06-03 19:40,Minnesota Twins,Chicago White Sox,USA - MLB,Bet365,Total Bases O/U,Kody Clemens (2) (1.5),,,,1.95,1.76,,,1.5,"{""label"": ""Kody Clemens (2) (1.5)"", ""hdp"": 1.5, ""over"": ""1.95"", ""under"": ""1.76""}",2026-06-03T06:40:03.009Z
63301849,Baseball,2026-06-03 19:40,Minnesota Twins,Chicago White Sox,USA - MLB,Bet365,Total Bases O/U,Tristan Gray (2) (1.5),,,,2.60,1.45,,,1.5,"{""label"": ""Tristan Gray (2) (1.5)"", ""hdp"": 1.5, ""over"": ""2.60"", ""under"": ""1.45""}",2026-06-03T06:40:03.009Z
63301849,Baseball,2026-06-03 19:40,Minnesota Twins,Chicago White Sox,USA - MLB,Bet365,Total Bases O/U,Luke Keaschall (2) (1.5),,,,2.60,1.45,,,1.5,"{""label"": ""Luke Keaschall (2) (1.5)"", ""hdp"": 1.5, ""over"": ""2.60"", ""under"": ""1.45""}",2026-06-03T06:40:03.009Z
63301849,Baseball,2026-06-03 19:40,Minnesota Twins,Chicago White Sox,USA - MLB,Bet365,Total Bases O/U,Trevor Larnach (2) (1.5),,,,2.75,1.42,,,1.5,"{""label"": ""Trevor Larnach (2) (1.5)"", ""hdp"": 1.5, ""over"": ""2.75"", ""under"": ""1.42""}",2026-06-03T06:40:03.009Z
63301849,Baseball,2026-06-03 19:40,Minnesota Twins,Chicago White Sox,USA - MLB,Bet365,Total Bases O/U,Brooks Lee (2) (1.5),,,,2.10,1.66,,,1.5,"{""label"": ""Brooks Lee (2) (1.5)"", ""hdp"": 1.5, ""over"": ""2.10"", ""under"": ""1.66""}",2026-06-03T06:40:03.009Z
63301849,Baseball,2026-06-03 19:40,Minnesota Twins,Chicago White Sox,USA - MLB,Bet365,Total Bases O/U,Austin Martin (2) (1.5),,,,2.40,1.52,,,1.5,"{""label"": ""Austin Martin (2) (1.5)"", ""hdp"": 1.5, ""over"": ""2.40"", ""under"": ""1.52""}",2026-06-03T06:40:03.009Z
63301849,Baseball,2026-06-03 19:40,Minnesota Twins,Chicago White Sox,USA - MLB,Bet365,3-Way,Run Line (1) (1),,,2.35,,,,,1,"{""label"": ""Run Line (1) (1)"", ""hdp"": 1, ""away"": ""2.35""}",2026-06-03T01:11:48.778Z
63301849,Baseball,2026-06-03 19:40,Minnesota Twins,Chicago White Sox,USA - MLB,Bet365,3-Way,Total (1) (9),1.95,,2.25,,,,,9,"{""label"": ""Total (1) (9)"", ""hdp"": 9, ""home"": ""1.95"", ""away"": ""2.25""}",2026-06-03T01:11:48.778Z
63301849,Baseball,2026-06-03 19:40,Minnesota Twins,Chicago White Sox,USA - MLB,Bet365,3-Way,Total (Tie) (null),8.00,,,,,,,,"{""label"": ""Total (Tie) (null)"", ""home"": ""8.00""}",2026-06-03T01:11:48.778Z
63301849,Baseball,2026-06-03 19:40,Minnesota Twins,Chicago White Sox,USA - MLB,Bet365,3-Way,Run Line (2) (-1),2.35,,,,,,,-1,"{""label"": ""Run Line (2) (-1)"", ""hdp"": -1, ""home"": ""2.35""}",2026-06-03T01:11:48.778Z
63301849,Baseball,2026-06-03 19:40,Minnesota Twins,Chicago White Sox,USA - MLB,Bet365,First 5 Innings ML,,1.62,,2.25,,,,,,"{""home"": ""1.62"", ""away"": ""2.25""}",2026-06-03T03:20:34.734Z
63301849,Baseball,2026-06-03 19:40,Minnesota Twins,Chicago White Sox,USA - MLB,Bet365,Runs O/U,Sam Antonacci (1) (0.5),,,,2.15,1.64,,,0.5,"{""label"": ""Sam Antonacci (1) (0.5)"", ""hdp"": 0.5, ""over"": ""2.15"", ""under"": ""1.64""}",2026-06-03T06:14:18.304Z
63301849,Baseball,2026-06-03 19:40,Minnesota Twins,Chicago White Sox,USA - MLB,Bet365,Runs O/U,Andrew Benintendi (1) (0.5),,,,2.32,1.57,,,0.5,"{""label"": ""Andrew Benintendi (1) (0.5)"", ""hdp"": 0.5, ""over"": ""2.32"", ""under"": ""1.57""}",2026-06-03T06:14:18.304Z
63301849,Baseball,2026-06-03 19:40,Minnesota Twins,Chicago White Sox,USA - MLB,Bet365,Runs O/U,Chase Meidroth (1) (0.5),,,,2.40,1.52,,,0.5,"{""label"": ""Chase Meidroth (1) (0.5)"", ""hdp"": 0.5, ""over"": ""2.40"", ""under"": ""1.52""}",2026-06-03T06:14:18.304Z
63301849,Baseball,2026-06-03 19:40,Minnesota Twins,Chicago White Sox,USA - MLB,Bet365,Runs O/U,Colson Montgomery (1) (0.5),,,,2.15,1.64,,,0.5,"{""label"": ""Colson Montgomery (1) (0.5)"", ""hdp"": 0.5, ""over"": ""2.15"", ""under"": ""1.64""}",2026-06-03T06:14:18.304Z
63301849,Baseball,2026-06-03 19:40,Minnesota Twins,Chicago White Sox,USA - MLB,Bet365,Runs O/U,Rikuu Nishida (1) (0.5),,,,2.85,1.40,,,0.5,"{""label"": ""Rikuu Nishida (1) (0.5)"", ""hdp"": 0.5, ""over"": ""2.85"", ""under"": ""1.40""}",2026-06-03T06:14:18.304Z
63301849,Baseball,2026-06-03 19:40,Minnesota Twins,Chicago White Sox,USA - MLB,Bet365,Runs O/U,Tristan Peters (1) (0.5),,,,2.80,1.41,,,0.5,"{""label"": ""Tristan Peters (1) (0.5)"", ""hdp"": 0.5, ""over"": ""2.80"", ""under"": ""1.41""}",2026-06-03T06:14:18.304Z
63301849,Baseball,2026-06-03 19:40,Minnesota Twins,Chicago White Sox,USA - MLB,Bet365,Runs O/U,Drew Romo (1) (0.5),,,,2.40,1.52,,,0.5,"{""label"": ""Drew Romo (1) (0.5)"", ""hdp"": 0.5, ""over"": ""2.40"", ""under"": ""1.52""}",2026-06-03T06:14:18.304Z
63301849,Baseball,2026-06-03 19:40,Minnesota Twins,Chicago White Sox,USA - MLB,Bet365,Runs O/U,Miguel Vargas (1) (0.5),,,,2.05,1.71,,,0.5,"{""label"": ""Miguel Vargas (1) (0.5)"", ""hdp"": 0.5, ""over"": ""2.05"", ""under"": ""1.71""}",2026-06-03T06:14:18.304Z
63301849,Baseball,2026-06-03 19:40,Minnesota Twins,Chicago White Sox,USA - MLB,Bet365,Runs O/U,Josh Bell (2) (0.5),,,,2.05,1.71,,,0.5,"{""label"": ""Josh Bell (2) (0.5)"", ""hdp"": 0.5, ""over"": ""2.05"", ""under"": ""1.71""}",2026-06-03T06:14:18.304Z
63301849,Baseball,2026-06-03 19:40,Minnesota Twins,Chicago White Sox,USA - MLB,Bet365,Runs O/U,Byron Buxton (2) (0.5),,,,1.64,2.15,,,0.5,"{""label"": ""Byron Buxton (2) (0.5)"", ""hdp"": 0.5, ""over"": ""1.64"", ""under"": ""2.15""}",2026-06-03T06:14:18.304Z
63301849,Baseball,2026-06-03 19:40,Minnesota Twins,Chicago White Sox,USA - MLB,Bet365,Runs O/U,Victor Caratini (2) (0.5),,,,2.25,1.60,,,0.5,"{""label"": ""Victor Caratini (2) (0.5)"", ""hdp"": 0.5, ""over"": ""2.25"", ""under"": ""1.60""}",2026-06-03T06:14:18.304Z
63301849,Baseball,2026-06-03 19:40,Minnesota Twins,Chicago White Sox,USA - MLB,Bet365,Runs O/U,Kody Clemens (2) (0.5),,,,1.95,1.76,,,0.5,"{""label"": ""Kody Clemens (2) (0.5)"", ""hdp"": 0.5, ""over"": ""1.95"", ""under"": ""1.76""}",2026-06-03T06:14:18.304Z
63301849,Baseball,2026-06-03 19:40,Minnesota Twins,Chicago White Sox,USA - MLB,Bet365,Runs O/U,Tristan Gray (2) (0.5),,,,2.30,1.58,,,0.5,"{""label"": ""Tristan Gray (2) (0.5)"", ""hdp"": 0.5, ""over"": ""2.30"", ""under"": ""1.58""}",2026-06-03T06:14:18.304Z
63301849,Baseball,2026-06-03 19:40,Minnesota Twins,Chicago White Sox,USA - MLB,Bet365,Runs O/U,Luke Keaschall (2) (0.5),,,,2.40,1.52,,,0.5,"{""label"": ""Luke Keaschall (2) (0.5)"", ""hdp"": 0.5, ""over"": ""2.40"", ""under"": ""1.52""}",2026-06-03T06:14:18.304Z
63301849,Baseball,2026-06-03 19:40,Minnesota Twins,Chicago White Sox,USA - MLB,Bet365,Runs O/U,Trevor Larnach (2) (0.5),,,,2.30,1.58,,,0.5,"{""label"": ""Trevor Larnach (2) (0.5)"", ""hdp"": 0.5, ""over"": ""2.30"", ""under"": ""1.58""}",2026-06-03T06:14:18.304Z
63301849,Baseball,2026-06-03 19:40,Minnesota Twins,Chicago White Sox,USA - MLB,Bet365,Runs O/U,Brooks Lee (2) (0.5),,,,2.00,1.74,,,0.5,"{""label"": ""Brooks Lee (2) (0.5)"", ""hdp"": 0.5, ""over"": ""2.00"", ""under"": ""1.74""}",2026-06-03T06:14:18.304Z
63301849,Baseball,2026-06-03 19:40,Minnesota Twins,Chicago White Sox,USA - MLB,Bet365,Runs O/U,Austin Martin (2) (0.5),,,,2.20,1.62,,,0.5,"{""label"": ""Austin Martin (2) (0.5)"", ""hdp"": 0.5, ""over"": ""2.20"", ""under"": ""1.62""}",2026-06-03T06:14:18.304Z
63301849,Baseball,2026-06-03 19:40,Minnesota Twins,Chicago White Sox,USA - MLB,Bet365,Pitcher Outs O/U,Taj Bradley (2) (17.5),,,,1.76,1.95,,,17.5,"{""label"": ""Taj Bradley (2) (17.5)"", ""hdp"": 17.5, ""over"": ""1.76"", ""under"": ""1.95""}",2026-06-03T08:40:45.481Z
63301849,Baseball,2026-06-03 19:40,Minnesota Twins,Chicago White Sox,USA - MLB,Bet365,Runs Batted In O/U,Sam Antonacci (1) (0.5),,,,3.60,1.27,,,0.5,"{""label"": ""Sam Antonacci (1) (0.5)"", ""hdp"": 0.5, ""over"": ""3.60"", ""under"": ""1.27""}",2026-06-03T08:10:31.527Z
63301849,Baseball,2026-06-03 19:40,Minnesota Twins,Chicago White Sox,USA - MLB,Bet365,Runs Batted In O/U,Andrew Benintendi (1) (0.5),,,,2.55,1.47,,,0.5,"{""label"": ""Andrew Benintendi (1) (0.5)"", ""hdp"": 0.5, ""over"": ""2.55"", ""under"": ""1.47""}",2026-06-03T08:10:31.527Z
63301849,Baseball,2026-06-03 19:40,Minnesota Twins,Chicago White Sox,USA - MLB,Bet365,Runs Batted In O/U,Jacob Gonzalez (1) (0.5),,,,3.02,1.35,,,0.5,"{""label"": ""Jacob Gonzalez (1) (0.5)"", ""hdp"": 0.5, ""over"": ""3.02"", ""under"": ""1.35""}",2026-06-03T08:10:31.527Z
63301849,Baseball,2026-06-03 19:40,Minnesota Twins,Chicago White Sox,USA - MLB,Bet365,Runs Batted In O/U,Chase Meidroth (1) (0.5),,,,3.60,1.27,,,0.5,"{""label"": ""Chase Meidroth (1) (0.5)"", ""hdp"": 0.5, ""over"": ""3.60"", ""under"": ""1.27""}",2026-06-03T08:10:31.527Z
63301849,Baseball,2026-06-03 19:40,Minnesota Twins,Chicago White Sox,USA - MLB,Bet365,Runs Batted In O/U,Colson Montgomery (1) (0.5),,,,2.40,1.52,,,0.5,"{""label"": ""Colson Montgomery (1) (0.5)"", ""hdp"": 0.5, ""over"": ""2.40"", ""under"": ""1.52""}",2026-06-03T08:10:31.527Z
63301849,Baseball,2026-06-03 19:40,Minnesota Twins,Chicago White Sox,USA - MLB,Bet365,Runs Batted In O/U,Rikuu Nishida (1) (0.5),,,,3.95,1.22,,,0.5,"{""label"": ""Rikuu Nishida (1) (0.5)"", ""hdp"": 0.5, ""over"": ""3.95"", ""under"": ""1.22""}",2026-06-03T08:10:31.527Z
63301849,Baseball,2026-06-03 19:40,Minnesota Twins,Chicago White Sox,USA - MLB,Bet365,Runs Batted In O/U,Tristan Peters (1) (0.5),,,,3.20,1.31,,,0.5,"{""label"": ""Tristan Peters (1) (0.5)"", ""hdp"": 0.5, ""over"": ""3.20"", ""under"": ""1.31""}",2026-06-03T08:10:31.527Z
63301849,Baseball,2026-06-03 19:40,Minnesota Twins,Chicago White Sox,USA - MLB,Bet365,Runs Batted In O/U,Drew Romo (1) (0.5),,,,3.02,1.35,,,0.5,"{""label"": ""Drew Romo (1) (0.5)"", ""hdp"": 0.5, ""over"": ""3.02"", ""under"": ""1.35""}",2026-06-03T08:10:31.527Z
63301849,Baseball,2026-06-03 19:40,Minnesota Twins,Chicago White Sox,USA - MLB,Bet365,Runs Batted In O/U,Miguel Vargas (1) (0.5),,,,2.55,1.47,,,0.5,"{""label"": ""Miguel Vargas (1) (0.5)"", ""hdp"": 0.5, ""over"": ""2.55"", ""under"": ""1.47""}",2026-06-03T08:10:31.527Z
63301849,Baseball,2026-06-03 19:40,Minnesota Twins,Chicago White Sox,USA - MLB,Bet365,Runs Batted In O/U,Josh Bell (2) (0.5),,,,2.55,1.47,,,0.5,"{""label"": ""Josh Bell (2) (0.5)"", ""hdp"": 0.5, ""over"": ""2.55"", ""under"": ""1.47""}",2026-06-03T08:10:31.527Z
63301849,Baseball,2026-06-03 19:40,Minnesota Twins,Chicago White Sox,USA - MLB,Bet365,Runs Batted In O/U,Byron Buxton (2) (0.5),,,,2.32,1.57,,,0.5,"{""label"": ""Byron Buxton (2) (0.5)"", ""hdp"": 0.5, ""over"": ""2.32"", ""under"": ""1.57""}",2026-06-03T08:10:31.527Z
63301849,Baseball,2026-06-03 19:40,Minnesota Twins,Chicago White Sox,USA - MLB,Bet365,Runs Batted In O/U,Victor Caratini (2) (0.5),,,,2.60,1.45,,,0.5,"{""label"": ""Victor Caratini (2) (0.5)"", ""hdp"": 0.5, ""over"": ""2.60"", ""under"": ""1.45""}",2026-06-03T08:10:31.527Z
63301849,Baseball,2026-06-03 19:40,Minnesota Twins,Chicago White Sox,USA - MLB,Bet365,Runs Batted In O/U,Kody Clemens (2) (0.5),,,,2.25,1.60,,,0.5,"{""label"": ""Kody Clemens (2) (0.5)"", ""hdp"": 0.5, ""over"": ""2.25"", ""under"": ""1.60""}",2026-06-03T08:10:31.527Z
63301849,Baseball,2026-06-03 19:40,Minnesota Twins,Chicago White Sox,USA - MLB,Bet365,Runs Batted In O/U,Tristan Gray (2) (0.5),,,,2.60,1.45,,,0.5,"{""label"": ""Tristan Gray (2) (0.5)"", ""hdp"": 0.5, ""over"": ""2.60"", ""under"": ""1.45""}",2026-06-03T08:10:31.527Z
63301849,Baseball,2026-06-03 19:40,Minnesota Twins,Chicago White Sox,USA - MLB,Bet365,Runs Batted In O/U,Luke Keaschall (2) (0.5),,,,3.00,1.36,,,0.5,"{""label"": ""Luke Keaschall (2) (0.5)"", ""hdp"": 0.5, ""over"": ""3.00"", ""under"": ""1.36""}",2026-06-03T08:10:31.527Z
63301849,Baseball,2026-06-03 19:40,Minnesota Twins,Chicago White Sox,USA - MLB,Bet365,Runs Batted In O/U,Trevor Larnach (2) (0.5),,,,3.15,1.32,,,0.5,"{""label"": ""Trevor Larnach (2) (0.5)"", ""hdp"": 0.5, ""over"": ""3.15"", ""under"": ""1.32""}",2026-06-03T08:10:31.527Z
63301849,Baseball,2026-06-03 19:40,Minnesota Twins,Chicago White Sox,USA - MLB,Bet365,Runs Batted In O/U,Brooks Lee (2) (0.5),,,,2.65,1.44,,,0.5,"{""label"": ""Brooks Lee (2) (0.5)"", ""hdp"": 0.5, ""over"": ""2.65"", ""under"": ""1.44""}",2026-06-03T08:10:31.527Z
63301849,Baseball,2026-06-03 19:40,Minnesota Twins,Chicago White Sox,USA - MLB,Bet365,Runs Batted In O/U,Austin Martin (2) (0.5),,,,3.10,1.33,,,0.5,"{""label"": ""Austin Martin (2) (0.5)"", ""hdp"": 0.5, ""over"": ""3.10"", ""under"": ""1.33""}",2026-06-03T08:10:31.527Z
63301849,Baseball,2026-06-03 19:40,Minnesota Twins,Chicago White Sox,USA - MLB,Bet365,Home Runs O/U,Andrew Benintendi (1) (0.5),,,,5.50,1.16,,,0.5,"{""label"": ""Andrew Benintendi (1) (0.5)"", ""hdp"": 0.5, ""over"": ""5.50"", ""under"": ""1.16""}",2026-06-03T07:33:28.377Z
63301849,Baseball,2026-06-03 19:40,Minnesota Twins,Chicago White Sox,USA - MLB,Bet365,Home Runs O/U,Jacob Gonzalez (1) (0.5),,,,7.25,1.10,,,0.5,"{""label"": ""Jacob Gonzalez (1) (0.5)"", ""hdp"": 0.5, ""over"": ""7.25"", ""under"": ""1.10""}",2026-06-03T07:33:28.377Z
63301849,Baseball,2026-06-03 19:40,Minnesota Twins,Chicago White Sox,USA - MLB,Bet365,Home Runs O/U,Chase Meidroth (1) (0.5),,,,13.50,1.04,,,0.5,"{""label"": ""Chase Meidroth (1) (0.5)"", ""hdp"": 0.5, ""over"": ""13.50"", ""under"": ""1.04""}",2026-06-03T07:33:28.377Z
63301849,Baseball,2026-06-03 19:40,Minnesota Twins,Chicago White Sox,USA - MLB,Bet365,Home Runs O/U,Colson Montgomery (1) (0.5),,,,4.00,1.26,,,0.5,"{""label"": ""Colson Montgomery (1) (0.5)"", ""hdp"": 0.5, ""over"": ""4.00"", ""under"": ""1.26""}",2026-06-03T07:33:28.377Z
63301849,Baseball,2026-06-03 19:40,Minnesota Twins,Chicago White Sox,USA - MLB,Bet365,Home Runs O/U,Drew Romo (1) (0.5),,,,7.00,1.11,,,0.5,"{""label"": ""Drew Romo (1) (0.5)"", ""hdp"": 0.5, ""over"": ""7.00"", ""under"": ""1.11""}",2026-06-03T07:33:28.377Z
63301849,Baseball,2026-06-03 19:40,Minnesota Twins,Chicago White Sox,USA - MLB,Bet365,Home Runs O/U,Miguel Vargas (1) (0.5),,,,5.25,1.17,,,0.5,"{""label"": ""Miguel Vargas (1) (0.5)"", ""hdp"": 0.5, ""over"": ""5.25"", ""under"": ""1.17""}",2026-06-03T07:33:28.377Z
63301849,Baseball,2026-06-03 19:40,Minnesota Twins,Chicago White Sox,USA - MLB,Bet365,Home Runs O/U,Victor Caratini (2) (0.5),,,,7.50,1.10,,,0.5,"{""label"": ""Victor Caratini (2) (0.5)"", ""hdp"": 0.5, ""over"": ""7.50"", ""under"": ""1.10""}",2026-06-03T07:33:28.377Z
63301849,Baseball,2026-06-03 19:40,Minnesota Twins,Chicago White Sox,USA - MLB,Bet365,Home Runs O/U,Kody Clemens (2) (0.5),,,,5.00,1.18,,,0.5,"{""label"": ""Kody Clemens (2) (0.5)"", ""hdp"": 0.5, ""over"": ""5.00"", ""under"": ""1.18""}",2026-06-03T07:33:28.377Z
63301849,Baseball,2026-06-03 19:40,Minnesota Twins,Chicago White Sox,USA - MLB,Bet365,Home Runs O/U,Tristan Gray (2) (0.5),,,,6.00,1.14,,,0.5,"{""label"": ""Tristan Gray (2) (0.5)"", ""hdp"": 0.5, ""over"": ""6.00"", ""under"": ""1.14""}",2026-06-03T07:33:28.377Z
63301849,Baseball,2026-06-03 19:40,Minnesota Twins,Chicago White Sox,USA - MLB,Bet365,Home Runs O/U,Austin Martin (2) (0.5),,,,13.00,1.04,,,0.5,"{""label"": ""Austin Martin (2) (0.5)"", ""hdp"": 0.5, ""over"": ""13.00"", ""under"": ""1.04""}",2026-06-03T07:33:28.377Z
63301849,Baseball,2026-06-03 19:40,Minnesota Twins,Chicago White Sox,USA - MLB,Bet365,Home Runs O/U,Sam Antonacci (1) (0.5),,,,11.00,1.05,,,0.5,"{""label"": ""Sam Antonacci (1) (0.5)"", ""hdp"": 0.5, ""over"": ""11.00"", ""under"": ""1.05""}",2026-06-03T07:33:28.377Z
63301849,Baseball,2026-06-03 19:40,Minnesota Twins,Chicago White Sox,USA - MLB,Bet365,Home Runs O/U,Rikuu Nishida (1) (0.5),,,,11.00,1.05,,,0.5,"{""label"": ""Rikuu Nishida (1) (0.5)"", ""hdp"": 0.5, ""over"": ""11.00"", ""under"": ""1.05""}",2026-06-03T07:33:28.377Z
63301849,Baseball,2026-06-03 19:40,Minnesota Twins,Chicago White Sox,USA - MLB,Bet365,Home Runs O/U,Tristan Peters (1) (0.5),,,,9.50,1.07,,,0.5,"{""label"": ""Tristan Peters (1) (0.5)"", ""hdp"": 0.5, ""over"": ""9.50"", ""under"": ""1.07""}",2026-06-03T07:33:28.377Z
63301849,Baseball,2026-06-03 19:40,Minnesota Twins,Chicago White Sox,USA - MLB,Bet365,Home Runs O/U,Josh Bell (2) (0.5),,,,5.50,1.16,,,0.5,"{""label"": ""Josh Bell (2) (0.5)"", ""hdp"": 0.5, ""over"": ""5.50"", ""under"": ""1.16""}",2026-06-03T07:33:28.377Z
63301849,Baseball,2026-06-03 19:40,Minnesota Twins,Chicago White Sox,USA - MLB,Bet365,Home Runs O/U,Byron Buxton (2) (0.5),,,,4.00,1.26,,,0.5,"{""label"": ""Byron Buxton (2) (0.5)"", ""hdp"": 0.5, ""over"": ""4.00"", ""under"": ""1.26""}",2026-06-03T07:33:28.377Z
63301849,Baseball,2026-06-03 19:40,Minnesota Twins,Chicago White Sox,USA - MLB,Bet365,Home Runs O/U,Luke Keaschall (2) (0.5),,,,12.00,1.04,,,0.5,"{""label"": ""Luke Keaschall (2) (0.5)"", ""hdp"": 0.5, ""over"": ""12.00"", ""under"": ""1.04""}",2026-06-03T07:33:28.377Z
63301849,Baseball,2026-06-03 19:40,Minnesota Twins,Chicago White Sox,USA - MLB,Bet365,Home Runs O/U,Trevor Larnach (2) (0.5),,,,8.00,1.09,,,0.5,"{""label"": ""Trevor Larnach (2) (0.5)"", ""hdp"": 0.5, ""over"": ""8.00"", ""under"": ""1.09""}",2026-06-03T07:33:28.377Z
63301849,Baseball,2026-06-03 19:40,Minnesota Twins,Chicago White Sox,USA - MLB,Bet365,Home Runs O/U,Brooks Lee (2) (0.5),,,,6.75,1.11,,,0.5,"{""label"": ""Brooks Lee (2) (0.5)"", ""hdp"": 0.5, ""over"": ""6.75"", ""under"": ""1.11""}",2026-06-03T07:33:28.377Z
63301849,Baseball,2026-06-03 19:40,Minnesota Twins,Chicago White Sox,USA - MLB,Bet365,First 5 Innings Totals,,,,,1.90,1.83,,,5,"{""hdp"": 5, ""over"": ""1.90"", ""under"": ""1.83""}",2026-06-03T03:20:34.734Z
63301849,Baseball,2026-06-03 19:40,Minnesota Twins,Chicago White Sox,USA - MLB,Bet365,Alternative Run Line,,1.13,,,,,,,-3.5,"{""hdp"": -3.5, ""home"": ""1.13""}",2026-06-03T04:00:30.218Z
63301849,Baseball,2026-06-03 19:40,Minnesota Twins,Chicago White Sox,USA - MLB,Bet365,Alternative Run Line,,3.05,,,,,,,2.5,"{""hdp"": 2.5, ""home"": ""3.05""}",2026-06-03T04:00:30.218Z
63301849,Baseball,2026-06-03 19:40,Minnesota Twins,Chicago White Sox,USA - MLB,Bet365,Alternative Run Line,,1.08,,,,,,,-4.5,"{""hdp"": -4.5, ""home"": ""1.08""}",2026-06-03T04:00:30.218Z
63301849,Baseball,2026-06-03 19:40,Minnesota Twins,Chicago White Sox,USA - MLB,Bet365,Alternative Run Line,,1.37,,,,,,,-1.5,"{""hdp"": -1.5, ""home"": ""1.37""}",2026-06-03T04:00:30.218Z
63301849,Baseball,2026-06-03 19:40,Minnesota Twins,Chicago White Sox,USA - MLB,Bet365,Alternative Run Line,,4.00,,,,,,,3.5,"{""hdp"": 3.5, ""home"": ""4.00""}",2026-06-03T04:00:30.218Z
63301849,Baseball,2026-06-03 19:40,Minnesota Twins,Chicago White Sox,USA - MLB,Bet365,Alternative Run Line,,5.75,,,,,,,4.5,"{""hdp"": 4.5, ""home"": ""5.75""}",2026-06-03T04:00:30.218Z
63301849,Baseball,2026-06-03 19:40,Minnesota Twins,Chicago White Sox,USA - MLB,Bet365,Alternative Run Line,,7.50,,,,,,,5.5,"{""hdp"": 5.5, ""home"": ""7.50""}",2026-06-03T04:00:30.218Z
63301849,Baseball,2026-06-03 19:40,Minnesota Twins,Chicago White Sox,USA - MLB,Bet365,Alternative Run Line,,1.22,,,,,,,-2.5,"{""hdp"": -2.5, ""home"": ""1.22""}",2026-06-03T04:00:30.218Z
63303087,Baseball,2026-06-03 21:40,Seattle Mariners,New York Mets,USA - MLB,Bet365,ML,,1.66,,2.25,,,,,,"{""home"": ""1.66"", ""away"": ""2.25""}",2026-06-02T21:54:54.302Z
63303087,Baseball,2026-06-03 21:40,Seattle Mariners,New York Mets,USA - MLB,Bet365,Spread,,2.55,,1.54,,,,,-1.5,"{""hdp"": -1.5, ""home"": ""2.55"", ""away"": ""1.54""}",2026-06-03T04:04:36.336Z
63303087,Baseball,2026-06-03 21:40,Seattle Mariners,New York Mets,USA - MLB,Bet365,Totals,,,,,2.05,1.80,,,7.5,"{""hdp"": 7.5, ""over"": ""2.05"", ""under"": ""1.80""}",2026-06-02T21:54:54.302Z
63303087,Baseball,2026-06-03 21:40,Seattle Mariners,New York Mets,USA - MLB,Bet365,Team Total Home,,,,,1.80,1.95,,,3.5,"{""hdp"": 3.5, ""over"": ""1.80"", ""under"": ""1.95""}",2026-06-03T07:49:28.254Z
63303087,Baseball,2026-06-03 21:40,Seattle Mariners,New York Mets,USA - MLB,Bet365,Team Total Away,,,,,2.15,1.68,,,3.5,"{""hdp"": 3.5, ""over"": ""2.15"", ""under"": ""1.68""}",2026-06-03T03:35:49.419Z
63303087,Baseball,2026-06-03 21:40,Seattle Mariners,New York Mets,USA - MLB,Bet365,3-Way,Run Line (1) (1),,,2.25,,,,,1,"{""label"": ""Run Line (1) (1)"", ""hdp"": 1, ""away"": ""2.25""}",2026-06-03T03:29:17.025Z
63303087,Baseball,2026-06-03 21:40,Seattle Mariners,New York Mets,USA - MLB,Bet365,3-Way,Total (1) (7),2.25,,2.05,,,,,7,"{""label"": ""Total (1) (7)"", ""hdp"": 7, ""home"": ""2.25"", ""away"": ""2.05""}",2026-06-03T03:29:17.025Z
63303087,Baseball,2026-06-03 21:40,Seattle Mariners,New York Mets,USA - MLB,Bet365,3-Way,Total (Tie) (null),6.75,,,,,,,,"{""label"": ""Total (Tie) (null)"", ""home"": ""6.75""}",2026-06-03T03:29:17.025Z
63303087,Baseball,2026-06-03 21:40,Seattle Mariners,New York Mets,USA - MLB,Bet365,3-Way,Run Line (2) (-1),2.55,,,,,,,-1,"{""label"": ""Run Line (2) (-1)"", ""hdp"": -1, ""home"": ""2.55""}",2026-06-03T03:29:17.025Z
63303087,Baseball,2026-06-03 21:40,Seattle Mariners,New York Mets,USA - MLB,Bet365,Hits O/U,Brett Baty (1) (0.5),,,,1.71,2.05,,,0.5,"{""label"": ""Brett Baty (1) (0.5)"", ""hdp"": 0.5, ""over"": ""1.71"", ""under"": ""2.05""}",2026-06-03T06:30:48.233Z
63303087,Baseball,2026-06-03 21:40,Seattle Mariners,New York Mets,USA - MLB,Bet365,Hits O/U,Carson Benge (1) (0.5),,,,1.47,2.55,,,0.5,"{""label"": ""Carson Benge (1) (0.5)"", ""hdp"": 0.5, ""over"": ""1.47"", ""under"": ""2.55""}",2026-06-03T06:30:48.233Z
63303087,Baseball,2026-06-03 21:40,Seattle Mariners,New York Mets,USA - MLB,Bet365,Hits O/U,Bo Bichette (1) (1.5),,,,2.80,1.41,,,1.5,"{""label"": ""Bo Bichette (1) (1.5)"", ""hdp"": 1.5, ""over"": ""2.80"", ""under"": ""1.41""}",2026-06-03T06:30:48.233Z
63303087,Baseball,2026-06-03 21:40,Seattle Mariners,New York Mets,USA - MLB,Bet365,Hits O/U,A.J. Ewing (1) (0.5),,,,1.71,2.05,,,0.5,"{""label"": ""A.J. Ewing (1) (0.5)"", ""hdp"": 0.5, ""over"": ""1.71"", ""under"": ""2.05""}",2026-06-03T06:30:48.233Z
63303087,Baseball,2026-06-03 21:40,Seattle Mariners,New York Mets,USA - MLB,Bet365,Hits O/U,Marcus Semien (1) (0.5),,,,1.55,2.35,,,0.5,"{""label"": ""Marcus Semien (1) (0.5)"", ""hdp"": 0.5, ""over"": ""1.55"", ""under"": ""2.35""}",2026-06-03T06:30:48.233Z
63303087,Baseball,2026-06-03 21:40,Seattle Mariners,New York Mets,USA - MLB,Bet365,Hits O/U,Juan Soto (1) (0.5),,,,1.41,2.80,,,0.5,"{""label"": ""Juan Soto (1) (0.5)"", ""hdp"": 0.5, ""over"": ""1.41"", ""under"": ""2.80""}",2026-06-03T06:30:48.233Z
63303087,Baseball,2026-06-03 21:40,Seattle Mariners,New York Mets,USA - MLB,Bet365,Hits O/U,Luis Torrens (1) (0.5),,,,1.71,2.05,,,0.5,"{""label"": ""Luis Torrens (1) (0.5)"", ""hdp"": 0.5, ""over"": ""1.71"", ""under"": ""2.05""}",2026-06-03T06:30:48.233Z
63303087,Baseball,2026-06-03 21:40,Seattle Mariners,New York Mets,USA - MLB,Bet365,Hits O/U,Mark Vientos (1) (0.5),,,,1.50,2.50,,,0.5,"{""label"": ""Mark Vientos (1) (0.5)"", ""hdp"": 0.5, ""over"": ""1.50"", ""under"": ""2.50""}",2026-06-03T06:30:48.233Z
63303087,Baseball,2026-06-03 21:40,Seattle Mariners,New York Mets,USA - MLB,Bet365,Hits O/U,Jared Young (1) (0.5),,,,1.66,2.10,,,0.5,"{""label"": ""Jared Young (1) (0.5)"", ""hdp"": 0.5, ""over"": ""1.66"", ""under"": ""2.10""}",2026-06-03T06:30:48.233Z
63303087,Baseball,2026-06-03 21:40,Seattle Mariners,New York Mets,USA - MLB,Bet365,Hits O/U,Randy Arozarena (2) (0.5),,,,1.57,2.32,,,0.5,"{""label"": ""Randy Arozarena (2) (0.5)"", ""hdp"": 0.5, ""over"": ""1.57"", ""under"": ""2.32""}",2026-06-03T06:30:48.233Z
63303087,Baseball,2026-06-03 21:40,Seattle Mariners,New York Mets,USA - MLB,Bet365,Hits O/U,Dominic Canzone (2) (0.5),,,,1.76,1.95,,,0.5,"{""label"": ""Dominic Canzone (2) (0.5)"", ""hdp"": 0.5, ""over"": ""1.76"", ""under"": ""1.95""}",2026-06-03T06:30:48.233Z
63303087,Baseball,2026-06-03 21:40,Seattle Mariners,New York Mets,USA - MLB,Bet365,Hits O/U,J.P. Crawford (2) (0.5),,,,1.55,2.35,,,0.5,"{""label"": ""J.P. Crawford (2) (0.5)"", ""hdp"": 0.5, ""over"": ""1.55"", ""under"": ""2.35""}",2026-06-03T06:30:48.233Z
63303087,Baseball,2026-06-03 21:40,Seattle Mariners,New York Mets,USA - MLB,Bet365,Hits O/U,Colt Emerson (2) (0.5),,,,1.74,2.00,,,0.5,"{""label"": ""Colt Emerson (2) (0.5)"", ""hdp"": 0.5, ""over"": ""1.74"", ""under"": ""2.00""}",2026-06-03T06:30:48.233Z
63303087,Baseball,2026-06-03 21:40,Seattle Mariners,New York Mets,USA - MLB,Bet365,Hits O/U,Mitch Garver (2) (0.5),,,,2.10,1.66,,,0.5,"{""label"": ""Mitch Garver (2) (0.5)"", ""hdp"": 0.5, ""over"": ""2.10"", ""under"": ""1.66""}",2026-06-03T06:30:48.233Z
63303087,Baseball,2026-06-03 21:40,Seattle Mariners,New York Mets,USA - MLB,Bet365,Hits O/U,Josh Naylor (2) (0.5),,,,1.41,2.80,,,0.5,"{""label"": ""Josh Naylor (2) (0.5)"", ""hdp"": 0.5, ""over"": ""1.41"", ""under"": ""2.80""}",2026-06-03T06:30:48.233Z
63303087,Baseball,2026-06-03 21:40,Seattle Mariners,New York Mets,USA - MLB,Bet365,Hits O/U,Luke Raley (2) (0.5),,,,1.83,1.90,,,0.5,"{""label"": ""Luke Raley (2) (0.5)"", ""hdp"": 0.5, ""over"": ""1.83"", ""under"": ""1.90""}",2026-06-03T06:30:48.233Z
63303087,Baseball,2026-06-03 21:40,Seattle Mariners,New York Mets,USA - MLB,Bet365,Hits O/U,Julio Rodriguez (2) (0.5),,,,1.41,2.80,,,0.5,"{""label"": ""Julio Rodriguez (2) (0.5)"", ""hdp"": 0.5, ""over"": ""1.41"", ""under"": ""2.80""}",2026-06-03T06:30:48.233Z
63303087,Baseball,2026-06-03 21:40,Seattle Mariners,New York Mets,USA - MLB,Bet365,Hits O/U,Cole Young (2) (0.5),,,,1.62,2.20,,,0.5,"{""label"": ""Cole Young (2) (0.5)"", ""hdp"": 0.5, ""over"": ""1.62"", ""under"": ""2.20""}",2026-06-03T06:30:48.233Z
63303087,Baseball,2026-06-03 21:40,Seattle Mariners,New York Mets,USA - MLB,Bet365,First 5 Innings ML,,1.66,,2.20,,,,,,"{""home"": ""1.66"", ""away"": ""2.20""}",2026-06-03T04:00:30.218Z
63303087,Baseball,2026-06-03 21:40,Seattle Mariners,New York Mets,USA - MLB,Bet365,Singles O/U,Brett Baty (1) (0.5),,,,2.15,1.64,,,0.5,"{""label"": ""Brett Baty (1) (0.5)"", ""hdp"": 0.5, ""over"": ""2.15"", ""under"": ""1.64""}",2026-06-03T06:49:34.252Z
63303087,Baseball,2026-06-03 21:40,Seattle Mariners,New York Mets,USA - MLB,Bet365,Singles O/U,Carson Benge (1) (0.5),,,,1.83,1.90,,,0.5,"{""label"": ""Carson Benge (1) (0.5)"", ""hdp"": 0.5, ""over"": ""1.83"", ""under"": ""1.90""}",2026-06-03T06:49:34.252Z
63303087,Baseball,2026-06-03 21:40,Seattle Mariners,New York Mets,USA - MLB,Bet365,Singles O/U,Bo Bichette (1) (0.5),,,,1.50,2.50,,,0.5,"{""label"": ""Bo Bichette (1) (0.5)"", ""hdp"": 0.5, ""over"": ""1.50"", ""under"": ""2.50""}",2026-06-03T06:49:34.252Z
63303087,Baseball,2026-06-03 21:40,Seattle Mariners,New York Mets,USA - MLB,Bet365,Singles O/U,A.J. Ewing (1) (0.5),,,,2.15,1.64,,,0.5,"{""label"": ""A.J. Ewing (1) (0.5)"", ""hdp"": 0.5, ""over"": ""2.15"", ""under"": ""1.64""}",2026-06-03T06:49:34.252Z
63303087,Baseball,2026-06-03 21:40,Seattle Mariners,New York Mets,USA - MLB,Bet365,Singles O/U,Marcus Semien (1) (0.5),,,,1.95,1.76,,,0.5,"{""label"": ""Marcus Semien (1) (0.5)"", ""hdp"": 0.5, ""over"": ""1.95"", ""under"": ""1.76""}",2026-06-03T06:49:34.252Z
63303087,Baseball,2026-06-03 21:40,Seattle Mariners,New York Mets,USA - MLB,Bet365,Singles O/U,Juan Soto (1) (0.5),,,,1.86,1.86,,,0.5,"{""label"": ""Juan Soto (1) (0.5)"", ""hdp"": 0.5, ""over"": ""1.86"", ""under"": ""1.86""}",2026-06-03T06:49:34.252Z
63303087,Baseball,2026-06-03 21:40,Seattle Mariners,New York Mets,USA - MLB,Bet365,Singles O/U,Luis Torrens (1) (0.5),,,,2.05,1.71,,,0.5,"{""label"": ""Luis Torrens (1) (0.5)"", ""hdp"": 0.5, ""over"": ""2.05"", ""under"": ""1.71""}",2026-06-03T06:49:34.252Z
63303087,Baseball,2026-06-03 21:40,Seattle Mariners,New York Mets,USA - MLB,Bet365,Singles O/U,Mark Vientos (1) (0.5),,,,1.95,1.76,,,0.5,"{""label"": ""Mark Vientos (1) (0.5)"", ""hdp"": 0.5, ""over"": ""1.95"", ""under"": ""1.76""}",2026-06-03T06:49:34.252Z
63303087,Baseball,2026-06-03 21:40,Seattle Mariners,New York Mets,USA - MLB,Bet365,Singles O/U,Jared Young (1) (0.5),,,,2.35,1.55,,,0.5,"{""label"": ""Jared Young (1) (0.5)"", ""hdp"": 0.5, ""over"": ""2.35"", ""under"": ""1.55""}",2026-06-03T06:49:34.252Z
63303087,Baseball,2026-06-03 21:40,Seattle Mariners,New York Mets,USA - MLB,Bet365,Singles O/U,Randy Arozarena (2) (0.5),,,,2.10,1.66,,,0.5,"{""label"": ""Randy Arozarena (2) (0.5)"", ""hdp"": 0.5, ""over"": ""2.10"", ""under"": ""1.66""}",2026-06-03T06:49:34.252Z
63303087,Baseball,2026-06-03 21:40,Seattle Mariners,New York Mets,USA - MLB,Bet365,Singles O/U,Dominic Canzone (2) (0.5),,,,2.60,1.45,,,0.5,"{""label"": ""Dominic Canzone (2) (0.5)"", ""hdp"": 0.5, ""over"": ""2.60"", ""under"": ""1.45""}",2026-06-03T06:49:34.252Z
63303087,Baseball,2026-06-03 21:40,Seattle Mariners,New York Mets,USA - MLB,Bet365,Singles O/U,J.P. Crawford (2) (0.5),,,,2.00,1.74,,,0.5,"{""label"": ""J.P. Crawford (2) (0.5)"", ""hdp"": 0.5, ""over"": ""2.00"", ""under"": ""1.74""}",2026-06-03T06:49:34.252Z
63303087,Baseball,2026-06-03 21:40,Seattle Mariners,New York Mets,USA - MLB,Bet365,Singles O/U,Colt Emerson (2) (0.5),,,,2.40,1.52,,,0.5,"{""label"": ""Colt Emerson (2) (0.5)"", ""hdp"": 0.5, ""over"": ""2.40"", ""under"": ""1.52""}",2026-06-03T06:49:34.252Z
63303087,Baseball,2026-06-03 21:40,Seattle Mariners,New York Mets,USA - MLB,Bet365,Singles O/U,Mitch Garver (2) (0.5),,,,3.05,1.34,,,0.5,"{""label"": ""Mitch Garver (2) (0.5)"", ""hdp"": 0.5, ""over"": ""3.05"", ""under"": ""1.34""}",2026-06-03T06:49:34.252Z
63303087,Baseball,2026-06-03 21:40,Seattle Mariners,New York Mets,USA - MLB,Bet365,Singles O/U,Josh Naylor (2) (0.5),,,,1.83,1.90,,,0.5,"{""label"": ""Josh Naylor (2) (0.5)"", ""hdp"": 0.5, ""over"": ""1.83"", ""under"": ""1.90""}",2026-06-03T06:49:34.252Z
63303087,Baseball,2026-06-03 21:40,Seattle Mariners,New York Mets,USA - MLB,Bet365,Singles O/U,Luke Raley (2) (0.5),,,,2.80,1.41,,,0.5,"{""label"": ""Luke Raley (2) (0.5)"", ""hdp"": 0.5, ""over"": ""2.80"", ""under"": ""1.41""}",2026-06-03T06:49:34.252Z
63303087,Baseball,2026-06-03 21:40,Seattle Mariners,New York Mets,USA - MLB,Bet365,Singles O/U,Julio Rodriguez (2) (0.5),,,,1.90,1.83,,,0.5,"{""label"": ""Julio Rodriguez (2) (0.5)"", ""hdp"": 0.5, ""over"": ""1.90"", ""under"": ""1.83""}",2026-06-03T06:49:34.252Z
63303087,Baseball,2026-06-03 21:40,Seattle Mariners,New York Mets,USA - MLB,Bet365,Singles O/U,Cole Young (2) (0.5),,,,2.20,1.62,,,0.5,"{""label"": ""Cole Young (2) (0.5)"", ""hdp"": 0.5, ""over"": ""2.20"", ""under"": ""1.62""}",2026-06-03T06:49:34.252Z
63303087,Baseball,2026-06-03 21:40,Seattle Mariners,New York Mets,USA - MLB,Bet365,"Total Hits, Runs and RBIs O/U",Brett Baty (1) (0.5),,,,1.55,2.35,,,0.5,"{""label"": ""Brett Baty (1) (0.5)"", ""hdp"": 0.5, ""over"": ""1.55"", ""under"": ""2.35""}",2026-06-03T07:00:38.571Z
63303087,Baseball,2026-06-03 21:40,Seattle Mariners,New York Mets,USA - MLB,Bet365,"Total Hits, Runs and RBIs O/U",Carson Benge (1) (1.5),,,,2.05,1.71,,,1.5,"{""label"": ""Carson Benge (1) (1.5)"", ""hdp"": 1.5, ""over"": ""2.05"", ""under"": ""1.71""}",2026-06-03T07:00:38.571Z
63303087,Baseball,2026-06-03 21:40,Seattle Mariners,New York Mets,USA - MLB,Bet365,"Total Hits, Runs and RBIs O/U",Bo Bichette (1) (1.5),,,,1.74,2.00,,,1.5,"{""label"": ""Bo Bichette (1) (1.5)"", ""hdp"": 1.5, ""over"": ""1.74"", ""under"": ""2.00""}",2026-06-03T07:00:38.571Z
63303087,Baseball,2026-06-03 21:40,Seattle Mariners,New York Mets,USA - MLB,Bet365,"Total Hits, Runs and RBIs O/U",A.J. Ewing (1) (0.5),,,,1.55,2.35,,,0.5,"{""label"": ""A.J. Ewing (1) (0.5)"", ""hdp"": 0.5, ""over"": ""1.55"", ""under"": ""2.35""}",2026-06-03T07:00:38.571Z
63303087,Baseball,2026-06-03 21:40,Seattle Mariners,New York Mets,USA - MLB,Bet365,"Total Hits, Runs and RBIs O/U",Marcus Semien (1) (1.5),,,,2.25,1.60,,,1.5,"{""label"": ""Marcus Semien (1) (1.5)"", ""hdp"": 1.5, ""over"": ""2.25"", ""under"": ""1.60""}",2026-06-03T07:00:38.571Z
63303087,Baseball,2026-06-03 21:40,Seattle Mariners,New York Mets,USA - MLB,Bet365,"Total Hits, Runs and RBIs O/U",Juan Soto (1) (1.5),,,,1.83,1.90,,,1.5,"{""label"": ""Juan Soto (1) (1.5)"", ""hdp"": 1.5, ""over"": ""1.83"", ""under"": ""1.90""}",2026-06-03T07:00:38.571Z
63303087,Baseball,2026-06-03 21:40,Seattle Mariners,New York Mets,USA - MLB,Bet365,"Total Hits, Runs and RBIs O/U",Luis Torrens (1) (0.5),,,,1.55,2.35,,,0.5,"{""label"": ""Luis Torrens (1) (0.5)"", ""hdp"": 0.5, ""over"": ""1.55"", ""under"": ""2.35""}",2026-06-03T07:00:38.571Z
63303087,Baseball,2026-06-03 21:40,Seattle Mariners,New York Mets,USA - MLB,Bet365,"Total Hits, Runs and RBIs O/U",Mark Vientos (1) (1.5),,,,2.00,1.74,,,1.5,"{""label"": ""Mark Vientos (1) (1.5)"", ""hdp"": 1.5, ""over"": ""2.00"", ""under"": ""1.74""}",2026-06-03T07:00:38.571Z
63303087,Baseball,2026-06-03 21:40,Seattle Mariners,New York Mets,USA - MLB,Bet365,"Total Hits, Runs and RBIs O/U",Jared Young (1) (1.5),,,,2.30,1.58,,,1.5,"{""label"": ""Jared Young (1) (1.5)"", ""hdp"": 1.5, ""over"": ""2.30"", ""under"": ""1.58""}",2026-06-03T07:00:38.571Z
63303087,Baseball,2026-06-03 21:40,Seattle Mariners,New York Mets,USA - MLB,Bet365,"Total Hits, Runs and RBIs O/U",Randy Arozarena (2) (1.5),,,,2.00,1.74,,,1.5,"{""label"": ""Randy Arozarena (2) (1.5)"", ""hdp"": 1.5, ""over"": ""2.00"", ""under"": ""1.74""}",2026-06-03T07:00:38.571Z
63303087,Baseball,2026-06-03 21:40,Seattle Mariners,New York Mets,USA - MLB,Bet365,"Total Hits, Runs and RBIs O/U",Dominic Canzone (2) (0.5),,,,1.60,2.25,,,0.5,"{""label"": ""Dominic Canzone (2) (0.5)"", ""hdp"": 0.5, ""over"": ""1.60"", ""under"": ""2.25""}",2026-06-03T07:00:38.571Z
63303087,Baseball,2026-06-03 21:40,Seattle Mariners,New York Mets,USA - MLB,Bet365,"Total Hits, Runs and RBIs O/U",J.P. Crawford (2) (1.5),,,,2.05,1.71,,,1.5,"{""label"": ""J.P. Crawford (2) (1.5)"", ""hdp"": 1.5, ""over"": ""2.05"", ""under"": ""1.71""}",2026-06-03T07:00:38.571Z
63303087,Baseball,2026-06-03 21:40,Seattle Mariners,New York Mets,USA - MLB,Bet365,"Total Hits, Runs and RBIs O/U",Colt Emerson (2) (0.5),,,,1.55,2.35,,,0.5,"{""label"": ""Colt Emerson (2) (0.5)"", ""hdp"": 0.5, ""over"": ""1.55"", ""under"": ""2.35""}",2026-06-03T07:00:38.571Z
63303087,Baseball,2026-06-03 21:40,Seattle Mariners,New York Mets,USA - MLB,Bet365,"Total Hits, Runs and RBIs O/U",Mitch Garver (2) (0.5),,,,1.76,1.95,,,0.5,"{""label"": ""Mitch Garver (2) (0.5)"", ""hdp"": 0.5, ""over"": ""1.76"", ""under"": ""1.95""}",2026-06-03T07:00:38.571Z
63303087,Baseball,2026-06-03 21:40,Seattle Mariners,New York Mets,USA - MLB,Bet365,"Total Hits, Runs and RBIs O/U",Josh Naylor (2) (1.5),,,,1.86,1.86,,,1.5,"{""label"": ""Josh Naylor (2) (1.5)"", ""hdp"": 1.5, ""over"": ""1.86"", ""under"": ""1.86""}",2026-06-03T07:00:38.571Z
63303087,Baseball,2026-06-03 21:40,Seattle Mariners,New York Mets,USA - MLB,Bet365,"Total Hits, Runs and RBIs O/U",Luke Raley (2) (0.5),,,,1.58,2.30,,,0.5,"{""label"": ""Luke Raley (2) (0.5)"", ""hdp"": 0.5, ""over"": ""1.58"", ""under"": ""2.30""}",2026-06-03T07:00:38.571Z
63303087,Baseball,2026-06-03 21:40,Seattle Mariners,New York Mets,USA - MLB,Bet365,"Total Hits, Runs and RBIs O/U",Julio Rodriguez (2) (1.5),,,,1.83,1.90,,,1.5,"{""label"": ""Julio Rodriguez (2) (1.5)"", ""hdp"": 1.5, ""over"": ""1.83"", ""under"": ""1.90""}",2026-06-03T07:00:38.571Z
63303087,Baseball,2026-06-03 21:40,Seattle Mariners,New York Mets,USA - MLB,Bet365,"Total Hits, Runs and RBIs O/U",Cole Young (2) (1.5),,,,2.25,1.60,,,1.5,"{""label"": ""Cole Young (2) (1.5)"", ""hdp"": 1.5, ""over"": ""2.25"", ""under"": ""1.60""}",2026-06-03T07:00:38.571Z
63303087,Baseball,2026-06-03 21:40,Seattle Mariners,New York Mets,USA - MLB,Bet365,Triples O/U,Carson Benge (1) (0.5),,,,21.00,1.00,,,0.5,"{""label"": ""Carson Benge (1) (0.5)"", ""hdp"": 0.5, ""over"": ""21.00"", ""under"": ""1.00""}",2026-06-03T08:40:00.723Z
63303087,Baseball,2026-06-03 21:40,Seattle Mariners,New York Mets,USA - MLB,Bet365,Triples O/U,A.J. Ewing (1) (0.5),,,,23.00,1.00,,,0.5,"{""label"": ""A.J. Ewing (1) (0.5)"", ""hdp"": 0.5, ""over"": ""23.00"", ""under"": ""1.00""}",2026-06-03T08:40:00.723Z
63303087,Baseball,2026-06-03 21:40,Seattle Mariners,New York Mets,USA - MLB,Bet365,Triples O/U,Marcus Semien (1) (0.5),,,,29.00,1.00,,,0.5,"{""label"": ""Marcus Semien (1) (0.5)"", ""hdp"": 0.5, ""over"": ""29.00"", ""under"": ""1.00""}",2026-06-03T08:40:00.723Z
63303087,Baseball,2026-06-03 21:40,Seattle Mariners,New York Mets,USA - MLB,Bet365,Triples O/U,Jared Young (1) (0.5),,,,23.00,1.00,,,0.5,"{""label"": ""Jared Young (1) (0.5)"", ""hdp"": 0.5, ""over"": ""23.00"", ""under"": ""1.00""}",2026-06-03T08:40:00.723Z
63303087,Baseball,2026-06-03 21:40,Seattle Mariners,New York Mets,USA - MLB,Bet365,Triples O/U,Colt Emerson (2) (0.5),,,,21.00,1.00,,,0.5,"{""label"": ""Colt Emerson (2) (0.5)"", ""hdp"": 0.5, ""over"": ""21.00"", ""under"": ""1.00""}",2026-06-03T08:40:00.723Z
63303087,Baseball,2026-06-03 21:40,Seattle Mariners,New York Mets,USA - MLB,Bet365,Triples O/U,Luke Raley (2) (0.5),,,,20.00,1.00,,,0.5,"{""label"": ""Luke Raley (2) (0.5)"", ""hdp"": 0.5, ""over"": ""20.00"", ""under"": ""1.00""}",2026-06-03T08:40:00.723Z
63303087,Baseball,2026-06-03 21:40,Seattle Mariners,New York Mets,USA - MLB,Bet365,Triples O/U,Julio Rodriguez (2) (0.5),,,,29.00,1.00,,,0.5,"{""label"": ""Julio Rodriguez (2) (0.5)"", ""hdp"": 0.5, ""over"": ""29.00"", ""under"": ""1.00""}",2026-06-03T08:40:00.723Z
63303087,Baseball,2026-06-03 21:40,Seattle Mariners,New York Mets,USA - MLB,Bet365,Triples O/U,Cole Young (2) (0.5),,,,21.00,1.00,,,0.5,"{""label"": ""Cole Young (2) (0.5)"", ""hdp"": 0.5, ""over"": ""21.00"", ""under"": ""1.00""}",2026-06-03T08:40:00.723Z
63303087,Baseball,2026-06-03 21:40,Seattle Mariners,New York Mets,USA - MLB,Bet365,Alternative Run Line,,4.75,,,,,,,3.5,"{""hdp"": 3.5, ""home"": ""4.75""}",2026-06-03T08:03:00.874Z
63303087,Baseball,2026-06-03 21:40,Seattle Mariners,New York Mets,USA - MLB,Bet365,Alternative Run Line,,7.00,,,,,,,4.5,"{""hdp"": 4.5, ""home"": ""7.00""}",2026-06-03T08:03:00.874Z
63303087,Baseball,2026-06-03 21:40,Seattle Mariners,New York Mets,USA - MLB,Bet365,Alternative Run Line,,1.07,,,,,,,-4.5,"{""hdp"": -4.5, ""home"": ""1.07""}",2026-06-03T08:03:00.874Z
63303087,Baseball,2026-06-03 21:40,Seattle Mariners,New York Mets,USA - MLB,Bet365,Alternative Run Line,,1.12,,,,,,,-3.5,"{""hdp"": -3.5, ""home"": ""1.12""}",2026-06-03T08:03:00.874Z
63303087,Baseball,2026-06-03 21:40,Seattle Mariners,New York Mets,USA - MLB,Bet365,Alternative Run Line,,1.22,,,,,,,-2.5,"{""hdp"": -2.5, ""home"": ""1.22""}",2026-06-03T08:03:00.874Z
63303087,Baseball,2026-06-03 21:40,Seattle Mariners,New York Mets,USA - MLB,Bet365,Alternative Run Line,,1.38,,,,,,,-1.5,"{""hdp"": -1.5, ""home"": ""1.38""}",2026-06-03T08:03:00.874Z
63303087,Baseball,2026-06-03 21:40,Seattle Mariners,New York Mets,USA - MLB,Bet365,Alternative Run Line,,3.50,,,,,,,2.5,"{""hdp"": 2.5, ""home"": ""3.50""}",2026-06-03T08:03:00.874Z
63303087,Baseball,2026-06-03 21:40,Seattle Mariners,New York Mets,USA - MLB,Bet365,Alternative Run Line,,9.00,,,,,,,5.5,"{""hdp"": 5.5, ""home"": ""9.00""}",2026-06-03T08:03:00.874Z
63303087,Baseball,2026-06-03 21:40,Seattle Mariners,New York Mets,USA - MLB,Bet365,Batter Walks O/U,A.J. Ewing (1) (0.5),,,,4.00,1.22,,,0.5,"{""label"": ""A.J. Ewing (1) (0.5)"", ""hdp"": 0.5, ""over"": ""4.00"", ""under"": ""1.22""}",2026-06-03T06:44:48.512Z
63303087,Baseball,2026-06-03 21:40,Seattle Mariners,New York Mets,USA - MLB,Bet365,Batter Walks O/U,Brett Baty (1) (0.5),,,,3.40,1.29,,,0.5,"{""label"": ""Brett Baty (1) (0.5)"", ""hdp"": 0.5, ""over"": ""3.40"", ""under"": ""1.29""}",2026-06-03T06:44:48.512Z
63303087,Baseball,2026-06-03 21:40,Seattle Mariners,New York Mets,USA - MLB,Bet365,Batter Walks O/U,Carson Benge (1) (0.5),,,,3.10,1.33,,,0.5,"{""label"": ""Carson Benge (1) (0.5)"", ""hdp"": 0.5, ""over"": ""3.10"", ""under"": ""1.33""}",2026-06-03T06:44:48.512Z
63303087,Baseball,2026-06-03 21:40,Seattle Mariners,New York Mets,USA - MLB,Bet365,Batter Walks O/U,Cole Young (2) (0.5),,,,2.85,1.40,,,0.5,"{""label"": ""Cole Young (2) (0.5)"", ""hdp"": 0.5, ""over"": ""2.85"", ""under"": ""1.40""}",2026-06-03T06:44:48.512Z
63303087,Baseball,2026-06-03 21:40,Seattle Mariners,New York Mets,USA - MLB,Bet365,Batter Walks O/U,Colt Emerson (2) (0.5),,,,3.05,1.34,,,0.5,"{""label"": ""Colt Emerson (2) (0.5)"", ""hdp"": 0.5, ""over"": ""3.05"", ""under"": ""1.34""}",2026-06-03T06:44:48.512Z
63303087,Baseball,2026-06-03 21:40,Seattle Mariners,New York Mets,USA - MLB,Bet365,Batter Walks O/U,Dominic Canzone (2) (0.5),,,,3.15,1.32,,,0.5,"{""label"": ""Dominic Canzone (2) (0.5)"", ""hdp"": 0.5, ""over"": ""3.15"", ""under"": ""1.32""}",2026-06-03T06:44:48.512Z
63303087,Baseball,2026-06-03 21:40,Seattle Mariners,New York Mets,USA - MLB,Bet365,Batter Walks O/U,J.P. Crawford (2) (0.5),,,,2.05,1.71,,,0.5,"{""label"": ""J.P. Crawford (2) (0.5)"", ""hdp"": 0.5, ""over"": ""2.05"", ""under"": ""1.71""}",2026-06-03T06:44:48.512Z
63303087,Baseball,2026-06-03 21:40,Seattle Mariners,New York Mets,USA - MLB,Bet365,Batter Walks O/U,Jared Young (1) (0.5),,,,3.50,1.28,,,0.5,"{""label"": ""Jared Young (1) (0.5)"", ""hdp"": 0.5, ""over"": ""3.50"", ""under"": ""1.28""}",2026-06-03T06:44:48.512Z
63303087,Baseball,2026-06-03 21:40,Seattle Mariners,New York Mets,USA - MLB,Bet365,Batter Walks O/U,Josh Naylor (2) (0.5),,,,3.50,1.28,,,0.5,"{""label"": ""Josh Naylor (2) (0.5)"", ""hdp"": 0.5, ""over"": ""3.50"", ""under"": ""1.28""}",2026-06-03T06:44:48.512Z
63303087,Baseball,2026-06-03 21:40,Seattle Mariners,New York Mets,USA - MLB,Bet365,Batter Walks O/U,Juan Soto (1) (0.5),,,,1.95,1.76,,,0.5,"{""label"": ""Juan Soto (1) (0.5)"", ""hdp"": 0.5, ""over"": ""1.95"", ""under"": ""1.76""}",2026-06-03T06:44:48.512Z
63303087,Baseball,2026-06-03 21:40,Seattle Mariners,New York Mets,USA - MLB,Bet365,Batter Walks O/U,Julio Rodriguez (2) (0.5),,,,3.30,1.30,,,0.5,"{""label"": ""Julio Rodriguez (2) (0.5)"", ""hdp"": 0.5, ""over"": ""3.30"", ""under"": ""1.30""}",2026-06-03T06:44:48.512Z
63303087,Baseball,2026-06-03 21:40,Seattle Mariners,New York Mets,USA - MLB,Bet365,Batter Walks O/U,Luke Raley (2) (0.5),,,,3.30,1.30,,,0.5,"{""label"": ""Luke Raley (2) (0.5)"", ""hdp"": 0.5, ""over"": ""3.30"", ""under"": ""1.30""}",2026-06-03T06:44:48.512Z
63303087,Baseball,2026-06-03 21:40,Seattle Mariners,New York Mets,USA - MLB,Bet365,Batter Walks O/U,Marcus Semien (1) (0.5),,,,4.00,1.22,,,0.5,"{""label"": ""Marcus Semien (1) (0.5)"", ""hdp"": 0.5, ""over"": ""4.00"", ""under"": ""1.22""}",2026-06-03T06:44:48.512Z
63303087,Baseball,2026-06-03 21:40,Seattle Mariners,New York Mets,USA - MLB,Bet365,Batter Walks O/U,Mitch Garver (2) (0.5),,,,2.40,1.52,,,0.5,"{""label"": ""Mitch Garver (2) (0.5)"", ""hdp"": 0.5, ""over"": ""2.40"", ""under"": ""1.52""}",2026-06-03T06:44:48.512Z
63303087,Baseball,2026-06-03 21:40,Seattle Mariners,New York Mets,USA - MLB,Bet365,Batter Walks O/U,Randy Arozarena (2) (0.5),,,,2.70,1.43,,,0.5,"{""label"": ""Randy Arozarena (2) (0.5)"", ""hdp"": 0.5, ""over"": ""2.70"", ""under"": ""1.43""}",2026-06-03T06:44:48.512Z
63303087,Baseball,2026-06-03 21:40,Seattle Mariners,New York Mets,USA - MLB,Bet365,Doubles O/U,Brett Baty (1) (0.5),,,,6.50,1.10,,,0.5,"{""label"": ""Brett Baty (1) (0.5)"", ""hdp"": 0.5, ""over"": ""6.50"", ""under"": ""1.10""}",2026-06-03T06:40:34.057Z
63303087,Baseball,2026-06-03 21:40,Seattle Mariners,New York Mets,USA - MLB,Bet365,Doubles O/U,Carson Benge (1) (0.5),,,,5.25,1.14,,,0.5,"{""label"": ""Carson Benge (1) (0.5)"", ""hdp"": 0.5, ""over"": ""5.25"", ""under"": ""1.14""}",2026-06-03T06:40:34.057Z
63303087,Baseball,2026-06-03 21:40,Seattle Mariners,New York Mets,USA - MLB,Bet365,Doubles O/U,Bo Bichette (1) (0.5),,,,5.50,1.13,,,0.5,"{""label"": ""Bo Bichette (1) (0.5)"", ""hdp"": 0.5, ""over"": ""5.50"", ""under"": ""1.13""}",2026-06-03T06:40:34.057Z
63303087,Baseball,2026-06-03 21:40,Seattle Mariners,New York Mets,USA - MLB,Bet365,Doubles O/U,A.J. Ewing (1) (0.5),,,,6.25,1.11,,,0.5,"{""label"": ""A.J. Ewing (1) (0.5)"", ""hdp"": 0.5, ""over"": ""6.25"", ""under"": ""1.11""}",2026-06-03T06:40:34.057Z
63303087,Baseball,2026-06-03 21:40,Seattle Mariners,New York Mets,USA - MLB,Bet365,Doubles O/U,Marcus Semien (1) (0.5),,,,6.00,1.11,,,0.5,"{""label"": ""Marcus Semien (1) (0.5)"", ""hdp"": 0.5, ""over"": ""6.00"", ""under"": ""1.11""}",2026-06-03T06:40:34.057Z
63303087,Baseball,2026-06-03 21:40,Seattle Mariners,New York Mets,USA - MLB,Bet365,Doubles O/U,Juan Soto (1) (0.5),,,,5.00,1.15,,,0.5,"{""label"": ""Juan Soto (1) (0.5)"", ""hdp"": 0.5, ""over"": ""5.00"", ""under"": ""1.15""}",2026-06-03T06:40:34.057Z
63303087,Baseball,2026-06-03 21:40,Seattle Mariners,New York Mets,USA - MLB,Bet365,Doubles O/U,Luis Torrens (1) (0.5),,,,8.00,1.07,,,0.5,"{""label"": ""Luis Torrens (1) (0.5)"", ""hdp"": 0.5, ""over"": ""8.00"", ""under"": ""1.07""}",2026-06-03T06:40:34.057Z
63303087,Baseball,2026-06-03 21:40,Seattle Mariners,New York Mets,USA - MLB,Bet365,Doubles O/U,Mark Vientos (1) (0.5),,,,6.25,1.11,,,0.5,"{""label"": ""Mark Vientos (1) (0.5)"", ""hdp"": 0.5, ""over"": ""6.25"", ""under"": ""1.11""}",2026-06-03T06:40:34.057Z
63303087,Baseball,2026-06-03 21:40,Seattle Mariners,New York Mets,USA - MLB,Bet365,Doubles O/U,Jared Young (1) (0.5),,,,5.75,1.12,,,0.5,"{""label"": ""Jared Young (1) (0.5)"", ""hdp"": 0.5, ""over"": ""5.75"", ""under"": ""1.12""}",2026-06-03T06:40:34.057Z
63303087,Baseball,2026-06-03 21:40,Seattle Mariners,New York Mets,USA - MLB,Bet365,Doubles O/U,Randy Arozarena (2) (0.5),,,,5.75,1.12,,,0.5,"{""label"": ""Randy Arozarena (2) (0.5)"", ""hdp"": 0.5, ""over"": ""5.75"", ""under"": ""1.12""}",2026-06-03T06:40:34.057Z
63303087,Baseball,2026-06-03 21:40,Seattle Mariners,New York Mets,USA - MLB,Bet365,Doubles O/U,Dominic Canzone (2) (0.5),,,,5.50,1.13,,,0.5,"{""label"": ""Dominic Canzone (2) (0.5)"", ""hdp"": 0.5, ""over"": ""5.50"", ""under"": ""1.13""}",2026-06-03T06:40:34.057Z
63303087,Baseball,2026-06-03 21:40,Seattle Mariners,New York Mets,USA - MLB,Bet365,Doubles O/U,J.P. Crawford (2) (0.5),,,,5.25,1.14,,,0.5,"{""label"": ""J.P. Crawford (2) (0.5)"", ""hdp"": 0.5, ""over"": ""5.25"", ""under"": ""1.14""}",2026-06-03T06:40:34.057Z
63303087,Baseball,2026-06-03 21:40,Seattle Mariners,New York Mets,USA - MLB,Bet365,Doubles O/U,Colt Emerson (2) (0.5),,,,5.50,1.13,,,0.5,"{""label"": ""Colt Emerson (2) (0.5)"", ""hdp"": 0.5, ""over"": ""5.50"", ""under"": ""1.13""}",2026-06-03T06:40:34.057Z
63303087,Baseball,2026-06-03 21:40,Seattle Mariners,New York Mets,USA - MLB,Bet365,Doubles O/U,Mitch Garver (2) (0.5),,,,8.00,1.07,,,0.5,"{""label"": ""Mitch Garver (2) (0.5)"", ""hdp"": 0.5, ""over"": ""8.00"", ""under"": ""1.07""}",2026-06-03T06:40:34.057Z
63303087,Baseball,2026-06-03 21:40,Seattle Mariners,New York Mets,USA - MLB,Bet365,Doubles O/U,Josh Naylor (2) (0.5),,,,4.50,1.18,,,0.5,"{""label"": ""Josh Naylor (2) (0.5)"", ""hdp"": 0.5, ""over"": ""4.50"", ""under"": ""1.18""}",2026-06-03T06:40:34.057Z
63303087,Baseball,2026-06-03 21:40,Seattle Mariners,New York Mets,USA - MLB,Bet365,Doubles O/U,Luke Raley (2) (0.5),,,,6.25,1.11,,,0.5,"{""label"": ""Luke Raley (2) (0.5)"", ""hdp"": 0.5, ""over"": ""6.25"", ""under"": ""1.11""}",2026-06-03T06:40:34.057Z
63303087,Baseball,2026-06-03 21:40,Seattle Mariners,New York Mets,USA - MLB,Bet365,Doubles O/U,Julio Rodriguez (2) (0.5),,,,5.50,1.13,,,0.5,"{""label"": ""Julio Rodriguez (2) (0.5)"", ""hdp"": 0.5, ""over"": ""5.50"", ""under"": ""1.13""}",2026-06-03T06:40:34.057Z
63303087,Baseball,2026-06-03 21:40,Seattle Mariners,New York Mets,USA - MLB,Bet365,Doubles O/U,Cole Young (2) (0.5),,,,5.00,1.15,,,0.5,"{""label"": ""Cole Young (2) (0.5)"", ""hdp"": 0.5, ""over"": ""5.00"", ""under"": ""1.15""}",2026-06-03T06:40:34.057Z
63303087,Baseball,2026-06-03 21:40,Seattle Mariners,New York Mets,USA - MLB,Bet365,Pitcher Strikeouts O/U,Freddy Peralta (1) (6.5),,,,2.10,1.66,,,6.5,"{""label"": ""Freddy Peralta (1) (6.5)"", ""hdp"": 6.5, ""over"": ""2.10"", ""under"": ""1.66""}",2026-06-03T06:26:48.146Z
63303087,Baseball,2026-06-03 21:40,Seattle Mariners,New York Mets,USA - MLB,Bet365,Pitcher Strikeouts O/U,George Kirby (2) (5.5),,,,1.83,1.90,,,5.5,"{""label"": ""George Kirby (2) (5.5)"", ""hdp"": 5.5, ""over"": ""1.83"", ""under"": ""1.90""}",2026-06-03T06:26:48.146Z
63303087,Baseball,2026-06-03 21:40,Seattle Mariners,New York Mets,USA - MLB,Bet365,Stolen Bases O/U,Brett Baty (1) (0.5),,,,16.00,1.01,,,0.5,"{""label"": ""Brett Baty (1) (0.5)"", ""hdp"": 0.5, ""over"": ""16.00"", ""under"": ""1.01""}",2026-06-03T06:38:34.667Z
63303087,Baseball,2026-06-03 21:40,Seattle Mariners,New York Mets,USA - MLB,Bet365,Stolen Bases O/U,Carson Benge (1) (0.5),,,,6.25,1.11,,,0.5,"{""label"": ""Carson Benge (1) (0.5)"", ""hdp"": 0.5, ""over"": ""6.25"", ""under"": ""1.11""}",2026-06-03T06:38:34.667Z
63303087,Baseball,2026-06-03 21:40,Seattle Mariners,New York Mets,USA - MLB,Bet365,Stolen Bases O/U,Bo Bichette (1) (0.5),,,,13.00,1.02,,,0.5,"{""label"": ""Bo Bichette (1) (0.5)"", ""hdp"": 0.5, ""over"": ""13.00"", ""under"": ""1.02""}",2026-06-03T06:38:34.667Z
63303087,Baseball,2026-06-03 21:40,Seattle Mariners,New York Mets,USA - MLB,Bet365,Stolen Bases O/U,A.J. Ewing (1) (0.5),,,,6.25,1.11,,,0.5,"{""label"": ""A.J. Ewing (1) (0.5)"", ""hdp"": 0.5, ""over"": ""6.25"", ""under"": ""1.11""}",2026-06-03T06:38:34.667Z
63303087,Baseball,2026-06-03 21:40,Seattle Mariners,New York Mets,USA - MLB,Bet365,Stolen Bases O/U,Marcus Semien (1) (0.5),,,,9.00,1.05,,,0.5,"{""label"": ""Marcus Semien (1) (0.5)"", ""hdp"": 0.5, ""over"": ""9.00"", ""under"": ""1.05""}",2026-06-03T06:38:34.667Z
63303087,Baseball,2026-06-03 21:40,Seattle Mariners,New York Mets,USA - MLB,Bet365,Stolen Bases O/U,Juan Soto (1) (0.5),,,,6.00,1.11,,,0.5,"{""label"": ""Juan Soto (1) (0.5)"", ""hdp"": 0.5, ""over"": ""6.00"", ""under"": ""1.11""}",2026-06-03T06:38:34.667Z
63303087,Baseball,2026-06-03 21:40,Seattle Mariners,New York Mets,USA - MLB,Bet365,Stolen Bases O/U,Jared Young (1) (0.5),,,,11.50,1.02,,,0.5,"{""label"": ""Jared Young (1) (0.5)"", ""hdp"": 0.5, ""over"": ""11.50"", ""under"": ""1.02""}",2026-06-03T06:38:34.667Z
63303087,Baseball,2026-06-03 21:40,Seattle Mariners,New York Mets,USA - MLB,Bet365,Stolen Bases O/U,Randy Arozarena (2) (0.5),,,,6.50,1.10,,,0.5,"{""label"": ""Randy Arozarena (2) (0.5)"", ""hdp"": 0.5, ""over"": ""6.50"", ""under"": ""1.10""}",2026-06-03T06:38:34.667Z
63303087,Baseball,2026-06-03 21:40,Seattle Mariners,New York Mets,USA - MLB,Bet365,Stolen Bases O/U,Colt Emerson (2) (0.5),,,,18.00,1.00,,,0.5,"{""label"": ""Colt Emerson (2) (0.5)"", ""hdp"": 0.5, ""over"": ""18.00"", ""under"": ""1.00""}",2026-06-03T06:38:34.667Z
63303087,Baseball,2026-06-03 21:40,Seattle Mariners,New York Mets,USA - MLB,Bet365,Stolen Bases O/U,Josh Naylor (2) (0.5),,,,10.00,1.04,,,0.5,"{""label"": ""Josh Naylor (2) (0.5)"", ""hdp"": 0.5, ""over"": ""10.00"", ""under"": ""1.04""}",2026-06-03T06:38:34.667Z
63303087,Baseball,2026-06-03 21:40,Seattle Mariners,New York Mets,USA - MLB,Bet365,Stolen Bases O/U,Luke Raley (2) (0.5),,,,15.00,1.01,,,0.5,"{""label"": ""Luke Raley (2) (0.5)"", ""hdp"": 0.5, ""over"": ""15.00"", ""under"": ""1.01""}",2026-06-03T06:38:34.667Z
63303087,Baseball,2026-06-03 21:40,Seattle Mariners,New York Mets,USA - MLB,Bet365,Stolen Bases O/U,Julio Rodriguez (2) (0.5),,,,9.50,1.04,,,0.5,"{""label"": ""Julio Rodriguez (2) (0.5)"", ""hdp"": 0.5, ""over"": ""9.50"", ""under"": ""1.04""}",2026-06-03T06:38:34.667Z
63303087,Baseball,2026-06-03 21:40,Seattle Mariners,New York Mets,USA - MLB,Bet365,Stolen Bases O/U,Cole Young (2) (0.5),,,,16.00,1.01,,,0.5,"{""label"": ""Cole Young (2) (0.5)"", ""hdp"": 0.5, ""over"": ""16.00"", ""under"": ""1.01""}",2026-06-03T06:38:34.667Z
63303087,Baseball,2026-06-03 21:40,Seattle Mariners,New York Mets,USA - MLB,Bet365,Pitcher Hits Allowed O/U,Freddy Peralta (1) (4.5),,,,1.76,1.95,,,4.5,"{""label"": ""Freddy Peralta (1) (4.5)"", ""hdp"": 4.5, ""over"": ""1.76"", ""under"": ""1.95""}",2026-06-03T06:40:48.288Z
63303087,Baseball,2026-06-03 21:40,Seattle Mariners,New York Mets,USA - MLB,Bet365,Pitcher Hits Allowed O/U,George Kirby (2) (5.5),,,,2.00,1.74,,,5.5,"{""label"": ""George Kirby (2) (5.5)"", ""hdp"": 5.5, ""over"": ""2.00"", ""under"": ""1.74""}",2026-06-03T06:40:48.288Z
63303087,Baseball,2026-06-03 21:40,Seattle Mariners,New York Mets,USA - MLB,Bet365,Pitcher Outs O/U,Freddy Peralta (1) (16.5),,,,1.83,1.90,,,16.5,"{""label"": ""Freddy Peralta (1) (16.5)"", ""hdp"": 16.5, ""over"": ""1.83"", ""under"": ""1.90""}",2026-06-03T07:01:29.751Z
63303087,Baseball,2026-06-03 21:40,Seattle Mariners,New York Mets,USA - MLB,Bet365,Pitcher Outs O/U,George Kirby (2) (17.5),,,,1.50,2.50,,,17.5,"{""label"": ""George Kirby (2) (17.5)"", ""hdp"": 17.5, ""over"": ""1.50"", ""under"": ""2.50""}",2026-06-03T07:01:29.751Z
63303087,Baseball,2026-06-03 21:40,Seattle Mariners,New York Mets,USA - MLB,Bet365,Home Runs O/U,Brett Baty (1) (0.5),,,,10.00,1.06,,,0.5,"{""label"": ""Brett Baty (1) (0.5)"", ""hdp"": 0.5, ""over"": ""10.00"", ""under"": ""1.06""}",2026-06-03T07:33:16.72Z
63303087,Baseball,2026-06-03 21:40,Seattle Mariners,New York Mets,USA - MLB,Bet365,Home Runs O/U,Randy Arozarena (2) (0.5),,,,7.00,1.11,,,0.5,"{""label"": ""Randy Arozarena (2) (0.5)"", ""hdp"": 0.5, ""over"": ""7.00"", ""under"": ""1.11""}",2026-06-03T07:33:16.72Z
63303087,Baseball,2026-06-03 21:40,Seattle Mariners,New York Mets,USA - MLB,Bet365,Home Runs O/U,Dominic Canzone (2) (0.5),,,,7.25,1.10,,,0.5,"{""label"": ""Dominic Canzone (2) (0.5)"", ""hdp"": 0.5, ""over"": ""7.25"", ""under"": ""1.10""}",2026-06-03T07:33:16.72Z
63303087,Baseball,2026-06-03 21:40,Seattle Mariners,New York Mets,USA - MLB,Bet365,Home Runs O/U,J.P. Crawford (2) (0.5),,,,9.00,1.07,,,0.5,"{""label"": ""J.P. Crawford (2) (0.5)"", ""hdp"": 0.5, ""over"": ""9.00"", ""under"": ""1.07""}",2026-06-03T07:33:16.72Z
63303087,Baseball,2026-06-03 21:40,Seattle Mariners,New York Mets,USA - MLB,Bet365,Home Runs O/U,Mitch Garver (2) (0.5),,,,7.25,1.10,,,0.5,"{""label"": ""Mitch Garver (2) (0.5)"", ""hdp"": 0.5, ""over"": ""7.25"", ""under"": ""1.10""}",2026-06-03T07:33:16.72Z
63303087,Baseball,2026-06-03 21:40,Seattle Mariners,New York Mets,USA - MLB,Bet365,Home Runs O/U,Carson Benge (1) (0.5),,,,10.50,1.05,,,0.5,"{""label"": ""Carson Benge (1) (0.5)"", ""hdp"": 0.5, ""over"": ""10.50"", ""under"": ""1.05""}",2026-06-03T07:33:16.72Z
63303087,Baseball,2026-06-03 21:40,Seattle Mariners,New York Mets,USA - MLB,Bet365,Home Runs O/U,Bo Bichette (1) (0.5),,,,8.50,1.08,,,0.5,"{""label"": ""Bo Bichette (1) (0.5)"", ""hdp"": 0.5, ""over"": ""8.50"", ""under"": ""1.08""}",2026-06-03T07:33:16.72Z
63303087,Baseball,2026-06-03 21:40,Seattle Mariners,New York Mets,USA - MLB,Bet365,Home Runs O/U,A.J. Ewing (1) (0.5),,,,14.00,1.03,,,0.5,"{""label"": ""A.J. Ewing (1) (0.5)"", ""hdp"": 0.5, ""over"": ""14.00"", ""under"": ""1.03""}",2026-06-03T07:33:16.72Z
63303087,Baseball,2026-06-03 21:40,Seattle Mariners,New York Mets,USA - MLB,Bet365,Home Runs O/U,Marcus Semien (1) (0.5),,,,8.50,1.08,,,0.5,"{""label"": ""Marcus Semien (1) (0.5)"", ""hdp"": 0.5, ""over"": ""8.50"", ""under"": ""1.08""}",2026-06-03T07:33:16.72Z
63303087,Baseball,2026-06-03 21:40,Seattle Mariners,New York Mets,USA - MLB,Bet365,Home Runs O/U,Juan Soto (1) (0.5),,,,5.50,1.16,,,0.5,"{""label"": ""Juan Soto (1) (0.5)"", ""hdp"": 0.5, ""over"": ""5.50"", ""under"": ""1.16""}",2026-06-03T07:33:16.72Z
63303087,Baseball,2026-06-03 21:40,Seattle Mariners,New York Mets,USA - MLB,Bet365,Home Runs O/U,Luis Torrens (1) (0.5),,,,12.00,1.04,,,0.5,"{""label"": ""Luis Torrens (1) (0.5)"", ""hdp"": 0.5, ""over"": ""12.00"", ""under"": ""1.04""}",2026-06-03T07:33:16.72Z
63303087,Baseball,2026-06-03 21:40,Seattle Mariners,New York Mets,USA - MLB,Bet365,Home Runs O/U,Mark Vientos (1) (0.5),,,,6.25,1.13,,,0.5,"{""label"": ""Mark Vientos (1) (0.5)"", ""hdp"": 0.5, ""over"": ""6.25"", ""under"": ""1.13""}",2026-06-03T07:33:16.72Z
63303087,Baseball,2026-06-03 21:40,Seattle Mariners,New York Mets,USA - MLB,Bet365,Home Runs O/U,Jared Young (1) (0.5),,,,8.00,1.09,,,0.5,"{""label"": ""Jared Young (1) (0.5)"", ""hdp"": 0.5, ""over"": ""8.00"", ""under"": ""1.09""}",2026-06-03T07:33:16.72Z
63303087,Baseball,2026-06-03 21:40,Seattle Mariners,New York Mets,USA - MLB,Bet365,Home Runs O/U,Colt Emerson (2) (0.5),,,,10.00,1.06,,,0.5,"{""label"": ""Colt Emerson (2) (0.5)"", ""hdp"": 0.5, ""over"": ""10.00"", ""under"": ""1.06""}",2026-06-03T07:33:16.72Z
63303087,Baseball,2026-06-03 21:40,Seattle Mariners,New York Mets,USA - MLB,Bet365,Home Runs O/U,Josh Naylor (2) (0.5),,,,6.75,1.11,,,0.5,"{""label"": ""Josh Naylor (2) (0.5)"", ""hdp"": 0.5, ""over"": ""6.75"", ""under"": ""1.11""}",2026-06-03T07:33:16.72Z
63303087,Baseball,2026-06-03 21:40,Seattle Mariners,New York Mets,USA - MLB,Bet365,Home Runs O/U,Luke Raley (2) (0.5),,,,7.25,1.10,,,0.5,"{""label"": ""Luke Raley (2) (0.5)"", ""hdp"": 0.5, ""over"": ""7.25"", ""under"": ""1.10""}",2026-06-03T07:33:16.72Z
63303087,Baseball,2026-06-03 21:40,Seattle Mariners,New York Mets,USA - MLB,Bet365,Home Runs O/U,Julio Rodriguez (2) (0.5),,,,4.75,1.20,,,0.5,"{""label"": ""Julio Rodriguez (2) (0.5)"", ""hdp"": 0.5, ""over"": ""4.75"", ""under"": ""1.20""}",2026-06-03T07:33:16.72Z
63303087,Baseball,2026-06-03 21:40,Seattle Mariners,New York Mets,USA - MLB,Bet365,Home Runs O/U,Cole Young (2) (0.5),,,,10.50,1.05,,,0.5,"{""label"": ""Cole Young (2) (0.5)"", ""hdp"": 0.5, ""over"": ""10.50"", ""under"": ""1.05""}",2026-06-03T07:33:16.72Z
63303087,Baseball,2026-06-03 21:40,Seattle Mariners,New York Mets,USA - MLB,Bet365,Batter Strikeouts O/U,Brett Baty (1) (1.5),,,,3.02,1.35,,,1.5,"{""label"": ""Brett Baty (1) (1.5)"", ""hdp"": 1.5, ""over"": ""3.02"", ""under"": ""1.35""}",2026-06-03T08:41:01.106Z
63303087,Baseball,2026-06-03 21:40,Seattle Mariners,New York Mets,USA - MLB,Bet365,Batter Strikeouts O/U,Carson Benge (1) (0.5),,,,1.34,3.05,,,0.5,"{""label"": ""Carson Benge (1) (0.5)"", ""hdp"": 0.5, ""over"": ""1.34"", ""under"": ""3.05""}",2026-06-03T08:41:01.106Z
63303087,Baseball,2026-06-03 21:40,Seattle Mariners,New York Mets,USA - MLB,Bet365,Batter Strikeouts O/U,Bo Bichette (1) (0.5),,,,1.66,2.10,,,0.5,"{""label"": ""Bo Bichette (1) (0.5)"", ""hdp"": 0.5, ""over"": ""1.66"", ""under"": ""2.10""}",2026-06-03T08:41:01.106Z
63303087,Baseball,2026-06-03 21:40,Seattle Mariners,New York Mets,USA - MLB,Bet365,Batter Strikeouts O/U,A.J. Ewing (1) (0.5),,,,1.35,3.02,,,0.5,"{""label"": ""A.J. Ewing (1) (0.5)"", ""hdp"": 0.5, ""over"": ""1.35"", ""under"": ""3.02""}",2026-06-03T08:41:01.106Z
63303087,Baseball,2026-06-03 21:40,Seattle Mariners,New York Mets,USA - MLB,Bet365,Batter Strikeouts O/U,Marcus Semien (1) (0.5),,,,1.74,2.00,,,0.5,"{""label"": ""Marcus Semien (1) (0.5)"", ""hdp"": 0.5, ""over"": ""1.74"", ""under"": ""2.00""}",2026-06-03T08:41:01.106Z
63303087,Baseball,2026-06-03 21:40,Seattle Mariners,New York Mets,USA - MLB,Bet365,Batter Strikeouts O/U,Juan Soto (1) (0.5),,,,1.55,2.35,,,0.5,"{""label"": ""Juan Soto (1) (0.5)"", ""hdp"": 0.5, ""over"": ""1.55"", ""under"": ""2.35""}",2026-06-03T08:41:01.106Z
63303087,Baseball,2026-06-03 21:40,Seattle Mariners,New York Mets,USA - MLB,Bet365,Batter Strikeouts O/U,Luis Torrens (1) (0.5),,,,1.58,2.30,,,0.5,"{""label"": ""Luis Torrens (1) (0.5)"", ""hdp"": 0.5, ""over"": ""1.58"", ""under"": ""2.30""}",2026-06-03T08:41:01.106Z
63303087,Baseball,2026-06-03 21:40,Seattle Mariners,New York Mets,USA - MLB,Bet365,Batter Strikeouts O/U,Mark Vientos (1) (1.5),,,,2.70,1.43,,,1.5,"{""label"": ""Mark Vientos (1) (1.5)"", ""hdp"": 1.5, ""over"": ""2.70"", ""under"": ""1.43""}",2026-06-03T08:41:01.106Z
63303087,Baseball,2026-06-03 21:40,Seattle Mariners,New York Mets,USA - MLB,Bet365,Batter Strikeouts O/U,Jared Young (1) (1.5),,,,2.65,1.44,,,1.5,"{""label"": ""Jared Young (1) (1.5)"", ""hdp"": 1.5, ""over"": ""2.65"", ""under"": ""1.44""}",2026-06-03T08:41:01.106Z
63303087,Baseball,2026-06-03 21:40,Seattle Mariners,New York Mets,USA - MLB,Bet365,Batter Strikeouts O/U,Randy Arozarena (2) (1.5),,,,2.60,1.45,,,1.5,"{""label"": ""Randy Arozarena (2) (1.5)"", ""hdp"": 1.5, ""over"": ""2.60"", ""under"": ""1.45""}",2026-06-03T08:41:01.106Z
63303087,Baseball,2026-06-03 21:40,Seattle Mariners,New York Mets,USA - MLB,Bet365,Batter Strikeouts O/U,Dominic Canzone (2) (0.5),,,,1.50,2.50,,,0.5,"{""label"": ""Dominic Canzone (2) (0.5)"", ""hdp"": 0.5, ""over"": ""1.50"", ""under"": ""2.50""}",2026-06-03T08:41:01.106Z
63303087,Baseball,2026-06-03 21:40,Seattle Mariners,New York Mets,USA - MLB,Bet365,Batter Strikeouts O/U,J.P. Crawford (2) (0.5),,,,1.40,2.85,,,0.5,"{""label"": ""J.P. Crawford (2) (0.5)"", ""hdp"": 0.5, ""over"": ""1.40"", ""under"": ""2.85""}",2026-06-03T08:41:01.106Z
63303087,Baseball,2026-06-03 21:40,Seattle Mariners,New York Mets,USA - MLB,Bet365,Batter Strikeouts O/U,Colt Emerson (2) (0.5),,,,1.38,2.90,,,0.5,"{""label"": ""Colt Emerson (2) (0.5)"", ""hdp"": 0.5, ""over"": ""1.38"", ""under"": ""2.90""}",2026-06-03T08:41:01.106Z
63303087,Baseball,2026-06-03 21:40,Seattle Mariners,New York Mets,USA - MLB,Bet365,Batter Strikeouts O/U,Mitch Garver (2) (1.5),,,,2.65,1.44,,,1.5,"{""label"": ""Mitch Garver (2) (1.5)"", ""hdp"": 1.5, ""over"": ""2.65"", ""under"": ""1.44""}",2026-06-03T08:41:01.106Z
63303087,Baseball,2026-06-03 21:40,Seattle Mariners,New York Mets,USA - MLB,Bet365,Batter Strikeouts O/U,Josh Naylor (2) (0.5),,,,1.90,1.83,,,0.5,"{""label"": ""Josh Naylor (2) (0.5)"", ""hdp"": 0.5, ""over"": ""1.90"", ""under"": ""1.83""}",2026-06-03T08:41:01.106Z
63303087,Baseball,2026-06-03 21:40,Seattle Mariners,New York Mets,USA - MLB,Bet365,Batter Strikeouts O/U,Luke Raley (2) (1.5),,,,2.35,1.55,,,1.5,"{""label"": ""Luke Raley (2) (1.5)"", ""hdp"": 1.5, ""over"": ""2.35"", ""under"": ""1.55""}",2026-06-03T08:41:01.106Z
63303087,Baseball,2026-06-03 21:40,Seattle Mariners,New York Mets,USA - MLB,Bet365,Batter Strikeouts O/U,Julio Rodriguez (2) (1.5),,,,2.65,1.44,,,1.5,"{""label"": ""Julio Rodriguez (2) (1.5)"", ""hdp"": 1.5, ""over"": ""2.65"", ""under"": ""1.44""}",2026-06-03T08:41:01.106Z
63303087,Baseball,2026-06-03 21:40,Seattle Mariners,New York Mets,USA - MLB,Bet365,Batter Strikeouts O/U,Cole Young (2) (0.5),,,,1.50,2.50,,,0.5,"{""label"": ""Cole Young (2) (0.5)"", ""hdp"": 0.5, ""over"": ""1.50"", ""under"": ""2.50""}",2026-06-03T08:41:01.106Z
63303087,Baseball,2026-06-03 21:40,Seattle Mariners,New York Mets,USA - MLB,Bet365,First 5 Innings Totals,,,,,1.86,1.86,,,4,"{""hdp"": 4, ""over"": ""1.86"", ""under"": ""1.86""}",2026-06-03T04:00:30.218Z
63303087,Baseball,2026-06-03 21:40,Seattle Mariners,New York Mets,USA - MLB,Bet365,Pitcher Walks Issued O/U,Freddy Peralta (1) (2.5),,,,2.40,1.52,,,2.5,"{""label"": ""Freddy Peralta (1) (2.5)"", ""hdp"": 2.5, ""over"": ""2.40"", ""under"": ""1.52""}",2026-06-03T06:39:03.62Z
63303087,Baseball,2026-06-03 21:40,Seattle Mariners,New York Mets,USA - MLB,Bet365,Pitcher Walks Issued O/U,George Kirby (2) (1.5),,,,2.32,1.57,,,1.5,"{""label"": ""George Kirby (2) (1.5)"", ""hdp"": 1.5, ""over"": ""2.32"", ""under"": ""1.57""}",2026-06-03T06:39:03.62Z
63303087,Baseball,2026-06-03 21:40,Seattle Mariners,New York Mets,USA - MLB,Bet365,Runs Batted In O/U,Brett Baty (1) (0.5),,,,3.90,1.23,,,0.5,"{""label"": ""Brett Baty (1) (0.5)"", ""hdp"": 0.5, ""over"": ""3.90"", ""under"": ""1.23""}",2026-06-03T06:39:47.938Z
63303087,Baseball,2026-06-03 21:40,Seattle Mariners,New York Mets,USA - MLB,Bet365,Runs Batted In O/U,Carson Benge (1) (0.5),,,,4.00,1.22,,,0.5,"{""label"": ""Carson Benge (1) (0.5)"", ""hdp"": 0.5, ""over"": ""4.00"", ""under"": ""1.22""}",2026-06-03T06:39:47.938Z
63303087,Baseball,2026-06-03 21:40,Seattle Mariners,New York Mets,USA - MLB,Bet365,Runs Batted In O/U,Bo Bichette (1) (0.5),,,,3.15,1.32,,,0.5,"{""label"": ""Bo Bichette (1) (0.5)"", ""hdp"": 0.5, ""over"": ""3.15"", ""under"": ""1.32""}",2026-06-03T06:39:47.938Z
63303087,Baseball,2026-06-03 21:40,Seattle Mariners,New York Mets,USA - MLB,Bet365,Runs Batted In O/U,A.J. Ewing (1) (0.5),,,,4.00,1.22,,,0.5,"{""label"": ""A.J. Ewing (1) (0.5)"", ""hdp"": 0.5, ""over"": ""4.00"", ""under"": ""1.22""}",2026-06-03T06:39:47.938Z
63303087,Baseball,2026-06-03 21:40,Seattle Mariners,New York Mets,USA - MLB,Bet365,Runs Batted In O/U,Marcus Semien (1) (0.5),,,,3.60,1.27,,,0.5,"{""label"": ""Marcus Semien (1) (0.5)"", ""hdp"": 0.5, ""over"": ""3.60"", ""under"": ""1.27""}",2026-06-03T06:39:47.938Z
63303087,Baseball,2026-06-03 21:40,Seattle Mariners,New York Mets,USA - MLB,Bet365,Runs Batted In O/U,Juan Soto (1) (0.5),,,,2.85,1.40,,,0.5,"{""label"": ""Juan Soto (1) (0.5)"", ""hdp"": 0.5, ""over"": ""2.85"", ""under"": ""1.40""}",2026-06-03T06:39:47.938Z
63303087,Baseball,2026-06-03 21:40,Seattle Mariners,New York Mets,USA - MLB,Bet365,Runs Batted In O/U,Luis Torrens (1) (0.5),,,,4.00,1.22,,,0.5,"{""label"": ""Luis Torrens (1) (0.5)"", ""hdp"": 0.5, ""over"": ""4.00"", ""under"": ""1.22""}",2026-06-03T06:39:47.938Z
63303087,Baseball,2026-06-03 21:40,Seattle Mariners,New York Mets,USA - MLB,Bet365,Runs Batted In O/U,Mark Vientos (1) (0.5),,,,2.75,1.42,,,0.5,"{""label"": ""Mark Vientos (1) (0.5)"", ""hdp"": 0.5, ""over"": ""2.75"", ""under"": ""1.42""}",2026-06-03T06:39:47.938Z
63303087,Baseball,2026-06-03 21:40,Seattle Mariners,New York Mets,USA - MLB,Bet365,Runs Batted In O/U,Jared Young (1) (0.5),,,,3.05,1.34,,,0.5,"{""label"": ""Jared Young (1) (0.5)"", ""hdp"": 0.5, ""over"": ""3.05"", ""under"": ""1.34""}",2026-06-03T06:39:47.938Z
63303087,Baseball,2026-06-03 21:40,Seattle Mariners,New York Mets,USA - MLB,Bet365,Runs Batted In O/U,Randy Arozarena (2) (0.5),,,,2.90,1.38,,,0.5,"{""label"": ""Randy Arozarena (2) (0.5)"", ""hdp"": 0.5, ""over"": ""2.90"", ""under"": ""1.38""}",2026-06-03T06:39:47.938Z
63303087,Baseball,2026-06-03 21:40,Seattle Mariners,New York Mets,USA - MLB,Bet365,Runs Batted In O/U,Dominic Canzone (2) (0.5),,,,3.50,1.28,,,0.5,"{""label"": ""Dominic Canzone (2) (0.5)"", ""hdp"": 0.5, ""over"": ""3.50"", ""under"": ""1.28""}",2026-06-03T06:39:47.938Z
63303087,Baseball,2026-06-03 21:40,Seattle Mariners,New York Mets,USA - MLB,Bet365,Runs Batted In O/U,J.P. Crawford (2) (0.5),,,,3.70,1.26,,,0.5,"{""label"": ""J.P. Crawford (2) (0.5)"", ""hdp"": 0.5, ""over"": ""3.70"", ""under"": ""1.26""}",2026-06-03T06:39:47.938Z
63303087,Baseball,2026-06-03 21:40,Seattle Mariners,New York Mets,USA - MLB,Bet365,Runs Batted In O/U,Colt Emerson (2) (0.5),,,,3.95,1.22,,,0.5,"{""label"": ""Colt Emerson (2) (0.5)"", ""hdp"": 0.5, ""over"": ""3.95"", ""under"": ""1.22""}",2026-06-03T06:39:47.938Z
63303087,Baseball,2026-06-03 21:40,Seattle Mariners,New York Mets,USA - MLB,Bet365,Runs Batted In O/U,Mitch Garver (2) (0.5),,,,3.80,1.25,,,0.5,"{""label"": ""Mitch Garver (2) (0.5)"", ""hdp"": 0.5, ""over"": ""3.80"", ""under"": ""1.25""}",2026-06-03T06:39:47.938Z
63303087,Baseball,2026-06-03 21:40,Seattle Mariners,New York Mets,USA - MLB,Bet365,Runs Batted In O/U,Josh Naylor (2) (0.5),,,,2.85,1.40,,,0.5,"{""label"": ""Josh Naylor (2) (0.5)"", ""hdp"": 0.5, ""over"": ""2.85"", ""under"": ""1.40""}",2026-06-03T06:39:47.938Z
63303087,Baseball,2026-06-03 21:40,Seattle Mariners,New York Mets,USA - MLB,Bet365,Runs Batted In O/U,Luke Raley (2) (0.5),,,,3.60,1.27,,,0.5,"{""label"": ""Luke Raley (2) (0.5)"", ""hdp"": 0.5, ""over"": ""3.60"", ""under"": ""1.27""}",2026-06-03T06:39:47.938Z
63303087,Baseball,2026-06-03 21:40,Seattle Mariners,New York Mets,USA - MLB,Bet365,Runs Batted In O/U,Julio Rodriguez (2) (0.5),,,,2.82,1.40,,,0.5,"{""label"": ""Julio Rodriguez (2) (0.5)"", ""hdp"": 0.5, ""over"": ""2.82"", ""under"": ""1.40""}",2026-06-03T06:39:47.938Z
63303087,Baseball,2026-06-03 21:40,Seattle Mariners,New York Mets,USA - MLB,Bet365,Runs Batted In O/U,Cole Young (2) (0.5),,,,3.20,1.31,,,0.5,"{""label"": ""Cole Young (2) (0.5)"", ""hdp"": 0.5, ""over"": ""3.20"", ""under"": ""1.31""}",2026-06-03T06:39:47.938Z
63303087,Baseball,2026-06-03 21:40,Seattle Mariners,New York Mets,USA - MLB,Bet365,Runs O/U,Brett Baty (1) (0.5),,,,3.10,1.33,,,0.5,"{""label"": ""Brett Baty (1) (0.5)"", ""hdp"": 0.5, ""over"": ""3.10"", ""under"": ""1.33""}",2026-06-03T06:38:49.244Z
63303087,Baseball,2026-06-03 21:40,Seattle Mariners,New York Mets,USA - MLB,Bet365,Runs O/U,Carson Benge (1) (0.5),,,,2.35,1.55,,,0.5,"{""label"": ""Carson Benge (1) (0.5)"", ""hdp"": 0.5, ""over"": ""2.35"", ""under"": ""1.55""}",2026-06-03T06:38:49.244Z
63303087,Baseball,2026-06-03 21:40,Seattle Mariners,New York Mets,USA - MLB,Bet365,Runs O/U,Bo Bichette (1) (0.5),,,,2.35,1.55,,,0.5,"{""label"": ""Bo Bichette (1) (0.5)"", ""hdp"": 0.5, ""over"": ""2.35"", ""under"": ""1.55""}",2026-06-03T06:38:49.244Z
63303087,Baseball,2026-06-03 21:40,Seattle Mariners,New York Mets,USA - MLB,Bet365,Runs O/U,A.J. Ewing (1) (0.5),,,,3.10,1.33,,,0.5,"{""label"": ""A.J. Ewing (1) (0.5)"", ""hdp"": 0.5, ""over"": ""3.10"", ""under"": ""1.33""}",2026-06-03T06:38:49.244Z
63303087,Baseball,2026-06-03 21:40,Seattle Mariners,New York Mets,USA - MLB,Bet365,Runs O/U,Marcus Semien (1) (0.5),,,,2.85,1.40,,,0.5,"{""label"": ""Marcus Semien (1) (0.5)"", ""hdp"": 0.5, ""over"": ""2.85"", ""under"": ""1.40""}",2026-06-03T06:38:49.244Z
63303087,Baseball,2026-06-03 21:40,Seattle Mariners,New York Mets,USA - MLB,Bet365,Runs O/U,Juan Soto (1) (0.5),,,,2.10,1.66,,,0.5,"{""label"": ""Juan Soto (1) (0.5)"", ""hdp"": 0.5, ""over"": ""2.10"", ""under"": ""1.66""}",2026-06-03T06:38:49.244Z
63303087,Baseball,2026-06-03 21:40,Seattle Mariners,New York Mets,USA - MLB,Bet365,Runs O/U,Luis Torrens (1) (0.5),,,,3.50,1.28,,,0.5,"{""label"": ""Luis Torrens (1) (0.5)"", ""hdp"": 0.5, ""over"": ""3.50"", ""under"": ""1.28""}",2026-06-03T06:38:49.244Z
63303087,Baseball,2026-06-03 21:40,Seattle Mariners,New York Mets,USA - MLB,Bet365,Runs O/U,Mark Vientos (1) (0.5),,,,2.80,1.41,,,0.5,"{""label"": ""Mark Vientos (1) (0.5)"", ""hdp"": 0.5, ""over"": ""2.80"", ""under"": ""1.41""}",2026-06-03T06:38:49.244Z
63303087,Baseball,2026-06-03 21:40,Seattle Mariners,New York Mets,USA - MLB,Bet365,Runs O/U,Jared Young (1) (0.5),,,,2.82,1.40,,,0.5,"{""label"": ""Jared Young (1) (0.5)"", ""hdp"": 0.5, ""over"": ""2.82"", ""under"": ""1.40""}",2026-06-03T06:38:49.244Z
63303087,Baseball,2026-06-03 21:40,Seattle Mariners,New York Mets,USA - MLB,Bet365,Runs O/U,Randy Arozarena (2) (0.5),,,,2.30,1.58,,,0.5,"{""label"": ""Randy Arozarena (2) (0.5)"", ""hdp"": 0.5, ""over"": ""2.30"", ""under"": ""1.58""}",2026-06-03T06:38:49.244Z
63303087,Baseball,2026-06-03 21:40,Seattle Mariners,New York Mets,USA - MLB,Bet365,Runs O/U,Dominic Canzone (2) (0.5),,,,3.00,1.36,,,0.5,"{""label"": ""Dominic Canzone (2) (0.5)"", ""hdp"": 0.5, ""over"": ""3.00"", ""under"": ""1.36""}",2026-06-03T06:38:49.244Z
63303087,Baseball,2026-06-03 21:40,Seattle Mariners,New York Mets,USA - MLB,Bet365,Runs O/U,J.P. Crawford (2) (0.5),,,,2.20,1.62,,,0.5,"{""label"": ""J.P. Crawford (2) (0.5)"", ""hdp"": 0.5, ""over"": ""2.20"", ""under"": ""1.62""}",2026-06-03T06:38:49.244Z
63303087,Baseball,2026-06-03 21:40,Seattle Mariners,New York Mets,USA - MLB,Bet365,Runs O/U,Colt Emerson (2) (0.5),,,,2.95,1.37,,,0.5,"{""label"": ""Colt Emerson (2) (0.5)"", ""hdp"": 0.5, ""over"": ""2.95"", ""under"": ""1.37""}",2026-06-03T06:38:49.244Z
63303087,Baseball,2026-06-03 21:40,Seattle Mariners,New York Mets,USA - MLB,Bet365,Runs O/U,Mitch Garver (2) (0.5),,,,2.95,1.37,,,0.5,"{""label"": ""Mitch Garver (2) (0.5)"", ""hdp"": 0.5, ""over"": ""2.95"", ""under"": ""1.37""}",2026-06-03T06:38:49.244Z
63303087,Baseball,2026-06-03 21:40,Seattle Mariners,New York Mets,USA - MLB,Bet365,Runs O/U,Josh Naylor (2) (0.5),,,,2.40,1.52,,,0.5,"{""label"": ""Josh Naylor (2) (0.5)"", ""hdp"": 0.5, ""over"": ""2.40"", ""under"": ""1.52""}",2026-06-03T06:38:49.244Z
63303087,Baseball,2026-06-03 21:40,Seattle Mariners,New York Mets,USA - MLB,Bet365,Runs O/U,Luke Raley (2) (0.5),,,,2.70,1.43,,,0.5,"{""label"": ""Luke Raley (2) (0.5)"", ""hdp"": 0.5, ""over"": ""2.70"", ""under"": ""1.43""}",2026-06-03T06:38:49.244Z
63303087,Baseball,2026-06-03 21:40,Seattle Mariners,New York Mets,USA - MLB,Bet365,Runs O/U,Julio Rodriguez (2) (0.5),,,,2.10,1.66,,,0.5,"{""label"": ""Julio Rodriguez (2) (0.5)"", ""hdp"": 0.5, ""over"": ""2.10"", ""under"": ""1.66""}",2026-06-03T06:38:49.244Z
63303087,Baseball,2026-06-03 21:40,Seattle Mariners,New York Mets,USA - MLB,Bet365,Runs O/U,Cole Young (2) (0.5),,,,2.80,1.41,,,0.5,"{""label"": ""Cole Young (2) (0.5)"", ""hdp"": 0.5, ""over"": ""2.80"", ""under"": ""1.41""}",2026-06-03T06:38:49.244Z
63303087,Baseball,2026-06-03 21:40,Seattle Mariners,New York Mets,USA - MLB,Bet365,Total Bases O/U,Brett Baty (1) (1.5),,,,3.15,1.32,,,1.5,"{""label"": ""Brett Baty (1) (1.5)"", ""hdp"": 1.5, ""over"": ""3.15"", ""under"": ""1.32""}",2026-06-03T06:44:18.255Z
63303087,Baseball,2026-06-03 21:40,Seattle Mariners,New York Mets,USA - MLB,Bet365,Total Bases O/U,Carson Benge (1) (1.5),,,,2.70,1.43,,,1.5,"{""label"": ""Carson Benge (1) (1.5)"", ""hdp"": 1.5, ""over"": ""2.70"", ""under"": ""1.43""}",2026-06-03T06:44:18.255Z
63303087,Baseball,2026-06-03 21:40,Seattle Mariners,New York Mets,USA - MLB,Bet365,Total Bases O/U,Bo Bichette (1) (1.5),,,,2.20,1.62,,,1.5,"{""label"": ""Bo Bichette (1) (1.5)"", ""hdp"": 1.5, ""over"": ""2.20"", ""under"": ""1.62""}",2026-06-03T06:44:18.255Z
63303087,Baseball,2026-06-03 21:40,Seattle Mariners,New York Mets,USA - MLB,Bet365,Total Bases O/U,A.J. Ewing (1) (1.5),,,,3.30,1.30,,,1.5,"{""label"": ""A.J. Ewing (1) (1.5)"", ""hdp"": 1.5, ""over"": ""3.30"", ""under"": ""1.30""}",2026-06-03T06:44:18.255Z
63303087,Baseball,2026-06-03 21:40,Seattle Mariners,New York Mets,USA - MLB,Bet365,Total Bases O/U,Marcus Semien (1) (1.5),,,,2.85,1.40,,,1.5,"{""label"": ""Marcus Semien (1) (1.5)"", ""hdp"": 1.5, ""over"": ""2.85"", ""under"": ""1.40""}",2026-06-03T06:44:18.255Z
63303087,Baseball,2026-06-03 21:40,Seattle Mariners,New York Mets,USA - MLB,Bet365,Total Bases O/U,Juan Soto (1) (1.5),,,,2.32,1.57,,,1.5,"{""label"": ""Juan Soto (1) (1.5)"", ""hdp"": 1.5, ""over"": ""2.32"", ""under"": ""1.57""}",2026-06-03T06:44:18.255Z
63303087,Baseball,2026-06-03 21:40,Seattle Mariners,New York Mets,USA - MLB,Bet365,Total Bases O/U,Luis Torrens (1) (1.5),,,,3.70,1.26,,,1.5,"{""label"": ""Luis Torrens (1) (1.5)"", ""hdp"": 1.5, ""over"": ""3.70"", ""under"": ""1.26""}",2026-06-03T06:44:18.255Z
63303087,Baseball,2026-06-03 21:40,Seattle Mariners,New York Mets,USA - MLB,Bet365,Total Bases O/U,Mark Vientos (1) (1.5),,,,2.65,1.44,,,1.5,"{""label"": ""Mark Vientos (1) (1.5)"", ""hdp"": 1.5, ""over"": ""2.65"", ""under"": ""1.44""}",2026-06-03T06:44:18.255Z
63303087,Baseball,2026-06-03 21:40,Seattle Mariners,New York Mets,USA - MLB,Bet365,Total Bases O/U,Jared Young (1) (1.5),,,,2.95,1.37,,,1.5,"{""label"": ""Jared Young (1) (1.5)"", ""hdp"": 1.5, ""over"": ""2.95"", ""under"": ""1.37""}",2026-06-03T06:44:18.255Z
63303087,Baseball,2026-06-03 21:40,Seattle Mariners,New York Mets,USA - MLB,Bet365,Total Bases O/U,Randy Arozarena (2) (1.5),,,,2.80,1.41,,,1.5,"{""label"": ""Randy Arozarena (2) (1.5)"", ""hdp"": 1.5, ""over"": ""2.80"", ""under"": ""1.41""}",2026-06-03T06:44:18.255Z
63303087,Baseball,2026-06-03 21:40,Seattle Mariners,New York Mets,USA - MLB,Bet365,Total Bases O/U,Dominic Canzone (2) (1.5),,,,3.02,1.35,,,1.5,"{""label"": ""Dominic Canzone (2) (1.5)"", ""hdp"": 1.5, ""over"": ""3.02"", ""under"": ""1.35""}",2026-06-03T06:44:18.255Z
63303087,Baseball,2026-06-03 21:40,Seattle Mariners,New York Mets,USA - MLB,Bet365,Total Bases O/U,J.P. Crawford (2) (1.5),,,,2.75,1.42,,,1.5,"{""label"": ""J.P. Crawford (2) (1.5)"", ""hdp"": 1.5, ""over"": ""2.75"", ""under"": ""1.42""}",2026-06-03T06:44:18.255Z
63303087,Baseball,2026-06-03 21:40,Seattle Mariners,New York Mets,USA - MLB,Bet365,Total Bases O/U,Colt Emerson (2) (1.5),,,,3.15,1.32,,,1.5,"{""label"": ""Colt Emerson (2) (1.5)"", ""hdp"": 1.5, ""over"": ""3.15"", ""under"": ""1.32""}",2026-06-03T06:44:18.255Z
63303087,Baseball,2026-06-03 21:40,Seattle Mariners,New York Mets,USA - MLB,Bet365,Total Bases O/U,Mitch Garver (2) (1.5),,,,3.80,1.25,,,1.5,"{""label"": ""Mitch Garver (2) (1.5)"", ""hdp"": 1.5, ""over"": ""3.80"", ""under"": ""1.25""}",2026-06-03T06:44:18.255Z
63303087,Baseball,2026-06-03 21:40,Seattle Mariners,New York Mets,USA - MLB,Bet365,Total Bases O/U,Josh Naylor (2) (1.5),,,,2.32,1.57,,,1.5,"{""label"": ""Josh Naylor (2) (1.5)"", ""hdp"": 1.5, ""over"": ""2.32"", ""under"": ""1.57""}",2026-06-03T06:44:18.255Z
63303087,Baseball,2026-06-03 21:40,Seattle Mariners,New York Mets,USA - MLB,Bet365,Total Bases O/U,Luke Raley (2) (1.5),,,,3.10,1.33,,,1.5,"{""label"": ""Luke Raley (2) (1.5)"", ""hdp"": 1.5, ""over"": ""3.10"", ""under"": ""1.33""}",2026-06-03T06:44:18.255Z
63303087,Baseball,2026-06-03 21:40,Seattle Mariners,New York Mets,USA - MLB,Bet365,Total Bases O/U,Julio Rodriguez (2) (1.5),,,,2.25,1.60,,,1.5,"{""label"": ""Julio Rodriguez (2) (1.5)"", ""hdp"": 1.5, ""over"": ""2.25"", ""under"": ""1.60""}",2026-06-03T06:44:18.255Z
63303087,Baseball,2026-06-03 21:40,Seattle Mariners,New York Mets,USA - MLB,Bet365,Total Bases O/U,Cole Young (2) (1.5),,,,2.90,1.38,,,1.5,"{""label"": ""Cole Young (2) (1.5)"", ""hdp"": 1.5, ""over"": ""2.90"", ""under"": ""1.38""}",2026-06-03T06:44:18.255Z
66778118,Baseball,2026-06-03 11:00,Hanshin Tigers,Saitama Seibu Lions,Japan - NPB,Bet365,ML,,1.62,,2.20,,,,,,"{""home"": ""1.62"", ""away"": ""2.20""}",2026-06-03T08:01:46.127Z
66778118,Baseball,2026-06-03 11:00,Hanshin Tigers,Saitama Seibu Lions,Japan - NPB,Bet365,Spread,,2.55,,1.47,,,,,-1.5,"{""hdp"": -1.5, ""home"": ""2.55"", ""away"": ""1.47""}",2026-06-03T08:01:46.127Z
66778118,Baseball,2026-06-03 11:00,Hanshin Tigers,Saitama Seibu Lions,Japan - NPB,Bet365,Totals,,,,,1.95,1.74,,,6,"{""hdp"": 6, ""over"": ""1.95"", ""under"": ""1.74""}",2026-06-03T08:01:46.127Z
66778118,Baseball,2026-06-03 11:00,Hanshin Tigers,Saitama Seibu Lions,Japan - NPB,Bet365,Team Total Home,,,,,1.62,2.20,,,2.5,"{""hdp"": 2.5, ""over"": ""1.62"", ""under"": ""2.20""}",2026-06-03T07:14:43.186Z
66778118,Baseball,2026-06-03 11:00,Hanshin Tigers,Saitama Seibu Lions,Japan - NPB,Bet365,Team Total Away,,,,,1.86,1.80,,,2.5,"{""hdp"": 2.5, ""over"": ""1.86"", ""under"": ""1.80""}",2026-06-03T07:14:43.186Z
66778118,Baseball,2026-06-03 11:00,Hanshin Tigers,Saitama Seibu Lions,Japan - NPB,Bet365,3-Way,Total (Tie) (null),8.50,,,,,,,,"{""label"": ""Total (Tie) (null)"", ""home"": ""8.50""}",2026-06-03T07:22:43.002Z
66778118,Baseball,2026-06-03 11:00,Hanshin Tigers,Saitama Seibu Lions,Japan - NPB,Bet365,3-Way,Run Line (1) (1),,,2.10,,,,,1,"{""label"": ""Run Line (1) (1)"", ""hdp"": 1, ""away"": ""2.10""}",2026-06-03T07:22:43.002Z
66778118,Baseball,2026-06-03 11:00,Hanshin Tigers,Saitama Seibu Lions,Japan - NPB,Bet365,3-Way,Total (1) (6),1.86,,2.15,,,,,6,"{""label"": ""Total (1) (6)"", ""hdp"": 6, ""home"": ""1.86"", ""away"": ""2.15""}",2026-06-03T07:22:43.002Z
66778118,Baseball,2026-06-03 11:00,Hanshin Tigers,Saitama Seibu Lions,Japan - NPB,Bet365,3-Way,Result (1),,,2.25,,,,,,"{""label"": ""Result (1)"", ""away"": ""2.25""}",2026-06-03T07:22:43.002Z
66778118,Baseball,2026-06-03 11:00,Hanshin Tigers,Saitama Seibu Lions,Japan - NPB,Bet365,3-Way,Result (Tie),21.00,,,,,,,,"{""label"": ""Result (Tie)"", ""home"": ""21.00""}",2026-06-03T07:22:43.002Z
66778118,Baseball,2026-06-03 11:00,Hanshin Tigers,Saitama Seibu Lions,Japan - NPB,Bet365,3-Way,Run Line (2) (-1),2.55,,,,,,,-1,"{""label"": ""Run Line (2) (-1)"", ""hdp"": -1, ""home"": ""2.55""}",2026-06-03T07:22:43.002Z
66778118,Baseball,2026-06-03 11:00,Hanshin Tigers,Saitama Seibu Lions,Japan - NPB,Bet365,3-Way,Result (2),1.66,,,,,,,,"{""label"": ""Result (2)"", ""home"": ""1.66""}",2026-06-03T07:22:43.002Z
66778118,Baseball,2026-06-03 11:00,Hanshin Tigers,Saitama Seibu Lions,Japan - NPB,Bet365,Alternative Run Line,,1.18,,,,,,,-2.5,"{""hdp"": -2.5, ""home"": ""1.18""}",2026-06-03T08:01:46.127Z
66778118,Baseball,2026-06-03 11:00,Hanshin Tigers,Saitama Seibu Lions,Japan - NPB,Bet365,Alternative Run Line,,1.33,,,,,,,-1.5,"{""hdp"": -1.5, ""home"": ""1.33""}",2026-06-03T08:01:46.127Z
66778118,Baseball,2026-06-03 11:00,Hanshin Tigers,Saitama Seibu Lions,Japan - NPB,Bet365,Alternative Run Line,,4.75,,,,,,,3.5,"{""hdp"": 3.5, ""home"": ""4.75""}",2026-06-03T08:01:46.127Z
66778118,Baseball,2026-06-03 11:00,Hanshin Tigers,Saitama Seibu Lions,Japan - NPB,Bet365,Alternative Run Line,,1.10,,,,,,,-3.5,"{""hdp"": -3.5, ""home"": ""1.10""}",2026-06-03T08:01:46.127Z
66778118,Baseball,2026-06-03 11:00,Hanshin Tigers,Saitama Seibu Lions,Japan - NPB,Bet365,Alternative Run Line,,1.57,,,,,,,-0.5,"{""hdp"": -0.5, ""home"": ""1.57""}",2026-06-03T08:01:46.127Z
66778118,Baseball,2026-06-03 11:00,Hanshin Tigers,Saitama Seibu Lions,Japan - NPB,Bet365,Alternative Run Line,,1.66,,,,,,,0.5,"{""hdp"": 0.5, ""home"": ""1.66""}",2026-06-03T08:01:46.127Z
66778118,Baseball,2026-06-03 11:00,Hanshin Tigers,Saitama Seibu Lions,Japan - NPB,Bet365,Alternative Run Line,,3.55,,,,,,,2.5,"{""hdp"": 2.5, ""home"": ""3.55""}",2026-06-03T08:01:46.127Z
66778118,Baseball,2026-06-03 11:00,Hanshin Tigers,Saitama Seibu Lions,Japan - NPB,Bet365,Alternative Run Line,,7.00,,,,,,,4.5,"{""hdp"": 4.5, ""home"": ""7.00""}",2026-06-03T08:01:46.127Z
66778118,Baseball,2026-06-03 11:00,Hanshin Tigers,Saitama Seibu Lions,Japan - NPB,Bet365,First 5 Innings Totals,,,,,1.80,1.86,,,3,"{""hdp"": 3, ""over"": ""1.80"", ""under"": ""1.86""}",2026-06-03T05:13:12.938Z
66778118,Baseball,2026-06-03 11:00,Hanshin Tigers,Saitama Seibu Lions,Japan - NPB,Bet365,First 5 Innings ML,,1.62,,2.20,,,,,,"{""home"": ""1.62"", ""away"": ""2.20""}",2026-06-03T05:13:12.938Z
66778120,Baseball,2026-06-03 11:00,Hiroshima Toyo Carp,Hokkaido Nippon-Ham Fighters,Japan - NPB,Bet365,ML,,1.60,,2.25,,,,,,"{""home"": ""1.60"", ""away"": ""2.25""}",2026-06-03T05:26:28.007Z
66778120,Baseball,2026-06-03 11:00,Hiroshima Toyo Carp,Hokkaido Nippon-Ham Fighters,Japan - NPB,Bet365,Spread,,2.25,,1.60,,,,,-1.5,"{""hdp"": -1.5, ""home"": ""2.25"", ""away"": ""1.60""}",2026-06-03T05:26:28.007Z
66778120,Baseball,2026-06-03 11:00,Hiroshima Toyo Carp,Hokkaido Nippon-Ham Fighters,Japan - NPB,Bet365,Totals,,,,,1.95,1.74,,,6.5,"{""hdp"": 6.5, ""over"": ""1.95"", ""under"": ""1.74""}",2026-06-03T08:06:45.434Z
66778120,Baseball,2026-06-03 11:00,Hiroshima Toyo Carp,Hokkaido Nippon-Ham Fighters,Japan - NPB,Bet365,Team Total Home,,,,,1.95,1.74,,,3.5,"{""hdp"": 3.5, ""over"": ""1.95"", ""under"": ""1.74""}",2026-06-03T06:45:04.532Z
66778120,Baseball,2026-06-03 11:00,Hiroshima Toyo Carp,Hokkaido Nippon-Ham Fighters,Japan - NPB,Bet365,Team Total Away,,,,,1.83,1.83,,,2.5,"{""hdp"": 2.5, ""over"": ""1.83"", ""under"": ""1.83""}",2026-06-03T04:15:51.027Z
66778120,Baseball,2026-06-03 11:00,Hiroshima Toyo Carp,Hokkaido Nippon-Ham Fighters,Japan - NPB,Bet365,Alternative Run Line,,,,1.12,,,,,-4.5,"{""hdp"": -4.5, ""away"": ""1.12""}",2026-06-03T05:26:28.007Z
66778120,Baseball,2026-06-03 11:00,Hiroshima Toyo Carp,Hokkaido Nippon-Ham Fighters,Japan - NPB,Bet365,Alternative Run Line,,,,1.34,,,,,-2.5,"{""hdp"": -2.5, ""away"": ""1.34""}",2026-06-03T05:26:28.007Z
66778120,Baseball,2026-06-03 11:00,Hiroshima Toyo Carp,Hokkaido Nippon-Ham Fighters,Japan - NPB,Bet365,Alternative Run Line,,,,1.20,,,,,-3.5,"{""hdp"": -3.5, ""away"": ""1.20""}",2026-06-03T05:26:28.007Z
66778120,Baseball,2026-06-03 11:00,Hiroshima Toyo Carp,Hokkaido Nippon-Ham Fighters,Japan - NPB,Bet365,Alternative Run Line,,,,2.12,,,,,-0.5,"{""hdp"": -0.5, ""away"": ""2.12""}",2026-06-03T05:26:28.007Z
66778120,Baseball,2026-06-03 11:00,Hiroshima Toyo Carp,Hokkaido Nippon-Ham Fighters,Japan - NPB,Bet365,Alternative Run Line,,,,2.30,,,,,0.5,"{""hdp"": 0.5, ""away"": ""2.30""}",2026-06-03T05:26:28.007Z
66778120,Baseball,2026-06-03 11:00,Hiroshima Toyo Carp,Hokkaido Nippon-Ham Fighters,Japan - NPB,Bet365,Alternative Run Line,,,,3.40,,,,,1.5,"{""hdp"": 1.5, ""away"": ""3.40""}",2026-06-03T05:26:28.007Z
66778120,Baseball,2026-06-03 11:00,Hiroshima Toyo Carp,Hokkaido Nippon-Ham Fighters,Japan - NPB,Bet365,Alternative Run Line,,,,4.75,,,,,2.5,"{""hdp"": 2.5, ""away"": ""4.75""}",2026-06-03T05:26:28.007Z
66778120,Baseball,2026-06-03 11:00,Hiroshima Toyo Carp,Hokkaido Nippon-Ham Fighters,Japan - NPB,Bet365,Alternative Run Line,,,,7.00,,,,,3.5,"{""hdp"": 3.5, ""away"": ""7.00""}",2026-06-03T05:26:28.007Z
66778120,Baseball,2026-06-03 11:00,Hiroshima Toyo Carp,Hokkaido Nippon-Ham Fighters,Japan - NPB,Bet365,3-Way,Run Line (1) (-1),2.25,,,,,,,-1,"{""label"": ""Run Line (1) (-1)"", ""hdp"": -1, ""home"": ""2.25""}",2026-06-03T07:14:43.186Z
66778120,Baseball,2026-06-03 11:00,Hiroshima Toyo Carp,Hokkaido Nippon-Ham Fighters,Japan - NPB,Bet365,3-Way,Result (1),1.64,,,,,,,,"{""label"": ""Result (1)"", ""home"": ""1.64""}",2026-06-03T07:14:43.186Z
66778120,Baseball,2026-06-03 11:00,Hiroshima Toyo Carp,Hokkaido Nippon-Ham Fighters,Japan - NPB,Bet365,3-Way,Result (Tie),,,26.00,,,,,,"{""label"": ""Result (Tie)"", ""away"": ""26.00""}",2026-06-03T07:14:43.186Z
66778120,Baseball,2026-06-03 11:00,Hiroshima Toyo Carp,Hokkaido Nippon-Ham Fighters,Japan - NPB,Bet365,3-Way,Run Line (2) (1),,,2.12,,,,,1,"{""label"": ""Run Line (2) (1)"", ""hdp"": 1, ""away"": ""2.12""}",2026-06-03T07:14:43.186Z
66778120,Baseball,2026-06-03 11:00,Hiroshima Toyo Carp,Hokkaido Nippon-Ham Fighters,Japan - NPB,Bet365,3-Way,Result (2),,,2.30,,,,,,"{""label"": ""Result (2)"", ""away"": ""2.30""}",2026-06-03T07:14:43.186Z
66778120,Baseball,2026-06-03 11:00,Hiroshima Toyo Carp,Hokkaido Nippon-Ham Fighters,Japan - NPB,Bet365,3-Way,Total (Tie) (null),,,8.50,,,,,,"{""label"": ""Total (Tie) (null)"", ""away"": ""8.50""}",2026-06-03T07:14:43.186Z
66778120,Baseball,2026-06-03 11:00,Hiroshima Toyo Carp,Hokkaido Nippon-Ham Fighters,Japan - NPB,Bet365,3-Way,Total (1) (6),1.95,,2.12,,,,,6,"{""label"": ""Total (1) (6)"", ""hdp"": 6, ""home"": ""1.95"", ""away"": ""2.12""}",2026-06-03T07:14:43.186Z
66778120,Baseball,2026-06-03 11:00,Hiroshima Toyo Carp,Hokkaido Nippon-Ham Fighters,Japan - NPB,Bet365,First 5 Innings ML,,1.64,,2.15,,,,,,"{""home"": ""1.64"", ""away"": ""2.15""}",2026-06-03T04:14:51.044Z
66778120,Baseball,2026-06-03 11:00,Hiroshima Toyo Carp,Hokkaido Nippon-Ham Fighters,Japan - NPB,Bet365,First 5 Innings Totals,,,,,1.80,1.86,,,3,"{""hdp"": 3, ""over"": ""1.80"", ""under"": ""1.86""}",2026-06-03T06:39:17.866Z
71827048,Esports,2026-06-03 11:00,Bilibili Gaming,Edward Gaming,League of Legends - LPL,Bet365,ML,,1.03,,10.00,,,,,,"{""home"": ""1.03"", ""away"": ""10.00""}",2026-06-01T15:07:45.733Z
71827048,Esports,2026-06-03 11:00,Bilibili Gaming,Edward Gaming,League of Legends - LPL,Bet365,Spread,,1.61,,2.20,,,,,-2.5,"{""hdp"": -2.5, ""home"": ""1.61"", ""away"": ""2.20""}",2026-06-03T07:04:28.466Z
71827048,Esports,2026-06-03 11:00,Bilibili Gaming,Edward Gaming,League of Legends - LPL,Bet365,Totals,,,,,2.20,1.61,,,3.5,"{""hdp"": 3.5, ""over"": ""2.20"", ""under"": ""1.61""}",2026-06-03T07:10:57.986Z
71827048,Esports,2026-06-03 11:00,Bilibili Gaming,Edward Gaming,League of Legends - LPL,Bet365,Totals,,,,,1.83,1.83,,,100.5,"{""hdp"": 100.5, ""over"": ""1.83"", ""under"": ""1.83""}",2026-06-03T07:10:57.986Z
71827048,Esports,2026-06-03 11:00,Bilibili Gaming,Edward Gaming,League of Legends - LPL,Bet365,1st Map Moneyline,,1.16,,4.50,,,,,,"{""home"": ""1.16"", ""away"": ""4.50""}",2026-06-03T07:04:28.466Z
71827048,Esports,2026-06-03 11:00,Bilibili Gaming,Edward Gaming,League of Legends - LPL,Bet365,2nd Map Moneyline,,1.16,,4.50,,,,,,"{""home"": ""1.16"", ""away"": ""4.50""}",2026-06-03T07:04:28.466Z
71827048,Esports,2026-06-03 11:00,Bilibili Gaming,Edward Gaming,League of Legends - LPL,Bet365,3rd Map Moneyline,,1.16,,4.50,,,,,,"{""home"": ""1.16"", ""away"": ""4.50""}",2026-06-03T07:04:28.466Z
71827048,Esports,2026-06-03 11:00,Bilibili Gaming,Edward Gaming,League of Legends - LPL,Bet365,1st Map Handicap,,,,,1.83,1.83,,,-10.5,"{""hdp"": -10.5, ""over"": ""1.83"", ""under"": ""1.83""}",2026-05-30T16:07:33.306Z
71827048,Esports,2026-06-03 11:00,Bilibili Gaming,Edward Gaming,League of Legends - LPL,Bet365,2nd Map Handicap,,,,,1.83,1.83,,,-10.5,"{""hdp"": -10.5, ""over"": ""1.83"", ""under"": ""1.83""}",2026-05-30T16:11:12.426Z
71827048,Esports,2026-06-03 11:00,Bilibili Gaming,Edward Gaming,League of Legends - LPL,Bet365,3rd Map Handicap,,,,,1.83,1.83,,,-10.5,"{""hdp"": -10.5, ""over"": ""1.83"", ""under"": ""1.83""}",2026-05-30T16:15:58.868Z
71827048,Esports,2026-06-03 11:00,Bilibili Gaming,Edward Gaming,League of Legends - LPL,Bet365,1st Map Total Kills,,,,,1.90,1.80,,,29.5,"{""hdp"": 29.5, ""over"": ""1.90"", ""under"": ""1.80""}",2026-06-01T17:07:42.078Z
71827048,Esports,2026-06-03 11:00,Bilibili Gaming,Edward Gaming,League of Legends - LPL,Bet365,2nd Map Total Kills,,,,,1.90,1.80,,,29.5,"{""hdp"": 29.5, ""over"": ""1.90"", ""under"": ""1.80""}",2026-06-01T15:20:45.871Z
71827048,Esports,2026-06-03 11:00,Bilibili Gaming,Edward Gaming,League of Legends - LPL,Bet365,3rd Map Total Kills,,,,,1.90,1.80,,,29.5,"{""hdp"": 29.5, ""over"": ""1.90"", ""under"": ""1.80""}",2026-06-01T15:20:31.32Z
71899394,Esports,2026-06-03 14:30,Lynn Vision Gaming,Sharks eSports,Counter-Strike - Intel Extreme Masters Cologne,Bet365,ML,,1.72,,2.00,,,,,,"{""home"": ""1.72"", ""away"": ""2.00""}",2026-06-02T22:10:51.751Z
71899394,Esports,2026-06-03 14:30,Lynn Vision Gaming,Sharks eSports,Counter-Strike - Intel Extreme Masters Cologne,Bet365,Map 1 - Alternative Kill Handicap,1 (-6.5),,,2.50,,,,,6.5,"{""label"": ""1 (-6.5)"", ""hdp"": 6.5, ""away"": ""2.50""}",2026-06-03T01:18:34.344Z
71899394,Esports,2026-06-03 14:30,Lynn Vision Gaming,Sharks eSports,Counter-Strike - Intel Extreme Masters Cologne,Bet365,Map 1 - Alternative Kill Handicap,2 (6.5),1.50,,,,,,,-6.5,"{""label"": ""2 (6.5)"", ""hdp"": -6.5, ""home"": ""1.50""}",2026-06-03T01:18:34.344Z
71899394,Esports,2026-06-03 14:30,Lynn Vision Gaming,Sharks eSports,Counter-Strike - Intel Extreme Masters Cologne,Bet365,Map 1 - Alternative Kill Handicap,1 (-11.5),,,3.00,,,,,11.5,"{""label"": ""1 (-11.5)"", ""hdp"": 11.5, ""away"": ""3.00""}",2026-06-03T01:18:34.344Z
71899394,Esports,2026-06-03 14:30,Lynn Vision Gaming,Sharks eSports,Counter-Strike - Intel Extreme Masters Cologne,Bet365,Map 1 - Alternative Kill Handicap,1 (-1.5),,,2.10,,,,,1.5,"{""label"": ""1 (-1.5)"", ""hdp"": 1.5, ""away"": ""2.10""}",2026-06-03T01:18:34.344Z
71899394,Esports,2026-06-03 14:30,Lynn Vision Gaming,Sharks eSports,Counter-Strike - Intel Extreme Masters Cologne,Bet365,Map 1 - Alternative Kill Handicap,1 (8.5),,,1.57,,,,,-8.5,"{""label"": ""1 (8.5)"", ""hdp"": -8.5, ""away"": ""1.57""}",2026-06-03T01:18:34.344Z
71899394,Esports,2026-06-03 14:30,Lynn Vision Gaming,Sharks eSports,Counter-Strike - Intel Extreme Masters Cologne,Bet365,Map 1 - Alternative Kill Handicap,1 (13.5),,,1.40,,,,,-13.5,"{""label"": ""1 (13.5)"", ""hdp"": -13.5, ""away"": ""1.40""}",2026-06-03T01:18:34.344Z
71899394,Esports,2026-06-03 14:30,Lynn Vision Gaming,Sharks eSports,Counter-Strike - Intel Extreme Masters Cologne,Bet365,Map 1 - Alternative Kill Handicap,2 (11.5),1.36,,,,,,,-11.5,"{""label"": ""2 (11.5)"", ""hdp"": -11.5, ""home"": ""1.36""}",2026-06-03T01:18:34.344Z
71899394,Esports,2026-06-03 14:30,Lynn Vision Gaming,Sharks eSports,Counter-Strike - Intel Extreme Masters Cologne,Bet365,Map 1 - Alternative Kill Handicap,2 (1.5),1.66,,,,,,,-1.5,"{""label"": ""2 (1.5)"", ""hdp"": -1.5, ""home"": ""1.66""}",2026-06-03T01:18:34.344Z
71899394,Esports,2026-06-03 14:30,Lynn Vision Gaming,Sharks eSports,Counter-Strike - Intel Extreme Masters Cologne,Bet365,Map 1 - Alternative Kill Handicap,2 (-8.5),2.25,,,,,,,8.5,"{""label"": ""2 (-8.5)"", ""hdp"": 8.5, ""home"": ""2.25""}",2026-06-03T01:18:34.344Z
71899394,Esports,2026-06-03 14:30,Lynn Vision Gaming,Sharks eSports,Counter-Strike - Intel Extreme Masters Cologne,Bet365,Map 1 - Alternative Kill Handicap,2 (-13.5),2.75,,,,,,,13.5,"{""label"": ""2 (-13.5)"", ""hdp"": 13.5, ""home"": ""2.75""}",2026-06-03T01:18:34.344Z
71899394,Esports,2026-06-03 14:30,Lynn Vision Gaming,Sharks eSports,Counter-Strike - Intel Extreme Masters Cologne,Bet365,Map 1 - Alternative Rounds Handicap,1 (-4.5),3.25,,3.75,,,,,4.5,"{""label"": ""1 (-4.5)"", ""hdp"": 4.5, ""home"": ""3.25"", ""away"": ""3.75""}",2026-06-02T22:10:51.751Z
71899394,Esports,2026-06-03 14:30,Lynn Vision Gaming,Sharks eSports,Counter-Strike - Intel Extreme Masters Cologne,Bet365,Map 1 - Alternative Rounds Handicap,1 (-3.5),2.50,,3.00,,,,,3.5,"{""label"": ""1 (-3.5)"", ""hdp"": 3.5, ""home"": ""2.50"", ""away"": ""3.00""}",2026-06-02T22:10:51.751Z
71899394,Esports,2026-06-03 14:30,Lynn Vision Gaming,Sharks eSports,Counter-Strike - Intel Extreme Masters Cologne,Bet365,Map 1 - Alternative Rounds Handicap,1 (-2.5),,,2.37,,,,,2.5,"{""label"": ""1 (-2.5)"", ""hdp"": 2.5, ""away"": ""2.37""}",2026-06-02T22:10:51.751Z
71899394,Esports,2026-06-03 14:30,Lynn Vision Gaming,Sharks eSports,Counter-Strike - Intel Extreme Masters Cologne,Bet365,Map 1 - Alternative Rounds Handicap,1 (3.5),1.36,,1.50,,,,,-3.5,"{""label"": ""1 (3.5)"", ""hdp"": -3.5, ""home"": ""1.36"", ""away"": ""1.50""}",2026-06-02T22:10:51.751Z
71899394,Esports,2026-06-03 14:30,Lynn Vision Gaming,Sharks eSports,Counter-Strike - Intel Extreme Masters Cologne,Bet365,Map 1 - Alternative Rounds Handicap,1 (4.5),1.25,,1.33,,,,,-4.5,"{""label"": ""1 (4.5)"", ""hdp"": -4.5, ""home"": ""1.25"", ""away"": ""1.33""}",2026-06-02T22:10:51.751Z
71899394,Esports,2026-06-03 14:30,Lynn Vision Gaming,Sharks eSports,Counter-Strike - Intel Extreme Masters Cologne,Bet365,Map 1 - Alternative Rounds Handicap,1 (5.5),,,1.22,,,,,-5.5,"{""label"": ""1 (5.5)"", ""hdp"": -5.5, ""away"": ""1.22""}",2026-06-02T22:10:51.751Z
71899394,Esports,2026-06-03 14:30,Lynn Vision Gaming,Sharks eSports,Counter-Strike - Intel Extreme Masters Cologne,Bet365,Map 1 - Alternative Rounds Handicap,2 (2.5),1.53,,,,,,,-2.5,"{""label"": ""2 (2.5)"", ""hdp"": -2.5, ""home"": ""1.53""}",2026-06-02T22:10:51.751Z
71899394,Esports,2026-06-03 14:30,Lynn Vision Gaming,Sharks eSports,Counter-Strike - Intel Extreme Masters Cologne,Bet365,Map 1 - Alternative Rounds Handicap,2 (-5.5),4.00,,,,,,,5.5,"{""label"": ""2 (-5.5)"", ""hdp"": 5.5, ""home"": ""4.00""}",2026-06-02T22:10:51.751Z
71899394,Esports,2026-06-03 14:30,Lynn Vision Gaming,Sharks eSports,Counter-Strike - Intel Extreme Masters Cologne,Bet365,Map 1 - Alternative Total Rounds,,,,,1.14,5.00,,,17.5,"{""hdp"": 17.5, ""over"": ""1.14"", ""under"": ""5.00""}",2026-06-02T22:10:51.751Z
71899394,Esports,2026-06-03 14:30,Lynn Vision Gaming,Sharks eSports,Counter-Strike - Intel Extreme Masters Cologne,Bet365,Map 1 - Alternative Total Rounds,,,,,1.25,3.75,,,18.5,"{""hdp"": 18.5, ""over"": ""1.25"", ""under"": ""3.75""}",2026-06-02T22:10:51.751Z
71899394,Esports,2026-06-03 14:30,Lynn Vision Gaming,Sharks eSports,Counter-Strike - Intel Extreme Masters Cologne,Bet365,Map 1 - Alternative Total Rounds,,,,,1.40,2.75,,,19.5,"{""hdp"": 19.5, ""over"": ""1.40"", ""under"": ""2.75""}",2026-06-02T22:10:51.751Z
71899394,Esports,2026-06-03 14:30,Lynn Vision Gaming,Sharks eSports,Counter-Strike - Intel Extreme Masters Cologne,Bet365,Map 1 - Alternative Total Rounds,,,,,1.61,2.20,,,20.5,"{""hdp"": 20.5, ""over"": ""1.61"", ""under"": ""2.20""}",2026-06-02T22:10:51.751Z
71899394,Esports,2026-06-03 14:30,Lynn Vision Gaming,Sharks eSports,Counter-Strike - Intel Extreme Masters Cologne,Bet365,Map 1 - Alternative Total Rounds,,,,,2.62,1.44,,,22.5,"{""hdp"": 22.5, ""over"": ""2.62"", ""under"": ""1.44""}",2026-06-02T22:10:51.751Z
71899394,Esports,2026-06-03 14:30,Lynn Vision Gaming,Sharks eSports,Counter-Strike - Intel Extreme Masters Cologne,Bet365,Map 1 - Alternative Total Rounds,,,,,3.75,1.25,,,23.5,"{""hdp"": 23.5, ""over"": ""3.75"", ""under"": ""1.25""}",2026-06-02T22:10:51.751Z
71899394,Esports,2026-06-03 14:30,Lynn Vision Gaming,Sharks eSports,Counter-Strike - Intel Extreme Masters Cologne,Bet365,Map 1 - Correct Round Score,13-0 (1),,,12.00,,,,,1,"{""label"": ""13-0 (1)"", ""hdp"": 1, ""away"": ""12.00""}",2026-06-02T22:10:51.751Z
71899394,Esports,2026-06-03 14:30,Lynn Vision Gaming,Sharks eSports,Counter-Strike - Intel Extreme Masters Cologne,Bet365,Map 1 - Correct Round Score,13-0 (2),10.00,,,,,,,2,"{""label"": ""13-0 (2)"", ""hdp"": 2, ""home"": ""10.00""}",2026-06-02T22:10:51.751Z
71899394,Esports,2026-06-03 14:30,Lynn Vision Gaming,Sharks eSports,Counter-Strike - Intel Extreme Masters Cologne,Bet365,Map 1 - Correct Round Score,12-12,6.50,,,,,,,,"{""label"": ""12-12"", ""home"": ""6.50""}",2026-06-02T22:10:51.751Z
71899394,Esports,2026-06-03 14:30,Lynn Vision Gaming,Sharks eSports,Counter-Strike - Intel Extreme Masters Cologne,Bet365,Map 1 Lines,Rounds Handicap (1) (2.5),,,1.66,,,,,2.5,"{""label"": ""Rounds Handicap (1) (2.5)"", ""hdp"": 2.5, ""away"": ""1.66""}",2026-06-02T22:10:51.751Z
71899394,Esports,2026-06-03 14:30,Lynn Vision Gaming,Sharks eSports,Counter-Strike - Intel Extreme Masters Cologne,Bet365,Map 1 Lines,Total Rounds (1) (21.5),1.80,,1.90,,,,,21.5,"{""label"": ""Total Rounds (1) (21.5)"", ""hdp"": 21.5, ""home"": ""1.80"", ""away"": ""1.90""}",2026-06-02T22:10:51.751Z
71899394,Esports,2026-06-03 14:30,Lynn Vision Gaming,Sharks eSports,Counter-Strike - Intel Extreme Masters Cologne,Bet365,Map 1 Lines,Rounds Handicap (2) (-2.5),2.10,,,,,,,-2.5,"{""label"": ""Rounds Handicap (2) (-2.5)"", ""hdp"": -2.5, ""home"": ""2.10""}",2026-06-02T22:10:51.751Z
71899394,Esports,2026-06-03 14:30,Lynn Vision Gaming,Sharks eSports,Counter-Strike - Intel Extreme Masters Cologne,Bet365,Map 1 - Race to # Rounds,3 (1),,,1.83,,,,,1,"{""label"": ""3 (1)"", ""hdp"": 1, ""away"": ""1.83""}",2026-06-02T22:10:51.751Z
71899394,Esports,2026-06-03 14:30,Lynn Vision Gaming,Sharks eSports,Counter-Strike - Intel Extreme Masters Cologne,Bet365,Map 1 - Race to # Rounds,3 (2),1.83,,,,,,,2,"{""label"": ""3 (2)"", ""hdp"": 2, ""home"": ""1.83""}",2026-06-02T22:10:51.751Z
71899394,Esports,2026-06-03 14:30,Lynn Vision Gaming,Sharks eSports,Counter-Strike - Intel Extreme Masters Cologne,Bet365,Map 1 - Winning Margin,2-4 (1),,,23.00,,,,,1,"{""label"": ""2-4 (1)"", ""hdp"": 1, ""away"": ""23.00""}",2026-06-02T22:10:51.751Z
71899394,Esports,2026-06-03 14:30,Lynn Vision Gaming,Sharks eSports,Counter-Strike - Intel Extreme Masters Cologne,Bet365,Map 1 - Winning Margin,2-4 (2),26.00,,,,,,,2,"{""label"": ""2-4 (2)"", ""hdp"": 2, ""home"": ""26.00""}",2026-06-02T22:10:51.751Z
71899736,Esports,2026-06-03 16:00,Hyperspirit,Atreides,Counter-Strike - CCT European Series,Bet365,ML,,3.40,,1.30,,,,,,"{""home"": ""3.40"", ""away"": ""1.30""}",2026-06-03T06:01:18.218Z
71899736,Esports,2026-06-03 16:00,Hyperspirit,Atreides,Counter-Strike - CCT European Series,Bet365,Spread,,1.66,,2.10,,,,,1.5,"{""hdp"": 1.5, ""home"": ""1.66"", ""away"": ""2.10""}",2026-06-03T06:01:18.218Z
71899736,Esports,2026-06-03 16:00,Hyperspirit,Atreides,Counter-Strike - CCT European Series,Bet365,Map 1 Lines,To Win (1),2.62,,,,,,,,"{""label"": ""To Win (1)"", ""home"": ""2.62""}",2026-06-03T06:01:18.218Z
71899736,Esports,2026-06-03 16:00,Hyperspirit,Atreides,Counter-Strike - CCT European Series,Bet365,Map 1 Lines,Rounds Handicap (1) (3.5),1.80,,,,,,,3.5,"{""label"": ""Rounds Handicap (1) (3.5)"", ""hdp"": 3.5, ""home"": ""1.80""}",2026-06-03T06:01:18.218Z
71899736,Esports,2026-06-03 16:00,Hyperspirit,Atreides,Counter-Strike - CCT European Series,Bet365,Map 1 Lines,Total Rounds (1) (20.5),1.66,,2.10,,,,,20.5,"{""label"": ""Total Rounds (1) (20.5)"", ""hdp"": 20.5, ""home"": ""1.66"", ""away"": ""2.10""}",2026-06-03T06:01:18.218Z
71899736,Esports,2026-06-03 16:00,Hyperspirit,Atreides,Counter-Strike - CCT European Series,Bet365,Map 1 Lines,To Win (2),,,1.44,,,,,,"{""label"": ""To Win (2)"", ""away"": ""1.44""}",2026-06-03T06:01:18.218Z
71899736,Esports,2026-06-03 16:00,Hyperspirit,Atreides,Counter-Strike - CCT European Series,Bet365,Map 1 Lines,Rounds Handicap (2) (-3.5),,,1.90,,,,,-3.5,"{""label"": ""Rounds Handicap (2) (-3.5)"", ""hdp"": -3.5, ""away"": ""1.90""}",2026-06-03T06:01:18.218Z
71899736,Esports,2026-06-03 16:00,Hyperspirit,Atreides,Counter-Strike - CCT European Series,Bet365,Map 2 Lines,To Win (1),2.62,,,,,,,,"{""label"": ""To Win (1)"", ""home"": ""2.62""}",2026-06-03T06:01:18.218Z
71899736,Esports,2026-06-03 16:00,Hyperspirit,Atreides,Counter-Strike - CCT European Series,Bet365,Map 2 Lines,Rounds Handicap (1) (3.5),1.80,,,,,,,3.5,"{""label"": ""Rounds Handicap (1) (3.5)"", ""hdp"": 3.5, ""home"": ""1.80""}",2026-06-03T06:01:18.218Z
71899736,Esports,2026-06-03 16:00,Hyperspirit,Atreides,Counter-Strike - CCT European Series,Bet365,Map 2 Lines,Total Rounds (1) (20.5),1.66,,2.10,,,,,20.5,"{""label"": ""Total Rounds (1) (20.5)"", ""hdp"": 20.5, ""home"": ""1.66"", ""away"": ""2.10""}",2026-06-03T06:01:18.218Z
71899736,Esports,2026-06-03 16:00,Hyperspirit,Atreides,Counter-Strike - CCT European Series,Bet365,Map 2 Lines,To Win (2),,,1.44,,,,,,"{""label"": ""To Win (2)"", ""away"": ""1.44""}",2026-06-03T06:01:18.218Z
71899736,Esports,2026-06-03 16:00,Hyperspirit,Atreides,Counter-Strike - CCT European Series,Bet365,Map 2 Lines,Rounds Handicap (2) (-3.5),,,1.90,,,,,-3.5,"{""label"": ""Rounds Handicap (2) (-3.5)"", ""hdp"": -3.5, ""away"": ""1.90""}",2026-06-03T06:01:18.218Z
71899400,Esports,2026-06-03 16:30,Betboom Team,Team Gamerlegion,Counter-Strike - Intel Extreme Masters Cologne,Bet365,ML,,1.72,,2.00,,,,,,"{""home"": ""1.72"", ""away"": ""2.00""}",2026-06-03T08:01:46.127Z
71899400,Esports,2026-06-03 16:30,Betboom Team,Team Gamerlegion,Counter-Strike - Intel Extreme Masters Cologne,Bet365,Spread,,3.25,,1.33,,,,,-1.5,"{""hdp"": -1.5, ""home"": ""3.25"", ""away"": ""1.33""}",2026-06-02T21:54:05.93Z
71899400,Esports,2026-06-03 16:30,Betboom Team,Team Gamerlegion,Counter-Strike - Intel Extreme Masters Cologne,Bet365,Totals,,,,,1.83,1.83,,,2.5,"{""hdp"": 2.5, ""over"": ""1.83"", ""under"": ""1.83""}",2026-06-02T21:54:05.93Z
71899400,Esports,2026-06-03 16:30,Betboom Team,Team Gamerlegion,Counter-Strike - Intel Extreme Masters Cologne,Bet365,Map 1 - Alternative Rounds Handicap,1 (-4.5),3.00,,3.75,,,,,4.5,"{""label"": ""1 (-4.5)"", ""hdp"": 4.5, ""home"": ""3.00"", ""away"": ""3.75""}",2026-06-03T08:17:32.234Z
71899400,Esports,2026-06-03 16:30,Betboom Team,Team Gamerlegion,Counter-Strike - Intel Extreme Masters Cologne,Bet365,Map 1 - Alternative Rounds Handicap,1 (-3.5),2.37,,3.25,,,,,3.5,"{""label"": ""1 (-3.5)"", ""hdp"": 3.5, ""home"": ""2.37"", ""away"": ""3.25""}",2026-06-03T08:17:32.234Z
71899400,Esports,2026-06-03 16:30,Betboom Team,Team Gamerlegion,Counter-Strike - Intel Extreme Masters Cologne,Bet365,Map 1 - Alternative Rounds Handicap,1 (3.5),1.33,,1.53,,,,,-3.5,"{""label"": ""1 (3.5)"", ""hdp"": -3.5, ""home"": ""1.33"", ""away"": ""1.53""}",2026-06-03T08:17:32.234Z
71899400,Esports,2026-06-03 16:30,Betboom Team,Team Gamerlegion,Counter-Strike - Intel Extreme Masters Cologne,Bet365,Map 1 - Alternative Rounds Handicap,1 (4.5),1.25,,1.36,,,,,-4.5,"{""label"": ""1 (4.5)"", ""hdp"": -4.5, ""home"": ""1.25"", ""away"": ""1.36""}",2026-06-03T08:17:32.234Z
71899400,Esports,2026-06-03 16:30,Betboom Team,Team Gamerlegion,Counter-Strike - Intel Extreme Masters Cologne,Bet365,Map 1 - Alternative Rounds Handicap,1 (-2.5),,,2.62,,,,,2.5,"{""label"": ""1 (-2.5)"", ""hdp"": 2.5, ""away"": ""2.62""}",2026-06-03T08:17:32.234Z
71899400,Esports,2026-06-03 16:30,Betboom Team,Team Gamerlegion,Counter-Strike - Intel Extreme Masters Cologne,Bet365,Map 1 - Alternative Rounds Handicap,1 (5.5),,,1.25,,,,,-5.5,"{""label"": ""1 (5.5)"", ""hdp"": -5.5, ""away"": ""1.25""}",2026-06-03T08:17:32.234Z
71899400,Esports,2026-06-03 16:30,Betboom Team,Team Gamerlegion,Counter-Strike - Intel Extreme Masters Cologne,Bet365,Map 1 - Alternative Rounds Handicap,2 (2.5),1.44,,,,,,,-2.5,"{""label"": ""2 (2.5)"", ""hdp"": -2.5, ""home"": ""1.44""}",2026-06-03T08:17:32.234Z
71899400,Esports,2026-06-03 16:30,Betboom Team,Team Gamerlegion,Counter-Strike - Intel Extreme Masters Cologne,Bet365,Map 1 - Alternative Rounds Handicap,2 (-5.5),3.75,,,,,,,5.5,"{""label"": ""2 (-5.5)"", ""hdp"": 5.5, ""home"": ""3.75""}",2026-06-03T08:17:32.234Z
71899400,Esports,2026-06-03 16:30,Betboom Team,Team Gamerlegion,Counter-Strike - Intel Extreme Masters Cologne,Bet365,Map 1 - Winning Margin,2-4 (1),,,23.00,,,,,1,"{""label"": ""2-4 (1)"", ""hdp"": 1, ""away"": ""23.00""}",2026-06-03T08:17:32.234Z
71899400,Esports,2026-06-03 16:30,Betboom Team,Team Gamerlegion,Counter-Strike - Intel Extreme Masters Cologne,Bet365,Map 1 - Winning Margin,2-4 (2),23.00,,,,,,,2,"{""label"": ""2-4 (2)"", ""hdp"": 2, ""home"": ""23.00""}",2026-06-03T08:17:32.234Z
71899400,Esports,2026-06-03 16:30,Betboom Team,Team Gamerlegion,Counter-Strike - Intel Extreme Masters Cologne,Bet365,Map 2 - Alternative Kill Handicap,1 (-17.5),,,4.00,,,,,17.5,"{""label"": ""1 (-17.5)"", ""hdp"": 17.5, ""away"": ""4.00""}",2026-06-03T08:10:45.669Z
71899400,Esports,2026-06-03 16:30,Betboom Team,Team Gamerlegion,Counter-Strike - Intel Extreme Masters Cologne,Bet365,Map 2 - Alternative Kill Handicap,1 (-12.5),,,3.00,,,,,12.5,"{""label"": ""1 (-12.5)"", ""hdp"": 12.5, ""away"": ""3.00""}",2026-06-03T08:10:45.669Z
71899400,Esports,2026-06-03 16:30,Betboom Team,Team Gamerlegion,Counter-Strike - Intel Extreme Masters Cologne,Bet365,Map 2 - Alternative Kill Handicap,1 (-7.5),2.37,,2.25,,,,,7.5,"{""label"": ""1 (-7.5)"", ""hdp"": 7.5, ""home"": ""2.37"", ""away"": ""2.25""}",2026-06-03T08:10:45.669Z
71899400,Esports,2026-06-03 16:30,Betboom Team,Team Gamerlegion,Counter-Strike - Intel Extreme Masters Cologne,Bet365,Map 2 - Alternative Kill Handicap,1 (2.5),,,1.72,,,,,-2.5,"{""label"": ""1 (2.5)"", ""hdp"": -2.5, ""away"": ""1.72""}",2026-06-03T08:10:45.669Z
71899400,Esports,2026-06-03 16:30,Betboom Team,Team Gamerlegion,Counter-Strike - Intel Extreme Masters Cologne,Bet365,Map 2 - Alternative Kill Handicap,1 (7.5),1.57,,1.53,,,,,-7.5,"{""label"": ""1 (7.5)"", ""hdp"": -7.5, ""home"": ""1.57"", ""away"": ""1.53""}",2026-06-03T08:10:45.669Z
71899400,Esports,2026-06-03 16:30,Betboom Team,Team Gamerlegion,Counter-Strike - Intel Extreme Masters Cologne,Bet365,Map 2 - Alternative Kill Handicap,2 (17.5),1.22,,,,,,,-17.5,"{""label"": ""2 (17.5)"", ""hdp"": -17.5, ""home"": ""1.22""}",2026-06-03T08:10:45.669Z
71899400,Esports,2026-06-03 16:30,Betboom Team,Team Gamerlegion,Counter-Strike - Intel Extreme Masters Cologne,Bet365,Map 2 - Alternative Kill Handicap,2 (12.5),1.36,,,,,,,-12.5,"{""label"": ""2 (12.5)"", ""hdp"": -12.5, ""home"": ""1.36""}",2026-06-03T08:10:45.669Z
71899400,Esports,2026-06-03 16:30,Betboom Team,Team Gamerlegion,Counter-Strike - Intel Extreme Masters Cologne,Bet365,Map 2 - Alternative Kill Handicap,2 (-2.5),2.00,,,,,,,2.5,"{""label"": ""2 (-2.5)"", ""hdp"": 2.5, ""home"": ""2.00""}",2026-06-03T08:10:45.669Z
71899400,Esports,2026-06-03 16:30,Betboom Team,Team Gamerlegion,Counter-Strike - Intel Extreme Masters Cologne,Bet365,Map 2 - Alternative Total Rounds,,,,,1.14,5.00,,,17.5,"{""hdp"": 17.5, ""over"": ""1.14"", ""under"": ""5.00""}",2026-06-02T22:25:52.712Z
71899400,Esports,2026-06-03 16:30,Betboom Team,Team Gamerlegion,Counter-Strike - Intel Extreme Masters Cologne,Bet365,Map 2 - Alternative Total Rounds,,,,,1.25,3.75,,,18.5,"{""hdp"": 18.5, ""over"": ""1.25"", ""under"": ""3.75""}",2026-06-02T22:25:52.712Z
71899400,Esports,2026-06-03 16:30,Betboom Team,Team Gamerlegion,Counter-Strike - Intel Extreme Masters Cologne,Bet365,Map 2 - Alternative Total Rounds,,,,,1.40,2.75,,,19.5,"{""hdp"": 19.5, ""over"": ""1.40"", ""under"": ""2.75""}",2026-06-02T22:25:52.712Z
71899400,Esports,2026-06-03 16:30,Betboom Team,Team Gamerlegion,Counter-Strike - Intel Extreme Masters Cologne,Bet365,Map 2 - Alternative Total Rounds,,,,,1.61,2.20,,,20.5,"{""hdp"": 20.5, ""over"": ""1.61"", ""under"": ""2.20""}",2026-06-02T22:25:52.712Z
71899400,Esports,2026-06-03 16:30,Betboom Team,Team Gamerlegion,Counter-Strike - Intel Extreme Masters Cologne,Bet365,Map 2 - Alternative Total Rounds,,,,,2.62,1.44,,,22.5,"{""hdp"": 22.5, ""over"": ""2.62"", ""under"": ""1.44""}",2026-06-02T22:25:52.712Z
71899400,Esports,2026-06-03 16:30,Betboom Team,Team Gamerlegion,Counter-Strike - Intel Extreme Masters Cologne,Bet365,Map 2 - Alternative Total Rounds,,,,,3.75,1.25,,,23.5,"{""hdp"": 23.5, ""over"": ""3.75"", ""under"": ""1.25""}",2026-06-02T22:25:52.712Z
71899400,Esports,2026-06-03 16:30,Betboom Team,Team Gamerlegion,Counter-Strike - Intel Extreme Masters Cologne,Bet365,Map 2 - Correct Round Score,13-0 (1),,,11.00,,,,,1,"{""label"": ""13-0 (1)"", ""hdp"": 1, ""away"": ""11.00""}",2026-06-02T22:25:52.712Z
71899400,Esports,2026-06-03 16:30,Betboom Team,Team Gamerlegion,Counter-Strike - Intel Extreme Masters Cologne,Bet365,Map 2 - Correct Round Score,13-0 (2),12.00,,,,,,,2,"{""label"": ""13-0 (2)"", ""hdp"": 2, ""home"": ""12.00""}",2026-06-02T22:25:52.712Z
71899400,Esports,2026-06-03 16:30,Betboom Team,Team Gamerlegion,Counter-Strike - Intel Extreme Masters Cologne,Bet365,Map 2 - Correct Round Score,12-12,6.50,,,,,,,,"{""label"": ""12-12"", ""home"": ""6.50""}",2026-06-02T22:25:52.712Z
71899400,Esports,2026-06-03 16:30,Betboom Team,Team Gamerlegion,Counter-Strike - Intel Extreme Masters Cologne,Bet365,Map 2 - Winning Margin,2-4 (1),,,29.00,,,,,1,"{""label"": ""2-4 (1)"", ""hdp"": 1, ""away"": ""29.00""}",2026-06-02T22:25:52.712Z
71899400,Esports,2026-06-03 16:30,Betboom Team,Team Gamerlegion,Counter-Strike - Intel Extreme Masters Cologne,Bet365,Map 2 - Winning Margin,2-4 (2),21.00,,,,,,,2,"{""label"": ""2-4 (2)"", ""hdp"": 2, ""home"": ""21.00""}",2026-06-02T22:25:52.712Z
71899400,Esports,2026-06-03 16:30,Betboom Team,Team Gamerlegion,Counter-Strike - Intel Extreme Masters Cologne,Bet365,Map 1 - Race to # Rounds,3 (1),,,1.90,,,,,1,"{""label"": ""3 (1)"", ""hdp"": 1, ""away"": ""1.90""}",2026-06-02T22:25:52.712Z
71899400,Esports,2026-06-03 16:30,Betboom Team,Team Gamerlegion,Counter-Strike - Intel Extreme Masters Cologne,Bet365,Map 1 - Race to # Rounds,3 (2),1.80,,,,,,,2,"{""label"": ""3 (2)"", ""hdp"": 2, ""home"": ""1.80""}",2026-06-02T22:25:52.712Z
71899400,Esports,2026-06-03 16:30,Betboom Team,Team Gamerlegion,Counter-Strike - Intel Extreme Masters Cologne,Bet365,Map 1 - Alternative Total Rounds,,,,,1.14,5.00,,,17.5,"{""hdp"": 17.5, ""over"": ""1.14"", ""under"": ""5.00""}",2026-06-02T22:25:52.712Z
71899400,Esports,2026-06-03 16:30,Betboom Team,Team Gamerlegion,Counter-Strike - Intel Extreme Masters Cologne,Bet365,Map 1 - Alternative Total Rounds,,,,,1.25,3.75,,,18.5,"{""hdp"": 18.5, ""over"": ""1.25"", ""under"": ""3.75""}",2026-06-02T22:25:52.712Z
71899400,Esports,2026-06-03 16:30,Betboom Team,Team Gamerlegion,Counter-Strike - Intel Extreme Masters Cologne,Bet365,Map 1 - Alternative Total Rounds,,,,,1.40,2.75,,,19.5,"{""hdp"": 19.5, ""over"": ""1.40"", ""under"": ""2.75""}",2026-06-02T22:25:52.712Z
71899400,Esports,2026-06-03 16:30,Betboom Team,Team Gamerlegion,Counter-Strike - Intel Extreme Masters Cologne,Bet365,Map 1 - Alternative Total Rounds,,,,,1.61,2.20,,,20.5,"{""hdp"": 20.5, ""over"": ""1.61"", ""under"": ""2.20""}",2026-06-02T22:25:52.712Z
71899400,Esports,2026-06-03 16:30,Betboom Team,Team Gamerlegion,Counter-Strike - Intel Extreme Masters Cologne,Bet365,Map 1 - Alternative Total Rounds,,,,,2.62,1.44,,,22.5,"{""hdp"": 22.5, ""over"": ""2.62"", ""under"": ""1.44""}",2026-06-02T22:25:52.712Z
71899400,Esports,2026-06-03 16:30,Betboom Team,Team Gamerlegion,Counter-Strike - Intel Extreme Masters Cologne,Bet365,Map 1 - Alternative Total Rounds,,,,,3.75,1.25,,,23.5,"{""hdp"": 23.5, ""over"": ""3.75"", ""under"": ""1.25""}",2026-06-02T22:25:52.712Z
71899400,Esports,2026-06-03 16:30,Betboom Team,Team Gamerlegion,Counter-Strike - Intel Extreme Masters Cologne,Bet365,Map 2 - Alternative Rounds Handicap,1 (-5.5),,,4.33,,,,,5.5,"{""label"": ""1 (-5.5)"", ""hdp"": 5.5, ""away"": ""4.33""}",2026-06-03T08:10:45.669Z
71899400,Esports,2026-06-03 16:30,Betboom Team,Team Gamerlegion,Counter-Strike - Intel Extreme Masters Cologne,Bet365,Map 2 - Alternative Rounds Handicap,1 (-3.5),2.75,,2.75,,,,,3.5,"{""label"": ""1 (-3.5)"", ""hdp"": 3.5, ""home"": ""2.75"", ""away"": ""2.75""}",2026-06-03T08:10:45.669Z
71899400,Esports,2026-06-03 16:30,Betboom Team,Team Gamerlegion,Counter-Strike - Intel Extreme Masters Cologne,Bet365,Map 2 - Alternative Rounds Handicap,1 (2.5),,,1.57,,,,,-2.5,"{""label"": ""1 (2.5)"", ""hdp"": -2.5, ""away"": ""1.57""}",2026-06-03T08:10:45.669Z
71899400,Esports,2026-06-03 16:30,Betboom Team,Team Gamerlegion,Counter-Strike - Intel Extreme Masters Cologne,Bet365,Map 2 - Alternative Rounds Handicap,1 (3.5),1.40,,1.40,,,,,-3.5,"{""label"": ""1 (3.5)"", ""hdp"": -3.5, ""home"": ""1.40"", ""away"": ""1.40""}",2026-06-03T08:10:45.669Z
71899400,Esports,2026-06-03 16:30,Betboom Team,Team Gamerlegion,Counter-Strike - Intel Extreme Masters Cologne,Bet365,Map 2 - Alternative Rounds Handicap,2 (5.5),1.20,,,,,,,-5.5,"{""label"": ""2 (5.5)"", ""hdp"": -5.5, ""home"": ""1.20""}",2026-06-03T08:10:45.669Z
71899400,Esports,2026-06-03 16:30,Betboom Team,Team Gamerlegion,Counter-Strike - Intel Extreme Masters Cologne,Bet365,Map 2 - Alternative Rounds Handicap,2 (-2.5),2.25,,,,,,,2.5,"{""label"": ""2 (-2.5)"", ""hdp"": 2.5, ""home"": ""2.25""}",2026-06-03T08:10:45.669Z
71899400,Esports,2026-06-03 16:30,Betboom Team,Team Gamerlegion,Counter-Strike - Intel Extreme Masters Cologne,Bet365,Map 2 - Alternative Rounds Handicap,1 (-4.5),3.40,,3.50,,,,,4.5,"{""label"": ""1 (-4.5)"", ""hdp"": 4.5, ""home"": ""3.40"", ""away"": ""3.50""}",2026-06-03T08:10:45.669Z
71899400,Esports,2026-06-03 16:30,Betboom Team,Team Gamerlegion,Counter-Strike - Intel Extreme Masters Cologne,Bet365,Map 2 - Alternative Rounds Handicap,1 (4.5),1.28,,1.30,,,,,-4.5,"{""label"": ""1 (4.5)"", ""hdp"": -4.5, ""home"": ""1.28"", ""away"": ""1.30""}",2026-06-03T08:10:45.669Z
71899400,Esports,2026-06-03 16:30,Betboom Team,Team Gamerlegion,Counter-Strike - Intel Extreme Masters Cologne,Bet365,Round Lines,Rounds Handicap (1) (1.5),,,1.83,,,,,1.5,"{""label"": ""Rounds Handicap (1) (1.5)"", ""hdp"": 1.5, ""away"": ""1.83""}",2026-06-03T08:01:46.127Z
71899400,Esports,2026-06-03 16:30,Betboom Team,Team Gamerlegion,Counter-Strike - Intel Extreme Masters Cologne,Bet365,Round Lines,Total Rounds (1) (54.5),1.83,,1.83,,,,,54.5,"{""label"": ""Total Rounds (1) (54.5)"", ""hdp"": 54.5, ""home"": ""1.83"", ""away"": ""1.83""}",2026-06-03T08:01:46.127Z
71899400,Esports,2026-06-03 16:30,Betboom Team,Team Gamerlegion,Counter-Strike - Intel Extreme Masters Cologne,Bet365,Round Lines,Rounds Handicap (2) (-1.5),1.83,,,,,,,-1.5,"{""label"": ""Rounds Handicap (2) (-1.5)"", ""hdp"": -1.5, ""home"": ""1.83""}",2026-06-03T08:01:46.127Z
71899400,Esports,2026-06-03 16:30,Betboom Team,Team Gamerlegion,Counter-Strike - Intel Extreme Masters Cologne,Bet365,Map 2 Lines,To Win (1),,,1.83,,,,,,"{""label"": ""To Win (1)"", ""away"": ""1.83""}",2026-06-03T08:01:46.127Z
71899400,Esports,2026-06-03 16:30,Betboom Team,Team Gamerlegion,Counter-Strike - Intel Extreme Masters Cologne,Bet365,Map 2 Lines,Total Rounds (1) (21.5),1.80,,1.90,,,,,21.5,"{""label"": ""Total Rounds (1) (21.5)"", ""hdp"": 21.5, ""home"": ""1.80"", ""away"": ""1.90""}",2026-06-03T08:01:46.127Z
71899400,Esports,2026-06-03 16:30,Betboom Team,Team Gamerlegion,Counter-Strike - Intel Extreme Masters Cologne,Bet365,Map 2 Lines,To Win (2),1.83,,,,,,,,"{""label"": ""To Win (2)"", ""home"": ""1.83""}",2026-06-03T08:01:46.127Z
71899400,Esports,2026-06-03 16:30,Betboom Team,Team Gamerlegion,Counter-Strike - Intel Extreme Masters Cologne,Bet365,Map 2 Lines,Rounds Handicap (1) (-2.5),,,2.20,,,,,-2.5,"{""label"": ""Rounds Handicap (1) (-2.5)"", ""hdp"": -2.5, ""away"": ""2.20""}",2026-06-03T08:01:46.127Z
71899400,Esports,2026-06-03 16:30,Betboom Team,Team Gamerlegion,Counter-Strike - Intel Extreme Masters Cologne,Bet365,Map 2 Lines,Rounds Handicap (2) (2.5),1.61,,,,,,,2.5,"{""label"": ""Rounds Handicap (2) (2.5)"", ""hdp"": 2.5, ""home"": ""1.61""}",2026-06-03T08:01:46.127Z
71899400,Esports,2026-06-03 16:30,Betboom Team,Team Gamerlegion,Counter-Strike - Intel Extreme Masters Cologne,Bet365,Map 1 - Alternative Kill Handicap,1 (-9.5),,,2.75,,,,,9.5,"{""label"": ""1 (-9.5)"", ""hdp"": 9.5, ""away"": ""2.75""}",2026-06-03T08:17:32.234Z
71899400,Esports,2026-06-03 16:30,Betboom Team,Team Gamerlegion,Counter-Strike - Intel Extreme Masters Cologne,Bet365,Map 1 - Alternative Kill Handicap,1 (-4.5),,,2.37,,,,,4.5,"{""label"": ""1 (-4.5)"", ""hdp"": 4.5, ""away"": ""2.37""}",2026-06-03T08:17:32.234Z
71899400,Esports,2026-06-03 16:30,Betboom Team,Team Gamerlegion,Counter-Strike - Intel Extreme Masters Cologne,Bet365,Map 1 - Alternative Kill Handicap,1 (0.5),,,2.10,,,,,-0.5,"{""label"": ""1 (0.5)"", ""hdp"": -0.5, ""away"": ""2.10""}",2026-06-03T08:17:32.234Z
71899400,Esports,2026-06-03 16:30,Betboom Team,Team Gamerlegion,Counter-Strike - Intel Extreme Masters Cologne,Bet365,Map 1 - Alternative Kill Handicap,1 (5.5),,,1.80,,,,,-5.5,"{""label"": ""1 (5.5)"", ""hdp"": -5.5, ""away"": ""1.80""}",2026-06-03T08:17:32.234Z
71899400,Esports,2026-06-03 16:30,Betboom Team,Team Gamerlegion,Counter-Strike - Intel Extreme Masters Cologne,Bet365,Map 1 - Alternative Kill Handicap,1 (10.5),,,1.53,,,,,-10.5,"{""label"": ""1 (10.5)"", ""hdp"": -10.5, ""away"": ""1.53""}",2026-06-03T08:17:32.234Z
71899400,Esports,2026-06-03 16:30,Betboom Team,Team Gamerlegion,Counter-Strike - Intel Extreme Masters Cologne,Bet365,Map 1 - Alternative Kill Handicap,1 (15.5),,,1.33,,,,,-15.5,"{""label"": ""1 (15.5)"", ""hdp"": -15.5, ""away"": ""1.33""}",2026-06-03T08:17:32.234Z
71899400,Esports,2026-06-03 16:30,Betboom Team,Team Gamerlegion,Counter-Strike - Intel Extreme Masters Cologne,Bet365,Map 1 - Alternative Kill Handicap,2 (9.5),1.40,,,,,,,-9.5,"{""label"": ""2 (9.5)"", ""hdp"": -9.5, ""home"": ""1.40""}",2026-06-03T08:17:32.234Z
71899400,Esports,2026-06-03 16:30,Betboom Team,Team Gamerlegion,Counter-Strike - Intel Extreme Masters Cologne,Bet365,Map 1 - Alternative Kill Handicap,2 (4.5),1.53,,,,,,,-4.5,"{""label"": ""2 (4.5)"", ""hdp"": -4.5, ""home"": ""1.53""}",2026-06-03T08:17:32.234Z
71899400,Esports,2026-06-03 16:30,Betboom Team,Team Gamerlegion,Counter-Strike - Intel Extreme Masters Cologne,Bet365,Map 1 - Alternative Kill Handicap,2 (-0.5),1.66,,,,,,,0.5,"{""label"": ""2 (-0.5)"", ""hdp"": 0.5, ""home"": ""1.66""}",2026-06-03T08:17:32.234Z
71899400,Esports,2026-06-03 16:30,Betboom Team,Team Gamerlegion,Counter-Strike - Intel Extreme Masters Cologne,Bet365,Map 1 - Alternative Kill Handicap,2 (-5.5),1.90,,,,,,,5.5,"{""label"": ""2 (-5.5)"", ""hdp"": 5.5, ""home"": ""1.90""}",2026-06-03T08:17:32.234Z
71899400,Esports,2026-06-03 16:30,Betboom Team,Team Gamerlegion,Counter-Strike - Intel Extreme Masters Cologne,Bet365,Map 1 - Alternative Kill Handicap,2 (-10.5),2.37,,,,,,,10.5,"{""label"": ""2 (-10.5)"", ""hdp"": 10.5, ""home"": ""2.37""}",2026-06-03T08:17:32.234Z
71899400,Esports,2026-06-03 16:30,Betboom Team,Team Gamerlegion,Counter-Strike - Intel Extreme Masters Cologne,Bet365,Map 1 - Alternative Kill Handicap,2 (-15.5),3.25,,,,,,,15.5,"{""label"": ""2 (-15.5)"", ""hdp"": 15.5, ""home"": ""3.25""}",2026-06-03T08:17:32.234Z
71899400,Esports,2026-06-03 16:30,Betboom Team,Team Gamerlegion,Counter-Strike - Intel Extreme Masters Cologne,Bet365,Map 1 - Correct Round Score,13-0 (1),,,13.00,,,,,1,"{""label"": ""13-0 (1)"", ""hdp"": 1, ""away"": ""13.00""}",2026-06-02T22:25:52.712Z
71899400,Esports,2026-06-03 16:30,Betboom Team,Team Gamerlegion,Counter-Strike - Intel Extreme Masters Cologne,Bet365,Map 1 - Correct Round Score,13-0 (2),10.00,,,,,,,2,"{""label"": ""13-0 (2)"", ""hdp"": 2, ""home"": ""10.00""}",2026-06-02T22:25:52.712Z
71899400,Esports,2026-06-03 16:30,Betboom Team,Team Gamerlegion,Counter-Strike - Intel Extreme Masters Cologne,Bet365,Map 1 - Correct Round Score,12-12,6.50,,,,,,,,"{""label"": ""12-12"", ""home"": ""6.50""}",2026-06-02T22:25:52.712Z
71899400,Esports,2026-06-03 16:30,Betboom Team,Team Gamerlegion,Counter-Strike - Intel Extreme Masters Cologne,Bet365,Map 1 Lines,Rounds Handicap (1) (2.5),,,1.80,,,,,2.5,"{""label"": ""Rounds Handicap (1) (2.5)"", ""hdp"": 2.5, ""away"": ""1.80""}",2026-06-03T08:01:46.127Z
71899400,Esports,2026-06-03 16:30,Betboom Team,Team Gamerlegion,Counter-Strike - Intel Extreme Masters Cologne,Bet365,Map 1 Lines,Total Rounds (1) (21.5),1.72,,2.00,,,,,21.5,"{""label"": ""Total Rounds (1) (21.5)"", ""hdp"": 21.5, ""home"": ""1.72"", ""away"": ""2.00""}",2026-06-03T08:01:46.127Z
71899400,Esports,2026-06-03 16:30,Betboom Team,Team Gamerlegion,Counter-Strike - Intel Extreme Masters Cologne,Bet365,Map 1 Lines,Rounds Handicap (2) (-2.5),1.90,,,,,,,-2.5,"{""label"": ""Rounds Handicap (2) (-2.5)"", ""hdp"": -2.5, ""home"": ""1.90""}",2026-06-03T08:01:46.127Z
71899400,Esports,2026-06-03 16:30,Betboom Team,Team Gamerlegion,Counter-Strike - Intel Extreme Masters Cologne,Bet365,Map 1 Lines,To Win (1),,,2.10,,,,,,"{""label"": ""To Win (1)"", ""away"": ""2.10""}",2026-06-03T08:01:46.127Z
71899400,Esports,2026-06-03 16:30,Betboom Team,Team Gamerlegion,Counter-Strike - Intel Extreme Masters Cologne,Bet365,Map 1 Lines,To Win (2),1.66,,,,,,,,"{""label"": ""To Win (2)"", ""home"": ""1.66""}",2026-06-03T08:01:46.127Z
71899400,Esports,2026-06-03 16:30,Betboom Team,Team Gamerlegion,Counter-Strike - Intel Extreme Masters Cologne,Bet365,Map 2 - Race to # Rounds,3 (1),,,1.90,,,,,1,"{""label"": ""3 (1)"", ""hdp"": 1, ""away"": ""1.90""}",2026-06-03T08:10:45.669Z
71899400,Esports,2026-06-03 16:30,Betboom Team,Team Gamerlegion,Counter-Strike - Intel Extreme Masters Cologne,Bet365,Map 2 - Race to # Rounds,3 (2),1.80,,,,,,,2,"{""label"": ""3 (2)"", ""hdp"": 2, ""home"": ""1.80""}",2026-06-03T08:10:45.669Z
71899410,Esports,2026-06-03 16:30,Tyloo,Sinners eSports,Counter-Strike - Intel Extreme Masters Cologne,Bet365,ML,,1.72,,2.00,,,,,,"{""home"": ""1.72"", ""away"": ""2.00""}",2026-06-03T03:41:46.685Z
71899410,Esports,2026-06-03 16:30,Tyloo,Sinners eSports,Counter-Strike - Intel Extreme Masters Cologne,Bet365,Spread,,3.25,,1.33,,,,,-1.5,"{""hdp"": -1.5, ""home"": ""3.25"", ""away"": ""1.33""}",2026-06-03T03:41:46.685Z
71899410,Esports,2026-06-03 16:30,Tyloo,Sinners eSports,Counter-Strike - Intel Extreme Masters Cologne,Bet365,Totals,,,,,1.83,1.83,,,2.5,"{""hdp"": 2.5, ""over"": ""1.83"", ""under"": ""1.83""}",2026-06-02T21:54:36.015Z
71899410,Esports,2026-06-03 16:30,Tyloo,Sinners eSports,Counter-Strike - Intel Extreme Masters Cologne,Bet365,Map 1 - Alternative Rounds Handicap,1 (-4.5),3.40,,3.50,,,,,-4.5,"{""label"": ""1 (-4.5)"", ""hdp"": -4.5, ""home"": ""3.40"", ""away"": ""3.50""}",2026-06-03T02:11:11.819Z
71899410,Esports,2026-06-03 16:30,Tyloo,Sinners eSports,Counter-Strike - Intel Extreme Masters Cologne,Bet365,Map 1 - Alternative Rounds Handicap,1 (-3.5),2.75,,2.75,,,,,-3.5,"{""label"": ""1 (-3.5)"", ""hdp"": -3.5, ""home"": ""2.75"", ""away"": ""2.75""}",2026-06-03T02:11:11.819Z
71899410,Esports,2026-06-03 16:30,Tyloo,Sinners eSports,Counter-Strike - Intel Extreme Masters Cologne,Bet365,Map 1 - Alternative Rounds Handicap,1 (-2.5),2.20,,,,,,,-2.5,"{""label"": ""1 (-2.5)"", ""hdp"": -2.5, ""home"": ""2.20""}",2026-06-03T02:11:11.819Z
71899410,Esports,2026-06-03 16:30,Tyloo,Sinners eSports,Counter-Strike - Intel Extreme Masters Cologne,Bet365,Map 1 - Alternative Rounds Handicap,1 (3.5),1.40,,1.40,,,,,3.5,"{""label"": ""1 (3.5)"", ""hdp"": 3.5, ""home"": ""1.40"", ""away"": ""1.40""}",2026-06-03T02:11:11.819Z
71899410,Esports,2026-06-03 16:30,Tyloo,Sinners eSports,Counter-Strike - Intel Extreme Masters Cologne,Bet365,Map 1 - Alternative Rounds Handicap,1 (4.5),1.28,,1.30,,,,,4.5,"{""label"": ""1 (4.5)"", ""hdp"": 4.5, ""home"": ""1.28"", ""away"": ""1.30""}",2026-06-03T02:11:11.819Z
71899410,Esports,2026-06-03 16:30,Tyloo,Sinners eSports,Counter-Strike - Intel Extreme Masters Cologne,Bet365,Map 1 - Alternative Rounds Handicap,1 (5.5),1.20,,,,,,,5.5,"{""label"": ""1 (5.5)"", ""hdp"": 5.5, ""home"": ""1.20""}",2026-06-03T02:11:11.819Z
71899410,Esports,2026-06-03 16:30,Tyloo,Sinners eSports,Counter-Strike - Intel Extreme Masters Cologne,Bet365,Map 1 - Alternative Rounds Handicap,2 (2.5),,,1.61,,,,,2.5,"{""label"": ""2 (2.5)"", ""hdp"": 2.5, ""away"": ""1.61""}",2026-06-03T02:11:11.819Z
71899410,Esports,2026-06-03 16:30,Tyloo,Sinners eSports,Counter-Strike - Intel Extreme Masters Cologne,Bet365,Map 1 - Alternative Rounds Handicap,2 (-5.5),,,4.33,,,,,-5.5,"{""label"": ""2 (-5.5)"", ""hdp"": -5.5, ""away"": ""4.33""}",2026-06-03T02:11:11.819Z
71899410,Esports,2026-06-03 16:30,Tyloo,Sinners eSports,Counter-Strike - Intel Extreme Masters Cologne,Bet365,Map 1 - Correct Round Score,13-0 (2),,,11.00,,,,,2,"{""label"": ""13-0 (2)"", ""hdp"": 2, ""away"": ""11.00""}",2026-06-03T02:11:11.819Z
71899410,Esports,2026-06-03 16:30,Tyloo,Sinners eSports,Counter-Strike - Intel Extreme Masters Cologne,Bet365,Map 1 - Correct Round Score,13-0 (1),12.00,,,,,,,1,"{""label"": ""13-0 (1)"", ""hdp"": 1, ""home"": ""12.00""}",2026-06-03T02:11:11.819Z
71899410,Esports,2026-06-03 16:30,Tyloo,Sinners eSports,Counter-Strike - Intel Extreme Masters Cologne,Bet365,Map 1 - Correct Round Score,12-12,,,6.50,,,,,,"{""label"": ""12-12"", ""away"": ""6.50""}",2026-06-03T02:11:11.819Z
71899410,Esports,2026-06-03 16:30,Tyloo,Sinners eSports,Counter-Strike - Intel Extreme Masters Cologne,Bet365,Map 2 - Race to # Rounds,3 (1),1.80,,,,,,,1,"{""label"": ""3 (1)"", ""hdp"": 1, ""home"": ""1.80""}",2026-06-03T03:00:52.355Z
71899410,Esports,2026-06-03 16:30,Tyloo,Sinners eSports,Counter-Strike - Intel Extreme Masters Cologne,Bet365,Map 2 - Race to # Rounds,3 (2),,,1.90,,,,,2,"{""label"": ""3 (2)"", ""hdp"": 2, ""away"": ""1.90""}",2026-06-03T03:00:52.355Z
71899410,Esports,2026-06-03 16:30,Tyloo,Sinners eSports,Counter-Strike - Intel Extreme Masters Cologne,Bet365,Round Lines,Rounds Handicap (1) (-2.5),1.83,,,,,,,-2.5,"{""label"": ""Rounds Handicap (1) (-2.5)"", ""hdp"": -2.5, ""home"": ""1.83""}",2026-06-03T03:41:46.685Z
71899410,Esports,2026-06-03 16:30,Tyloo,Sinners eSports,Counter-Strike - Intel Extreme Masters Cologne,Bet365,Round Lines,Total Rounds (1) (53.5),1.83,,1.83,,,,,53.5,"{""label"": ""Total Rounds (1) (53.5)"", ""hdp"": 53.5, ""home"": ""1.83"", ""away"": ""1.83""}",2026-06-03T03:41:46.685Z
71899410,Esports,2026-06-03 16:30,Tyloo,Sinners eSports,Counter-Strike - Intel Extreme Masters Cologne,Bet365,Round Lines,Rounds Handicap (2) (2.5),,,1.83,,,,,2.5,"{""label"": ""Rounds Handicap (2) (2.5)"", ""hdp"": 2.5, ""away"": ""1.83""}",2026-06-03T03:41:46.685Z
71899410,Esports,2026-06-03 16:30,Tyloo,Sinners eSports,Counter-Strike - Intel Extreme Masters Cologne,Bet365,Map 2 - Alternative Kill Handicap,1 (-19.5),4.00,,,,,,,-19.5,"{""label"": ""1 (-19.5)"", ""hdp"": -19.5, ""home"": ""4.00""}",2026-06-03T03:00:52.355Z
71899410,Esports,2026-06-03 16:30,Tyloo,Sinners eSports,Counter-Strike - Intel Extreme Masters Cologne,Bet365,Map 2 - Alternative Kill Handicap,1 (-14.5),2.75,,,,,,,-14.5,"{""label"": ""1 (-14.5)"", ""hdp"": -14.5, ""home"": ""2.75""}",2026-06-03T03:00:52.355Z
71899410,Esports,2026-06-03 16:30,Tyloo,Sinners eSports,Counter-Strike - Intel Extreme Masters Cologne,Bet365,Map 2 - Alternative Kill Handicap,1 (-9.5),2.20,,,,,,,-9.5,"{""label"": ""1 (-9.5)"", ""hdp"": -9.5, ""home"": ""2.20""}",2026-06-03T03:00:52.355Z
71899410,Esports,2026-06-03 16:30,Tyloo,Sinners eSports,Counter-Strike - Intel Extreme Masters Cologne,Bet365,Map 2 - Alternative Kill Handicap,1 (0.5),1.61,,,,,,,0.5,"{""label"": ""1 (0.5)"", ""hdp"": 0.5, ""home"": ""1.61""}",2026-06-03T03:00:52.355Z
71899410,Esports,2026-06-03 16:30,Tyloo,Sinners eSports,Counter-Strike - Intel Extreme Masters Cologne,Bet365,Map 2 - Alternative Kill Handicap,1 (5.5),1.50,,,,,,,5.5,"{""label"": ""1 (5.5)"", ""hdp"": 5.5, ""home"": ""1.50""}",2026-06-03T03:00:52.355Z
71899410,Esports,2026-06-03 16:30,Tyloo,Sinners eSports,Counter-Strike - Intel Extreme Masters Cologne,Bet365,Map 2 - Alternative Kill Handicap,2 (19.5),,,1.22,,,,,19.5,"{""label"": ""2 (19.5)"", ""hdp"": 19.5, ""away"": ""1.22""}",2026-06-03T03:00:52.355Z
71899410,Esports,2026-06-03 16:30,Tyloo,Sinners eSports,Counter-Strike - Intel Extreme Masters Cologne,Bet365,Map 2 - Alternative Kill Handicap,2 (14.5),,,1.40,,,,,14.5,"{""label"": ""2 (14.5)"", ""hdp"": 14.5, ""away"": ""1.40""}",2026-06-03T03:00:52.355Z
71899410,Esports,2026-06-03 16:30,Tyloo,Sinners eSports,Counter-Strike - Intel Extreme Masters Cologne,Bet365,Map 2 - Alternative Kill Handicap,2 (9.5),,,1.61,,,,,9.5,"{""label"": ""2 (9.5)"", ""hdp"": 9.5, ""away"": ""1.61""}",2026-06-03T03:00:52.355Z
71899410,Esports,2026-06-03 16:30,Tyloo,Sinners eSports,Counter-Strike - Intel Extreme Masters Cologne,Bet365,Map 2 - Alternative Kill Handicap,2 (-0.5),,,2.20,,,,,-0.5,"{""label"": ""2 (-0.5)"", ""hdp"": -0.5, ""away"": ""2.20""}",2026-06-03T03:00:52.355Z
71899410,Esports,2026-06-03 16:30,Tyloo,Sinners eSports,Counter-Strike - Intel Extreme Masters Cologne,Bet365,Map 2 - Alternative Kill Handicap,2 (-5.5),,,2.50,,,,,-5.5,"{""label"": ""2 (-5.5)"", ""hdp"": -5.5, ""away"": ""2.50""}",2026-06-03T03:00:52.355Z
71899410,Esports,2026-06-03 16:30,Tyloo,Sinners eSports,Counter-Strike - Intel Extreme Masters Cologne,Bet365,Map 2 Lines,To Win (1),1.66,,,,,,,,"{""label"": ""To Win (1)"", ""home"": ""1.66""}",2026-06-03T03:41:46.685Z
71899410,Esports,2026-06-03 16:30,Tyloo,Sinners eSports,Counter-Strike - Intel Extreme Masters Cologne,Bet365,Map 2 Lines,Rounds Handicap (1) (-2.5),1.90,,,,,,,-2.5,"{""label"": ""Rounds Handicap (1) (-2.5)"", ""hdp"": -2.5, ""home"": ""1.90""}",2026-06-03T03:41:46.685Z
71899410,Esports,2026-06-03 16:30,Tyloo,Sinners eSports,Counter-Strike - Intel Extreme Masters Cologne,Bet365,Map 2 Lines,Total Rounds (1) (21.5),2.00,,1.72,,,,,21.5,"{""label"": ""Total Rounds (1) (21.5)"", ""hdp"": 21.5, ""home"": ""2.00"", ""away"": ""1.72""}",2026-06-03T03:41:46.685Z
71899410,Esports,2026-06-03 16:30,Tyloo,Sinners eSports,Counter-Strike - Intel Extreme Masters Cologne,Bet365,Map 2 Lines,To Win (2),,,2.10,,,,,,"{""label"": ""To Win (2)"", ""away"": ""2.10""}",2026-06-03T03:41:46.685Z
71899410,Esports,2026-06-03 16:30,Tyloo,Sinners eSports,Counter-Strike - Intel Extreme Masters Cologne,Bet365,Map 2 Lines,Rounds Handicap (2) (2.5),,,1.80,,,,,2.5,"{""label"": ""Rounds Handicap (2) (2.5)"", ""hdp"": 2.5, ""away"": ""1.80""}",2026-06-03T03:41:46.685Z
71899410,Esports,2026-06-03 16:30,Tyloo,Sinners eSports,Counter-Strike - Intel Extreme Masters Cologne,Bet365,Map 1 - Alternative Total Rounds,,,,,1.14,5.00,,,17.5,"{""hdp"": 17.5, ""over"": ""1.14"", ""under"": ""5.00""}",2026-06-02T22:16:51.543Z
71899410,Esports,2026-06-03 16:30,Tyloo,Sinners eSports,Counter-Strike - Intel Extreme Masters Cologne,Bet365,Map 1 - Alternative Total Rounds,,,,,1.25,3.75,,,18.5,"{""hdp"": 18.5, ""over"": ""1.25"", ""under"": ""3.75""}",2026-06-02T22:16:51.543Z
71899410,Esports,2026-06-03 16:30,Tyloo,Sinners eSports,Counter-Strike - Intel Extreme Masters Cologne,Bet365,Map 1 - Alternative Total Rounds,,,,,1.40,2.75,,,19.5,"{""hdp"": 19.5, ""over"": ""1.40"", ""under"": ""2.75""}",2026-06-02T22:16:51.543Z
71899410,Esports,2026-06-03 16:30,Tyloo,Sinners eSports,Counter-Strike - Intel Extreme Masters Cologne,Bet365,Map 1 - Alternative Total Rounds,,,,,1.61,2.20,,,20.5,"{""hdp"": 20.5, ""over"": ""1.61"", ""under"": ""2.20""}",2026-06-02T22:16:51.543Z
71899410,Esports,2026-06-03 16:30,Tyloo,Sinners eSports,Counter-Strike - Intel Extreme Masters Cologne,Bet365,Map 1 - Alternative Total Rounds,,,,,2.62,1.44,,,22.5,"{""hdp"": 22.5, ""over"": ""2.62"", ""under"": ""1.44""}",2026-06-02T22:16:51.543Z
71899410,Esports,2026-06-03 16:30,Tyloo,Sinners eSports,Counter-Strike - Intel Extreme Masters Cologne,Bet365,Map 1 - Alternative Total Rounds,,,,,3.75,1.25,,,23.5,"{""hdp"": 23.5, ""over"": ""3.75"", ""under"": ""1.25""}",2026-06-02T22:16:51.543Z
71899410,Esports,2026-06-03 16:30,Tyloo,Sinners eSports,Counter-Strike - Intel Extreme Masters Cologne,Bet365,Map 2 - Alternative Total Rounds,,,,,1.14,5.00,,,17.5,"{""hdp"": 17.5, ""over"": ""1.14"", ""under"": ""5.00""}",2026-06-02T22:23:05.787Z
71899410,Esports,2026-06-03 16:30,Tyloo,Sinners eSports,Counter-Strike - Intel Extreme Masters Cologne,Bet365,Map 2 - Alternative Total Rounds,,,,,1.25,3.75,,,18.5,"{""hdp"": 18.5, ""over"": ""1.25"", ""under"": ""3.75""}",2026-06-02T22:23:05.787Z
71899410,Esports,2026-06-03 16:30,Tyloo,Sinners eSports,Counter-Strike - Intel Extreme Masters Cologne,Bet365,Map 2 - Alternative Total Rounds,,,,,1.40,2.75,,,19.5,"{""hdp"": 19.5, ""over"": ""1.40"", ""under"": ""2.75""}",2026-06-02T22:23:05.787Z
71899410,Esports,2026-06-03 16:30,Tyloo,Sinners eSports,Counter-Strike - Intel Extreme Masters Cologne,Bet365,Map 2 - Alternative Total Rounds,,,,,1.61,2.20,,,20.5,"{""hdp"": 20.5, ""over"": ""1.61"", ""under"": ""2.20""}",2026-06-02T22:23:05.787Z
71899410,Esports,2026-06-03 16:30,Tyloo,Sinners eSports,Counter-Strike - Intel Extreme Masters Cologne,Bet365,Map 2 - Alternative Total Rounds,,,,,2.62,1.44,,,22.5,"{""hdp"": 22.5, ""over"": ""2.62"", ""under"": ""1.44""}",2026-06-02T22:23:05.787Z
71899410,Esports,2026-06-03 16:30,Tyloo,Sinners eSports,Counter-Strike - Intel Extreme Masters Cologne,Bet365,Map 2 - Alternative Total Rounds,,,,,3.75,1.25,,,23.5,"{""hdp"": 23.5, ""over"": ""3.75"", ""under"": ""1.25""}",2026-06-02T22:23:05.787Z
71899410,Esports,2026-06-03 16:30,Tyloo,Sinners eSports,Counter-Strike - Intel Extreme Masters Cologne,Bet365,Map 2 - Winning Margin,2-4 (1),23.00,,,,,,,1,"{""label"": ""2-4 (1)"", ""hdp"": 1, ""home"": ""23.00""}",2026-06-03T03:00:52.355Z
71899410,Esports,2026-06-03 16:30,Tyloo,Sinners eSports,Counter-Strike - Intel Extreme Masters Cologne,Bet365,Map 2 - Winning Margin,2-4 (2),,,26.00,,,,,2,"{""label"": ""2-4 (2)"", ""hdp"": 2, ""away"": ""26.00""}",2026-06-03T03:00:52.355Z
71899410,Esports,2026-06-03 16:30,Tyloo,Sinners eSports,Counter-Strike - Intel Extreme Masters Cologne,Bet365,Map 1 - Alternative Kill Handicap,1 (-11.5),2.75,,,,,,,-11.5,"{""label"": ""1 (-11.5)"", ""hdp"": -11.5, ""home"": ""2.75""}",2026-06-03T02:11:11.819Z
71899410,Esports,2026-06-03 16:30,Tyloo,Sinners eSports,Counter-Strike - Intel Extreme Masters Cologne,Bet365,Map 1 - Alternative Kill Handicap,1 (-6.5),2.20,,,,,,,-6.5,"{""label"": ""1 (-6.5)"", ""hdp"": -6.5, ""home"": ""2.20""}",2026-06-03T02:11:11.819Z
71899410,Esports,2026-06-03 16:30,Tyloo,Sinners eSports,Counter-Strike - Intel Extreme Masters Cologne,Bet365,Map 1 - Alternative Kill Handicap,1 (-1.5),1.90,,,,,,,-1.5,"{""label"": ""1 (-1.5)"", ""hdp"": -1.5, ""home"": ""1.90""}",2026-06-03T02:11:11.819Z
71899410,Esports,2026-06-03 16:30,Tyloo,Sinners eSports,Counter-Strike - Intel Extreme Masters Cologne,Bet365,Map 1 - Alternative Kill Handicap,1 (8.5),1.53,,,,,,,8.5,"{""label"": ""1 (8.5)"", ""hdp"": 8.5, ""home"": ""1.53""}",2026-06-03T02:11:11.819Z
71899410,Esports,2026-06-03 16:30,Tyloo,Sinners eSports,Counter-Strike - Intel Extreme Masters Cologne,Bet365,Map 1 - Alternative Kill Handicap,1 (13.5),1.33,,,,,,,13.5,"{""label"": ""1 (13.5)"", ""hdp"": 13.5, ""home"": ""1.33""}",2026-06-03T02:11:11.819Z
71899410,Esports,2026-06-03 16:30,Tyloo,Sinners eSports,Counter-Strike - Intel Extreme Masters Cologne,Bet365,Map 1 - Alternative Kill Handicap,2 (11.5),,,1.40,,,,,11.5,"{""label"": ""2 (11.5)"", ""hdp"": 11.5, ""away"": ""1.40""}",2026-06-03T02:11:11.819Z
71899410,Esports,2026-06-03 16:30,Tyloo,Sinners eSports,Counter-Strike - Intel Extreme Masters Cologne,Bet365,Map 1 - Alternative Kill Handicap,2 (6.5),,,1.61,,,,,6.5,"{""label"": ""2 (6.5)"", ""hdp"": 6.5, ""away"": ""1.61""}",2026-06-03T02:11:11.819Z
71899410,Esports,2026-06-03 16:30,Tyloo,Sinners eSports,Counter-Strike - Intel Extreme Masters Cologne,Bet365,Map 1 - Alternative Kill Handicap,2 (1.5),,,1.80,,,,,1.5,"{""label"": ""2 (1.5)"", ""hdp"": 1.5, ""away"": ""1.80""}",2026-06-03T02:11:11.819Z
71899410,Esports,2026-06-03 16:30,Tyloo,Sinners eSports,Counter-Strike - Intel Extreme Masters Cologne,Bet365,Map 1 - Alternative Kill Handicap,2 (-8.5),,,2.37,,,,,-8.5,"{""label"": ""2 (-8.5)"", ""hdp"": -8.5, ""away"": ""2.37""}",2026-06-03T02:11:11.819Z
71899410,Esports,2026-06-03 16:30,Tyloo,Sinners eSports,Counter-Strike - Intel Extreme Masters Cologne,Bet365,Map 1 - Alternative Kill Handicap,2 (-13.5),,,3.25,,,,,-13.5,"{""label"": ""2 (-13.5)"", ""hdp"": -13.5, ""away"": ""3.25""}",2026-06-03T02:11:11.819Z
71899410,Esports,2026-06-03 16:30,Tyloo,Sinners eSports,Counter-Strike - Intel Extreme Masters Cologne,Bet365,Map 1 - Race to # Rounds,3 (1),1.72,,,,,,,1,"{""label"": ""3 (1)"", ""hdp"": 1, ""home"": ""1.72""}",2026-06-03T02:11:11.819Z
71899410,Esports,2026-06-03 16:30,Tyloo,Sinners eSports,Counter-Strike - Intel Extreme Masters Cologne,Bet365,Map 1 - Race to # Rounds,3 (2),,,2.00,,,,,2,"{""label"": ""3 (2)"", ""hdp"": 2, ""away"": ""2.00""}",2026-06-03T02:11:11.819Z
71899410,Esports,2026-06-03 16:30,Tyloo,Sinners eSports,Counter-Strike - Intel Extreme Masters Cologne,Bet365,Map 2 - Correct Round Score,13-0 (1),10.00,,,,,,,1,"{""label"": ""13-0 (1)"", ""hdp"": 1, ""home"": ""10.00""}",2026-06-03T03:00:52.355Z
71899410,Esports,2026-06-03 16:30,Tyloo,Sinners eSports,Counter-Strike - Intel Extreme Masters Cologne,Bet365,Map 2 - Correct Round Score,12-12,,,6.50,,,,,,"{""label"": ""12-12"", ""away"": ""6.50""}",2026-06-03T03:00:52.355Z
71899410,Esports,2026-06-03 16:30,Tyloo,Sinners eSports,Counter-Strike - Intel Extreme Masters Cologne,Bet365,Map 2 - Correct Round Score,13-0 (2),,,13.00,,,,,2,"{""label"": ""13-0 (2)"", ""hdp"": 2, ""away"": ""13.00""}",2026-06-03T03:00:52.355Z
71899410,Esports,2026-06-03 16:30,Tyloo,Sinners eSports,Counter-Strike - Intel Extreme Masters Cologne,Bet365,Map 1 Lines,Total Rounds (1) (21.5),1.90,,1.80,,,,,21.5,"{""label"": ""Total Rounds (1) (21.5)"", ""hdp"": 21.5, ""home"": ""1.90"", ""away"": ""1.80""}",2026-06-03T03:41:46.685Z
71899410,Esports,2026-06-03 16:30,Tyloo,Sinners eSports,Counter-Strike - Intel Extreme Masters Cologne,Bet365,Map 1 Lines,To Win (1),1.83,,,,,,,,"{""label"": ""To Win (1)"", ""home"": ""1.83""}",2026-06-03T03:41:46.685Z
71899410,Esports,2026-06-03 16:30,Tyloo,Sinners eSports,Counter-Strike - Intel Extreme Masters Cologne,Bet365,Map 1 Lines,Rounds Handicap (1) (2.5),1.61,,,,,,,2.5,"{""label"": ""Rounds Handicap (1) (2.5)"", ""hdp"": 2.5, ""home"": ""1.61""}",2026-06-03T03:41:46.685Z
71899410,Esports,2026-06-03 16:30,Tyloo,Sinners eSports,Counter-Strike - Intel Extreme Masters Cologne,Bet365,Map 1 Lines,To Win (2),,,1.83,,,,,,"{""label"": ""To Win (2)"", ""away"": ""1.83""}",2026-06-03T03:41:46.685Z
71899410,Esports,2026-06-03 16:30,Tyloo,Sinners eSports,Counter-Strike - Intel Extreme Masters Cologne,Bet365,Map 1 Lines,Rounds Handicap (2) (-2.5),,,2.20,,,,,-2.5,"{""label"": ""Rounds Handicap (2) (-2.5)"", ""hdp"": -2.5, ""away"": ""2.20""}",2026-06-03T03:41:46.685Z
71899410,Esports,2026-06-03 16:30,Tyloo,Sinners eSports,Counter-Strike - Intel Extreme Masters Cologne,Bet365,Map 1 - Winning Margin,2-4 (1),21.00,,,,,,,1,"{""label"": ""2-4 (1)"", ""hdp"": 1, ""home"": ""21.00""}",2026-06-03T02:11:11.819Z
71899410,Esports,2026-06-03 16:30,Tyloo,Sinners eSports,Counter-Strike - Intel Extreme Masters Cologne,Bet365,Map 1 - Winning Margin,2-4 (2),,,29.00,,,,,2,"{""label"": ""2-4 (2)"", ""hdp"": 2, ""away"": ""29.00""}",2026-06-03T02:11:11.819Z
71899410,Esports,2026-06-03 16:30,Tyloo,Sinners eSports,Counter-Strike - Intel Extreme Masters Cologne,Bet365,Map 2 - Alternative Rounds Handicap,1 (-5.5),3.75,,,,,,,-5.5,"{""label"": ""1 (-5.5)"", ""hdp"": -5.5, ""home"": ""3.75""}",2026-06-03T03:00:52.355Z
71899410,Esports,2026-06-03 16:30,Tyloo,Sinners eSports,Counter-Strike - Intel Extreme Masters Cologne,Bet365,Map 2 - Alternative Rounds Handicap,1 (-4.5),3.00,,4.00,,,,,-4.5,"{""label"": ""1 (-4.5)"", ""hdp"": -4.5, ""home"": ""3.00"", ""away"": ""4.00""}",2026-06-03T03:00:52.355Z
71899410,Esports,2026-06-03 16:30,Tyloo,Sinners eSports,Counter-Strike - Intel Extreme Masters Cologne,Bet365,Map 2 - Alternative Rounds Handicap,1 (-3.5),2.37,,3.25,,,,,-3.5,"{""label"": ""1 (-3.5)"", ""hdp"": -3.5, ""home"": ""2.37"", ""away"": ""3.25""}",2026-06-03T03:00:52.355Z
71899410,Esports,2026-06-03 16:30,Tyloo,Sinners eSports,Counter-Strike - Intel Extreme Masters Cologne,Bet365,Map 2 - Alternative Rounds Handicap,1 (2.5),1.44,,,,,,,2.5,"{""label"": ""1 (2.5)"", ""hdp"": 2.5, ""home"": ""1.44""}",2026-06-03T03:00:52.355Z
71899410,Esports,2026-06-03 16:30,Tyloo,Sinners eSports,Counter-Strike - Intel Extreme Masters Cologne,Bet365,Map 2 - Alternative Rounds Handicap,1 (3.5),1.33,,1.53,,,,,3.5,"{""label"": ""1 (3.5)"", ""hdp"": 3.5, ""home"": ""1.33"", ""away"": ""1.53""}",2026-06-03T03:00:52.355Z
71899410,Esports,2026-06-03 16:30,Tyloo,Sinners eSports,Counter-Strike - Intel Extreme Masters Cologne,Bet365,Map 2 - Alternative Rounds Handicap,1 (4.5),1.22,,1.36,,,,,4.5,"{""label"": ""1 (4.5)"", ""hdp"": 4.5, ""home"": ""1.22"", ""away"": ""1.36""}",2026-06-03T03:00:52.355Z
71899410,Esports,2026-06-03 16:30,Tyloo,Sinners eSports,Counter-Strike - Intel Extreme Masters Cologne,Bet365,Map 2 - Alternative Rounds Handicap,2 (5.5),,,1.25,,,,,5.5,"{""label"": ""2 (5.5)"", ""hdp"": 5.5, ""away"": ""1.25""}",2026-06-03T03:00:52.355Z
71899410,Esports,2026-06-03 16:30,Tyloo,Sinners eSports,Counter-Strike - Intel Extreme Masters Cologne,Bet365,Map 2 - Alternative Rounds Handicap,2 (-2.5),,,2.62,,,,,-2.5,"{""label"": ""2 (-2.5)"", ""hdp"": -2.5, ""away"": ""2.62""}",2026-06-03T03:00:52.355Z
71170498,Esports,2026-06-03 13:00,New Meta,Uwinks,League of Legends - LJL,Bet365,ML,,1.61,,2.20,,,,,,"{""home"": ""1.61"", ""away"": ""2.20""}",2026-06-03T01:03:34.818Z
71170498,Esports,2026-06-03 13:00,New Meta,Uwinks,League of Legends - LJL,Bet365,Spread,,3.00,,1.36,,,,,-1.5,"{""hdp"": -1.5, ""home"": ""3.00"", ""away"": ""1.36""}",2026-06-03T01:03:34.818Z
71170498,Esports,2026-06-03 13:00,New Meta,Uwinks,League of Legends - LJL,Bet365,1st Map Moneyline,,1.72,,2.00,,,,,,"{""home"": ""1.72"", ""away"": ""2.00""}",2026-06-03T01:03:34.818Z
71170498,Esports,2026-06-03 13:00,New Meta,Uwinks,League of Legends - LJL,Bet365,2nd Map Moneyline,,1.72,,2.00,,,,,,"{""home"": ""1.72"", ""away"": ""2.00""}",2026-06-03T01:03:34.818Z
71170498,Esports,2026-06-03 13:00,New Meta,Uwinks,League of Legends - LJL,Bet365,1st Map Handicap,,,,,1.83,1.83,,,-4.5,"{""hdp"": -4.5, ""over"": ""1.83"", ""under"": ""1.83""}",2026-06-03T01:03:34.818Z
71170498,Esports,2026-06-03 13:00,New Meta,Uwinks,League of Legends - LJL,Bet365,2nd Map Handicap,,,,,1.83,1.83,,,-4.5,"{""hdp"": -4.5, ""over"": ""1.83"", ""under"": ""1.83""}",2026-06-03T01:27:34.175Z
71170498,Esports,2026-06-03 13:00,New Meta,Uwinks,League of Legends - LJL,Bet365,1st Map Total Kills,,,,,1.83,1.83,,,33.5,"{""hdp"": 33.5, ""over"": ""1.83"", ""under"": ""1.83""}",2026-06-02T23:03:51.123Z
71170498,Esports,2026-06-03 13:00,New Meta,Uwinks,League of Legends - LJL,Bet365,2nd Map Total Kills,,,,,1.83,1.83,,,33.5,"{""hdp"": 33.5, ""over"": ""1.83"", ""under"": ""1.83""}",2026-06-03T00:10:17.398Z
71899392,Esports,2026-06-03 14:30,NRG Esports,Flyquest,Counter-Strike - Intel Extreme Masters Cologne,Bet365,ML,,1.83,,1.83,,,,,,"{""home"": ""1.83"", ""away"": ""1.83""}",2026-06-03T03:00:26.28Z
71899392,Esports,2026-06-03 14:30,NRG Esports,Flyquest,Counter-Strike - Intel Extreme Masters Cologne,Bet365,Map 1 - Alternative Kill Handicap,1 (-11.5),2.75,,,,,,,-11.5,"{""label"": ""1 (-11.5)"", ""hdp"": -11.5, ""home"": ""2.75""}",2026-06-03T02:20:43.298Z
71899392,Esports,2026-06-03 14:30,NRG Esports,Flyquest,Counter-Strike - Intel Extreme Masters Cologne,Bet365,Map 1 - Alternative Kill Handicap,1 (-6.5),2.20,,,,,,,-6.5,"{""label"": ""1 (-6.5)"", ""hdp"": -6.5, ""home"": ""2.20""}",2026-06-03T02:20:43.298Z
71899392,Esports,2026-06-03 14:30,NRG Esports,Flyquest,Counter-Strike - Intel Extreme Masters Cologne,Bet365,Map 1 - Alternative Kill Handicap,1 (-1.5),1.90,,,,,,,-1.5,"{""label"": ""1 (-1.5)"", ""hdp"": -1.5, ""home"": ""1.90""}",2026-06-03T02:20:43.298Z
71899392,Esports,2026-06-03 14:30,NRG Esports,Flyquest,Counter-Strike - Intel Extreme Masters Cologne,Bet365,Map 1 - Alternative Kill Handicap,1 (8.5),1.50,,,,,,,8.5,"{""label"": ""1 (8.5)"", ""hdp"": 8.5, ""home"": ""1.50""}",2026-06-03T02:20:43.298Z
71899392,Esports,2026-06-03 14:30,NRG Esports,Flyquest,Counter-Strike - Intel Extreme Masters Cologne,Bet365,Map 1 - Alternative Kill Handicap,1 (13.5),1.33,,,,,,,13.5,"{""label"": ""1 (13.5)"", ""hdp"": 13.5, ""home"": ""1.33""}",2026-06-03T02:20:43.298Z
71899392,Esports,2026-06-03 14:30,NRG Esports,Flyquest,Counter-Strike - Intel Extreme Masters Cologne,Bet365,Map 1 - Alternative Kill Handicap,2 (11.5),,,1.40,,,,,11.5,"{""label"": ""2 (11.5)"", ""hdp"": 11.5, ""away"": ""1.40""}",2026-06-03T02:20:43.298Z
71899392,Esports,2026-06-03 14:30,NRG Esports,Flyquest,Counter-Strike - Intel Extreme Masters Cologne,Bet365,Map 1 - Alternative Kill Handicap,2 (6.5),,,1.61,,,,,6.5,"{""label"": ""2 (6.5)"", ""hdp"": 6.5, ""away"": ""1.61""}",2026-06-03T02:20:43.298Z
71899392,Esports,2026-06-03 14:30,NRG Esports,Flyquest,Counter-Strike - Intel Extreme Masters Cologne,Bet365,Map 1 - Alternative Kill Handicap,2 (1.5),,,1.80,,,,,1.5,"{""label"": ""2 (1.5)"", ""hdp"": 1.5, ""away"": ""1.80""}",2026-06-03T02:20:43.298Z
71899392,Esports,2026-06-03 14:30,NRG Esports,Flyquest,Counter-Strike - Intel Extreme Masters Cologne,Bet365,Map 1 - Alternative Kill Handicap,2 (-8.5),,,2.50,,,,,-8.5,"{""label"": ""2 (-8.5)"", ""hdp"": -8.5, ""away"": ""2.50""}",2026-06-03T02:20:43.298Z
71899392,Esports,2026-06-03 14:30,NRG Esports,Flyquest,Counter-Strike - Intel Extreme Masters Cologne,Bet365,Map 1 - Alternative Kill Handicap,2 (-13.5),,,3.25,,,,,-13.5,"{""label"": ""2 (-13.5)"", ""hdp"": -13.5, ""away"": ""3.25""}",2026-06-03T02:20:43.298Z
71899392,Esports,2026-06-03 14:30,NRG Esports,Flyquest,Counter-Strike - Intel Extreme Masters Cologne,Bet365,Map 1 - Alternative Rounds Handicap,1 (-5.5),4.00,,,,,,,-5.5,"{""label"": ""1 (-5.5)"", ""hdp"": -5.5, ""home"": ""4.00""}",2026-06-03T02:20:43.298Z
71899392,Esports,2026-06-03 14:30,NRG Esports,Flyquest,Counter-Strike - Intel Extreme Masters Cologne,Bet365,Map 1 - Alternative Rounds Handicap,1 (-4.5),3.40,,3.50,,,,,-4.5,"{""label"": ""1 (-4.5)"", ""hdp"": -4.5, ""home"": ""3.40"", ""away"": ""3.50""}",2026-06-03T02:20:43.298Z
71899392,Esports,2026-06-03 14:30,NRG Esports,Flyquest,Counter-Strike - Intel Extreme Masters Cologne,Bet365,Map 1 - Alternative Rounds Handicap,1 (-3.5),2.62,,2.75,,,,,-3.5,"{""label"": ""1 (-3.5)"", ""hdp"": -3.5, ""home"": ""2.62"", ""away"": ""2.75""}",2026-06-03T02:20:43.298Z
71899392,Esports,2026-06-03 14:30,NRG Esports,Flyquest,Counter-Strike - Intel Extreme Masters Cologne,Bet365,Map 1 - Alternative Rounds Handicap,1 (2.5),1.61,,,,,,,2.5,"{""label"": ""1 (2.5)"", ""hdp"": 2.5, ""home"": ""1.61""}",2026-06-03T02:20:43.298Z
71899392,Esports,2026-06-03 14:30,NRG Esports,Flyquest,Counter-Strike - Intel Extreme Masters Cologne,Bet365,Map 1 - Alternative Rounds Handicap,1 (3.5),1.40,,1.44,,,,,3.5,"{""label"": ""1 (3.5)"", ""hdp"": 3.5, ""home"": ""1.40"", ""away"": ""1.44""}",2026-06-03T02:20:43.298Z
71899392,Esports,2026-06-03 14:30,NRG Esports,Flyquest,Counter-Strike - Intel Extreme Masters Cologne,Bet365,Map 1 - Alternative Rounds Handicap,1 (4.5),1.28,,1.30,,,,,4.5,"{""label"": ""1 (4.5)"", ""hdp"": 4.5, ""home"": ""1.28"", ""away"": ""1.30""}",2026-06-03T02:20:43.298Z
71899392,Esports,2026-06-03 14:30,NRG Esports,Flyquest,Counter-Strike - Intel Extreme Masters Cologne,Bet365,Map 1 - Alternative Rounds Handicap,2 (5.5),,,1.22,,,,,5.5,"{""label"": ""2 (5.5)"", ""hdp"": 5.5, ""away"": ""1.22""}",2026-06-03T02:20:43.298Z
71899392,Esports,2026-06-03 14:30,NRG Esports,Flyquest,Counter-Strike - Intel Extreme Masters Cologne,Bet365,Map 1 - Alternative Rounds Handicap,2 (-2.5),,,2.20,,,,,-2.5,"{""label"": ""2 (-2.5)"", ""hdp"": -2.5, ""away"": ""2.20""}",2026-06-03T02:20:43.298Z
71899392,Esports,2026-06-03 14:30,NRG Esports,Flyquest,Counter-Strike - Intel Extreme Masters Cologne,Bet365,Map 1 - Alternative Total Rounds,,,,,1.14,5.00,,,17.5,"{""hdp"": 17.5, ""over"": ""1.14"", ""under"": ""5.00""}",2026-06-02T22:06:50.996Z
71899392,Esports,2026-06-03 14:30,NRG Esports,Flyquest,Counter-Strike - Intel Extreme Masters Cologne,Bet365,Map 1 - Alternative Total Rounds,,,,,1.25,3.75,,,18.5,"{""hdp"": 18.5, ""over"": ""1.25"", ""under"": ""3.75""}",2026-06-02T22:06:50.996Z
71899392,Esports,2026-06-03 14:30,NRG Esports,Flyquest,Counter-Strike - Intel Extreme Masters Cologne,Bet365,Map 1 - Alternative Total Rounds,,,,,1.40,2.75,,,19.5,"{""hdp"": 19.5, ""over"": ""1.40"", ""under"": ""2.75""}",2026-06-02T22:06:50.996Z
71899392,Esports,2026-06-03 14:30,NRG Esports,Flyquest,Counter-Strike - Intel Extreme Masters Cologne,Bet365,Map 1 - Alternative Total Rounds,,,,,1.61,2.20,,,20.5,"{""hdp"": 20.5, ""over"": ""1.61"", ""under"": ""2.20""}",2026-06-02T22:06:50.996Z
71899392,Esports,2026-06-03 14:30,NRG Esports,Flyquest,Counter-Strike - Intel Extreme Masters Cologne,Bet365,Map 1 - Alternative Total Rounds,,,,,2.62,1.44,,,22.5,"{""hdp"": 22.5, ""over"": ""2.62"", ""under"": ""1.44""}",2026-06-02T22:06:50.996Z
71899392,Esports,2026-06-03 14:30,NRG Esports,Flyquest,Counter-Strike - Intel Extreme Masters Cologne,Bet365,Map 1 - Alternative Total Rounds,,,,,3.75,1.25,,,23.5,"{""hdp"": 23.5, ""over"": ""3.75"", ""under"": ""1.25""}",2026-06-02T22:06:50.996Z
71899392,Esports,2026-06-03 14:30,NRG Esports,Flyquest,Counter-Strike - Intel Extreme Masters Cologne,Bet365,Map 1 - Correct Round Score,13-0 (1),12.00,,,,,,,1,"{""label"": ""13-0 (1)"", ""hdp"": 1, ""home"": ""12.00""}",2026-06-02T22:06:50.996Z
71899392,Esports,2026-06-03 14:30,NRG Esports,Flyquest,Counter-Strike - Intel Extreme Masters Cologne,Bet365,Map 1 - Correct Round Score,13-0 (2),,,11.00,,,,,2,"{""label"": ""13-0 (2)"", ""hdp"": 2, ""away"": ""11.00""}",2026-06-02T22:06:50.996Z
71899392,Esports,2026-06-03 14:30,NRG Esports,Flyquest,Counter-Strike - Intel Extreme Masters Cologne,Bet365,Map 1 - Correct Round Score,12-12,,,6.50,,,,,,"{""label"": ""12-12"", ""away"": ""6.50""}",2026-06-02T22:06:50.996Z
71899392,Esports,2026-06-03 14:30,NRG Esports,Flyquest,Counter-Strike - Intel Extreme Masters Cologne,Bet365,Map 1 Lines,Total Rounds (1) (21.5),1.90,,1.80,,,,,21.5,"{""label"": ""Total Rounds (1) (21.5)"", ""hdp"": 21.5, ""home"": ""1.90"", ""away"": ""1.80""}",2026-06-03T03:00:26.28Z
71899392,Esports,2026-06-03 14:30,NRG Esports,Flyquest,Counter-Strike - Intel Extreme Masters Cologne,Bet365,Map 1 Lines,Rounds Handicap (1) (-2.5),2.20,,,,,,,-2.5,"{""label"": ""Rounds Handicap (1) (-2.5)"", ""hdp"": -2.5, ""home"": ""2.20""}",2026-06-03T03:00:26.28Z
71899392,Esports,2026-06-03 14:30,NRG Esports,Flyquest,Counter-Strike - Intel Extreme Masters Cologne,Bet365,Map 1 Lines,Rounds Handicap (2) (2.5),,,1.61,,,,,2.5,"{""label"": ""Rounds Handicap (2) (2.5)"", ""hdp"": 2.5, ""away"": ""1.61""}",2026-06-03T03:00:26.28Z
71899392,Esports,2026-06-03 14:30,NRG Esports,Flyquest,Counter-Strike - Intel Extreme Masters Cologne,Bet365,Map 1 - Race to # Rounds,3 (1),1.72,,,,,,,1,"{""label"": ""3 (1)"", ""hdp"": 1, ""home"": ""1.72""}",2026-06-02T22:06:50.996Z
71899392,Esports,2026-06-03 14:30,NRG Esports,Flyquest,Counter-Strike - Intel Extreme Masters Cologne,Bet365,Map 1 - Race to # Rounds,3 (2),,,2.00,,,,,2,"{""label"": ""3 (2)"", ""hdp"": 2, ""away"": ""2.00""}",2026-06-02T22:06:50.996Z
71899392,Esports,2026-06-03 14:30,NRG Esports,Flyquest,Counter-Strike - Intel Extreme Masters Cologne,Bet365,Map 1 - Winning Margin,2-4 (1),21.00,,,,,,,1,"{""label"": ""2-4 (1)"", ""hdp"": 1, ""home"": ""21.00""}",2026-06-03T02:20:43.298Z
71899392,Esports,2026-06-03 14:30,NRG Esports,Flyquest,Counter-Strike - Intel Extreme Masters Cologne,Bet365,Map 1 - Winning Margin,2-4 (2),,,29.00,,,,,2,"{""label"": ""2-4 (2)"", ""hdp"": 2, ""away"": ""29.00""}",2026-06-03T02:20:43.298Z
71899390,Esports,2026-06-03 15:30,Big,Thunderdownunder,Counter-Strike - Intel Extreme Masters Cologne,Bet365,ML,,3.50,,1.28,,,,,,"{""home"": ""3.50"", ""away"": ""1.28""}",2026-06-03T02:03:43.535Z
71899390,Esports,2026-06-03 15:30,Big,Thunderdownunder,Counter-Strike - Intel Extreme Masters Cologne,Bet365,Map 1 - Race to # Rounds,3 (1),2.62,,,,,,,1,"{""label"": ""3 (1)"", ""hdp"": 1, ""home"": ""2.62""}",2026-06-03T01:10:34.304Z
71899390,Esports,2026-06-03 15:30,Big,Thunderdownunder,Counter-Strike - Intel Extreme Masters Cologne,Bet365,Map 1 - Race to # Rounds,3 (2),,,1.44,,,,,2,"{""label"": ""3 (2)"", ""hdp"": 2, ""away"": ""1.44""}",2026-06-03T01:10:34.304Z
71899390,Esports,2026-06-03 15:30,Big,Thunderdownunder,Counter-Strike - Intel Extreme Masters Cologne,Bet365,Map 1 - Winning Margin,2-4 (1),41.00,,,,,,,1,"{""label"": ""2-4 (1)"", ""hdp"": 1, ""home"": ""41.00""}",2026-06-03T01:10:34.304Z
71899390,Esports,2026-06-03 15:30,Big,Thunderdownunder,Counter-Strike - Intel Extreme Masters Cologne,Bet365,Map 1 - Winning Margin,2-4 (2),,,13.00,,,,,2,"{""label"": ""2-4 (2)"", ""hdp"": 2, ""away"": ""13.00""}",2026-06-03T01:10:34.304Z
71899390,Esports,2026-06-03 15:30,Big,Thunderdownunder,Counter-Strike - Intel Extreme Masters Cologne,Bet365,Map 1 - Alternative Kill Handicap,1 (-1.5),3.75,,,,,,,-1.5,"{""label"": ""1 (-1.5)"", ""hdp"": -1.5, ""home"": ""3.75""}",2026-06-03T07:12:58.012Z
71899390,Esports,2026-06-03 15:30,Big,Thunderdownunder,Counter-Strike - Intel Extreme Masters Cologne,Bet365,Map 1 - Alternative Kill Handicap,1 (3.5),3.00,,,,,,,3.5,"{""label"": ""1 (3.5)"", ""hdp"": 3.5, ""home"": ""3.00""}",2026-06-03T07:12:58.012Z
71899390,Esports,2026-06-03 15:30,Big,Thunderdownunder,Counter-Strike - Intel Extreme Masters Cologne,Bet365,Map 1 - Alternative Kill Handicap,1 (13.5),1.72,,,,,,,13.5,"{""label"": ""1 (13.5)"", ""hdp"": 13.5, ""home"": ""1.72""}",2026-06-03T07:12:58.012Z
71899390,Esports,2026-06-03 15:30,Big,Thunderdownunder,Counter-Strike - Intel Extreme Masters Cologne,Bet365,Map 1 - Alternative Kill Handicap,1 (18.5),1.44,,,,,,,18.5,"{""label"": ""1 (18.5)"", ""hdp"": 18.5, ""home"": ""1.44""}",2026-06-03T07:12:58.012Z
71899390,Esports,2026-06-03 15:30,Big,Thunderdownunder,Counter-Strike - Intel Extreme Masters Cologne,Bet365,Map 1 - Alternative Kill Handicap,1 (23.5),1.22,,,,,,,23.5,"{""label"": ""1 (23.5)"", ""hdp"": 23.5, ""home"": ""1.22""}",2026-06-03T07:12:58.012Z
71899390,Esports,2026-06-03 15:30,Big,Thunderdownunder,Counter-Strike - Intel Extreme Masters Cologne,Bet365,Map 1 - Alternative Kill Handicap,2 (1.5),,,1.25,,,,,1.5,"{""label"": ""2 (1.5)"", ""hdp"": 1.5, ""away"": ""1.25""}",2026-06-03T07:12:58.012Z
71899390,Esports,2026-06-03 15:30,Big,Thunderdownunder,Counter-Strike - Intel Extreme Masters Cologne,Bet365,Map 1 - Alternative Kill Handicap,2 (-3.5),,,1.36,,,,,-3.5,"{""label"": ""2 (-3.5)"", ""hdp"": -3.5, ""away"": ""1.36""}",2026-06-03T07:12:58.012Z
71899390,Esports,2026-06-03 15:30,Big,Thunderdownunder,Counter-Strike - Intel Extreme Masters Cologne,Bet365,Map 1 - Alternative Kill Handicap,2 (-13.5),,,2.00,,,,,-13.5,"{""label"": ""2 (-13.5)"", ""hdp"": -13.5, ""away"": ""2.00""}",2026-06-03T07:12:58.012Z
71899390,Esports,2026-06-03 15:30,Big,Thunderdownunder,Counter-Strike - Intel Extreme Masters Cologne,Bet365,Map 1 - Alternative Kill Handicap,2 (-18.5),,,2.62,,,,,-18.5,"{""label"": ""2 (-18.5)"", ""hdp"": -18.5, ""away"": ""2.62""}",2026-06-03T07:12:58.012Z
71899390,Esports,2026-06-03 15:30,Big,Thunderdownunder,Counter-Strike - Intel Extreme Masters Cologne,Bet365,Map 1 - Alternative Kill Handicap,2 (-23.5),,,4.00,,,,,-23.5,"{""label"": ""2 (-23.5)"", ""hdp"": -23.5, ""away"": ""4.00""}",2026-06-03T07:12:58.012Z
71899390,Esports,2026-06-03 15:30,Big,Thunderdownunder,Counter-Strike - Intel Extreme Masters Cologne,Bet365,Map 1 - Alternative Kill Handicap,1 (8.5),2.20,,,,,,,8.5,"{""label"": ""1 (8.5)"", ""hdp"": 8.5, ""home"": ""2.20""}",2026-06-03T07:12:58.012Z
71899390,Esports,2026-06-03 15:30,Big,Thunderdownunder,Counter-Strike - Intel Extreme Masters Cologne,Bet365,Map 1 - Alternative Kill Handicap,2 (-8.5),,,1.61,,,,,-8.5,"{""label"": ""2 (-8.5)"", ""hdp"": -8.5, ""away"": ""1.61""}",2026-06-03T07:12:58.012Z
71899390,Esports,2026-06-03 15:30,Big,Thunderdownunder,Counter-Strike - Intel Extreme Masters Cologne,Bet365,Map 1 - Alternative Rounds Handicap,1 (-2.5),4.33,,1.44,,,,,-2.5,"{""label"": ""1 (-2.5)"", ""hdp"": -2.5, ""home"": ""4.33"", ""away"": ""1.44""}",2026-06-03T02:03:43.535Z
71899390,Esports,2026-06-03 15:30,Big,Thunderdownunder,Counter-Strike - Intel Extreme Masters Cologne,Bet365,Map 1 - Alternative Rounds Handicap,1 (2.5),2.62,,1.20,,,,,2.5,"{""label"": ""1 (2.5)"", ""hdp"": 2.5, ""home"": ""2.62"", ""away"": ""1.20""}",2026-06-03T02:03:43.535Z
71899390,Esports,2026-06-03 15:30,Big,Thunderdownunder,Counter-Strike - Intel Extreme Masters Cologne,Bet365,Map 1 - Alternative Rounds Handicap,1 (3.5),2.00,,,,,,,3.5,"{""label"": ""1 (3.5)"", ""hdp"": 3.5, ""home"": ""2.00""}",2026-06-03T02:03:43.535Z
71899390,Esports,2026-06-03 15:30,Big,Thunderdownunder,Counter-Strike - Intel Extreme Masters Cologne,Bet365,Map 1 - Alternative Rounds Handicap,1 (6.5),1.36,,,,,,,6.5,"{""label"": ""1 (6.5)"", ""hdp"": 6.5, ""home"": ""1.36""}",2026-06-03T02:03:43.535Z
71899390,Esports,2026-06-03 15:30,Big,Thunderdownunder,Counter-Strike - Intel Extreme Masters Cologne,Bet365,Map 1 - Alternative Rounds Handicap,1 (7.5),1.22,,,,,,,7.5,"{""label"": ""1 (7.5)"", ""hdp"": 7.5, ""home"": ""1.22""}",2026-06-03T02:03:43.535Z
71899390,Esports,2026-06-03 15:30,Big,Thunderdownunder,Counter-Strike - Intel Extreme Masters Cologne,Bet365,Map 1 - Alternative Rounds Handicap,2 (-3.5),,,1.72,,,,,-3.5,"{""label"": ""2 (-3.5)"", ""hdp"": -3.5, ""away"": ""1.72""}",2026-06-03T02:03:43.535Z
71899390,Esports,2026-06-03 15:30,Big,Thunderdownunder,Counter-Strike - Intel Extreme Masters Cologne,Bet365,Map 1 - Alternative Rounds Handicap,2 (-6.5),,,3.00,,,,,-6.5,"{""label"": ""2 (-6.5)"", ""hdp"": -6.5, ""away"": ""3.00""}",2026-06-03T02:03:43.535Z
71899390,Esports,2026-06-03 15:30,Big,Thunderdownunder,Counter-Strike - Intel Extreme Masters Cologne,Bet365,Map 1 - Alternative Rounds Handicap,2 (-7.5),,,4.00,,,,,-7.5,"{""label"": ""2 (-7.5)"", ""hdp"": -7.5, ""away"": ""4.00""}",2026-06-03T02:03:43.535Z
71899390,Esports,2026-06-03 15:30,Big,Thunderdownunder,Counter-Strike - Intel Extreme Masters Cologne,Bet365,Map 1 - Alternative Rounds Handicap,1 (5.5),1.50,,,,,,,5.5,"{""label"": ""1 (5.5)"", ""hdp"": 5.5, ""home"": ""1.50""}",2026-06-03T02:03:43.535Z
71899390,Esports,2026-06-03 15:30,Big,Thunderdownunder,Counter-Strike - Intel Extreme Masters Cologne,Bet365,Map 1 - Alternative Rounds Handicap,2 (-5.5),,,2.50,,,,,-5.5,"{""label"": ""2 (-5.5)"", ""hdp"": -5.5, ""away"": ""2.50""}",2026-06-03T02:03:43.535Z
71899390,Esports,2026-06-03 15:30,Big,Thunderdownunder,Counter-Strike - Intel Extreme Masters Cologne,Bet365,Map 1 - Alternative Total Rounds,,,,,1.16,4.50,,,17.5,"{""hdp"": 17.5, ""over"": ""1.16"", ""under"": ""4.50""}",2026-06-03T02:03:43.535Z
71899390,Esports,2026-06-03 15:30,Big,Thunderdownunder,Counter-Strike - Intel Extreme Masters Cologne,Bet365,Map 1 - Alternative Total Rounds,,,,,3.00,1.36,,,22.5,"{""hdp"": 22.5, ""over"": ""3.00"", ""under"": ""1.36""}",2026-06-03T02:03:43.535Z
71899390,Esports,2026-06-03 15:30,Big,Thunderdownunder,Counter-Strike - Intel Extreme Masters Cologne,Bet365,Map 1 - Alternative Total Rounds,,,,,1.10,6.50,,,16.5,"{""hdp"": 16.5, ""over"": ""1.10"", ""under"": ""6.50""}",2026-06-03T02:03:43.535Z
71899390,Esports,2026-06-03 15:30,Big,Thunderdownunder,Counter-Strike - Intel Extreme Masters Cologne,Bet365,Map 1 - Alternative Total Rounds,,,,,1.30,3.40,,,18.5,"{""hdp"": 18.5, ""over"": ""1.30"", ""under"": ""3.40""}",2026-06-03T02:03:43.535Z
71899390,Esports,2026-06-03 15:30,Big,Thunderdownunder,Counter-Strike - Intel Extreme Masters Cologne,Bet365,Map 1 - Alternative Total Rounds,,,,,1.50,2.50,,,19.5,"{""hdp"": 19.5, ""over"": ""1.50"", ""under"": ""2.50""}",2026-06-03T02:03:43.535Z
71899390,Esports,2026-06-03 15:30,Big,Thunderdownunder,Counter-Strike - Intel Extreme Masters Cologne,Bet365,Map 1 - Alternative Total Rounds,,,,,2.20,1.61,,,21.5,"{""hdp"": 21.5, ""over"": ""2.20"", ""under"": ""1.61""}",2026-06-03T02:03:43.535Z
71899390,Esports,2026-06-03 15:30,Big,Thunderdownunder,Counter-Strike - Intel Extreme Masters Cologne,Bet365,Map 1 - Correct Round Score,13-0 (2),,,10.00,,,,,2,"{""label"": ""13-0 (2)"", ""hdp"": 2, ""away"": ""10.00""}",2026-06-03T02:03:43.535Z
71899390,Esports,2026-06-03 15:30,Big,Thunderdownunder,Counter-Strike - Intel Extreme Masters Cologne,Bet365,Map 1 - Correct Round Score,12-12,,,7.50,,,,,,"{""label"": ""12-12"", ""away"": ""7.50""}",2026-06-03T02:03:43.535Z
71899390,Esports,2026-06-03 15:30,Big,Thunderdownunder,Counter-Strike - Intel Extreme Masters Cologne,Bet365,Map 1 - Correct Round Score,13-0 (1),17.00,,,,,,,1,"{""label"": ""13-0 (1)"", ""hdp"": 1, ""home"": ""17.00""}",2026-06-03T02:03:43.535Z
71899390,Esports,2026-06-03 15:30,Big,Thunderdownunder,Counter-Strike - Intel Extreme Masters Cologne,Bet365,Map 1 Lines,Rounds Handicap (1) (4.5),1.72,,,,,,,4.5,"{""label"": ""Rounds Handicap (1) (4.5)"", ""hdp"": 4.5, ""home"": ""1.72""}",2026-06-03T02:03:43.535Z
71899390,Esports,2026-06-03 15:30,Big,Thunderdownunder,Counter-Strike - Intel Extreme Masters Cologne,Bet365,Map 1 Lines,Total Rounds (1) (20.5),1.80,,1.90,,,,,20.5,"{""label"": ""Total Rounds (1) (20.5)"", ""hdp"": 20.5, ""home"": ""1.80"", ""away"": ""1.90""}",2026-06-03T02:03:43.535Z
71899390,Esports,2026-06-03 15:30,Big,Thunderdownunder,Counter-Strike - Intel Extreme Masters Cologne,Bet365,Map 1 Lines,Rounds Handicap (2) (-4.5),,,2.00,,,,,-4.5,"{""label"": ""Rounds Handicap (2) (-4.5)"", ""hdp"": -4.5, ""away"": ""2.00""}",2026-06-03T02:03:43.535Z
71899448,Esports,2026-06-03 15:30,Team Liquid,Mibr,Counter-Strike - Intel Extreme Masters Cologne,Bet365,ML,,1.90,,1.80,,,,,,"{""home"": ""1.90"", ""away"": ""1.80""}",2026-06-02T21:58:36.224Z
71899448,Esports,2026-06-03 15:30,Team Liquid,Mibr,Counter-Strike - Intel Extreme Masters Cologne,Bet365,Map 1 - Alternative Total Rounds,,,,,1.14,5.00,,,17.5,"{""hdp"": 17.5, ""over"": ""1.14"", ""under"": ""5.00""}",2026-06-02T22:23:21.313Z
71899448,Esports,2026-06-03 15:30,Team Liquid,Mibr,Counter-Strike - Intel Extreme Masters Cologne,Bet365,Map 1 - Alternative Total Rounds,,,,,1.25,3.75,,,18.5,"{""hdp"": 18.5, ""over"": ""1.25"", ""under"": ""3.75""}",2026-06-02T22:23:21.313Z
71899448,Esports,2026-06-03 15:30,Team Liquid,Mibr,Counter-Strike - Intel Extreme Masters Cologne,Bet365,Map 1 - Alternative Total Rounds,,,,,1.40,2.75,,,19.5,"{""hdp"": 19.5, ""over"": ""1.40"", ""under"": ""2.75""}",2026-06-02T22:23:21.313Z
71899448,Esports,2026-06-03 15:30,Team Liquid,Mibr,Counter-Strike - Intel Extreme Masters Cologne,Bet365,Map 1 - Alternative Total Rounds,,,,,1.61,2.20,,,20.5,"{""hdp"": 20.5, ""over"": ""1.61"", ""under"": ""2.20""}",2026-06-02T22:23:21.313Z
71899448,Esports,2026-06-03 15:30,Team Liquid,Mibr,Counter-Strike - Intel Extreme Masters Cologne,Bet365,Map 1 - Alternative Total Rounds,,,,,2.62,1.44,,,22.5,"{""hdp"": 22.5, ""over"": ""2.62"", ""under"": ""1.44""}",2026-06-02T22:23:21.313Z
71899448,Esports,2026-06-03 15:30,Team Liquid,Mibr,Counter-Strike - Intel Extreme Masters Cologne,Bet365,Map 1 - Alternative Total Rounds,,,,,3.75,1.25,,,23.5,"{""hdp"": 23.5, ""over"": ""3.75"", ""under"": ""1.25""}",2026-06-02T22:23:21.313Z
71899448,Esports,2026-06-03 15:30,Team Liquid,Mibr,Counter-Strike - Intel Extreme Masters Cologne,Bet365,Map 1 - Correct Round Score,13-0 (1),12.00,,,,,,,1,"{""label"": ""13-0 (1)"", ""hdp"": 1, ""home"": ""12.00""}",2026-06-02T22:23:21.313Z
71899448,Esports,2026-06-03 15:30,Team Liquid,Mibr,Counter-Strike - Intel Extreme Masters Cologne,Bet365,Map 1 - Correct Round Score,13-0 (2),,,10.00,,,,,2,"{""label"": ""13-0 (2)"", ""hdp"": 2, ""away"": ""10.00""}",2026-06-02T22:23:21.313Z
71899448,Esports,2026-06-03 15:30,Team Liquid,Mibr,Counter-Strike - Intel Extreme Masters Cologne,Bet365,Map 1 - Correct Round Score,12-12,,,6.50,,,,,,"{""label"": ""12-12"", ""away"": ""6.50""}",2026-06-02T22:23:21.313Z
71899448,Esports,2026-06-03 15:30,Team Liquid,Mibr,Counter-Strike - Intel Extreme Masters Cologne,Bet365,Map 1 Lines,Rounds Handicap (1) (2.5),1.66,,,,,,,2.5,"{""label"": ""Rounds Handicap (1) (2.5)"", ""hdp"": 2.5, ""home"": ""1.66""}",2026-06-02T21:58:36.224Z
71899448,Esports,2026-06-03 15:30,Team Liquid,Mibr,Counter-Strike - Intel Extreme Masters Cologne,Bet365,Map 1 Lines,Total Rounds (1) (21.5),1.90,,1.80,,,,,21.5,"{""label"": ""Total Rounds (1) (21.5)"", ""hdp"": 21.5, ""home"": ""1.90"", ""away"": ""1.80""}",2026-06-02T21:58:36.224Z
71899448,Esports,2026-06-03 15:30,Team Liquid,Mibr,Counter-Strike - Intel Extreme Masters Cologne,Bet365,Map 1 Lines,Rounds Handicap (2) (-2.5),,,2.10,,,,,-2.5,"{""label"": ""Rounds Handicap (2) (-2.5)"", ""hdp"": -2.5, ""away"": ""2.10""}",2026-06-02T21:58:36.224Z
71899448,Esports,2026-06-03 15:30,Team Liquid,Mibr,Counter-Strike - Intel Extreme Masters Cologne,Bet365,Map 1 - Race to # Rounds,3 (1),1.80,,,,,,,1,"{""label"": ""3 (1)"", ""hdp"": 1, ""home"": ""1.80""}",2026-06-02T22:23:21.313Z
71899448,Esports,2026-06-03 15:30,Team Liquid,Mibr,Counter-Strike - Intel Extreme Masters Cologne,Bet365,Map 1 - Race to # Rounds,3 (2),,,1.90,,,,,2,"{""label"": ""3 (2)"", ""hdp"": 2, ""away"": ""1.90""}",2026-06-02T22:23:21.313Z
71899448,Esports,2026-06-03 15:30,Team Liquid,Mibr,Counter-Strike - Intel Extreme Masters Cologne,Bet365,Map 1 - Winning Margin,2-4 (1),21.00,,,,,,,1,"{""label"": ""2-4 (1)"", ""hdp"": 1, ""home"": ""21.00""}",2026-06-02T22:23:21.313Z
71899448,Esports,2026-06-03 15:30,Team Liquid,Mibr,Counter-Strike - Intel Extreme Masters Cologne,Bet365,Map 1 - Winning Margin,2-4 (2),,,29.00,,,,,2,"{""label"": ""2-4 (2)"", ""hdp"": 2, ""away"": ""29.00""}",2026-06-02T22:23:21.313Z
71899448,Esports,2026-06-03 15:30,Team Liquid,Mibr,Counter-Strike - Intel Extreme Masters Cologne,Bet365,Map 1 - Alternative Kill Handicap,1 (-11.5),2.75,,,,,,,-11.5,"{""label"": ""1 (-11.5)"", ""hdp"": -11.5, ""home"": ""2.75""}",2026-06-03T01:02:22.511Z
71899448,Esports,2026-06-03 15:30,Team Liquid,Mibr,Counter-Strike - Intel Extreme Masters Cologne,Bet365,Map 1 - Alternative Kill Handicap,1 (-6.5),2.25,,,,,,,-6.5,"{""label"": ""1 (-6.5)"", ""hdp"": -6.5, ""home"": ""2.25""}",2026-06-03T01:02:22.511Z
71899448,Esports,2026-06-03 15:30,Team Liquid,Mibr,Counter-Strike - Intel Extreme Masters Cologne,Bet365,Map 1 - Alternative Kill Handicap,1 (-1.5),2.00,,,,,,,-1.5,"{""label"": ""1 (-1.5)"", ""hdp"": -1.5, ""home"": ""2.00""}",2026-06-03T01:02:22.511Z
71899448,Esports,2026-06-03 15:30,Team Liquid,Mibr,Counter-Strike - Intel Extreme Masters Cologne,Bet365,Map 1 - Alternative Kill Handicap,1 (13.5),1.36,,,,,,,13.5,"{""label"": ""1 (13.5)"", ""hdp"": 13.5, ""home"": ""1.36""}",2026-06-03T01:02:22.511Z
71899448,Esports,2026-06-03 15:30,Team Liquid,Mibr,Counter-Strike - Intel Extreme Masters Cologne,Bet365,Map 1 - Alternative Kill Handicap,2 (11.5),,,1.40,,,,,11.5,"{""label"": ""2 (11.5)"", ""hdp"": 11.5, ""away"": ""1.40""}",2026-06-03T01:02:22.511Z
71899448,Esports,2026-06-03 15:30,Team Liquid,Mibr,Counter-Strike - Intel Extreme Masters Cologne,Bet365,Map 1 - Alternative Kill Handicap,2 (6.5),,,1.57,,,,,6.5,"{""label"": ""2 (6.5)"", ""hdp"": 6.5, ""away"": ""1.57""}",2026-06-03T01:02:22.511Z
71899448,Esports,2026-06-03 15:30,Team Liquid,Mibr,Counter-Strike - Intel Extreme Masters Cologne,Bet365,Map 1 - Alternative Kill Handicap,2 (1.5),,,1.72,,,,,1.5,"{""label"": ""2 (1.5)"", ""hdp"": 1.5, ""away"": ""1.72""}",2026-06-03T01:02:22.511Z
71899448,Esports,2026-06-03 15:30,Team Liquid,Mibr,Counter-Strike - Intel Extreme Masters Cologne,Bet365,Map 1 - Alternative Kill Handicap,2 (-13.5),,,3.00,,,,,-13.5,"{""label"": ""2 (-13.5)"", ""hdp"": -13.5, ""away"": ""3.00""}",2026-06-03T01:02:22.511Z
71899448,Esports,2026-06-03 15:30,Team Liquid,Mibr,Counter-Strike - Intel Extreme Masters Cologne,Bet365,Map 1 - Alternative Kill Handicap,1 (8.5),1.53,,,,,,,8.5,"{""label"": ""1 (8.5)"", ""hdp"": 8.5, ""home"": ""1.53""}",2026-06-03T01:02:22.511Z
71899448,Esports,2026-06-03 15:30,Team Liquid,Mibr,Counter-Strike - Intel Extreme Masters Cologne,Bet365,Map 1 - Alternative Kill Handicap,2 (-8.5),,,2.37,,,,,-8.5,"{""label"": ""2 (-8.5)"", ""hdp"": -8.5, ""away"": ""2.37""}",2026-06-03T01:02:22.511Z
71899448,Esports,2026-06-03 15:30,Team Liquid,Mibr,Counter-Strike - Intel Extreme Masters Cologne,Bet365,Map 1 - Alternative Rounds Handicap,1 (-4.5),3.50,,3.40,,,,,-4.5,"{""label"": ""1 (-4.5)"", ""hdp"": -4.5, ""home"": ""3.50"", ""away"": ""3.40""}",2026-06-02T22:23:21.313Z
71899448,Esports,2026-06-03 15:30,Team Liquid,Mibr,Counter-Strike - Intel Extreme Masters Cologne,Bet365,Map 1 - Alternative Rounds Handicap,1 (-3.5),2.75,,2.62,,,,,-3.5,"{""label"": ""1 (-3.5)"", ""hdp"": -3.5, ""home"": ""2.75"", ""away"": ""2.62""}",2026-06-02T22:23:21.313Z
71899448,Esports,2026-06-03 15:30,Team Liquid,Mibr,Counter-Strike - Intel Extreme Masters Cologne,Bet365,Map 1 - Alternative Rounds Handicap,1 (-2.5),2.25,,,,,,,-2.5,"{""label"": ""1 (-2.5)"", ""hdp"": -2.5, ""home"": ""2.25""}",2026-06-02T22:23:21.313Z
71899448,Esports,2026-06-03 15:30,Team Liquid,Mibr,Counter-Strike - Intel Extreme Masters Cologne,Bet365,Map 1 - Alternative Rounds Handicap,1 (3.5),1.44,,1.40,,,,,3.5,"{""label"": ""1 (3.5)"", ""hdp"": 3.5, ""home"": ""1.44"", ""away"": ""1.40""}",2026-06-02T22:23:21.313Z
71899448,Esports,2026-06-03 15:30,Team Liquid,Mibr,Counter-Strike - Intel Extreme Masters Cologne,Bet365,Map 1 - Alternative Rounds Handicap,1 (4.5),1.30,,1.28,,,,,4.5,"{""label"": ""1 (4.5)"", ""hdp"": 4.5, ""home"": ""1.30"", ""away"": ""1.28""}",2026-06-02T22:23:21.313Z
71899448,Esports,2026-06-03 15:30,Team Liquid,Mibr,Counter-Strike - Intel Extreme Masters Cologne,Bet365,Map 1 - Alternative Rounds Handicap,1 (5.5),1.20,,,,,,,5.5,"{""label"": ""1 (5.5)"", ""hdp"": 5.5, ""home"": ""1.20""}",2026-06-02T22:23:21.313Z
71899448,Esports,2026-06-03 15:30,Team Liquid,Mibr,Counter-Strike - Intel Extreme Masters Cologne,Bet365,Map 1 - Alternative Rounds Handicap,2 (2.5),,,1.57,,,,,2.5,"{""label"": ""2 (2.5)"", ""hdp"": 2.5, ""away"": ""1.57""}",2026-06-02T22:23:21.313Z
71899448,Esports,2026-06-03 15:30,Team Liquid,Mibr,Counter-Strike - Intel Extreme Masters Cologne,Bet365,Map 1 - Alternative Rounds Handicap,2 (-5.5),,,4.33,,,,,-5.5,"{""label"": ""2 (-5.5)"", ""hdp"": -5.5, ""away"": ""4.33""}",2026-06-02T22:23:21.313Z
71899716,Esports,2026-06-03 13:00,1Win,Lavked,Counter-Strike - CCT European Series,Bet365,ML,,1.44,,2.62,,,,,,"{""home"": ""1.44"", ""away"": ""2.62""}",2026-06-03T08:16:45.341Z
71899716,Esports,2026-06-03 13:00,1Win,Lavked,Counter-Strike - CCT European Series,Bet365,Spread,,2.62,,1.44,,,,,-1.5,"{""hdp"": -1.5, ""home"": ""2.62"", ""away"": ""1.44""}",2026-06-03T08:16:45.341Z
71899716,Esports,2026-06-03 13:00,1Win,Lavked,Counter-Strike - CCT European Series,Bet365,Map 1 Lines,Total Rounds (1) (21.5),2.00,,1.72,,,,,21.5,"{""label"": ""Total Rounds (1) (21.5)"", ""hdp"": 21.5, ""home"": ""2.00"", ""away"": ""1.72""}",2026-06-03T08:16:45.341Z
71899716,Esports,2026-06-03 13:00,1Win,Lavked,Counter-Strike - CCT European Series,Bet365,Map 1 Lines,To Win (1),1.57,,,,,,,,"{""label"": ""To Win (1)"", ""home"": ""1.57""}",2026-06-03T08:16:45.341Z
71899716,Esports,2026-06-03 13:00,1Win,Lavked,Counter-Strike - CCT European Series,Bet365,Map 1 Lines,Rounds Handicap (1) (-2.5),1.83,,,,,,,-2.5,"{""label"": ""Rounds Handicap (1) (-2.5)"", ""hdp"": -2.5, ""home"": ""1.83""}",2026-06-03T08:16:45.341Z
71899716,Esports,2026-06-03 13:00,1Win,Lavked,Counter-Strike - CCT European Series,Bet365,Map 1 Lines,To Win (2),,,2.25,,,,,,"{""label"": ""To Win (2)"", ""away"": ""2.25""}",2026-06-03T08:16:45.341Z
71899716,Esports,2026-06-03 13:00,1Win,Lavked,Counter-Strike - CCT European Series,Bet365,Map 1 Lines,Rounds Handicap (2) (2.5),,,1.83,,,,,2.5,"{""label"": ""Rounds Handicap (2) (2.5)"", ""hdp"": 2.5, ""away"": ""1.83""}",2026-06-03T08:16:45.341Z
71899716,Esports,2026-06-03 13:00,1Win,Lavked,Counter-Strike - CCT European Series,Bet365,Map 2 Lines,Total Rounds (1) (21.5),2.00,,1.72,,,,,21.5,"{""label"": ""Total Rounds (1) (21.5)"", ""hdp"": 21.5, ""home"": ""2.00"", ""away"": ""1.72""}",2026-06-03T08:16:45.341Z
71899716,Esports,2026-06-03 13:00,1Win,Lavked,Counter-Strike - CCT European Series,Bet365,Map 2 Lines,To Win (1),1.57,,,,,,,,"{""label"": ""To Win (1)"", ""home"": ""1.57""}",2026-06-03T08:16:45.341Z
71899716,Esports,2026-06-03 13:00,1Win,Lavked,Counter-Strike - CCT European Series,Bet365,Map 2 Lines,Rounds Handicap (1) (-2.5),1.83,,,,,,,-2.5,"{""label"": ""Rounds Handicap (1) (-2.5)"", ""hdp"": -2.5, ""home"": ""1.83""}",2026-06-03T08:16:45.341Z
71899716,Esports,2026-06-03 13:00,1Win,Lavked,Counter-Strike - CCT European Series,Bet365,Map 2 Lines,To Win (2),,,2.25,,,,,,"{""label"": ""To Win (2)"", ""away"": ""2.25""}",2026-06-03T08:16:45.341Z
71899716,Esports,2026-06-03 13:00,1Win,Lavked,Counter-Strike - CCT European Series,Bet365,Map 2 Lines,Rounds Handicap (2) (2.5),,,1.83,,,,,2.5,"{""label"": ""Rounds Handicap (2) (2.5)"", ""hdp"": 2.5, ""away"": ""1.83""}",2026-06-03T08:16:45.341Z
71654714,Esports,2026-06-03 17:00,Los Heretics,Barca eSports,League of Legends - LES,Bet365,ML,,1.22,,4.00,,,,,,"{""home"": ""1.22"", ""away"": ""4.00""}",2026-06-01T12:22:08.418Z
71654714,Esports,2026-06-03 17:00,Los Heretics,Barca eSports,League of Legends - LES,Bet365,Spread,,1.53,,2.37,,,,,-1.5,"{""hdp"": -1.5, ""home"": ""1.53"", ""away"": ""2.37""}",2026-06-01T12:22:08.418Z
71654714,Esports,2026-06-03 17:00,Los Heretics,Barca eSports,League of Legends - LES,Bet365,Totals,,,,,1.50,2.50,,,3.5,"{""hdp"": 3.5, ""over"": ""1.50"", ""under"": ""2.50""}",2026-06-01T12:22:08.418Z
71654714,Esports,2026-06-03 17:00,Los Heretics,Barca eSports,League of Legends - LES,Bet365,Totals,,,,,1.83,1.83,,,119.5,"{""hdp"": 119.5, ""over"": ""1.83"", ""under"": ""1.83""}",2026-06-01T12:22:08.418Z
71654714,Esports,2026-06-03 17:00,Los Heretics,Barca eSports,League of Legends - LES,Bet365,1st Map Moneyline,,1.40,,2.75,,,,,,"{""home"": ""1.40"", ""away"": ""2.75""}",2026-06-01T12:22:08.418Z
71654714,Esports,2026-06-03 17:00,Los Heretics,Barca eSports,League of Legends - LES,Bet365,2nd Map Moneyline,,1.40,,2.75,,,,,,"{""home"": ""1.40"", ""away"": ""2.75""}",2026-06-01T12:22:08.418Z
71654714,Esports,2026-06-03 17:00,Los Heretics,Barca eSports,League of Legends - LES,Bet365,3rd Map Moneyline,,1.40,,2.75,,,,,,"{""home"": ""1.40"", ""away"": ""2.75""}",2026-06-01T12:22:08.418Z
71654714,Esports,2026-06-03 17:00,Los Heretics,Barca eSports,League of Legends - LES,Bet365,1st Map Handicap,,,,,1.83,1.83,,,-6.5,"{""hdp"": -6.5, ""over"": ""1.83"", ""under"": ""1.83""}",2026-05-29T15:00:30.401Z
71654714,Esports,2026-06-03 17:00,Los Heretics,Barca eSports,League of Legends - LES,Bet365,2nd Map Handicap,,,,,1.83,1.83,,,-6.5,"{""hdp"": -6.5, ""over"": ""1.83"", ""under"": ""1.83""}",2026-05-29T15:00:30.401Z
71654714,Esports,2026-06-03 17:00,Los Heretics,Barca eSports,League of Legends - LES,Bet365,3rd Map Handicap,,,,,1.83,1.83,,,-6.5,"{""hdp"": -6.5, ""over"": ""1.83"", ""under"": ""1.83""}",2026-05-29T15:00:30.401Z
71654714,Esports,2026-06-03 17:00,Los Heretics,Barca eSports,League of Legends - LES,Bet365,1st Map Total Kills,,,,,1.83,1.83,,,30.5,"{""hdp"": 30.5, ""over"": ""1.83"", ""under"": ""1.83""}",2026-05-31T22:35:03.377Z
71654714,Esports,2026-06-03 17:00,Los Heretics,Barca eSports,League of Legends - LES,Bet365,2nd Map Total Kills,,,,,1.83,1.83,,,30.5,"{""hdp"": 30.5, ""over"": ""1.83"", ""under"": ""1.83""}",2026-05-31T22:42:19.034Z
71654714,Esports,2026-06-03 17:00,Los Heretics,Barca eSports,League of Legends - LES,Bet365,3rd Map Total Kills,,,,,1.83,1.83,,,30.5,"{""hdp"": 30.5, ""over"": ""1.83"", ""under"": ""1.83""}",2026-05-31T22:47:02.341Z
71810206,Esports,2026-06-03 18:00,Galions,Solary,League of Legends - LFL,Bet365,ML,,2.62,,1.44,,,,,,"{""home"": ""2.62"", ""away"": ""1.44""}",2026-06-03T04:08:37.751Z
71810206,Esports,2026-06-03 18:00,Galions,Solary,League of Legends - LFL,Bet365,Spread,,1.72,,2.00,,,,,1.5,"{""hdp"": 1.5, ""home"": ""1.72"", ""away"": ""2.00""}",2026-06-03T01:44:49.805Z
71810206,Esports,2026-06-03 18:00,Galions,Solary,League of Legends - LFL,Bet365,Totals,,,,,1.83,1.83,,,121.5,"{""hdp"": 121.5, ""over"": ""1.83"", ""under"": ""1.83""}",2026-06-03T02:22:42.96Z
71810206,Esports,2026-06-03 18:00,Galions,Solary,League of Legends - LFL,Bet365,Totals,,,,,2.75,1.40,,,4.5,"{""hdp"": 4.5, ""over"": ""2.75"", ""under"": ""1.40""}",2026-06-03T02:22:42.96Z
71810206,Esports,2026-06-03 18:00,Galions,Solary,League of Legends - LFL,Bet365,1st Map Moneyline,,2.20,,1.61,,,,,,"{""home"": ""2.20"", ""away"": ""1.61""}",2026-06-03T01:44:49.805Z
71810206,Esports,2026-06-03 18:00,Galions,Solary,League of Legends - LFL,Bet365,2nd Map Moneyline,,2.20,,1.61,,,,,,"{""home"": ""2.20"", ""away"": ""1.61""}",2026-06-03T01:44:49.805Z
71810206,Esports,2026-06-03 18:00,Galions,Solary,League of Legends - LFL,Bet365,3rd Map Moneyline,,2.20,,1.61,,,,,,"{""home"": ""2.20"", ""away"": ""1.61""}",2026-06-03T01:44:49.805Z
71810206,Esports,2026-06-03 18:00,Galions,Solary,League of Legends - LFL,Bet365,1st Map Handicap,,,,,1.83,1.83,,,5.5,"{""hdp"": 5.5, ""over"": ""1.83"", ""under"": ""1.83""}",2026-06-03T02:22:42.96Z
71810206,Esports,2026-06-03 18:00,Galions,Solary,League of Legends - LFL,Bet365,2nd Map Handicap,,,,,1.83,1.83,,,5.5,"{""hdp"": 5.5, ""over"": ""1.83"", ""under"": ""1.83""}",2026-06-03T02:50:11.139Z
71810206,Esports,2026-06-03 18:00,Galions,Solary,League of Legends - LFL,Bet365,3rd Map Handicap,,,,,1.83,1.83,,,5.5,"{""hdp"": 5.5, ""over"": ""1.83"", ""under"": ""1.83""}",2026-06-03T03:20:34.734Z
71810206,Esports,2026-06-03 18:00,Galions,Solary,League of Legends - LFL,Bet365,1st Map Total Kills,,,,,1.83,1.83,,,29.5,"{""hdp"": 29.5, ""over"": ""1.83"", ""under"": ""1.83""}",2026-05-29T22:17:24.273Z
71810206,Esports,2026-06-03 18:00,Galions,Solary,League of Legends - LFL,Bet365,2nd Map Total Kills,,,,,1.83,1.83,,,29.5,"{""hdp"": 29.5, ""over"": ""1.83"", ""under"": ""1.83""}",2026-05-29T22:37:25.315Z
71810206,Esports,2026-06-03 18:00,Galions,Solary,League of Legends - LFL,Bet365,3rd Map Total Kills,,,,,1.83,1.83,,,29.5,"{""hdp"": 29.5, ""over"": ""1.83"", ""under"": ""1.83""}",2026-05-29T22:28:09.617Z
71899718,Esports,2026-06-03 19:00,Tricked eSport,Phantom eSports,Counter-Strike - CCT European Series,Bet365,ML,,1.40,,2.75,,,,,,"{""home"": ""1.40"", ""away"": ""2.75""}",2026-06-03T03:21:46.595Z
71899718,Esports,2026-06-03 19:00,Tricked eSport,Phantom eSports,Counter-Strike - CCT European Series,Bet365,Spread,,2.37,,1.53,,,,,-1.5,"{""hdp"": -1.5, ""home"": ""2.37"", ""away"": ""1.53""}",2026-06-03T03:21:46.595Z
71899718,Esports,2026-06-03 19:00,Tricked eSport,Phantom eSports,Counter-Strike - CCT European Series,Bet365,Map 2 Lines,To Win (1),1.53,,,,,,,,"{""label"": ""To Win (1)"", ""home"": ""1.53""}",2026-06-03T03:21:46.595Z
71899718,Esports,2026-06-03 19:00,Tricked eSport,Phantom eSports,Counter-Strike - CCT European Series,Bet365,Map 2 Lines,Rounds Handicap (1) (-2.5),1.80,,,,,,,-2.5,"{""label"": ""Rounds Handicap (1) (-2.5)"", ""hdp"": -2.5, ""home"": ""1.80""}",2026-06-03T03:21:46.595Z
71899718,Esports,2026-06-03 19:00,Tricked eSport,Phantom eSports,Counter-Strike - CCT European Series,Bet365,Map 2 Lines,Total Rounds (1) (21.5),2.00,,1.72,,,,,21.5,"{""label"": ""Total Rounds (1) (21.5)"", ""hdp"": 21.5, ""home"": ""2.00"", ""away"": ""1.72""}",2026-06-03T03:21:46.595Z
71899718,Esports,2026-06-03 19:00,Tricked eSport,Phantom eSports,Counter-Strike - CCT European Series,Bet365,Map 2 Lines,To Win (2),,,2.37,,,,,,"{""label"": ""To Win (2)"", ""away"": ""2.37""}",2026-06-03T03:21:46.595Z
71899718,Esports,2026-06-03 19:00,Tricked eSport,Phantom eSports,Counter-Strike - CCT European Series,Bet365,Map 2 Lines,Rounds Handicap (2) (2.5),,,1.90,,,,,2.5,"{""label"": ""Rounds Handicap (2) (2.5)"", ""hdp"": 2.5, ""away"": ""1.90""}",2026-06-03T03:21:46.595Z
71899718,Esports,2026-06-03 19:00,Tricked eSport,Phantom eSports,Counter-Strike - CCT European Series,Bet365,Map 1 Lines,To Win (1),1.53,,,,,,,,"{""label"": ""To Win (1)"", ""home"": ""1.53""}",2026-06-03T03:21:46.595Z
71899718,Esports,2026-06-03 19:00,Tricked eSport,Phantom eSports,Counter-Strike - CCT European Series,Bet365,Map 1 Lines,Rounds Handicap (1) (-2.5),1.80,,,,,,,-2.5,"{""label"": ""Rounds Handicap (1) (-2.5)"", ""hdp"": -2.5, ""home"": ""1.80""}",2026-06-03T03:21:46.595Z
71899718,Esports,2026-06-03 19:00,Tricked eSport,Phantom eSports,Counter-Strike - CCT European Series,Bet365,Map 1 Lines,Total Rounds (1) (21.5),2.00,,1.72,,,,,21.5,"{""label"": ""Total Rounds (1) (21.5)"", ""hdp"": 21.5, ""home"": ""2.00"", ""away"": ""1.72""}",2026-06-03T03:21:46.595Z
71899718,Esports,2026-06-03 19:00,Tricked eSport,Phantom eSports,Counter-Strike - CCT European Series,Bet365,Map 1 Lines,To Win (2),,,2.37,,,,,,"{""label"": ""To Win (2)"", ""away"": ""2.37""}",2026-06-03T03:21:46.595Z
71899718,Esports,2026-06-03 19:00,Tricked eSport,Phantom eSports,Counter-Strike - CCT European Series,Bet365,Map 1 Lines,Rounds Handicap (2) (2.5),,,1.90,,,,,2.5,"{""label"": ""Rounds Handicap (2) (2.5)"", ""hdp"": 2.5, ""away"": ""1.90""}",2026-06-03T03:21:46.595Z
71899416,Esports,2026-06-03 19:00,Heroic,Gaimin Gladiators,Counter-Strike - Intel Extreme Masters Cologne,Bet365,ML,,6.50,,1.10,,,,,,"{""home"": ""6.50"", ""away"": ""1.10""}",2026-06-03T01:08:04.395Z
71899416,Esports,2026-06-03 19:00,Heroic,Gaimin Gladiators,Counter-Strike - Intel Extreme Masters Cologne,Bet365,Spread,,2.37,,1.53,,,,,1.5,"{""hdp"": 1.5, ""home"": ""2.37"", ""away"": ""1.53""}",2026-06-03T01:08:04.395Z
71899416,Esports,2026-06-03 19:00,Heroic,Gaimin Gladiators,Counter-Strike - Intel Extreme Masters Cologne,Bet365,Totals,,,,,2.62,1.44,,,2.5,"{""hdp"": 2.5, ""over"": ""2.62"", ""under"": ""1.44""}",2026-06-03T01:08:04.395Z
71899416,Esports,2026-06-03 19:00,Heroic,Gaimin Gladiators,Counter-Strike - Intel Extreme Masters Cologne,Bet365,Map 2 - Correct Round Score,13-0 (1),15.00,,,,,,,1,"{""label"": ""13-0 (1)"", ""hdp"": 1, ""home"": ""15.00""}",2026-06-02T23:41:38.914Z
71899416,Esports,2026-06-03 19:00,Heroic,Gaimin Gladiators,Counter-Strike - Intel Extreme Masters Cologne,Bet365,Map 2 - Correct Round Score,13-0 (2),,,11.00,,,,,2,"{""label"": ""13-0 (2)"", ""hdp"": 2, ""away"": ""11.00""}",2026-06-02T23:41:38.914Z
71899416,Esports,2026-06-03 19:00,Heroic,Gaimin Gladiators,Counter-Strike - Intel Extreme Masters Cologne,Bet365,Map 2 - Correct Round Score,12-12,,,7.50,,,,,,"{""label"": ""12-12"", ""away"": ""7.50""}",2026-06-02T23:41:38.914Z
71899416,Esports,2026-06-03 19:00,Heroic,Gaimin Gladiators,Counter-Strike - Intel Extreme Masters Cologne,Bet365,Round Lines,Rounds Handicap (1) (10.5),1.83,,,,,,,10.5,"{""label"": ""Rounds Handicap (1) (10.5)"", ""hdp"": 10.5, ""home"": ""1.83""}",2026-06-03T01:08:04.395Z
71899416,Esports,2026-06-03 19:00,Heroic,Gaimin Gladiators,Counter-Strike - Intel Extreme Masters Cologne,Bet365,Round Lines,Total Rounds (1) (44.5),1.83,,1.83,,,,,44.5,"{""label"": ""Total Rounds (1) (44.5)"", ""hdp"": 44.5, ""home"": ""1.83"", ""away"": ""1.83""}",2026-06-03T01:08:04.395Z
71899416,Esports,2026-06-03 19:00,Heroic,Gaimin Gladiators,Counter-Strike - Intel Extreme Masters Cologne,Bet365,Round Lines,Rounds Handicap (2) (-10.5),,,1.83,,,,,-10.5,"{""label"": ""Rounds Handicap (2) (-10.5)"", ""hdp"": -10.5, ""away"": ""1.83""}",2026-06-03T01:08:04.395Z
71899416,Esports,2026-06-03 19:00,Heroic,Gaimin Gladiators,Counter-Strike - Intel Extreme Masters Cologne,Bet365,Map 1 - Winning Margin,2-4 (2),,,10.00,,,,,2,"{""label"": ""2-4 (2)"", ""hdp"": 2, ""away"": ""10.00""}",2026-06-03T00:03:17.968Z
71899416,Esports,2026-06-03 19:00,Heroic,Gaimin Gladiators,Counter-Strike - Intel Extreme Masters Cologne,Bet365,Map 1 - Winning Margin,2-4 (1),51.00,,,,,,,1,"{""label"": ""2-4 (1)"", ""hdp"": 1, ""home"": ""51.00""}",2026-06-03T00:03:17.968Z
71899416,Esports,2026-06-03 19:00,Heroic,Gaimin Gladiators,Counter-Strike - Intel Extreme Masters Cologne,Bet365,Map 1 Lines,To Win (1),4.33,,,,,,,,"{""label"": ""To Win (1)"", ""home"": ""4.33""}",2026-06-03T01:08:04.395Z
71899416,Esports,2026-06-03 19:00,Heroic,Gaimin Gladiators,Counter-Strike - Intel Extreme Masters Cologne,Bet365,Map 1 Lines,Rounds Handicap (1) (4.5),2.00,,,,,,,4.5,"{""label"": ""Rounds Handicap (1) (4.5)"", ""hdp"": 4.5, ""home"": ""2.00""}",2026-06-03T01:08:04.395Z
71899416,Esports,2026-06-03 19:00,Heroic,Gaimin Gladiators,Counter-Strike - Intel Extreme Masters Cologne,Bet365,Map 1 Lines,To Win (2),,,1.20,,,,,,"{""label"": ""To Win (2)"", ""away"": ""1.20""}",2026-06-03T01:08:04.395Z
71899416,Esports,2026-06-03 19:00,Heroic,Gaimin Gladiators,Counter-Strike - Intel Extreme Masters Cologne,Bet365,Map 1 Lines,Rounds Handicap (2) (-4.5),,,1.72,,,,,-4.5,"{""label"": ""Rounds Handicap (2) (-4.5)"", ""hdp"": -4.5, ""away"": ""1.72""}",2026-06-03T01:08:04.395Z
71899416,Esports,2026-06-03 19:00,Heroic,Gaimin Gladiators,Counter-Strike - Intel Extreme Masters Cologne,Bet365,Map 1 Lines,Total Rounds (1) (20.5),1.90,,1.80,,,,,20.5,"{""label"": ""Total Rounds (1) (20.5)"", ""hdp"": 20.5, ""home"": ""1.90"", ""away"": ""1.80""}",2026-06-03T01:08:04.395Z
71899416,Esports,2026-06-03 19:00,Heroic,Gaimin Gladiators,Counter-Strike - Intel Extreme Masters Cologne,Bet365,Map 2 - Alternative Kill Handicap,1 (-1.5),3.75,,,,,,,-1.5,"{""label"": ""1 (-1.5)"", ""hdp"": -1.5, ""home"": ""3.75""}",2026-06-03T07:11:28.094Z
71899416,Esports,2026-06-03 19:00,Heroic,Gaimin Gladiators,Counter-Strike - Intel Extreme Masters Cologne,Bet365,Map 2 - Alternative Kill Handicap,1 (3.5),2.75,,,,,,,3.5,"{""label"": ""1 (3.5)"", ""hdp"": 3.5, ""home"": ""2.75""}",2026-06-03T07:11:28.094Z
71899416,Esports,2026-06-03 19:00,Heroic,Gaimin Gladiators,Counter-Strike - Intel Extreme Masters Cologne,Bet365,Map 2 - Alternative Kill Handicap,1 (8.5),2.25,,,,,,,8.5,"{""label"": ""1 (8.5)"", ""hdp"": 8.5, ""home"": ""2.25""}",2026-06-03T07:11:28.094Z
71899416,Esports,2026-06-03 19:00,Heroic,Gaimin Gladiators,Counter-Strike - Intel Extreme Masters Cologne,Bet365,Map 2 - Alternative Kill Handicap,1 (13.5),1.80,,,,,,,13.5,"{""label"": ""1 (13.5)"", ""hdp"": 13.5, ""home"": ""1.80""}",2026-06-03T07:11:28.094Z
71899416,Esports,2026-06-03 19:00,Heroic,Gaimin Gladiators,Counter-Strike - Intel Extreme Masters Cologne,Bet365,Map 2 - Alternative Kill Handicap,1 (18.5),1.44,,,,,,,18.5,"{""label"": ""1 (18.5)"", ""hdp"": 18.5, ""home"": ""1.44""}",2026-06-03T07:11:28.094Z
71899416,Esports,2026-06-03 19:00,Heroic,Gaimin Gladiators,Counter-Strike - Intel Extreme Masters Cologne,Bet365,Map 2 - Alternative Kill Handicap,1 (23.5),1.25,,,,,,,23.5,"{""label"": ""1 (23.5)"", ""hdp"": 23.5, ""home"": ""1.25""}",2026-06-03T07:11:28.094Z
71899416,Esports,2026-06-03 19:00,Heroic,Gaimin Gladiators,Counter-Strike - Intel Extreme Masters Cologne,Bet365,Map 2 - Alternative Kill Handicap,2 (1.5),,,1.25,,,,,1.5,"{""label"": ""2 (1.5)"", ""hdp"": 1.5, ""away"": ""1.25""}",2026-06-03T07:11:28.094Z
71899416,Esports,2026-06-03 19:00,Heroic,Gaimin Gladiators,Counter-Strike - Intel Extreme Masters Cologne,Bet365,Map 2 - Alternative Kill Handicap,2 (-3.5),,,1.40,,,,,-3.5,"{""label"": ""2 (-3.5)"", ""hdp"": -3.5, ""away"": ""1.40""}",2026-06-03T07:11:28.094Z
71899416,Esports,2026-06-03 19:00,Heroic,Gaimin Gladiators,Counter-Strike - Intel Extreme Masters Cologne,Bet365,Map 2 - Alternative Kill Handicap,2 (-8.5),,,1.57,,,,,-8.5,"{""label"": ""2 (-8.5)"", ""hdp"": -8.5, ""away"": ""1.57""}",2026-06-03T07:11:28.094Z
71899416,Esports,2026-06-03 19:00,Heroic,Gaimin Gladiators,Counter-Strike - Intel Extreme Masters Cologne,Bet365,Map 2 - Alternative Kill Handicap,2 (-13.5),,,1.90,,,,,-13.5,"{""label"": ""2 (-13.5)"", ""hdp"": -13.5, ""away"": ""1.90""}",2026-06-03T07:11:28.094Z
71899416,Esports,2026-06-03 19:00,Heroic,Gaimin Gladiators,Counter-Strike - Intel Extreme Masters Cologne,Bet365,Map 2 - Alternative Kill Handicap,2 (-18.5),,,2.62,,,,,-18.5,"{""label"": ""2 (-18.5)"", ""hdp"": -18.5, ""away"": ""2.62""}",2026-06-03T07:11:28.094Z
71899416,Esports,2026-06-03 19:00,Heroic,Gaimin Gladiators,Counter-Strike - Intel Extreme Masters Cologne,Bet365,Map 2 - Alternative Kill Handicap,2 (-23.5),,,3.75,,,,,-23.5,"{""label"": ""2 (-23.5)"", ""hdp"": -23.5, ""away"": ""3.75""}",2026-06-03T07:11:28.094Z
71899416,Esports,2026-06-03 19:00,Heroic,Gaimin Gladiators,Counter-Strike - Intel Extreme Masters Cologne,Bet365,Map 2 - Winning Margin,2-4 (1),51.00,,,,,,,1,"{""label"": ""2-4 (1)"", ""hdp"": 1, ""home"": ""51.00""}",2026-06-03T07:11:28.094Z
71899416,Esports,2026-06-03 19:00,Heroic,Gaimin Gladiators,Counter-Strike - Intel Extreme Masters Cologne,Bet365,Map 2 - Winning Margin,2-4 (2),,,9.50,,,,,2,"{""label"": ""2-4 (2)"", ""hdp"": 2, ""away"": ""9.50""}",2026-06-03T07:11:28.094Z
71899416,Esports,2026-06-03 19:00,Heroic,Gaimin Gladiators,Counter-Strike - Intel Extreme Masters Cologne,Bet365,Map 2 - Race to # Rounds,3 (1),3.25,,,,,,,1,"{""label"": ""3 (1)"", ""hdp"": 1, ""home"": ""3.25""}",2026-06-03T07:11:28.094Z
71899416,Esports,2026-06-03 19:00,Heroic,Gaimin Gladiators,Counter-Strike - Intel Extreme Masters Cologne,Bet365,Map 2 - Race to # Rounds,3 (2),,,1.33,,,,,2,"{""label"": ""3 (2)"", ""hdp"": 2, ""away"": ""1.33""}",2026-06-03T07:11:28.094Z
71899416,Esports,2026-06-03 19:00,Heroic,Gaimin Gladiators,Counter-Strike - Intel Extreme Masters Cologne,Bet365,Map 1 - Race to # Rounds,3 (1),3.25,,,,,,,1,"{""label"": ""3 (1)"", ""hdp"": 1, ""home"": ""3.25""}",2026-06-03T00:03:17.968Z
71899416,Esports,2026-06-03 19:00,Heroic,Gaimin Gladiators,Counter-Strike - Intel Extreme Masters Cologne,Bet365,Map 1 - Race to # Rounds,3 (2),,,1.33,,,,,2,"{""label"": ""3 (2)"", ""hdp"": 2, ""away"": ""1.33""}",2026-06-03T00:03:17.968Z
71899416,Esports,2026-06-03 19:00,Heroic,Gaimin Gladiators,Counter-Strike - Intel Extreme Masters Cologne,Bet365,Map 1 - Correct Round Score,13-0 (1),21.00,,,,,,,1,"{""label"": ""13-0 (1)"", ""hdp"": 1, ""home"": ""21.00""}",2026-06-02T22:42:51.861Z
71899416,Esports,2026-06-03 19:00,Heroic,Gaimin Gladiators,Counter-Strike - Intel Extreme Masters Cologne,Bet365,Map 1 - Correct Round Score,13-0 (2),,,11.00,,,,,2,"{""label"": ""13-0 (2)"", ""hdp"": 2, ""away"": ""11.00""}",2026-06-02T22:42:51.861Z
71899416,Esports,2026-06-03 19:00,Heroic,Gaimin Gladiators,Counter-Strike - Intel Extreme Masters Cologne,Bet365,Map 1 - Correct Round Score,12-12,,,8.00,,,,,,"{""label"": ""12-12"", ""away"": ""8.00""}",2026-06-02T22:42:51.861Z
71899416,Esports,2026-06-03 19:00,Heroic,Gaimin Gladiators,Counter-Strike - Intel Extreme Masters Cologne,Bet365,Map 2 - Alternative Total Rounds,,,,,1.12,5.50,,,16.5,"{""hdp"": 16.5, ""over"": ""1.12"", ""under"": ""5.50""}",2026-06-03T07:11:28.094Z
71899416,Esports,2026-06-03 19:00,Heroic,Gaimin Gladiators,Counter-Strike - Intel Extreme Masters Cologne,Bet365,Map 2 - Alternative Total Rounds,,,,,1.53,2.37,,,19.5,"{""hdp"": 19.5, ""over"": ""1.53"", ""under"": ""2.37""}",2026-06-03T07:11:28.094Z
71899416,Esports,2026-06-03 19:00,Heroic,Gaimin Gladiators,Counter-Strike - Intel Extreme Masters Cologne,Bet365,Map 2 - Alternative Total Rounds,,,,,2.20,1.61,,,21.5,"{""hdp"": 21.5, ""over"": ""2.20"", ""under"": ""1.61""}",2026-06-03T07:11:28.094Z
71899416,Esports,2026-06-03 19:00,Heroic,Gaimin Gladiators,Counter-Strike - Intel Extreme Masters Cologne,Bet365,Map 2 - Alternative Total Rounds,,,,,1.22,4.00,,,17.5,"{""hdp"": 17.5, ""over"": ""1.22"", ""under"": ""4.00""}",2026-06-03T07:11:28.094Z
71899416,Esports,2026-06-03 19:00,Heroic,Gaimin Gladiators,Counter-Strike - Intel Extreme Masters Cologne,Bet365,Map 2 - Alternative Total Rounds,,,,,1.36,3.00,,,18.5,"{""hdp"": 18.5, ""over"": ""1.36"", ""under"": ""3.00""}",2026-06-03T07:11:28.094Z
71899416,Esports,2026-06-03 19:00,Heroic,Gaimin Gladiators,Counter-Strike - Intel Extreme Masters Cologne,Bet365,Map 2 - Alternative Total Rounds,,,,,3.00,1.36,,,22.5,"{""hdp"": 22.5, ""over"": ""3.00"", ""under"": ""1.36""}",2026-06-03T07:11:28.094Z
71899416,Esports,2026-06-03 19:00,Heroic,Gaimin Gladiators,Counter-Strike - Intel Extreme Masters Cologne,Bet365,Map 2 Lines,Rounds Handicap (1) (4.5),1.83,,,,,,,4.5,"{""label"": ""Rounds Handicap (1) (4.5)"", ""hdp"": 4.5, ""home"": ""1.83""}",2026-06-03T01:08:04.395Z
71899416,Esports,2026-06-03 19:00,Heroic,Gaimin Gladiators,Counter-Strike - Intel Extreme Masters Cologne,Bet365,Map 2 Lines,Rounds Handicap (2) (-4.5),,,1.83,,,,,-4.5,"{""label"": ""Rounds Handicap (2) (-4.5)"", ""hdp"": -4.5, ""away"": ""1.83""}",2026-06-03T01:08:04.395Z
71899416,Esports,2026-06-03 19:00,Heroic,Gaimin Gladiators,Counter-Strike - Intel Extreme Masters Cologne,Bet365,Map 2 Lines,To Win (1),3.75,,,,,,,,"{""label"": ""To Win (1)"", ""home"": ""3.75""}",2026-06-03T01:08:04.395Z
71899416,Esports,2026-06-03 19:00,Heroic,Gaimin Gladiators,Counter-Strike - Intel Extreme Masters Cologne,Bet365,Map 2 Lines,Total Rounds (1) (20.5),1.83,,1.83,,,,,20.5,"{""label"": ""Total Rounds (1) (20.5)"", ""hdp"": 20.5, ""home"": ""1.83"", ""away"": ""1.83""}",2026-06-03T01:08:04.395Z
71899416,Esports,2026-06-03 19:00,Heroic,Gaimin Gladiators,Counter-Strike - Intel Extreme Masters Cologne,Bet365,Map 2 Lines,To Win (2),,,1.25,,,,,,"{""label"": ""To Win (2)"", ""away"": ""1.25""}",2026-06-03T01:08:04.395Z
71899416,Esports,2026-06-03 19:00,Heroic,Gaimin Gladiators,Counter-Strike - Intel Extreme Masters Cologne,Bet365,Map 1 - Alternative Rounds Handicap,1 (-2.5),5.50,,1.30,,,,,-2.5,"{""label"": ""1 (-2.5)"", ""hdp"": -2.5, ""home"": ""5.50"", ""away"": ""1.30""}",2026-06-03T00:03:17.968Z
71899416,Esports,2026-06-03 19:00,Heroic,Gaimin Gladiators,Counter-Strike - Intel Extreme Masters Cologne,Bet365,Map 1 - Alternative Rounds Handicap,1 (2.5),3.40,,1.12,,,,,2.5,"{""label"": ""1 (2.5)"", ""hdp"": 2.5, ""home"": ""3.40"", ""away"": ""1.12""}",2026-06-03T00:03:17.968Z
71899416,Esports,2026-06-03 19:00,Heroic,Gaimin Gladiators,Counter-Strike - Intel Extreme Masters Cologne,Bet365,Map 1 - Alternative Rounds Handicap,1 (3.5),2.50,,,,,,,3.5,"{""label"": ""1 (3.5)"", ""hdp"": 3.5, ""home"": ""2.50""}",2026-06-03T00:03:17.968Z
71899416,Esports,2026-06-03 19:00,Heroic,Gaimin Gladiators,Counter-Strike - Intel Extreme Masters Cologne,Bet365,Map 1 - Alternative Rounds Handicap,1 (5.5),1.72,,,,,,,5.5,"{""label"": ""1 (5.5)"", ""hdp"": 5.5, ""home"": ""1.72""}",2026-06-03T00:03:17.968Z
71899416,Esports,2026-06-03 19:00,Heroic,Gaimin Gladiators,Counter-Strike - Intel Extreme Masters Cologne,Bet365,Map 1 - Alternative Rounds Handicap,1 (6.5),1.50,,,,,,,6.5,"{""label"": ""1 (6.5)"", ""hdp"": 6.5, ""home"": ""1.50""}",2026-06-03T00:03:17.968Z
71899416,Esports,2026-06-03 19:00,Heroic,Gaimin Gladiators,Counter-Strike - Intel Extreme Masters Cologne,Bet365,Map 1 - Alternative Rounds Handicap,2 (-3.5),,,1.50,,,,,-3.5,"{""label"": ""2 (-3.5)"", ""hdp"": -3.5, ""away"": ""1.50""}",2026-06-03T00:03:17.968Z
71899416,Esports,2026-06-03 19:00,Heroic,Gaimin Gladiators,Counter-Strike - Intel Extreme Masters Cologne,Bet365,Map 1 - Alternative Rounds Handicap,2 (-5.5),,,2.00,,,,,-5.5,"{""label"": ""2 (-5.5)"", ""hdp"": -5.5, ""away"": ""2.00""}",2026-06-03T00:03:17.968Z
71899416,Esports,2026-06-03 19:00,Heroic,Gaimin Gladiators,Counter-Strike - Intel Extreme Masters Cologne,Bet365,Map 1 - Alternative Rounds Handicap,2 (-6.5),,,2.50,,,,,-6.5,"{""label"": ""2 (-6.5)"", ""hdp"": -6.5, ""away"": ""2.50""}",2026-06-03T00:03:17.968Z
71899416,Esports,2026-06-03 19:00,Heroic,Gaimin Gladiators,Counter-Strike - Intel Extreme Masters Cologne,Bet365,Map 1 - Alternative Rounds Handicap,1 (7.5),1.33,,,,,,,7.5,"{""label"": ""1 (7.5)"", ""hdp"": 7.5, ""home"": ""1.33""}",2026-06-03T00:03:17.968Z
71899416,Esports,2026-06-03 19:00,Heroic,Gaimin Gladiators,Counter-Strike - Intel Extreme Masters Cologne,Bet365,Map 1 - Alternative Rounds Handicap,2 (-7.5),,,3.25,,,,,-7.5,"{""label"": ""2 (-7.5)"", ""hdp"": -7.5, ""away"": ""3.25""}",2026-06-03T00:03:17.968Z
71899416,Esports,2026-06-03 19:00,Heroic,Gaimin Gladiators,Counter-Strike - Intel Extreme Masters Cologne,Bet365,Map 1 - Alternative Total Rounds,,,,,1.12,5.50,,,16.5,"{""hdp"": 16.5, ""over"": ""1.12"", ""under"": ""5.50""}",2026-06-03T00:03:17.968Z
71899416,Esports,2026-06-03 19:00,Heroic,Gaimin Gladiators,Counter-Strike - Intel Extreme Masters Cologne,Bet365,Map 1 - Alternative Total Rounds,,,,,1.22,4.00,,,17.5,"{""hdp"": 17.5, ""over"": ""1.22"", ""under"": ""4.00""}",2026-06-03T00:03:17.968Z
71899416,Esports,2026-06-03 19:00,Heroic,Gaimin Gladiators,Counter-Strike - Intel Extreme Masters Cologne,Bet365,Map 1 - Alternative Total Rounds,,,,,2.37,1.53,,,21.5,"{""hdp"": 21.5, ""over"": ""2.37"", ""under"": ""1.53""}",2026-06-03T00:03:17.968Z
71899416,Esports,2026-06-03 19:00,Heroic,Gaimin Gladiators,Counter-Strike - Intel Extreme Masters Cologne,Bet365,Map 1 - Alternative Total Rounds,,,,,1.40,2.75,,,18.5,"{""hdp"": 18.5, ""over"": ""1.40"", ""under"": ""2.75""}",2026-06-03T00:03:17.968Z
71899416,Esports,2026-06-03 19:00,Heroic,Gaimin Gladiators,Counter-Strike - Intel Extreme Masters Cologne,Bet365,Map 1 - Alternative Total Rounds,,,,,1.61,2.20,,,19.5,"{""hdp"": 19.5, ""over"": ""1.61"", ""under"": ""2.20""}",2026-06-03T00:03:17.968Z
71899416,Esports,2026-06-03 19:00,Heroic,Gaimin Gladiators,Counter-Strike - Intel Extreme Masters Cologne,Bet365,Map 1 - Alternative Total Rounds,,,,,3.40,1.30,,,22.5,"{""hdp"": 22.5, ""over"": ""3.40"", ""under"": ""1.30""}",2026-06-03T00:03:17.968Z
71899416,Esports,2026-06-03 19:00,Heroic,Gaimin Gladiators,Counter-Strike - Intel Extreme Masters Cologne,Bet365,Map 2 - Alternative Rounds Handicap,1 (-2.5),4.33,,1.44,,,,,-2.5,"{""label"": ""1 (-2.5)"", ""hdp"": -2.5, ""home"": ""4.33"", ""away"": ""1.44""}",2026-06-03T07:11:28.094Z
71899416,Esports,2026-06-03 19:00,Heroic,Gaimin Gladiators,Counter-Strike - Intel Extreme Masters Cologne,Bet365,Map 2 - Alternative Rounds Handicap,1 (2.5),2.62,,1.20,,,,,2.5,"{""label"": ""1 (2.5)"", ""hdp"": 2.5, ""home"": ""2.62"", ""away"": ""1.20""}",2026-06-03T07:11:28.094Z
71899416,Esports,2026-06-03 19:00,Heroic,Gaimin Gladiators,Counter-Strike - Intel Extreme Masters Cologne,Bet365,Map 2 - Alternative Rounds Handicap,1 (3.5),2.10,,,,,,,3.5,"{""label"": ""1 (3.5)"", ""hdp"": 3.5, ""home"": ""2.10""}",2026-06-03T07:11:28.094Z
71899416,Esports,2026-06-03 19:00,Heroic,Gaimin Gladiators,Counter-Strike - Intel Extreme Masters Cologne,Bet365,Map 2 - Alternative Rounds Handicap,1 (5.5),1.57,,,,,,,5.5,"{""label"": ""1 (5.5)"", ""hdp"": 5.5, ""home"": ""1.57""}",2026-06-03T07:11:28.094Z
71899416,Esports,2026-06-03 19:00,Heroic,Gaimin Gladiators,Counter-Strike - Intel Extreme Masters Cologne,Bet365,Map 2 - Alternative Rounds Handicap,1 (6.5),1.40,,,,,,,6.5,"{""label"": ""1 (6.5)"", ""hdp"": 6.5, ""home"": ""1.40""}",2026-06-03T07:11:28.094Z
71899416,Esports,2026-06-03 19:00,Heroic,Gaimin Gladiators,Counter-Strike - Intel Extreme Masters Cologne,Bet365,Map 2 - Alternative Rounds Handicap,1 (7.5),1.28,,,,,,,7.5,"{""label"": ""1 (7.5)"", ""hdp"": 7.5, ""home"": ""1.28""}",2026-06-03T07:11:28.094Z
71899416,Esports,2026-06-03 19:00,Heroic,Gaimin Gladiators,Counter-Strike - Intel Extreme Masters Cologne,Bet365,Map 2 - Alternative Rounds Handicap,2 (-3.5),,,1.66,,,,,-3.5,"{""label"": ""2 (-3.5)"", ""hdp"": -3.5, ""away"": ""1.66""}",2026-06-03T07:11:28.094Z
71899416,Esports,2026-06-03 19:00,Heroic,Gaimin Gladiators,Counter-Strike - Intel Extreme Masters Cologne,Bet365,Map 2 - Alternative Rounds Handicap,2 (-5.5),,,2.25,,,,,-5.5,"{""label"": ""2 (-5.5)"", ""hdp"": -5.5, ""away"": ""2.25""}",2026-06-03T07:11:28.094Z
71899416,Esports,2026-06-03 19:00,Heroic,Gaimin Gladiators,Counter-Strike - Intel Extreme Masters Cologne,Bet365,Map 2 - Alternative Rounds Handicap,2 (-6.5),,,2.75,,,,,-6.5,"{""label"": ""2 (-6.5)"", ""hdp"": -6.5, ""away"": ""2.75""}",2026-06-03T07:11:28.094Z
71899416,Esports,2026-06-03 19:00,Heroic,Gaimin Gladiators,Counter-Strike - Intel Extreme Masters Cologne,Bet365,Map 2 - Alternative Rounds Handicap,2 (-7.5),,,3.50,,,,,-7.5,"{""label"": ""2 (-7.5)"", ""hdp"": -7.5, ""away"": ""3.50""}",2026-06-03T07:11:28.094Z
71899416,Esports,2026-06-03 19:00,Heroic,Gaimin Gladiators,Counter-Strike - Intel Extreme Masters Cologne,Bet365,Map 1 - Alternative Kill Handicap,1 (0.5),4.33,,,,,,,0.5,"{""label"": ""1 (0.5)"", ""hdp"": 0.5, ""home"": ""4.33""}",2026-06-03T00:03:17.968Z
71899416,Esports,2026-06-03 19:00,Heroic,Gaimin Gladiators,Counter-Strike - Intel Extreme Masters Cologne,Bet365,Map 1 - Alternative Kill Handicap,1 (5.5),3.25,,,,,,,5.5,"{""label"": ""1 (5.5)"", ""hdp"": 5.5, ""home"": ""3.25""}",2026-06-03T00:03:17.968Z
71899416,Esports,2026-06-03 19:00,Heroic,Gaimin Gladiators,Counter-Strike - Intel Extreme Masters Cologne,Bet365,Map 1 - Alternative Kill Handicap,1 (10.5),2.25,,,,,,,10.5,"{""label"": ""1 (10.5)"", ""hdp"": 10.5, ""home"": ""2.25""}",2026-06-03T00:03:17.968Z
71899416,Esports,2026-06-03 19:00,Heroic,Gaimin Gladiators,Counter-Strike - Intel Extreme Masters Cologne,Bet365,Map 1 - Alternative Kill Handicap,1 (15.5),1.80,,,,,,,15.5,"{""label"": ""1 (15.5)"", ""hdp"": 15.5, ""home"": ""1.80""}",2026-06-03T00:03:17.968Z
71899416,Esports,2026-06-03 19:00,Heroic,Gaimin Gladiators,Counter-Strike - Intel Extreme Masters Cologne,Bet365,Map 1 - Alternative Kill Handicap,1 (20.5),1.40,,,,,,,20.5,"{""label"": ""1 (20.5)"", ""hdp"": 20.5, ""home"": ""1.40""}",2026-06-03T00:03:17.968Z
71899416,Esports,2026-06-03 19:00,Heroic,Gaimin Gladiators,Counter-Strike - Intel Extreme Masters Cologne,Bet365,Map 1 - Alternative Kill Handicap,1 (25.5),1.20,,,,,,,25.5,"{""label"": ""1 (25.5)"", ""hdp"": 25.5, ""home"": ""1.20""}",2026-06-03T00:03:17.968Z
71899416,Esports,2026-06-03 19:00,Heroic,Gaimin Gladiators,Counter-Strike - Intel Extreme Masters Cologne,Bet365,Map 1 - Alternative Kill Handicap,2 (-0.5),,,1.20,,,,,-0.5,"{""label"": ""2 (-0.5)"", ""hdp"": -0.5, ""away"": ""1.20""}",2026-06-03T00:03:17.968Z
71899416,Esports,2026-06-03 19:00,Heroic,Gaimin Gladiators,Counter-Strike - Intel Extreme Masters Cologne,Bet365,Map 1 - Alternative Kill Handicap,2 (-5.5),,,1.33,,,,,-5.5,"{""label"": ""2 (-5.5)"", ""hdp"": -5.5, ""away"": ""1.33""}",2026-06-03T00:03:17.968Z
71899416,Esports,2026-06-03 19:00,Heroic,Gaimin Gladiators,Counter-Strike - Intel Extreme Masters Cologne,Bet365,Map 1 - Alternative Kill Handicap,2 (-10.5),,,1.57,,,,,-10.5,"{""label"": ""2 (-10.5)"", ""hdp"": -10.5, ""away"": ""1.57""}",2026-06-03T00:03:17.968Z
71899416,Esports,2026-06-03 19:00,Heroic,Gaimin Gladiators,Counter-Strike - Intel Extreme Masters Cologne,Bet365,Map 1 - Alternative Kill Handicap,2 (-15.5),,,1.90,,,,,-15.5,"{""label"": ""2 (-15.5)"", ""hdp"": -15.5, ""away"": ""1.90""}",2026-06-03T00:03:17.968Z
71899416,Esports,2026-06-03 19:00,Heroic,Gaimin Gladiators,Counter-Strike - Intel Extreme Masters Cologne,Bet365,Map 1 - Alternative Kill Handicap,2 (-20.5),,,2.75,,,,,-20.5,"{""label"": ""2 (-20.5)"", ""hdp"": -20.5, ""away"": ""2.75""}",2026-06-03T00:03:17.968Z
71899416,Esports,2026-06-03 19:00,Heroic,Gaimin Gladiators,Counter-Strike - Intel Extreme Masters Cologne,Bet365,Map 1 - Alternative Kill Handicap,2 (-25.5),,,4.33,,,,,-25.5,"{""label"": ""2 (-25.5)"", ""hdp"": -25.5, ""away"": ""4.33""}",2026-06-03T00:03:17.968Z
71899418,Esports,2026-06-03 19:00,B8,M80,Counter-Strike - Intel Extreme Masters Cologne,Bet365,ML,,1.53,,2.37,,,,,,"{""home"": ""1.53"", ""away"": ""2.37""}",2026-06-03T07:04:28.466Z
71899418,Esports,2026-06-03 19:00,B8,M80,Counter-Strike - Intel Extreme Masters Cologne,Bet365,Spread,,2.75,,1.40,,,,,-1.5,"{""hdp"": -1.5, ""home"": ""2.75"", ""away"": ""1.40""}",2026-06-02T22:04:35.625Z
71899418,Esports,2026-06-03 19:00,B8,M80,Counter-Strike - Intel Extreme Masters Cologne,Bet365,Totals,,,,,1.83,1.83,,,2.5,"{""hdp"": 2.5, ""over"": ""1.83"", ""under"": ""1.83""}",2026-06-02T22:04:35.625Z
71899418,Esports,2026-06-03 19:00,B8,M80,Counter-Strike - Intel Extreme Masters Cologne,Bet365,Map 1 - Winning Margin,2-4 (1),21.00,,,,,,,1,"{""label"": ""2-4 (1)"", ""hdp"": 1, ""home"": ""21.00""}",2026-06-02T22:04:35.625Z
71899418,Esports,2026-06-03 19:00,B8,M80,Counter-Strike - Intel Extreme Masters Cologne,Bet365,Map 1 - Winning Margin,2-4 (2),,,29.00,,,,,2,"{""label"": ""2-4 (2)"", ""hdp"": 2, ""away"": ""29.00""}",2026-06-02T22:04:35.625Z
71899418,Esports,2026-06-03 19:00,B8,M80,Counter-Strike - Intel Extreme Masters Cologne,Bet365,Map 2 - Correct Round Score,13-0 (1),12.00,,,,,,,1,"{""label"": ""13-0 (1)"", ""hdp"": 1, ""home"": ""12.00""}",2026-06-02T22:26:21.525Z
71899418,Esports,2026-06-03 19:00,B8,M80,Counter-Strike - Intel Extreme Masters Cologne,Bet365,Map 2 - Correct Round Score,13-0 (2),,,11.00,,,,,2,"{""label"": ""13-0 (2)"", ""hdp"": 2, ""away"": ""11.00""}",2026-06-02T22:26:21.525Z
71899418,Esports,2026-06-03 19:00,B8,M80,Counter-Strike - Intel Extreme Masters Cologne,Bet365,Map 2 - Correct Round Score,12-12,,,6.50,,,,,,"{""label"": ""12-12"", ""away"": ""6.50""}",2026-06-02T22:26:21.525Z
71899418,Esports,2026-06-03 19:00,B8,M80,Counter-Strike - Intel Extreme Masters Cologne,Bet365,Map 1 - Correct Round Score,13-0 (1),10.00,,,,,,,1,"{""label"": ""13-0 (1)"", ""hdp"": 1, ""home"": ""10.00""}",2026-06-02T22:04:35.625Z
71899418,Esports,2026-06-03 19:00,B8,M80,Counter-Strike - Intel Extreme Masters Cologne,Bet365,Map 1 - Correct Round Score,13-0 (2),,,13.00,,,,,2,"{""label"": ""13-0 (2)"", ""hdp"": 2, ""away"": ""13.00""}",2026-06-02T22:04:35.625Z
71899418,Esports,2026-06-03 19:00,B8,M80,Counter-Strike - Intel Extreme Masters Cologne,Bet365,Map 1 - Correct Round Score,12-12,,,6.50,,,,,,"{""label"": ""12-12"", ""away"": ""6.50""}",2026-06-02T22:04:35.625Z
71899418,Esports,2026-06-03 19:00,B8,M80,Counter-Strike - Intel Extreme Masters Cologne,Bet365,Map 2 - Race to # Rounds,3 (1),1.66,,,,,,,1,"{""label"": ""3 (1)"", ""hdp"": 1, ""home"": ""1.66""}",2026-06-02T22:26:21.525Z
71899418,Esports,2026-06-03 19:00,B8,M80,Counter-Strike - Intel Extreme Masters Cologne,Bet365,Map 2 - Race to # Rounds,3 (2),,,2.10,,,,,2,"{""label"": ""3 (2)"", ""hdp"": 2, ""away"": ""2.10""}",2026-06-02T22:26:21.525Z
71899418,Esports,2026-06-03 19:00,B8,M80,Counter-Strike - Intel Extreme Masters Cologne,Bet365,Map 1 - Alternative Kill Handicap,1 (-21.5),4.33,,,,,,,-21.5,"{""label"": ""1 (-21.5)"", ""hdp"": -21.5, ""home"": ""4.33""}",2026-06-03T07:31:42.777Z
71899418,Esports,2026-06-03 19:00,B8,M80,Counter-Strike - Intel Extreme Masters Cologne,Bet365,Map 1 - Alternative Kill Handicap,1 (-11.5),2.25,,,,,,,-11.5,"{""label"": ""1 (-11.5)"", ""hdp"": -11.5, ""home"": ""2.25""}",2026-06-03T07:31:42.777Z
71899418,Esports,2026-06-03 19:00,B8,M80,Counter-Strike - Intel Extreme Masters Cologne,Bet365,Map 1 - Alternative Kill Handicap,1 (-1.5),1.61,,,,,,,-1.5,"{""label"": ""1 (-1.5)"", ""hdp"": -1.5, ""home"": ""1.61""}",2026-06-03T07:31:42.777Z
71899418,Esports,2026-06-03 19:00,B8,M80,Counter-Strike - Intel Extreme Masters Cologne,Bet365,Map 1 - Alternative Kill Handicap,2 (21.5),,,1.20,,,,,21.5,"{""label"": ""2 (21.5)"", ""hdp"": 21.5, ""away"": ""1.20""}",2026-06-03T07:31:42.777Z
71899418,Esports,2026-06-03 19:00,B8,M80,Counter-Strike - Intel Extreme Masters Cologne,Bet365,Map 1 - Alternative Kill Handicap,2 (11.5),,,1.57,,,,,11.5,"{""label"": ""2 (11.5)"", ""hdp"": 11.5, ""away"": ""1.57""}",2026-06-03T07:31:42.777Z
71899418,Esports,2026-06-03 19:00,B8,M80,Counter-Strike - Intel Extreme Masters Cologne,Bet365,Map 1 - Alternative Kill Handicap,2 (1.5),,,2.20,,,,,1.5,"{""label"": ""2 (1.5)"", ""hdp"": 1.5, ""away"": ""2.20""}",2026-06-03T07:31:42.777Z
71899418,Esports,2026-06-03 19:00,B8,M80,Counter-Strike - Intel Extreme Masters Cologne,Bet365,Map 1 - Alternative Kill Handicap,1 (-16.5),3.00,,,,,,,-16.5,"{""label"": ""1 (-16.5)"", ""hdp"": -16.5, ""home"": ""3.00""}",2026-06-03T07:31:42.777Z
71899418,Esports,2026-06-03 19:00,B8,M80,Counter-Strike - Intel Extreme Masters Cologne,Bet365,Map 1 - Alternative Kill Handicap,1 (3.5),1.44,,,,,,,3.5,"{""label"": ""1 (3.5)"", ""hdp"": 3.5, ""home"": ""1.44""}",2026-06-03T07:31:42.777Z
71899418,Esports,2026-06-03 19:00,B8,M80,Counter-Strike - Intel Extreme Masters Cologne,Bet365,Map 1 - Alternative Kill Handicap,2 (16.5),,,1.36,,,,,16.5,"{""label"": ""2 (16.5)"", ""hdp"": 16.5, ""away"": ""1.36""}",2026-06-03T07:31:42.777Z
71899418,Esports,2026-06-03 19:00,B8,M80,Counter-Strike - Intel Extreme Masters Cologne,Bet365,Map 1 - Alternative Kill Handicap,2 (-3.5),,,2.62,,,,,-3.5,"{""label"": ""2 (-3.5)"", ""hdp"": -3.5, ""away"": ""2.62""}",2026-06-03T07:31:42.777Z
71899418,Esports,2026-06-03 19:00,B8,M80,Counter-Strike - Intel Extreme Masters Cologne,Bet365,Map 1 - Alternative Rounds Handicap,1 (2.5),1.40,,,,,,,2.5,"{""label"": ""1 (2.5)"", ""hdp"": 2.5, ""home"": ""1.40""}",2026-06-03T07:31:42.777Z
71899418,Esports,2026-06-03 19:00,B8,M80,Counter-Strike - Intel Extreme Masters Cologne,Bet365,Map 1 - Alternative Rounds Handicap,2 (-2.5),,,2.75,,,,,-2.5,"{""label"": ""2 (-2.5)"", ""hdp"": -2.5, ""away"": ""2.75""}",2026-06-03T07:31:42.777Z
71899418,Esports,2026-06-03 19:00,B8,M80,Counter-Strike - Intel Extreme Masters Cologne,Bet365,Map 1 - Alternative Rounds Handicap,1 (-5.5),3.40,,,,,,,-5.5,"{""label"": ""1 (-5.5)"", ""hdp"": -5.5, ""home"": ""3.40""}",2026-06-03T07:31:42.777Z
71899418,Esports,2026-06-03 19:00,B8,M80,Counter-Strike - Intel Extreme Masters Cologne,Bet365,Map 1 - Alternative Rounds Handicap,1 (-4.5),2.62,,4.33,,,,,-4.5,"{""label"": ""1 (-4.5)"", ""hdp"": -4.5, ""home"": ""2.62"", ""away"": ""4.33""}",2026-06-03T07:31:42.777Z
71899418,Esports,2026-06-03 19:00,B8,M80,Counter-Strike - Intel Extreme Masters Cologne,Bet365,Map 1 - Alternative Rounds Handicap,1 (-3.5),2.20,,3.50,,,,,-3.5,"{""label"": ""1 (-3.5)"", ""hdp"": -3.5, ""home"": ""2.20"", ""away"": ""3.50""}",2026-06-03T07:31:42.777Z
71899418,Esports,2026-06-03 19:00,B8,M80,Counter-Strike - Intel Extreme Masters Cologne,Bet365,Map 1 - Alternative Rounds Handicap,1 (3.5),1.28,,1.61,,,,,3.5,"{""label"": ""1 (3.5)"", ""hdp"": 3.5, ""home"": ""1.28"", ""away"": ""1.61""}",2026-06-03T07:31:42.777Z
71899418,Esports,2026-06-03 19:00,B8,M80,Counter-Strike - Intel Extreme Masters Cologne,Bet365,Map 1 - Alternative Rounds Handicap,1 (4.5),1.20,,1.44,,,,,4.5,"{""label"": ""1 (4.5)"", ""hdp"": 4.5, ""home"": ""1.20"", ""away"": ""1.44""}",2026-06-03T07:31:42.777Z
71899418,Esports,2026-06-03 19:00,B8,M80,Counter-Strike - Intel Extreme Masters Cologne,Bet365,Map 1 - Alternative Rounds Handicap,2 (5.5),,,1.30,,,,,5.5,"{""label"": ""2 (5.5)"", ""hdp"": 5.5, ""away"": ""1.30""}",2026-06-03T07:31:42.777Z
71899418,Esports,2026-06-03 19:00,B8,M80,Counter-Strike - Intel Extreme Masters Cologne,Bet365,Map 2 - Alternative Kill Handicap,1 (-12.5),2.62,,,,,,,-12.5,"{""label"": ""1 (-12.5)"", ""hdp"": -12.5, ""home"": ""2.62""}",2026-06-03T07:20:58.186Z
71899418,Esports,2026-06-03 19:00,B8,M80,Counter-Strike - Intel Extreme Masters Cologne,Bet365,Map 2 - Alternative Kill Handicap,1 (2.5),1.66,,,,,,,2.5,"{""label"": ""1 (2.5)"", ""hdp"": 2.5, ""home"": ""1.66""}",2026-06-03T07:20:58.186Z
71899418,Esports,2026-06-03 19:00,B8,M80,Counter-Strike - Intel Extreme Masters Cologne,Bet365,Map 2 - Alternative Kill Handicap,2 (12.5),,,1.44,,,,,12.5,"{""label"": ""2 (12.5)"", ""hdp"": 12.5, ""away"": ""1.44""}",2026-06-03T07:20:58.186Z
71899418,Esports,2026-06-03 19:00,B8,M80,Counter-Strike - Intel Extreme Masters Cologne,Bet365,Map 2 - Alternative Kill Handicap,2 (-2.5),,,2.10,,,,,-2.5,"{""label"": ""2 (-2.5)"", ""hdp"": -2.5, ""away"": ""2.10""}",2026-06-03T07:20:58.186Z
71899418,Esports,2026-06-03 19:00,B8,M80,Counter-Strike - Intel Extreme Masters Cologne,Bet365,Map 2 - Alternative Kill Handicap,1 (-17.5),3.50,,,,,,,-17.5,"{""label"": ""1 (-17.5)"", ""hdp"": -17.5, ""home"": ""3.50""}",2026-06-03T07:20:58.186Z
71899418,Esports,2026-06-03 19:00,B8,M80,Counter-Strike - Intel Extreme Masters Cologne,Bet365,Map 2 - Alternative Kill Handicap,1 (-7.5),2.10,,2.50,,,,,-7.5,"{""label"": ""1 (-7.5)"", ""hdp"": -7.5, ""home"": ""2.10"", ""away"": ""2.50""}",2026-06-03T07:20:58.186Z
71899418,Esports,2026-06-03 19:00,B8,M80,Counter-Strike - Intel Extreme Masters Cologne,Bet365,Map 2 - Alternative Kill Handicap,1 (7.5),1.50,,1.66,,,,,7.5,"{""label"": ""1 (7.5)"", ""hdp"": 7.5, ""home"": ""1.50"", ""away"": ""1.66""}",2026-06-03T07:20:58.186Z
71899418,Esports,2026-06-03 19:00,B8,M80,Counter-Strike - Intel Extreme Masters Cologne,Bet365,Map 2 - Alternative Kill Handicap,2 (17.5),,,1.28,,,,,17.5,"{""label"": ""2 (17.5)"", ""hdp"": 17.5, ""away"": ""1.28""}",2026-06-03T07:20:58.186Z
71899418,Esports,2026-06-03 19:00,B8,M80,Counter-Strike - Intel Extreme Masters Cologne,Bet365,Map 1 - Race to # Rounds,3 (1),1.72,,,,,,,1,"{""label"": ""3 (1)"", ""hdp"": 1, ""home"": ""1.72""}",2026-06-02T22:04:35.625Z
71899418,Esports,2026-06-03 19:00,B8,M80,Counter-Strike - Intel Extreme Masters Cologne,Bet365,Map 1 - Race to # Rounds,3 (2),,,2.00,,,,,2,"{""label"": ""3 (2)"", ""hdp"": 2, ""away"": ""2.00""}",2026-06-02T22:04:35.625Z
71899418,Esports,2026-06-03 19:00,B8,M80,Counter-Strike - Intel Extreme Masters Cologne,Bet365,Map 1 - Alternative Total Rounds,,,,,1.14,5.00,,,17.5,"{""hdp"": 17.5, ""over"": ""1.14"", ""under"": ""5.00""}",2026-06-02T22:04:35.625Z
71899418,Esports,2026-06-03 19:00,B8,M80,Counter-Strike - Intel Extreme Masters Cologne,Bet365,Map 1 - Alternative Total Rounds,,,,,1.25,3.75,,,18.5,"{""hdp"": 18.5, ""over"": ""1.25"", ""under"": ""3.75""}",2026-06-02T22:04:35.625Z
71899418,Esports,2026-06-03 19:00,B8,M80,Counter-Strike - Intel Extreme Masters Cologne,Bet365,Map 1 - Alternative Total Rounds,,,,,1.40,2.75,,,19.5,"{""hdp"": 19.5, ""over"": ""1.40"", ""under"": ""2.75""}",2026-06-02T22:04:35.625Z
71899418,Esports,2026-06-03 19:00,B8,M80,Counter-Strike - Intel Extreme Masters Cologne,Bet365,Map 1 - Alternative Total Rounds,,,,,1.61,2.20,,,20.5,"{""hdp"": 20.5, ""over"": ""1.61"", ""under"": ""2.20""}",2026-06-02T22:04:35.625Z
71899418,Esports,2026-06-03 19:00,B8,M80,Counter-Strike - Intel Extreme Masters Cologne,Bet365,Map 1 - Alternative Total Rounds,,,,,2.62,1.44,,,22.5,"{""hdp"": 22.5, ""over"": ""2.62"", ""under"": ""1.44""}",2026-06-02T22:04:35.625Z
71899418,Esports,2026-06-03 19:00,B8,M80,Counter-Strike - Intel Extreme Masters Cologne,Bet365,Map 1 - Alternative Total Rounds,,,,,3.75,1.25,,,23.5,"{""hdp"": 23.5, ""over"": ""3.75"", ""under"": ""1.25""}",2026-06-02T22:04:35.625Z
71899418,Esports,2026-06-03 19:00,B8,M80,Counter-Strike - Intel Extreme Masters Cologne,Bet365,Round Lines,Total Rounds (1) (53.5),1.83,,1.83,,,,,53.5,"{""label"": ""Total Rounds (1) (53.5)"", ""hdp"": 53.5, ""home"": ""1.83"", ""away"": ""1.83""}",2026-06-03T07:04:28.466Z
71899418,Esports,2026-06-03 19:00,B8,M80,Counter-Strike - Intel Extreme Masters Cologne,Bet365,Round Lines,Rounds Handicap (1) (-4.5),1.83,,,,,,,-4.5,"{""label"": ""Rounds Handicap (1) (-4.5)"", ""hdp"": -4.5, ""home"": ""1.83""}",2026-06-03T07:04:28.466Z
71899418,Esports,2026-06-03 19:00,B8,M80,Counter-Strike - Intel Extreme Masters Cologne,Bet365,Round Lines,Rounds Handicap (2) (4.5),,,1.83,,,,,4.5,"{""label"": ""Rounds Handicap (2) (4.5)"", ""hdp"": 4.5, ""away"": ""1.83""}",2026-06-03T07:04:28.466Z
71899418,Esports,2026-06-03 19:00,B8,M80,Counter-Strike - Intel Extreme Masters Cologne,Bet365,Map 2 - Winning Margin,2-4 (1),19.00,,,,,,,1,"{""label"": ""2-4 (1)"", ""hdp"": 1, ""home"": ""19.00""}",2026-06-02T22:26:21.525Z
71899418,Esports,2026-06-03 19:00,B8,M80,Counter-Strike - Intel Extreme Masters Cologne,Bet365,Map 2 - Winning Margin,2-4 (2),,,34.00,,,,,2,"{""label"": ""2-4 (2)"", ""hdp"": 2, ""away"": ""34.00""}",2026-06-02T22:26:21.525Z
71899418,Esports,2026-06-03 19:00,B8,M80,Counter-Strike - Intel Extreme Masters Cologne,Bet365,Map 1 Lines,Total Rounds (1) (21.5),2.00,,1.72,,,,,21.5,"{""label"": ""Total Rounds (1) (21.5)"", ""hdp"": 21.5, ""home"": ""2.00"", ""away"": ""1.72""}",2026-06-03T07:04:28.466Z
71899418,Esports,2026-06-03 19:00,B8,M80,Counter-Strike - Intel Extreme Masters Cologne,Bet365,Map 1 Lines,To Win (1),1.53,,,,,,,,"{""label"": ""To Win (1)"", ""home"": ""1.53""}",2026-06-03T07:04:28.466Z
71899418,Esports,2026-06-03 19:00,B8,M80,Counter-Strike - Intel Extreme Masters Cologne,Bet365,Map 1 Lines,Rounds Handicap (1) (-2.5),1.80,,,,,,,-2.5,"{""label"": ""Rounds Handicap (1) (-2.5)"", ""hdp"": -2.5, ""home"": ""1.80""}",2026-06-03T07:04:28.466Z
71899418,Esports,2026-06-03 19:00,B8,M80,Counter-Strike - Intel Extreme Masters Cologne,Bet365,Map 1 Lines,To Win (2),,,2.37,,,,,,"{""label"": ""To Win (2)"", ""away"": ""2.37""}",2026-06-03T07:04:28.466Z
71899418,Esports,2026-06-03 19:00,B8,M80,Counter-Strike - Intel Extreme Masters Cologne,Bet365,Map 1 Lines,Rounds Handicap (2) (2.5),,,1.90,,,,,2.5,"{""label"": ""Rounds Handicap (2) (2.5)"", ""hdp"": 2.5, ""away"": ""1.90""}",2026-06-03T07:04:28.466Z
71899418,Esports,2026-06-03 19:00,B8,M80,Counter-Strike - Intel Extreme Masters Cologne,Bet365,Map 2 - Alternative Rounds Handicap,1 (-5.5),3.75,,,,,,,-5.5,"{""label"": ""1 (-5.5)"", ""hdp"": -5.5, ""home"": ""3.75""}",2026-06-03T07:20:58.186Z
71899418,Esports,2026-06-03 19:00,B8,M80,Counter-Strike - Intel Extreme Masters Cologne,Bet365,Map 2 - Alternative Rounds Handicap,1 (-3.5),2.50,,3.00,,,,,-3.5,"{""label"": ""1 (-3.5)"", ""hdp"": -3.5, ""home"": ""2.50"", ""away"": ""3.00""}",2026-06-03T07:20:58.186Z
71899418,Esports,2026-06-03 19:00,B8,M80,Counter-Strike - Intel Extreme Masters Cologne,Bet365,Map 2 - Alternative Rounds Handicap,1 (3.5),1.36,,1.50,,,,,3.5,"{""label"": ""1 (3.5)"", ""hdp"": 3.5, ""home"": ""1.36"", ""away"": ""1.50""}",2026-06-03T07:20:58.186Z
71899418,Esports,2026-06-03 19:00,B8,M80,Counter-Strike - Intel Extreme Masters Cologne,Bet365,Map 2 - Alternative Rounds Handicap,2 (5.5),,,1.25,,,,,5.5,"{""label"": ""2 (5.5)"", ""hdp"": 5.5, ""away"": ""1.25""}",2026-06-03T07:20:58.186Z
71899418,Esports,2026-06-03 19:00,B8,M80,Counter-Strike - Intel Extreme Masters Cologne,Bet365,Map 2 - Alternative Rounds Handicap,1 (-4.5),3.00,,3.75,,,,,-4.5,"{""label"": ""1 (-4.5)"", ""hdp"": -4.5, ""home"": ""3.00"", ""away"": ""3.75""}",2026-06-03T07:20:58.186Z
71899418,Esports,2026-06-03 19:00,B8,M80,Counter-Strike - Intel Extreme Masters Cologne,Bet365,Map 2 - Alternative Rounds Handicap,1 (2.5),1.50,,,,,,,2.5,"{""label"": ""1 (2.5)"", ""hdp"": 2.5, ""home"": ""1.50""}",2026-06-03T07:20:58.186Z
71899418,Esports,2026-06-03 19:00,B8,M80,Counter-Strike - Intel Extreme Masters Cologne,Bet365,Map 2 - Alternative Rounds Handicap,1 (4.5),1.25,,1.36,,,,,4.5,"{""label"": ""1 (4.5)"", ""hdp"": 4.5, ""home"": ""1.25"", ""away"": ""1.36""}",2026-06-03T07:20:58.186Z
71899418,Esports,2026-06-03 19:00,B8,M80,Counter-Strike - Intel Extreme Masters Cologne,Bet365,Map 2 - Alternative Rounds Handicap,2 (-2.5),,,2.50,,,,,-2.5,"{""label"": ""2 (-2.5)"", ""hdp"": -2.5, ""away"": ""2.50""}",2026-06-03T07:20:58.186Z
71899418,Esports,2026-06-03 19:00,B8,M80,Counter-Strike - Intel Extreme Masters Cologne,Bet365,Map 2 - Alternative Total Rounds,,,,,1.14,5.00,,,17.5,"{""hdp"": 17.5, ""over"": ""1.14"", ""under"": ""5.00""}",2026-06-02T22:26:21.525Z
71899418,Esports,2026-06-03 19:00,B8,M80,Counter-Strike - Intel Extreme Masters Cologne,Bet365,Map 2 - Alternative Total Rounds,,,,,1.25,3.75,,,18.5,"{""hdp"": 18.5, ""over"": ""1.25"", ""under"": ""3.75""}",2026-06-02T22:26:21.525Z
71899418,Esports,2026-06-03 19:00,B8,M80,Counter-Strike - Intel Extreme Masters Cologne,Bet365,Map 2 - Alternative Total Rounds,,,,,1.40,2.75,,,19.5,"{""hdp"": 19.5, ""over"": ""1.40"", ""under"": ""2.75""}",2026-06-02T22:26:21.525Z
71899418,Esports,2026-06-03 19:00,B8,M80,Counter-Strike - Intel Extreme Masters Cologne,Bet365,Map 2 - Alternative Total Rounds,,,,,1.61,2.20,,,20.5,"{""hdp"": 20.5, ""over"": ""1.61"", ""under"": ""2.20""}",2026-06-02T22:26:21.525Z
71899418,Esports,2026-06-03 19:00,B8,M80,Counter-Strike - Intel Extreme Masters Cologne,Bet365,Map 2 - Alternative Total Rounds,,,,,2.62,1.44,,,22.5,"{""hdp"": 22.5, ""over"": ""2.62"", ""under"": ""1.44""}",2026-06-02T22:26:21.525Z
71899418,Esports,2026-06-03 19:00,B8,M80,Counter-Strike - Intel Extreme Masters Cologne,Bet365,Map 2 - Alternative Total Rounds,,,,,3.75,1.25,,,23.5,"{""hdp"": 23.5, ""over"": ""3.75"", ""under"": ""1.25""}",2026-06-02T22:26:21.525Z
71899418,Esports,2026-06-03 19:00,B8,M80,Counter-Strike - Intel Extreme Masters Cologne,Bet365,Map 2 Lines,To Win (1),1.72,,,,,,,,"{""label"": ""To Win (1)"", ""home"": ""1.72""}",2026-06-03T07:04:28.466Z
71899418,Esports,2026-06-03 19:00,B8,M80,Counter-Strike - Intel Extreme Masters Cologne,Bet365,Map 2 Lines,Rounds Handicap (1) (-2.5),2.00,,,,,,,-2.5,"{""label"": ""Rounds Handicap (1) (-2.5)"", ""hdp"": -2.5, ""home"": ""2.00""}",2026-06-03T07:04:28.466Z
71899418,Esports,2026-06-03 19:00,B8,M80,Counter-Strike - Intel Extreme Masters Cologne,Bet365,Map 2 Lines,Total Rounds (1) (21.5),2.00,,1.72,,,,,21.5,"{""label"": ""Total Rounds (1) (21.5)"", ""hdp"": 21.5, ""home"": ""2.00"", ""away"": ""1.72""}",2026-06-03T07:04:28.466Z
71899418,Esports,2026-06-03 19:00,B8,M80,Counter-Strike - Intel Extreme Masters Cologne,Bet365,Map 2 Lines,To Win (2),,,2.00,,,,,,"{""label"": ""To Win (2)"", ""away"": ""2.00""}",2026-06-03T07:04:28.466Z
71899418,Esports,2026-06-03 19:00,B8,M80,Counter-Strike - Intel Extreme Masters Cologne,Bet365,Map 2 Lines,Rounds Handicap (2) (2.5),,,1.72,,,,,2.5,"{""label"": ""Rounds Handicap (2) (2.5)"", ""hdp"": 2.5, ""away"": ""1.72""}",2026-06-03T07:04:28.466Z
71563922,Tennis,2026-06-03 11:00,"Kalinskaya, Anna","Chwalinska, Maja",WTA - French Open Women Singles,Bet365,ML,,1.66,,2.20,,,,,,"{""home"": ""1.66"", ""away"": ""2.20""}",2026-06-03T08:45:46.508Z
71563922,Tennis,2026-06-03 11:00,"Kalinskaya, Anna","Chwalinska, Maja",WTA - French Open Women Singles,Bet365,Totals (Games),,,,,1.83,1.83,,,22.5,"{""hdp"": 22.5, ""over"": ""1.83"", ""under"": ""1.83""}",2026-06-03T04:12:50.768Z
71563922,Tennis,2026-06-03 11:00,"Kalinskaya, Anna","Chwalinska, Maja",WTA - French Open Women Singles,Bet365,Set Betting,,,,,,,,,,{},2026-06-03T08:45:46.508Z
71563922,Tennis,2026-06-03 11:00,"Kalinskaya, Anna","Chwalinska, Maja",WTA - French Open Women Singles,Bet365,Spread (Games),,1.80,,1.90,,,,,-1.5,"{""hdp"": -1.5, ""home"": ""1.80"", ""away"": ""1.90""}",2026-06-03T07:04:28.466Z
71868860,Tennis,2026-06-03 11:00,"Lazaro Garcia, Andrea","Samson, Laura","WTA 125K - WTA 125K Makarska, Croatia Women Singles",Bet365,ML,,2.10,,1.66,,,,,,"{""home"": ""2.10"", ""away"": ""1.66""}",2026-06-01T21:29:01.455Z
71868860,Tennis,2026-06-03 11:00,"Lazaro Garcia, Andrea","Samson, Laura","WTA 125K - WTA 125K Makarska, Croatia Women Singles",Bet365,Set Betting,,,,,,,,,,{},2026-06-03T08:46:30.61Z
71868860,Tennis,2026-06-03 11:00,"Lazaro Garcia, Andrea","Samson, Laura","WTA 125K - WTA 125K Makarska, Croatia Women Singles",Bet365,Spread (Games),,1.90,,1.80,,,,,1.5,"{""hdp"": 1.5, ""home"": ""1.90"", ""away"": ""1.80""}",2026-06-01T21:29:01.455Z
71868860,Tennis,2026-06-03 11:00,"Lazaro Garcia, Andrea","Samson, Laura","WTA 125K - WTA 125K Makarska, Croatia Women Singles",Bet365,Totals (Games),,,,,1.83,1.83,,,21.5,"{""hdp"": 21.5, ""over"": ""1.83"", ""under"": ""1.83""}",2026-06-01T21:29:01.455Z
71868868,Tennis,2026-06-03 11:00,"Palicova, Barbora","Ciric-Bagaric, Lucija","WTA 125K - WTA 125K Makarska, Croatia Women Singles",Bet365,ML,,1.80,,1.90,,,,,,"{""home"": ""1.80"", ""away"": ""1.90""}",2026-06-02T21:02:54.707Z
71868868,Tennis,2026-06-03 11:00,"Palicova, Barbora","Ciric-Bagaric, Lucija","WTA 125K - WTA 125K Makarska, Croatia Women Singles",Bet365,Set Betting,,,,,,,,,,{},2026-06-03T08:46:30.61Z
71868868,Tennis,2026-06-03 11:00,"Palicova, Barbora","Ciric-Bagaric, Lucija","WTA 125K - WTA 125K Makarska, Croatia Women Singles",Bet365,Spread (Games),,1.83,,1.83,,,,,-0.5,"{""hdp"": -0.5, ""home"": ""1.83"", ""away"": ""1.83""}",2026-06-02T21:30:08.136Z
71868868,Tennis,2026-06-03 11:00,"Palicova, Barbora","Ciric-Bagaric, Lucija","WTA 125K - WTA 125K Makarska, Croatia Women Singles",Bet365,Totals (Games),,,,,1.83,1.83,,,21.5,"{""hdp"": 21.5, ""over"": ""1.83"", ""under"": ""1.83""}",2026-06-01T21:33:32.293Z
71840178,Tennis,2026-06-03 11:30,Cornea V V / Lalami Laaroussi Y,Goldhoff G / Harper C,"Challenger - ATP Challenger Bad Rappenau, Germany Men Doubles",Bet365,ML,,3.40,,1.30,,,,,,"{""home"": ""3.40"", ""away"": ""1.30""}",2026-06-01T12:17:09.653Z
71840178,Tennis,2026-06-03 11:30,Cornea V V / Lalami Laaroussi Y,Goldhoff G / Harper C,"Challenger - ATP Challenger Bad Rappenau, Germany Men Doubles",Bet365,Set Betting,,,,,,,,,,{},2026-06-03T08:46:16.917Z
71839186,Tennis,2026-06-03 11:00,Basic M / Dzumhur D,Kalender A / Sabanov I,"Challenger - ATP Challenger Prostejov, Czech Republic Men Doubles",Bet365,ML,,1.83,,1.83,,,,,,"{""home"": ""1.83"", ""away"": ""1.83""}",2026-05-31T16:19:19.378Z
71750536,Tennis,2026-06-03 11:00,"Shevchenko, Alexander","Sanchez Izquierdo, Nikolas","Challenger - ATP Challenger Prostejov, Czech Republic Men Singles",Bet365,ML,,1.53,,2.37,,,,,,"{""home"": ""1.53"", ""away"": ""2.37""}",2026-06-02T15:02:48.508Z
71750536,Tennis,2026-06-03 11:00,"Shevchenko, Alexander","Sanchez Izquierdo, Nikolas","Challenger - ATP Challenger Prostejov, Czech Republic Men Singles",Bet365,Set Betting,,,,,,,,,,{},2026-06-03T08:46:45.722Z
71750536,Tennis,2026-06-03 11:00,"Shevchenko, Alexander","Sanchez Izquierdo, Nikolas","Challenger - ATP Challenger Prostejov, Czech Republic Men Singles",Bet365,Spread (Games),,1.80,,1.90,,,,,-2.5,"{""hdp"": -2.5, ""home"": ""1.80"", ""away"": ""1.90""}",2026-06-02T15:07:18.925Z
71750536,Tennis,2026-06-03 11:00,"Shevchenko, Alexander","Sanchez Izquierdo, Nikolas","Challenger - ATP Challenger Prostejov, Czech Republic Men Singles",Bet365,Totals (Games),,,,,1.90,1.80,,,22.5,"{""hdp"": 22.5, ""over"": ""1.90"", ""under"": ""1.80""}",2026-06-02T15:07:18.925Z
71868850,Tennis,2026-06-03 11:00,"Radivojevic, Lola","Ristic, Mia","WTA 125K - WTA 125K Makarska, Croatia Women Singles",Bet365,ML,,1.44,,2.62,,,,,,"{""home"": ""1.44"", ""away"": ""2.62""}",2026-06-01T21:28:03.017Z
71868850,Tennis,2026-06-03 11:00,"Radivojevic, Lola","Ristic, Mia","WTA 125K - WTA 125K Makarska, Croatia Women Singles",Bet365,Set Betting,,,,,,,,,,{},2026-06-03T08:46:45.722Z
71868850,Tennis,2026-06-03 11:00,"Radivojevic, Lola","Ristic, Mia","WTA 125K - WTA 125K Makarska, Croatia Women Singles",Bet365,Spread (Games),,1.80,,1.90,,,,,-3.5,"{""hdp"": -3.5, ""home"": ""1.80"", ""away"": ""1.90""}",2026-06-01T21:28:03.017Z
71868850,Tennis,2026-06-03 11:00,"Radivojevic, Lola","Ristic, Mia","WTA 125K - WTA 125K Makarska, Croatia Women Singles",Bet365,Totals (Games),,,,,1.83,1.83,,,20.5,"{""hdp"": 20.5, ""over"": ""1.83"", ""under"": ""1.83""}",2026-06-01T21:28:03.017Z
71828334,Tennis,2026-06-03 11:10,"Badenhorst, Devin","Coulibaly, Eliakim","Challenger - ATP Challenger Centurion 2, South Africa Men Singles",Bet365,ML,,2.62,,1.44,,,,,,"{""home"": ""2.62"", ""away"": ""1.44""}",2026-06-02T18:09:34.945Z
71750488,Tennis,2026-06-03 11:30,"ToPo, Marko","Nava, Emilio","Challenger - ATP Challenger Bad Rappenau, Germany Men Singles",Bet365,ML,,4.00,,1.22,,,,,,"{""home"": ""4.00"", ""away"": ""1.22""}",2026-06-03T03:01:18.122Z
71750488,Tennis,2026-06-03 11:30,"ToPo, Marko","Nava, Emilio","Challenger - ATP Challenger Bad Rappenau, Germany Men Singles",Bet365,Set Betting,,,,,,,,,,{},2026-06-03T08:45:46.508Z
71750488,Tennis,2026-06-03 11:30,"ToPo, Marko","Nava, Emilio","Challenger - ATP Challenger Bad Rappenau, Germany Men Singles",Bet365,Spread (Games),,1.80,,1.90,,,,,4.5,"{""hdp"": 4.5, ""home"": ""1.80"", ""away"": ""1.90""}",2026-06-03T03:15:32.563Z
71750488,Tennis,2026-06-03 11:30,"ToPo, Marko","Nava, Emilio","Challenger - ATP Challenger Bad Rappenau, Germany Men Singles",Bet365,Totals (Games),,,,,1.80,1.90,,,20.5,"{""hdp"": 20.5, ""over"": ""1.80"", ""under"": ""1.90""}",2026-06-03T03:15:32.563Z
71749924,Tennis,2026-06-03 11:30,"Wendelken, Harry","Lajal, Mark","Challenger - ATP Challenger Birmingham, Great Britain Men Singles",Bet365,ML,,2.75,,1.40,,,,,,"{""home"": ""2.75"", ""away"": ""1.40""}",2026-06-03T03:51:18.491Z
71749924,Tennis,2026-06-03 11:30,"Wendelken, Harry","Lajal, Mark","Challenger - ATP Challenger Birmingham, Great Britain Men Singles",Bet365,Totals (Games),,,,,1.90,1.80,,,22.5,"{""hdp"": 22.5, ""over"": ""1.90"", ""under"": ""1.80""}",2026-06-03T04:44:51.392Z
71749924,Tennis,2026-06-03 11:30,"Wendelken, Harry","Lajal, Mark","Challenger - ATP Challenger Birmingham, Great Britain Men Singles",Bet365,Set Betting,,,,,,,,,,{},2026-06-03T08:46:16.917Z
71749924,Tennis,2026-06-03 11:30,"Wendelken, Harry","Lajal, Mark","Challenger - ATP Challenger Birmingham, Great Britain Men Singles",Bet365,Spread (Games),,1.72,,2.00,,,,,3.5,"{""hdp"": 3.5, ""home"": ""1.72"", ""away"": ""2.00""}",2026-06-03T04:44:51.392Z
71843822,Tennis,2026-06-03 11:30,"Naef, Celine","Inglis, Maddison","WTA 125K - WTA 125K Birmingham, Great Britain Women Singles",Bet365,ML,,1.53,,2.37,,,,,,"{""home"": ""1.53"", ""away"": ""2.37""}",2026-06-03T08:42:31.219Z
71843822,Tennis,2026-06-03 11:30,"Naef, Celine","Inglis, Maddison","WTA 125K - WTA 125K Birmingham, Great Britain Women Singles",Bet365,Totals (Games),,,,,1.90,1.80,,,20.5,"{""hdp"": 20.5, ""over"": ""1.90"", ""under"": ""1.80""}",2026-06-02T22:38:20.26Z
71843822,Tennis,2026-06-03 11:30,"Naef, Celine","Inglis, Maddison","WTA 125K - WTA 125K Birmingham, Great Britain Women Singles",Bet365,Set Betting,,,,,,,,,,{},2026-06-03T08:46:30.61Z
71843822,Tennis,2026-06-03 11:30,"Naef, Celine","Inglis, Maddison","WTA 125K - WTA 125K Birmingham, Great Britain Women Singles",Bet365,Spread (Games),,1.83,,1.83,,,,,-3.5,"{""hdp"": -3.5, ""home"": ""1.83"", ""away"": ""1.83""}",2026-06-03T03:35:49.419Z
71613828,Tennis,2026-06-03 12:10,Granollers M / Zeballos H,Nys H / Roger-Vasselin E,ATP - French Open Men Doubles,Bet365,ML,,1.28,,3.50,,,,,,"{""home"": ""1.28"", ""away"": ""3.50""}",2026-06-02T18:06:34.389Z
71613828,Tennis,2026-06-03 12:10,Granollers M / Zeballos H,Nys H / Roger-Vasselin E,ATP - French Open Men Doubles,Bet365,Set Betting,,,,,,,,,,{},2026-06-03T08:45:46.508Z
71613828,Tennis,2026-06-03 12:10,Granollers M / Zeballos H,Nys H / Roger-Vasselin E,ATP - French Open Men Doubles,Bet365,Spread (Games),,1.80,,1.90,,,,,-3.5,"{""hdp"": -3.5, ""home"": ""1.80"", ""away"": ""1.90""}",2026-06-02T18:25:08.173Z
71613828,Tennis,2026-06-03 12:10,Granollers M / Zeballos H,Nys H / Roger-Vasselin E,ATP - French Open Men Doubles,Bet365,Totals (Games),,,,,1.90,1.80,,,22.5,"{""hdp"": 22.5, ""over"": ""1.90"", ""under"": ""1.80""}",2026-06-02T18:25:08.173Z
71750490,Tennis,2026-06-03 11:30,"Dodig, Matej","Den Ouden, Guy","Challenger - ATP Challenger Bad Rappenau, Germany Men Singles",Bet365,ML,,2.25,,1.57,,,,,,"{""home"": ""2.25"", ""away"": ""1.57""}",2026-06-02T23:53:55.272Z
71750490,Tennis,2026-06-03 11:30,"Dodig, Matej","Den Ouden, Guy","Challenger - ATP Challenger Bad Rappenau, Germany Men Singles",Bet365,Set Betting,,,,,,,,,,{},2026-06-03T08:46:45.722Z
71750490,Tennis,2026-06-03 11:30,"Dodig, Matej","Den Ouden, Guy","Challenger - ATP Challenger Bad Rappenau, Germany Men Singles",Bet365,Spread (Games),,1.90,,1.80,,,,,2.5,"{""hdp"": 2.5, ""home"": ""1.90"", ""away"": ""1.80""}",2026-06-02T22:54:35.941Z
71750490,Tennis,2026-06-03 11:30,"Dodig, Matej","Den Ouden, Guy","Challenger - ATP Challenger Bad Rappenau, Germany Men Singles",Bet365,Totals (Games),,,,,1.83,1.83,,,21.5,"{""hdp"": 21.5, ""over"": ""1.83"", ""under"": ""1.83""}",2026-06-01T22:20:31.818Z
71867478,Tennis,2026-06-03 11:30,"McCabe, James","Majchrzak, Kamil","Challenger - ATP Challenger Birmingham, Great Britain Men Singles",Bet365,ML,,2.62,,1.44,,,,,,"{""home"": ""2.62"", ""away"": ""1.44""}",2026-06-03T01:02:49.915Z
71867478,Tennis,2026-06-03 11:30,"McCabe, James","Majchrzak, Kamil","Challenger - ATP Challenger Birmingham, Great Britain Men Singles",Bet365,Set Betting,,,,,,,,,,{},2026-06-03T08:46:45.722Z
71867478,Tennis,2026-06-03 11:30,"McCabe, James","Majchrzak, Kamil","Challenger - ATP Challenger Birmingham, Great Britain Men Singles",Bet365,Spread (Games),,1.90,,1.80,,,,,2.5,"{""hdp"": 2.5, ""home"": ""1.90"", ""away"": ""1.80""}",2026-06-03T00:02:22.195Z
71867478,Tennis,2026-06-03 11:30,"McCabe, James","Majchrzak, Kamil","Challenger - ATP Challenger Birmingham, Great Britain Men Singles",Bet365,Totals (Games),,,,,2.00,1.72,,,23.5,"{""hdp"": 23.5, ""over"": ""2.00"", ""under"": ""1.72""}",2026-06-03T00:02:22.195Z
71867480,Tennis,2026-06-03 11:30,"Ymer, Elias","O'Connell, Christopher","Challenger - ATP Challenger Birmingham, Great Britain Men Singles",Bet365,ML,,2.00,,1.72,,,,,,"{""home"": ""2.00"", ""away"": ""1.72""}",2026-06-03T07:08:57.777Z
71867480,Tennis,2026-06-03 11:30,"Ymer, Elias","O'Connell, Christopher","Challenger - ATP Challenger Birmingham, Great Britain Men Singles",Bet365,Set Betting,,,,,,,,,,{},2026-06-03T08:46:30.61Z
71867480,Tennis,2026-06-03 11:30,"Ymer, Elias","O'Connell, Christopher","Challenger - ATP Challenger Birmingham, Great Britain Men Singles",Bet365,Spread (Games),,1.83,,1.83,,,,,0.5,"{""hdp"": 0.5, ""home"": ""1.83"", ""away"": ""1.83""}",2026-06-03T00:22:16.934Z
71867480,Tennis,2026-06-03 11:30,"Ymer, Elias","O'Connell, Christopher","Challenger - ATP Challenger Birmingham, Great Britain Men Singles",Bet365,Totals (Games),,,,,1.83,1.83,,,23.5,"{""hdp"": 23.5, ""over"": ""1.83"", ""under"": ""1.83""}",2026-06-03T07:07:28.479Z
71749984,Tennis,2026-06-03 11:30,"Stojsavljevic, Mika","Kalieva, Elvina","WTA 125K - WTA 125K Birmingham, Great Britain Women Singles",Bet365,ML,,2.37,,1.53,,,,,,"{""home"": ""2.37"", ""away"": ""1.53""}",2026-06-02T16:56:52.924Z
71749984,Tennis,2026-06-03 11:30,"Stojsavljevic, Mika","Kalieva, Elvina","WTA 125K - WTA 125K Birmingham, Great Britain Women Singles",Bet365,Set Betting,,,,,,,,,,{},2026-06-03T08:46:45.722Z
71749984,Tennis,2026-06-03 11:30,"Stojsavljevic, Mika","Kalieva, Elvina","WTA 125K - WTA 125K Birmingham, Great Britain Women Singles",Bet365,Spread (Games),,1.90,,1.80,,,,,2.5,"{""hdp"": 2.5, ""home"": ""1.90"", ""away"": ""1.80""}",2026-06-02T17:11:03.861Z
71749984,Tennis,2026-06-03 11:30,"Stojsavljevic, Mika","Kalieva, Elvina","WTA 125K - WTA 125K Birmingham, Great Britain Women Singles",Bet365,Totals (Games),,,,,1.80,1.90,,,21.5,"{""hdp"": 21.5, ""over"": ""1.80"", ""under"": ""1.90""}",2026-06-02T17:11:03.861Z
71893822,Tennis,2026-06-03 12:00,Kielan S / Romios M C,Jecan A / Pavel B,"Challenger - ATP Challenger Perugia, Italy Men Doubles",Bet365,ML,,1.66,,2.10,,,,,,"{""home"": ""1.66"", ""away"": ""2.10""}",2026-05-31T15:35:31.068Z
71893822,Tennis,2026-06-03 12:00,Kielan S / Romios M C,Jecan A / Pavel B,"Challenger - ATP Challenger Perugia, Italy Men Doubles",Bet365,Set Betting,,,,,,,,,,{},2026-06-03T08:41:46.146Z
71838950,Tennis,2026-06-03 12:00,Barrientos N / Behar A,Duda F / Latinovic S,"Challenger - ATP Challenger Perugia, Italy Men Doubles",Bet365,ML,,1.61,,2.20,,,,,,"{""home"": ""1.61"", ""away"": ""2.20""}",2026-06-02T00:11:18.611Z
71844114,Tennis,2026-06-03 11:30,"Krueger, Ashlyn","Sakatsume, Himeno","WTA 125K - WTA 125K Birmingham, Great Britain Women Singles",Bet365,ML,,1.30,,3.40,,,,,,"{""home"": ""1.30"", ""away"": ""3.40""}",2026-06-02T00:16:02.767Z
71844114,Tennis,2026-06-03 11:30,"Krueger, Ashlyn","Sakatsume, Himeno","WTA 125K - WTA 125K Birmingham, Great Britain Women Singles",Bet365,Spread (Games),,1.90,,1.80,,,,,-4.5,"{""hdp"": -4.5, ""home"": ""1.90"", ""away"": ""1.80""}",2026-06-01T21:08:16.892Z
71844114,Tennis,2026-06-03 11:30,"Krueger, Ashlyn","Sakatsume, Himeno","WTA 125K - WTA 125K Birmingham, Great Britain Women Singles",Bet365,Totals (Games),,,,,1.83,1.83,,,20.5,"{""hdp"": 20.5, ""over"": ""1.83"", ""under"": ""1.83""}",2026-06-01T22:42:35.278Z
71844114,Tennis,2026-06-03 11:30,"Krueger, Ashlyn","Sakatsume, Himeno","WTA 125K - WTA 125K Birmingham, Great Britain Women Singles",Bet365,Set Betting,,,,,,,,,,{},2026-06-03T08:47:00.69Z
71750476,Tennis,2026-06-03 12:40,"Squire, Henri","Martinez, Pedro","Challenger - ATP Challenger Bad Rappenau, Germany Men Singles",Bet365,ML,,2.50,,1.50,,,,,,"{""home"": ""2.50"", ""away"": ""1.50""}",2026-06-03T07:38:12.684Z
71750476,Tennis,2026-06-03 12:40,"Squire, Henri","Martinez, Pedro","Challenger - ATP Challenger Bad Rappenau, Germany Men Singles",Bet365,Set Betting,,,,,,,,,,{},2026-06-03T08:46:01.173Z
71750476,Tennis,2026-06-03 12:40,"Squire, Henri","Martinez, Pedro","Challenger - ATP Challenger Bad Rappenau, Germany Men Singles",Bet365,Spread (Games),,1.83,,1.83,,,,,3.5,"{""hdp"": 3.5, ""home"": ""1.83"", ""away"": ""1.83""}",2026-06-03T07:06:14Z
71750476,Tennis,2026-06-03 12:40,"Squire, Henri","Martinez, Pedro","Challenger - ATP Challenger Bad Rappenau, Germany Men Singles",Bet365,Totals (Games),,,,,1.90,1.80,,,21.5,"{""hdp"": 21.5, ""over"": ""1.90"", ""under"": ""1.80""}",2026-06-03T07:06:14Z
71613838,Tennis,2026-06-03 12:10,Balaji N S / Demoliner M,Heliovaara H / Patten H,ATP - French Open Men Doubles,Bet365,ML,,5.00,,1.16,,,,,,"{""home"": ""5.00"", ""away"": ""1.16""}",2026-06-01T18:41:27.064Z
71613838,Tennis,2026-06-03 12:10,Balaji N S / Demoliner M,Heliovaara H / Patten H,ATP - French Open Men Doubles,Bet365,Set Betting,,,,,,,,,,{},2026-06-03T08:46:01.173Z
71613838,Tennis,2026-06-03 12:10,Balaji N S / Demoliner M,Heliovaara H / Patten H,ATP - French Open Men Doubles,Bet365,Spread (Games),,1.66,,2.10,,,,,4.5,"{""hdp"": 4.5, ""home"": ""1.66"", ""away"": ""2.10""}",2026-06-01T17:50:14.861Z
71613838,Tennis,2026-06-03 12:10,Balaji N S / Demoliner M,Heliovaara H / Patten H,ATP - French Open Men Doubles,Bet365,Totals (Games),,,,,1.80,1.90,,,21.5,"{""hdp"": 21.5, ""over"": ""1.80"", ""under"": ""1.90""}",2026-06-01T17:50:14.861Z
71750540,Tennis,2026-06-03 12:10,"Baez, Sebastian","Boyer, Tristan","Challenger - ATP Challenger Prostejov, Czech Republic Men Singles",Bet365,ML,,1.28,,3.50,,,,,,"{""home"": ""1.28"", ""away"": ""3.50""}",2026-06-03T00:13:04.168Z
71750540,Tennis,2026-06-03 12:10,"Baez, Sebastian","Boyer, Tristan","Challenger - ATP Challenger Prostejov, Czech Republic Men Singles",Bet365,Set Betting,,,,,,,,,,{},2026-06-03T08:46:45.722Z
71750540,Tennis,2026-06-03 12:10,"Baez, Sebastian","Boyer, Tristan","Challenger - ATP Challenger Prostejov, Czech Republic Men Singles",Bet365,Spread (Games),,2.00,,1.72,,,,,-4.5,"{""hdp"": -4.5, ""home"": ""2.00"", ""away"": ""1.72""}",2026-06-03T00:20:17.723Z
71750540,Tennis,2026-06-03 12:10,"Baez, Sebastian","Boyer, Tristan","Challenger - ATP Challenger Prostejov, Czech Republic Men Singles",Bet365,Totals (Games),,,,,1.83,1.83,,,20.5,"{""hdp"": 20.5, ""over"": ""1.83"", ""under"": ""1.83""}",2026-06-03T00:20:17.723Z
71896310,Tennis,2026-06-03 12:10,"Havlickova, Lucie","Kabbaj, Yasmine","WTA 125K - WTA 125K Makarska, Croatia Women Singles",Bet365,ML,,1.53,,2.37,,,,,,"{""home"": ""1.53"", ""away"": ""2.37""}",2026-06-03T01:04:18.625Z
71896310,Tennis,2026-06-03 12:10,"Havlickova, Lucie","Kabbaj, Yasmine","WTA 125K - WTA 125K Makarska, Croatia Women Singles",Bet365,Spread (Games),,1.90,,1.80,,,,,-3.5,"{""hdp"": -3.5, ""home"": ""1.90"", ""away"": ""1.80""}",2026-06-03T02:38:56.908Z
71896310,Tennis,2026-06-03 12:10,"Havlickova, Lucie","Kabbaj, Yasmine","WTA 125K - WTA 125K Makarska, Croatia Women Singles",Bet365,Totals (Games),,,,,1.80,1.90,,,20.5,"{""hdp"": 20.5, ""over"": ""1.80"", ""under"": ""1.90""}",2026-06-03T02:38:56.908Z
71896310,Tennis,2026-06-03 12:10,"Havlickova, Lucie","Kabbaj, Yasmine","WTA 125K - WTA 125K Makarska, Croatia Women Singles",Bet365,Set Betting,,,,,,,,,,{},2026-06-03T08:47:00.69Z
71840188,Tennis,2026-06-03 12:40,Cukierman D / Kestelboim M,Grevelius E / Heinonen A,"Challenger - ATP Challenger Bad Rappenau, Germany Men Doubles",Bet365,ML,,2.10,,1.66,,,,,,"{""home"": ""2.10"", ""away"": ""1.66""}",2026-06-02T18:06:04.033Z
71840192,Tennis,2026-06-03 12:40,Bayldon B / Polmans M,Ruehl T / Veldheer M,"Challenger - ATP Challenger Bad Rappenau, Germany Men Doubles",Bet365,ML,,1.57,,2.25,,,,,,"{""home"": ""1.57"", ""away"": ""2.25""}",2026-06-02T09:21:36.359Z
71840192,Tennis,2026-06-03 12:40,Bayldon B / Polmans M,Ruehl T / Veldheer M,"Challenger - ATP Challenger Bad Rappenau, Germany Men Doubles",Bet365,Set Betting,,,,,,,,,,{},2026-06-03T08:45:30.953Z
71563924,Tennis,2026-06-03 12:10,"Sabalenka, Aryna","Shnaider, Diana",WTA - French Open Women Singles,Bet365,ML,,1.11,,6.50,,,,,,"{""home"": ""1.11"", ""away"": ""6.50""}",2026-06-02T09:03:05.447Z
71563924,Tennis,2026-06-03 12:10,"Sabalenka, Aryna","Shnaider, Diana",WTA - French Open Women Singles,Bet365,Set Betting,,,,,,,,,,{},2026-06-03T08:46:01.173Z
71563924,Tennis,2026-06-03 12:10,"Sabalenka, Aryna","Shnaider, Diana",WTA - French Open Women Singles,Bet365,Spread (Games),,1.83,,1.83,,,,,-5.5,"{""hdp"": -5.5, ""home"": ""1.83"", ""away"": ""1.83""}",2026-06-02T09:10:06.633Z
71563924,Tennis,2026-06-03 12:10,"Sabalenka, Aryna","Shnaider, Diana",WTA - French Open Women Singles,Bet365,Totals (Games),,,,,1.83,1.83,,,19.5,"{""hdp"": 19.5, ""over"": ""1.83"", ""under"": ""1.83""}",2026-06-02T09:10:06.633Z
71868846,Tennis,2026-06-03 12:10,"Kawa, Katarzyna","Joint, Maya","WTA 125K - WTA 125K Makarska, Croatia Women Singles",Bet365,ML,,2.10,,1.66,,,,,,"{""home"": ""2.10"", ""away"": ""1.66""}",2026-06-01T21:38:18.269Z
71868846,Tennis,2026-06-03 12:10,"Kawa, Katarzyna","Joint, Maya","WTA 125K - WTA 125K Makarska, Croatia Women Singles",Bet365,Set Betting,,,,,,,,,,{},2026-06-03T08:46:30.61Z
71868846,Tennis,2026-06-03 12:10,"Kawa, Katarzyna","Joint, Maya","WTA 125K - WTA 125K Makarska, Croatia Women Singles",Bet365,Spread (Games),,1.83,,1.83,,,,,2.5,"{""hdp"": 2.5, ""home"": ""1.83"", ""away"": ""1.83""}",2026-06-01T21:38:18.269Z
71868846,Tennis,2026-06-03 12:10,"Kawa, Katarzyna","Joint, Maya","WTA 125K - WTA 125K Makarska, Croatia Women Singles",Bet365,Totals (Games),,,,,1.83,1.83,,,20.5,"{""hdp"": 20.5, ""over"": ""1.83"", ""under"": ""1.83""}",2026-06-01T21:38:18.269Z
71896316,Tennis,2026-06-03 12:10,"Marcinko, Petra","Hennemann, Caijsa Wilda","WTA 125K - WTA 125K Makarska, Croatia Women Singles",Bet365,ML,,1.28,,3.50,,,,,,"{""home"": ""1.28"", ""away"": ""3.50""}",2026-06-03T04:12:05.86Z
71896316,Tennis,2026-06-03 12:10,"Marcinko, Petra","Hennemann, Caijsa Wilda","WTA 125K - WTA 125K Makarska, Croatia Women Singles",Bet365,Totals (Games),,,,,1.90,1.80,,,19.5,"{""hdp"": 19.5, ""over"": ""1.90"", ""under"": ""1.80""}",2026-06-02T21:10:50.527Z
71896316,Tennis,2026-06-03 12:10,"Marcinko, Petra","Hennemann, Caijsa Wilda","WTA 125K - WTA 125K Makarska, Croatia Women Singles",Bet365,Set Betting,,,,,,,,,,{},2026-06-03T08:46:30.61Z
71896316,Tennis,2026-06-03 12:10,"Marcinko, Petra","Hennemann, Caijsa Wilda","WTA 125K - WTA 125K Makarska, Croatia Women Singles",Bet365,Spread (Games),,2.00,,1.72,,,,,-5.5,"{""hdp"": -5.5, ""home"": ""2.00"", ""away"": ""1.72""}",2026-06-02T21:10:50.527Z
71828312,Tennis,2026-06-03 12:20,"Gonzalez Fernandez, Mario","Montsi, Khololwam","Challenger - ATP Challenger Centurion 2, South Africa Men Singles",Bet365,ML,,2.10,,1.66,,,,,,"{""home"": ""2.10"", ""away"": ""1.66""}",2026-06-03T08:00:26.354Z
71828312,Tennis,2026-06-03 12:20,"Gonzalez Fernandez, Mario","Montsi, Khololwam","Challenger - ATP Challenger Centurion 2, South Africa Men Singles",Bet365,Set Betting,,,,,,,,,,{},2026-06-03T08:45:16.359Z
71828312,Tennis,2026-06-03 12:20,"Gonzalez Fernandez, Mario","Montsi, Khololwam","Challenger - ATP Challenger Centurion 2, South Africa Men Singles",Bet365,Spread (Games),,1.83,,1.83,,,,,2.5,"{""hdp"": 2.5, ""home"": ""1.83"", ""away"": ""1.83""}",2026-06-03T07:09:13.95Z
71828312,Tennis,2026-06-03 12:20,"Gonzalez Fernandez, Mario","Montsi, Khololwam","Challenger - ATP Challenger Centurion 2, South Africa Men Singles",Bet365,Totals (Games),,,,,1.80,1.90,,,21.5,"{""hdp"": 21.5, ""over"": ""1.80"", ""under"": ""1.90""}",2026-06-03T05:03:28.168Z
71841964,Tennis,2026-06-03 12:40,Hon P / Masarova R,Kuwata H / Tran L,"WTA 125K - WTA 125K Birmingham, Great Britain Women Doubles",Bet365,ML,,1.30,,3.40,,,,,,"{""home"": ""1.30"", ""away"": ""3.40""}",2026-06-02T09:24:50.7Z
71841964,Tennis,2026-06-03 12:40,Hon P / Masarova R,Kuwata H / Tran L,"WTA 125K - WTA 125K Birmingham, Great Britain Women Doubles",Bet365,Set Betting,,,,,,,,,,{},2026-06-03T08:46:30.61Z
71841936,Tennis,2026-06-03 12:40,"Maria, Tatjana","Fruhvirtova, Linda","WTA 125K - WTA 125K Birmingham, Great Britain Women Singles",Bet365,ML,,1.66,,2.10,,,,,,"{""home"": ""1.66"", ""away"": ""2.10""}",2026-06-02T04:16:41.621Z
71841936,Tennis,2026-06-03 12:40,"Maria, Tatjana","Fruhvirtova, Linda","WTA 125K - WTA 125K Birmingham, Great Britain Women Singles",Bet365,Set Betting,,,,,,,,,,{},2026-06-03T08:47:00.69Z
71841936,Tennis,2026-06-03 12:40,"Maria, Tatjana","Fruhvirtova, Linda","WTA 125K - WTA 125K Birmingham, Great Britain Women Singles",Bet365,Spread (Games),,1.80,,1.90,,,,,-1.5,"{""hdp"": -1.5, ""home"": ""1.80"", ""away"": ""1.90""}",2026-06-02T04:26:40.389Z
71841936,Tennis,2026-06-03 12:40,"Maria, Tatjana","Fruhvirtova, Linda","WTA 125K - WTA 125K Birmingham, Great Britain Women Singles",Bet365,Totals (Games),,,,,1.90,1.80,,,21.5,"{""hdp"": 21.5, ""over"": ""1.90"", ""under"": ""1.80""}",2026-06-01T16:20:59.978Z
71750234,Tennis,2026-06-03 13:00,"Royer, Valentin","Cecchinato, Marco","Challenger - ATP Challenger Perugia, Italy Men Singles",Bet365,ML,,1.44,,2.62,,,,,,"{""home"": ""1.44"", ""away"": ""2.62""}",2026-06-03T04:00:30.218Z
71750234,Tennis,2026-06-03 13:00,"Royer, Valentin","Cecchinato, Marco","Challenger - ATP Challenger Perugia, Italy Men Singles",Bet365,Set Betting,,,,,,,,,,{},2026-06-03T08:46:30.61Z
71750234,Tennis,2026-06-03 13:00,"Royer, Valentin","Cecchinato, Marco","Challenger - ATP Challenger Perugia, Italy Men Singles",Bet365,Spread (Games),,1.90,,1.80,,,,,-3.5,"{""hdp"": -3.5, ""home"": ""1.90"", ""away"": ""1.80""}",2026-06-03T03:28:02.302Z
71750234,Tennis,2026-06-03 13:00,"Royer, Valentin","Cecchinato, Marco","Challenger - ATP Challenger Perugia, Italy Men Singles",Bet365,Totals (Games),,,,,2.00,1.72,,,22.5,"{""hdp"": 22.5, ""over"": ""2.00"", ""under"": ""1.72""}",2026-06-03T03:28:02.302Z
71838954,Tennis,2026-06-03 13:10,Gille S / Verbeek S,Bueno G / Gaubas V,"Challenger - ATP Challenger Perugia, Italy Men Doubles",Bet365,ML,,1.12,,5.50,,,,,,"{""home"": ""1.12"", ""away"": ""5.50""}",2026-06-02T00:11:18.611Z
71838954,Tennis,2026-06-03 13:10,Gille S / Verbeek S,Bueno G / Gaubas V,"Challenger - ATP Challenger Perugia, Italy Men Doubles",Bet365,Set Betting,,,,,,,,,,{},2026-06-03T08:45:16.359Z
71613840,Tennis,2026-06-03 13:20,Arends S / Pel D,Halys Q / Herbert P-H,ATP - French Open Men Doubles,Bet365,ML,,2.62,,1.44,,,,,,"{""home"": ""2.62"", ""away"": ""1.44""}",2026-06-02T10:24:43.243Z
71613840,Tennis,2026-06-03 13:20,Arends S / Pel D,Halys Q / Herbert P-H,ATP - French Open Men Doubles,Bet365,Spread (Games),,2.00,,1.72,,,,,2.5,"{""hdp"": 2.5, ""home"": ""2.00"", ""away"": ""1.72""}",2026-06-02T10:04:16.407Z
71613840,Tennis,2026-06-03 13:20,Arends S / Pel D,Halys Q / Herbert P-H,ATP - French Open Men Doubles,Bet365,Totals (Games),,,,,1.90,1.80,,,23.5,"{""hdp"": 23.5, ""over"": ""1.90"", ""under"": ""1.80""}",2026-06-02T10:04:16.407Z
71613840,Tennis,2026-06-03 13:20,Arends S / Pel D,Halys Q / Herbert P-H,ATP - French Open Men Doubles,Bet365,Set Betting,,,,,,,,,,{},2026-06-03T08:46:45.722Z
71563810,Tennis,2026-06-03 13:20,"Auger-Aliassime, Felix","Cobolli, Flavio",ATP - French Open Men Singles,Bet365,ML,,1.90,,1.90,,,,,,"{""home"": ""1.90"", ""away"": ""1.90""}",2026-06-03T07:51:57.984Z
71563810,Tennis,2026-06-03 13:20,"Auger-Aliassime, Felix","Cobolli, Flavio",ATP - French Open Men Singles,Bet365,Set Betting,,,,,,,,,,{},2026-06-03T08:46:45.722Z
71563810,Tennis,2026-06-03 13:20,"Auger-Aliassime, Felix","Cobolli, Flavio",ATP - French Open Men Singles,Bet365,Spread (Games),,1.90,,1.80,,,,,-0.5,"{""hdp"": -0.5, ""home"": ""1.90"", ""away"": ""1.80""}",2026-06-03T05:06:12.614Z
71563810,Tennis,2026-06-03 13:20,"Auger-Aliassime, Felix","Cobolli, Flavio",ATP - French Open Men Singles,Bet365,Totals (Games),,,,,1.83,1.83,,,39.5,"{""hdp"": 39.5, ""over"": ""1.83"", ""under"": ""1.83""}",2026-06-01T23:07:06.809Z
71758084,Tennis,2026-06-03 13:00,"Astakhova, Darya","Pigato, Lisa","WTA 125K - WTA 125K Foggia, Italy Women Singles",Bet365,ML,,2.75,,1.40,,,,,,"{""home"": ""2.75"", ""away"": ""1.40""}",2026-06-03T04:10:51.401Z
71758084,Tennis,2026-06-03 13:00,"Astakhova, Darya","Pigato, Lisa","WTA 125K - WTA 125K Foggia, Italy Women Singles",Bet365,Set Betting,,,,,,,,,,{},2026-06-03T08:47:00.69Z
71758084,Tennis,2026-06-03 13:00,"Astakhova, Darya","Pigato, Lisa","WTA 125K - WTA 125K Foggia, Italy Women Singles",Bet365,Spread (Games),,1.83,,1.83,,,,,4.5,"{""hdp"": 4.5, ""home"": ""1.83"", ""away"": ""1.83""}",2026-06-03T04:26:37.539Z
71758084,Tennis,2026-06-03 13:00,"Astakhova, Darya","Pigato, Lisa","WTA 125K - WTA 125K Foggia, Italy Women Singles",Bet365,Totals (Games),,,,,1.80,1.90,,,19.5,"{""hdp"": 19.5, ""over"": ""1.80"", ""under"": ""1.90""}",2026-06-03T04:26:37.539Z
71749926,Tennis,2026-06-03 12:40,"Harris, Billy","Bu, Yunchaokete","Challenger - ATP Challenger Birmingham, Great Britain Men Singles",Bet365,ML,,2.10,,1.66,,,,,,"{""home"": ""2.10"", ""away"": ""1.66""}",2026-06-03T08:07:15.862Z
71892748,Tennis,2026-06-03 13:00,Alvisi E / Brancaccio N,McAdoo R / Sakellaridi S,"WTA 125K - WTA 125K Foggia, Italy Women Doubles",Bet365,ML,,3.25,,1.33,,,,,,"{""home"": ""3.25"", ""away"": ""1.33""}",2026-06-02T15:52:33.127Z
71892748,Tennis,2026-06-03 13:00,Alvisi E / Brancaccio N,McAdoo R / Sakellaridi S,"WTA 125K - WTA 125K Foggia, Italy Women Doubles",Bet365,Set Betting,,,,,,,,,,{},2026-06-03T08:46:30.61Z
71868858,Tennis,2026-06-03 13:20,"Sramkova, Rebecca","Wuerth, Tara","WTA 125K - WTA 125K Makarska, Croatia Women Singles",Bet365,ML,,1.25,,3.75,,,,,,"{""home"": ""1.25"", ""away"": ""3.75""}",2026-06-02T23:01:53.833Z
71868858,Tennis,2026-06-03 13:20,"Sramkova, Rebecca","Wuerth, Tara","WTA 125K - WTA 125K Makarska, Croatia Women Singles",Bet365,Set Betting,,,,,,,,,,{},2026-06-03T08:46:45.722Z
71868858,Tennis,2026-06-03 13:20,"Sramkova, Rebecca","Wuerth, Tara","WTA 125K - WTA 125K Makarska, Croatia Women Singles",Bet365,Spread (Games),,2.00,,1.72,,,,,-5.5,"{""hdp"": -5.5, ""home"": ""2.00"", ""away"": ""1.72""}",2026-06-02T23:19:21.335Z
71868858,Tennis,2026-06-03 13:20,"Sramkova, Rebecca","Wuerth, Tara","WTA 125K - WTA 125K Makarska, Croatia Women Singles",Bet365,Totals (Games),,,,,1.83,1.83,,,19.5,"{""hdp"": 19.5, ""over"": ""1.83"", ""under"": ""1.83""}",2026-06-02T23:19:21.335Z
71841976,Tennis,2026-06-03 13:50,Gibson T / Tjen J,Sawangkaew M / Tang Q,"WTA 125K - WTA 125K Birmingham, Great Britain Women Doubles",Bet365,ML,,1.28,,3.50,,,,,,"{""home"": ""1.28"", ""away"": ""3.50""}",2026-05-31T16:13:32.003Z
71841976,Tennis,2026-06-03 13:50,Gibson T / Tjen J,Sawangkaew M / Tang Q,"WTA 125K - WTA 125K Birmingham, Great Britain Women Doubles",Bet365,Set Betting,,,,,,,,,,{},2026-06-03T08:46:30.61Z
71750538,Tennis,2026-06-03 14:00,"Boscardin Dias, Pedro","Mrva, Maxim","Challenger - ATP Challenger Prostejov, Czech Republic Men Singles",Bet365,ML,,2.20,,1.61,,,,,,"{""home"": ""2.20"", ""away"": ""1.61""}",2026-06-03T01:02:49.915Z
71750538,Tennis,2026-06-03 14:00,"Boscardin Dias, Pedro","Mrva, Maxim","Challenger - ATP Challenger Prostejov, Czech Republic Men Singles",Bet365,Spread (Games),,1.83,,1.83,,,,,2.5,"{""hdp"": 2.5, ""home"": ""1.83"", ""away"": ""1.83""}",2026-06-03T00:18:46.799Z
71750538,Tennis,2026-06-03 14:00,"Boscardin Dias, Pedro","Mrva, Maxim","Challenger - ATP Challenger Prostejov, Czech Republic Men Singles",Bet365,Totals (Games),,,,,1.83,1.83,,,21.5,"{""hdp"": 21.5, ""over"": ""1.83"", ""under"": ""1.83""}",2026-06-02T20:01:57.4Z
71750538,Tennis,2026-06-03 14:00,"Boscardin Dias, Pedro","Mrva, Maxim","Challenger - ATP Challenger Prostejov, Czech Republic Men Singles",Bet365,Set Betting,,,,,,,,,,{},2026-06-03T08:46:45.722Z
71750246,Tennis,2026-06-03 14:10,"Llamas Ruiz, Pablo","Vasami, Jacopo","Challenger - ATP Challenger Perugia, Italy Men Singles",Bet365,ML,,1.36,,3.00,,,,,,"{""home"": ""1.36"", ""away"": ""3.00""}",2026-06-03T08:25:16.176Z
71750246,Tennis,2026-06-03 14:10,"Llamas Ruiz, Pablo","Vasami, Jacopo","Challenger - ATP Challenger Perugia, Italy Men Singles",Bet365,Set Betting,,,,,,,,,,{},2026-06-03T08:45:46.508Z
71750246,Tennis,2026-06-03 14:10,"Llamas Ruiz, Pablo","Vasami, Jacopo","Challenger - ATP Challenger Perugia, Italy Men Singles",Bet365,Spread (Games),,1.80,,1.90,,,,,-3.5,"{""hdp"": -3.5, ""home"": ""1.80"", ""away"": ""1.90""}",2026-06-03T04:19:35.563Z
71750246,Tennis,2026-06-03 14:10,"Llamas Ruiz, Pablo","Vasami, Jacopo","Challenger - ATP Challenger Perugia, Italy Men Singles",Bet365,Totals (Games),,,,,1.72,2.00,,,21.5,"{""hdp"": 21.5, ""over"": ""1.72"", ""under"": ""2.00""}",2026-06-03T04:19:35.563Z
71758072,Tennis,2026-06-03 14:10,"Pieri, Tatiana","Costoulas, Sofia","WTA 125K - WTA 125K Foggia, Italy Women Singles",Bet365,ML,,4.50,,1.16,,,,,,"{""home"": ""4.50"", ""away"": ""1.16""}",2026-06-02T18:11:04.777Z
71758072,Tennis,2026-06-03 14:10,"Pieri, Tatiana","Costoulas, Sofia","WTA 125K - WTA 125K Foggia, Italy Women Singles",Bet365,Set Betting,,,,,,,,,,{},2026-06-03T08:47:00.69Z
71758072,Tennis,2026-06-03 14:10,"Pieri, Tatiana","Costoulas, Sofia","WTA 125K - WTA 125K Foggia, Italy Women Singles",Bet365,Spread (Games),,2.00,,1.72,,,,,5.5,"{""hdp"": 5.5, ""home"": ""2.00"", ""away"": ""1.72""}",2026-06-02T18:16:05.755Z
71758072,Tennis,2026-06-03 14:10,"Pieri, Tatiana","Costoulas, Sofia","WTA 125K - WTA 125K Foggia, Italy Women Singles",Bet365,Totals (Games),,,,,1.80,1.90,,,18.5,"{""hdp"": 18.5, ""over"": ""1.80"", ""under"": ""1.90""}",2026-06-02T18:16:05.755Z
71840636,Tennis,2026-06-03 14:30,Riedi L / Schoolkate T,Escobar G / Kittay B,"Challenger - ATP Challenger Birmingham, Great Britain Men Doubles",Bet365,ML,,2.20,,1.61,,,,,,"{""home"": ""2.20"", ""away"": ""1.61""}",2026-06-01T16:15:50.897Z
71840636,Tennis,2026-06-03 14:30,Riedi L / Schoolkate T,Escobar G / Kittay B,"Challenger - ATP Challenger Birmingham, Great Britain Men Doubles",Bet365,Set Betting,,,,,,,,,,{},2026-06-03T08:47:00.69Z
71841966,Tennis,2026-06-03 13:40,Burrage J / Stojsavljevic M,Brooks M / Rajecki A,"WTA 125K - WTA 125K Birmingham, Great Britain Women Doubles",Bet365,ML,,2.10,,1.66,,,,,,"{""home"": ""2.10"", ""away"": ""1.66""}",2026-06-02T10:13:42.853Z
71841966,Tennis,2026-06-03 13:40,Burrage J / Stojsavljevic M,Brooks M / Rajecki A,"WTA 125K - WTA 125K Birmingham, Great Britain Women Doubles",Bet365,Set Betting,,,,,,,,,,{},2026-06-03T08:46:30.61Z
71840646,Tennis,2026-06-03 13:50,Chandrasekar A / Yuzuki T,Bass F / Duncan S,"Challenger - ATP Challenger Birmingham, Great Britain Men Doubles",Bet365,ML,,1.72,,2.00,,,,,,"{""home"": ""1.72"", ""away"": ""2.00""}",2026-06-02T17:04:47.782Z
71840646,Tennis,2026-06-03 13:50,Chandrasekar A / Yuzuki T,Bass F / Duncan S,"Challenger - ATP Challenger Birmingham, Great Britain Men Doubles",Bet365,Set Betting,,,,,,,,,,{},2026-06-03T08:46:30.61Z
71896312,Tennis,2026-06-03 13:20,"Montgomery, Robin","Boskovic, Lea","WTA 125K - WTA 125K Makarska, Croatia Women Singles",Bet365,ML,,1.50,,2.50,,,,,,"{""home"": ""1.50"", ""away"": ""2.50""}",2026-06-03T08:42:46.102Z
71896312,Tennis,2026-06-03 13:20,"Montgomery, Robin","Boskovic, Lea","WTA 125K - WTA 125K Makarska, Croatia Women Singles",Bet365,Set Betting,,,,,,,,,,{},2026-06-03T08:46:30.61Z
71896312,Tennis,2026-06-03 13:20,"Montgomery, Robin","Boskovic, Lea","WTA 125K - WTA 125K Makarska, Croatia Women Singles",Bet365,Spread (Games),,1.80,,1.90,,,,,-2.5,"{""hdp"": -2.5, ""home"": ""1.80"", ""away"": ""1.90""}",2026-06-03T02:40:12.706Z
71896312,Tennis,2026-06-03 13:20,"Montgomery, Robin","Boskovic, Lea","WTA 125K - WTA 125K Makarska, Croatia Women Singles",Bet365,Totals (Games),,,,,1.83,1.83,,,20.5,"{""hdp"": 20.5, ""over"": ""1.83"", ""under"": ""1.83""}",2026-06-03T02:40:12.706Z
71896314,Tennis,2026-06-03 13:20,"Timofeeva, Maria","Andreeva, Erika","WTA 125K - WTA 125K Makarska, Croatia Women Singles",Bet365,ML,,1.57,,2.25,,,,,,"{""home"": ""1.57"", ""away"": ""2.25""}",2026-06-02T21:10:50.527Z
71896314,Tennis,2026-06-03 13:20,"Timofeeva, Maria","Andreeva, Erika","WTA 125K - WTA 125K Makarska, Croatia Women Singles",Bet365,Totals (Games),,,,,1.83,1.83,,,21.5,"{""hdp"": 21.5, ""over"": ""1.83"", ""under"": ""1.83""}",2026-06-02T21:10:50.527Z
71896314,Tennis,2026-06-03 13:20,"Timofeeva, Maria","Andreeva, Erika","WTA 125K - WTA 125K Makarska, Croatia Women Singles",Bet365,Set Betting,,,,,,,,,,{},2026-06-03T08:46:30.61Z
71896314,Tennis,2026-06-03 13:20,"Timofeeva, Maria","Andreeva, Erika","WTA 125K - WTA 125K Makarska, Croatia Women Singles",Bet365,Spread (Games),,1.80,,1.90,,,,,-2.5,"{""hdp"": -2.5, ""home"": ""1.80"", ""away"": ""1.90""}",2026-06-02T21:10:50.527Z
71839962,Tennis,2026-06-03 13:30,Host T / Vujic S,Henning P / Lock C J,"Challenger - ATP Challenger Centurion 2, South Africa Men Doubles",Bet365,ML,,1.83,,1.83,,,,,,"{""home"": ""1.83"", ""away"": ""1.83""}",2026-05-31T16:03:19.674Z
71839962,Tennis,2026-06-03 13:30,Host T / Vujic S,Henning P / Lock C J,"Challenger - ATP Challenger Centurion 2, South Africa Men Doubles",Bet365,Set Betting,,,,,,,,,,{},2026-06-03T08:44:32.309Z
71749916,Tennis,2026-06-03 16:00,"Bolt, Alex","Fery, Arthur","Challenger - ATP Challenger Birmingham, Great Britain Men Singles",Bet365,ML,,1.90,,1.80,,,,,,"{""home"": ""1.90"", ""away"": ""1.80""}",2026-06-02T19:15:35.463Z
71749916,Tennis,2026-06-03 16:00,"Bolt, Alex","Fery, Arthur","Challenger - ATP Challenger Birmingham, Great Britain Men Singles",Bet365,Set Betting,,,,,,,,,,{},2026-06-03T08:46:45.722Z
71749916,Tennis,2026-06-03 16:00,"Bolt, Alex","Fery, Arthur","Challenger - ATP Challenger Birmingham, Great Britain Men Singles",Bet365,Spread (Games),,1.83,,1.83,,,,,0.5,"{""hdp"": 0.5, ""home"": ""1.83"", ""away"": ""1.83""}",2026-06-02T19:11:21.008Z
71749916,Tennis,2026-06-03 16:00,"Bolt, Alex","Fery, Arthur","Challenger - ATP Challenger Birmingham, Great Britain Men Singles",Bet365,Totals (Games),,,,,1.90,1.80,,,23.5,"{""hdp"": 23.5, ""over"": ""1.90"", ""under"": ""1.80""}",2026-06-02T19:11:21.008Z
71832546,Tennis,2026-06-03 16:00,"Sun, Fajing","Ilagan, Andre","Challenger - ATP Challenger Tyler, USA Men Singles",Bet365,ML,,2.10,,1.66,,,,,,"{""home"": ""2.10"", ""away"": ""1.66""}",2026-06-03T04:08:37.751Z
71832546,Tennis,2026-06-03 16:00,"Sun, Fajing","Ilagan, Andre","Challenger - ATP Challenger Tyler, USA Men Singles",Bet365,Totals (Games),,,,,1.80,1.90,,,21.5,"{""hdp"": 21.5, ""over"": ""1.80"", ""under"": ""1.90""}",2026-06-03T04:08:37.751Z
71832546,Tennis,2026-06-03 16:00,"Sun, Fajing","Ilagan, Andre","Challenger - ATP Challenger Tyler, USA Men Singles",Bet365,Set Betting,,,,,,,,,,{},2026-06-03T08:47:00.69Z
71832546,Tennis,2026-06-03 16:00,"Sun, Fajing","Ilagan, Andre","Challenger - ATP Challenger Tyler, USA Men Singles",Bet365,Spread (Games),,1.90,,1.80,,,,,1.5,"{""hdp"": 1.5, ""home"": ""1.90"", ""away"": ""1.80""}",2026-06-03T04:08:37.751Z
71868856,Tennis,2026-06-03 14:30,"Lukas, Tena","Semenistaja, Darja","WTA 125K - WTA 125K Makarska, Croatia Women Singles",Bet365,ML,,3.00,,1.36,,,,,,"{""home"": ""3.00"", ""away"": ""1.36""}",2026-06-02T21:37:24.299Z
71868856,Tennis,2026-06-03 14:30,"Lukas, Tena","Semenistaja, Darja","WTA 125K - WTA 125K Makarska, Croatia Women Singles",Bet365,Totals (Games),,,,,1.80,1.90,,,19.5,"{""hdp"": 19.5, ""over"": ""1.80"", ""under"": ""1.90""}",2026-06-02T21:00:54.924Z
71868856,Tennis,2026-06-03 14:30,"Lukas, Tena","Semenistaja, Darja","WTA 125K - WTA 125K Makarska, Croatia Women Singles",Bet365,Set Betting,,,,,,,,,,{},2026-06-03T08:46:30.61Z
71868856,Tennis,2026-06-03 14:30,"Lukas, Tena","Semenistaja, Darja","WTA 125K - WTA 125K Makarska, Croatia Women Singles",Bet365,Spread (Games),,1.83,,1.83,,,,,4.5,"{""hdp"": 4.5, ""home"": ""1.83"", ""away"": ""1.83""}",2026-06-02T21:00:54.924Z
71749914,Tennis,2026-06-03 14:50,"McDonald, Mackenzie","Hijikata, Rinky","Challenger - ATP Challenger Birmingham, Great Britain Men Singles",Bet365,ML,,2.20,,1.61,,,,,,"{""home"": ""2.20"", ""away"": ""1.61""}",2026-06-03T02:24:41.596Z
71749914,Tennis,2026-06-03 14:50,"McDonald, Mackenzie","Hijikata, Rinky","Challenger - ATP Challenger Birmingham, Great Britain Men Singles",Bet365,Totals (Games),,,,,1.83,1.83,,,23.5,"{""hdp"": 23.5, ""over"": ""1.83"", ""under"": ""1.83""}",2026-06-03T00:02:12.059Z
71749914,Tennis,2026-06-03 14:50,"McDonald, Mackenzie","Hijikata, Rinky","Challenger - ATP Challenger Birmingham, Great Britain Men Singles",Bet365,Set Betting,,,,,,,,,,{},2026-06-03T08:46:30.61Z
71749914,Tennis,2026-06-03 14:50,"McDonald, Mackenzie","Hijikata, Rinky","Challenger - ATP Challenger Birmingham, Great Britain Men Singles",Bet365,Spread (Games),,1.90,,1.80,,,,,1.5,"{""hdp"": 1.5, ""home"": ""1.90"", ""away"": ""1.80""}",2026-06-03T00:02:12.059Z
71749970,Tennis,2026-06-03 14:50,"Bartunkova, Nikola","Knutson, Gabriela","WTA 125K - WTA 125K Birmingham, Great Britain Women Singles",Bet365,ML,,1.30,,3.40,,,,,,"{""home"": ""1.30"", ""away"": ""3.40""}",2026-06-03T08:42:31.219Z
71749970,Tennis,2026-06-03 14:50,"Bartunkova, Nikola","Knutson, Gabriela","WTA 125K - WTA 125K Birmingham, Great Britain Women Singles",Bet365,Set Betting,,,,,,,,,,{},2026-06-03T08:46:30.61Z
71749970,Tennis,2026-06-03 14:50,"Bartunkova, Nikola","Knutson, Gabriela","WTA 125K - WTA 125K Birmingham, Great Britain Women Singles",Bet365,Spread (Games),,1.83,,1.83,,,,,-4.5,"{""hdp"": -4.5, ""home"": ""1.83"", ""away"": ""1.83""}",2026-06-02T21:36:49.826Z
71749970,Tennis,2026-06-03 14:50,"Bartunkova, Nikola","Knutson, Gabriela","WTA 125K - WTA 125K Birmingham, Great Britain Women Singles",Bet365,Totals (Games),,,,,1.90,1.80,,,20.5,"{""hdp"": 20.5, ""over"": ""1.90"", ""under"": ""1.80""}",2026-06-02T21:36:49.826Z
71750534,Tennis,2026-06-03 15:10,"Olivieri, Genaro Alberto","Midon, Lautaro","Challenger - ATP Challenger Prostejov, Czech Republic Men Singles",Bet365,ML,,2.37,,1.53,,,,,,"{""home"": ""2.37"", ""away"": ""1.53""}",2026-06-03T00:13:04.168Z
71750534,Tennis,2026-06-03 15:10,"Olivieri, Genaro Alberto","Midon, Lautaro","Challenger - ATP Challenger Prostejov, Czech Republic Men Singles",Bet365,Set Betting,,,,,,,,,,{},2026-06-03T08:47:00.69Z
71750534,Tennis,2026-06-03 15:10,"Olivieri, Genaro Alberto","Midon, Lautaro","Challenger - ATP Challenger Prostejov, Czech Republic Men Singles",Bet365,Spread (Games),,1.83,,1.83,,,,,2.5,"{""hdp"": 2.5, ""home"": ""1.83"", ""away"": ""1.83""}",2026-06-02T22:42:51.861Z
71750534,Tennis,2026-06-03 15:10,"Olivieri, Genaro Alberto","Midon, Lautaro","Challenger - ATP Challenger Prostejov, Czech Republic Men Singles",Bet365,Totals (Games),,,,,1.90,1.80,,,22.5,"{""hdp"": 22.5, ""over"": ""1.90"", ""under"": ""1.80""}",2026-06-02T20:01:57.4Z
71844390,Tennis,2026-06-03 16:00,Fuchs Z / Thayne W,Maginley J / Suarez B,"Challenger - ATP Challenger Tyler, USA Men Doubles",Bet365,ML,,2.25,,1.57,,,,,,"{""home"": ""2.25"", ""away"": ""1.57""}",2026-06-03T07:52:43.204Z
71844390,Tennis,2026-06-03 16:00,Fuchs Z / Thayne W,Maginley J / Suarez B,"Challenger - ATP Challenger Tyler, USA Men Doubles",Bet365,Set Betting,,,,,,,,,,{},2026-06-03T08:46:45.722Z
71841982,Tennis,2026-06-03 15:00,Jones B / Paris J,Ho R / Jebens H,"Challenger - ATP Challenger Birmingham, Great Britain Men Doubles",Bet365,ML,,2.00,,1.72,,,,,,"{""home"": ""2.00"", ""away"": ""1.72""}",2026-06-02T17:04:47.782Z
71841982,Tennis,2026-06-03 15:00,Jones B / Paris J,Ho R / Jebens H,"Challenger - ATP Challenger Birmingham, Great Britain Men Doubles",Bet365,Set Betting,,,,,,,,,,{},2026-06-03T08:43:00.912Z
71758070,Tennis,2026-06-03 15:20,"Paquet, Chloe","Radisic, Nika","WTA 125K - WTA 125K Foggia, Italy Women Singles",Bet365,ML,,1.12,,5.50,,,,,,"{""home"": ""1.12"", ""away"": ""5.50""}",2026-06-02T20:12:56.232Z
71758070,Tennis,2026-06-03 15:20,"Paquet, Chloe","Radisic, Nika","WTA 125K - WTA 125K Foggia, Italy Women Singles",Bet365,Set Betting,,,,,,,,,,{},2026-06-03T08:47:00.69Z
71758070,Tennis,2026-06-03 15:20,"Paquet, Chloe","Radisic, Nika","WTA 125K - WTA 125K Foggia, Italy Women Singles",Bet365,Spread (Games),,2.10,,1.66,,,,,-6.5,"{""hdp"": -6.5, ""home"": ""2.10"", ""away"": ""1.66""}",2026-06-02T20:27:00.582Z
71758070,Tennis,2026-06-03 15:20,"Paquet, Chloe","Radisic, Nika","WTA 125K - WTA 125K Foggia, Italy Women Singles",Bet365,Totals (Games),,,,,1.83,1.83,,,18.5,"{""hdp"": 18.5, ""over"": ""1.83"", ""under"": ""1.83""}",2026-06-02T20:27:00.582Z
71840644,Tennis,2026-06-03 15:40,Romboli F / Smith J-P,Hidalgo D / Trhac P,"Challenger - ATP Challenger Birmingham, Great Britain Men Doubles",Bet365,ML,,1.66,,2.10,,,,,,"{""home"": ""1.66"", ""away"": ""2.10""}",2026-05-31T15:19:14.763Z
71840634,Tennis,2026-06-03 16:10,Broom C / Stevenson D,Kirkov V / Peers J,"Challenger - ATP Challenger Birmingham, Great Britain Men Doubles",Bet365,ML,,2.37,,1.53,,,,,,"{""home"": ""2.37"", ""away"": ""1.53""}",2026-05-31T16:34:15.462Z
71840634,Tennis,2026-06-03 16:10,Broom C / Stevenson D,Kirkov V / Peers J,"Challenger - ATP Challenger Birmingham, Great Britain Men Doubles",Bet365,Set Betting,,,,,,,,,,{},2026-06-03T08:44:00.979Z
71832550,Tennis,2026-06-03 16:40,"Bicknell, Blaise","Monday, Johannus","Challenger - ATP Challenger Tyler, USA Men Singles",Bet365,ML,,2.62,,1.44,,,,,,"{""home"": ""2.62"", ""away"": ""1.44""}",2026-06-03T04:08:37.751Z
71832550,Tennis,2026-06-03 16:40,"Bicknell, Blaise","Monday, Johannus","Challenger - ATP Challenger Tyler, USA Men Singles",Bet365,Totals (Games),,,,,1.83,1.83,,,22.5,"{""hdp"": 22.5, ""over"": ""1.83"", ""under"": ""1.83""}",2026-06-03T04:08:37.751Z
71832550,Tennis,2026-06-03 16:40,"Bicknell, Blaise","Monday, Johannus","Challenger - ATP Challenger Tyler, USA Men Singles",Bet365,Set Betting,,,,,,,,,,{},2026-06-03T08:45:30.953Z
71832550,Tennis,2026-06-03 16:40,"Bicknell, Blaise","Monday, Johannus","Challenger - ATP Challenger Tyler, USA Men Singles",Bet365,Spread (Games),,1.90,,1.80,,,,,2.5,"{""hdp"": 2.5, ""home"": ""1.90"", ""away"": ""1.80""}",2026-06-03T04:08:37.751Z
71899380,Tennis,2026-06-03 17:00,"Erlewein, Tarek","Kotzen, Andrew",UTR Men - UTR PTT Philadelphia Men 02,Bet365,ML,,1.50,,2.50,,,,,,"{""home"": ""1.50"", ""away"": ""2.50""}",2026-06-03T03:27:18.162Z
71888810,Tennis,2026-06-03 17:00,"Ziets-Segura, Linda","Shue, Valerie",UTR Women - UTR PTT Philadelphia Women 01,Bet365,ML,,7.00,,1.08,,,,,,"{""home"": ""7.00"", ""away"": ""1.08""}",2026-06-03T06:45:48.709Z
71814096,Tennis,2026-06-03 17:00,"Grigoreva, Anna","Bulger, Heidi",UTR Women - UTR PTT Philadelphia Women 01,Bet365,ML,,2.00,,1.72,,,,,,"{""home"": ""2.00"", ""away"": ""1.72""}",2026-06-03T06:45:48.709Z
71832560,Tennis,2026-06-03 17:50,"Martin, Andres","Ellis, Blake","Challenger - ATP Challenger Tyler, USA Men Singles",Bet365,ML,,1.44,,2.62,,,,,,"{""home"": ""1.44"", ""away"": ""2.62""}",2026-06-03T04:08:37.751Z
71832560,Tennis,2026-06-03 17:50,"Martin, Andres","Ellis, Blake","Challenger - ATP Challenger Tyler, USA Men Singles",Bet365,Set Betting,,,,,,,,,,{},2026-06-03T08:44:00.979Z
71832560,Tennis,2026-06-03 17:50,"Martin, Andres","Ellis, Blake","Challenger - ATP Challenger Tyler, USA Men Singles",Bet365,Spread (Games),,1.90,,1.80,,,,,-3.5,"{""hdp"": -3.5, ""home"": ""1.90"", ""away"": ""1.80""}",2026-06-03T04:08:37.751Z
71832560,Tennis,2026-06-03 17:50,"Martin, Andres","Ellis, Blake","Challenger - ATP Challenger Tyler, USA Men Singles",Bet365,Totals (Games),,,,,1.90,1.80,,,22.5,"{""hdp"": 22.5, ""over"": ""1.90"", ""under"": ""1.80""}",2026-06-03T04:08:37.751Z
71832548,Tennis,2026-06-03 16:00,"Butvilas, Edas","Svajda, Trevor","Challenger - ATP Challenger Tyler, USA Men Singles",Bet365,ML,,1.57,,2.25,,,,,,"{""home"": ""1.57"", ""away"": ""2.25""}",2026-06-03T04:08:37.751Z
71832548,Tennis,2026-06-03 16:00,"Butvilas, Edas","Svajda, Trevor","Challenger - ATP Challenger Tyler, USA Men Singles",Bet365,Set Betting,,,,,,,,,,{},2026-06-03T08:46:01.173Z
71832548,Tennis,2026-06-03 16:00,"Butvilas, Edas","Svajda, Trevor","Challenger - ATP Challenger Tyler, USA Men Singles",Bet365,Spread (Games),,1.90,,1.80,,,,,-2.5,"{""hdp"": -2.5, ""home"": ""1.90"", ""away"": ""1.80""}",2026-06-03T04:08:37.751Z
71832548,Tennis,2026-06-03 16:00,"Butvilas, Edas","Svajda, Trevor","Challenger - ATP Challenger Tyler, USA Men Singles",Bet365,Totals (Games),,,,,2.00,1.72,,,22.5,"{""hdp"": 22.5, ""over"": ""2.00"", ""under"": ""1.72""}",2026-06-03T04:08:37.751Z
71814164,Tennis,2026-06-03 17:00,"Markowitz, Callum","Zinder, Mikkel",UTR Men - UTR PTT Philadelphia Men 02,Bet365,ML,,2.10,,1.66,,,,,,"{""home"": ""2.10"", ""away"": ""1.66""}",2026-06-03T03:26:46.854Z
71832544,Tennis,2026-06-03 17:45,"Shimizu, Yuta","Sweeny, Dane","Challenger - ATP Challenger Tyler, USA Men Singles",Bet365,ML,,2.10,,1.66,,,,,,"{""home"": ""2.10"", ""away"": ""1.66""}",2026-06-03T04:08:37.751Z
71832544,Tennis,2026-06-03 17:45,"Shimizu, Yuta","Sweeny, Dane","Challenger - ATP Challenger Tyler, USA Men Singles",Bet365,Spread (Games),,1.90,,1.80,,,,,1.5,"{""hdp"": 1.5, ""home"": ""1.90"", ""away"": ""1.80""}",2026-06-03T04:08:37.751Z
71832544,Tennis,2026-06-03 17:45,"Shimizu, Yuta","Sweeny, Dane","Challenger - ATP Challenger Tyler, USA Men Singles",Bet365,Totals (Games),,,,,1.72,2.00,,,21.5,"{""hdp"": 21.5, ""over"": ""1.72"", ""under"": ""2.00""}",2026-06-03T04:08:37.751Z
71832544,Tennis,2026-06-03 17:45,"Shimizu, Yuta","Sweeny, Dane","Challenger - ATP Challenger Tyler, USA Men Singles",Bet365,Set Betting,,,,,,,,,,{},2026-06-03T08:47:00.69Z
71750478,Tennis,2026-06-03 18:00,"Schoenhaus, Max","Moro Canas, Alejandro","Challenger - ATP Challenger Bad Rappenau, Germany Men Singles",Bet365,ML,,1.72,,2.00,,,,,,"{""home"": ""1.72"", ""away"": ""2.00""}",2026-06-03T08:04:30.957Z
71750478,Tennis,2026-06-03 18:00,"Schoenhaus, Max","Moro Canas, Alejandro","Challenger - ATP Challenger Bad Rappenau, Germany Men Singles",Bet365,Set Betting,,,,,,,,,,{},2026-06-03T08:46:16.917Z
71750478,Tennis,2026-06-03 18:00,"Schoenhaus, Max","Moro Canas, Alejandro","Challenger - ATP Challenger Bad Rappenau, Germany Men Singles",Bet365,Spread (Games),,1.83,,1.83,,,,,-1.5,"{""hdp"": -1.5, ""home"": ""1.83"", ""away"": ""1.83""}",2026-06-02T22:34:20.521Z
71750478,Tennis,2026-06-03 18:00,"Schoenhaus, Max","Moro Canas, Alejandro","Challenger - ATP Challenger Bad Rappenau, Germany Men Singles",Bet365,Totals (Games),,,,,1.90,1.80,,,22.5,"{""hdp"": 22.5, ""over"": ""1.90"", ""under"": ""1.80""}",2026-06-02T16:16:03.457Z
71750232,Tennis,2026-06-03 18:00,"Tseng, Chun Hsin","Skatov, Timofey","Challenger - ATP Challenger Perugia, Italy Men Singles",Bet365,ML,,1.66,,2.10,,,,,,"{""home"": ""1.66"", ""away"": ""2.10""}",2026-06-03T01:02:22.511Z
71862492,Tennis,2026-06-03 18:00,Jimenez Kasintseva V / Radivojevic L,Fossa Huergo N / Jakupovic D,"WTA 125K - WTA 125K Makarska, Croatia Women Doubles",Bet365,ML,,3.00,,1.36,,,,,,"{""home"": ""3.00"", ""away"": ""1.36""}",2026-06-01T18:53:43.996Z
71862492,Tennis,2026-06-03 18:00,Jimenez Kasintseva V / Radivojevic L,Fossa Huergo N / Jakupovic D,"WTA 125K - WTA 125K Makarska, Croatia Women Doubles",Bet365,Set Betting,,,,,,,,,,{},2026-06-03T08:46:30.61Z
71814158,Tennis,2026-06-03 18:10,"Kumar, Sachiv","Krasner, David",UTR Men - UTR PTT Philadelphia Men 02,Bet365,ML,,2.00,,1.72,,,,,,"{""home"": ""2.00"", ""away"": ""1.72""}",2026-06-03T04:30:35.523Z
71814160,Tennis,2026-06-03 18:10,"Bharadwaj, Shaurya","Altur Fernandez, Alberto",UTR Men - UTR PTT Philadelphia Men 02,Bet365,ML,,1.50,,2.50,,,,,,"{""home"": ""1.50"", ""away"": ""2.50""}",2026-06-03T03:27:18.162Z
71814162,Tennis,2026-06-03 20:00,"Schinnerer, Kase","Mashni, Zaid",UTR Men - UTR PTT Philadelphia Men 02,Bet365,ML,,1.83,,1.83,,,,,,"{""home"": ""1.83"", ""away"": ""1.83""}",2026-06-03T04:30:35.523Z
71814178,Tennis,2026-06-03 20:00,"Alkotop, Mohammad","Wells, Colson",UTR Men - UTR PTT Philadelphia Men 02,Bet365,ML,,1.44,,2.62,,,,,,"{""home"": ""1.44"", ""away"": ""2.62""}",2026-06-03T04:30:35.523Z
71828472,Tennis,2026-06-03 20:00,"Mann, Victoria","Frissora, Eva",UTR Women - UTR PTT Philadelphia Women 01,Bet365,ML,,1.20,,4.33,,,,,,"{""home"": ""1.20"", ""away"": ""4.33""}",2026-06-03T06:45:48.709Z
71862490,Tennis,2026-06-03 18:00,Havlickova L / Salkova D,Haverlag I / Waltert S,"WTA 125K - WTA 125K Makarska, Croatia Women Doubles",Bet365,ML,,1.83,,1.83,,,,,,"{""home"": ""1.83"", ""away"": ""1.83""}",2026-06-01T20:31:31.057Z
71862490,Tennis,2026-06-03 18:00,Havlickova L / Salkova D,Haverlag I / Waltert S,"WTA 125K - WTA 125K Makarska, Croatia Women Doubles",Bet365,Set Betting,,,,,,,,,,{},2026-06-03T08:46:30.61Z
71814104,Tennis,2026-06-03 18:10,"Ludwig, Madelynn","Holod, Sophia",UTR Women - UTR PTT Philadelphia Women 01,Bet365,ML,,3.75,,1.25,,,,,,"{""home"": ""3.75"", ""away"": ""1.25""}",2026-06-03T06:45:48.709Z
71814116,Tennis,2026-06-03 18:10,"Fauchet, Elizabeth","McTorry, Cy",UTR Women - UTR PTT Philadelphia Women 01,Bet365,ML,,1.33,,3.25,,,,,,"{""home"": ""1.33"", ""away"": ""3.25""}",2026-06-03T06:45:48.709Z
71814170,Tennis,2026-06-03 21:10,"Sheldon, Mitchell","Padilla Cote, Santiago",UTR Men - UTR PTT Philadelphia Men 02,Bet365,ML,,1.28,,3.50,,,,,,"{""home"": ""1.28"", ""away"": ""3.50""}",2026-06-03T04:30:35.523Z
71814134,Tennis,2026-06-03 21:10,"Nisbet, Aubrey","Yang, Vivian",UTR Women - UTR PTT Philadelphia Women 01,Bet365,ML,,7.50,,1.07,,,,,,"{""home"": ""7.50"", ""away"": ""1.07""}",2026-06-03T06:45:48.709Z
71814120,Tennis,2026-06-03 20:00,"Manzi, Caroline","Gisone, Mayra",UTR Women - UTR PTT Philadelphia Women 01,Bet365,ML,,1.20,,4.33,,,,,,"{""home"": ""1.20"", ""away"": ""4.33""}",2026-06-03T06:45:48.709Z
71758074,Tennis,2026-06-03 20:00,"Lepchenko, Varvara","Grant, Tyra Caterina","WTA 125K - WTA 125K Foggia, Italy Women Singles",Bet365,ML,,3.40,,1.30,,,,,,"{""home"": ""3.40"", ""away"": ""1.30""}",2026-06-02T22:10:06.08Z
71758074,Tennis,2026-06-03 20:00,"Lepchenko, Varvara","Grant, Tyra Caterina","WTA 125K - WTA 125K Foggia, Italy Women Singles",Bet365,Set Betting,,,,,,,,,,{},2026-06-03T08:46:45.722Z
71758074,Tennis,2026-06-03 20:00,"Lepchenko, Varvara","Grant, Tyra Caterina","WTA 125K - WTA 125K Foggia, Italy Women Singles",Bet365,Spread (Games),,1.90,,1.80,,,,,4.5,"{""hdp"": 4.5, ""home"": ""1.90"", ""away"": ""1.80""}",2026-06-02T22:18:35.718Z
71758074,Tennis,2026-06-03 20:00,"Lepchenko, Varvara","Grant, Tyra Caterina","WTA 125K - WTA 125K Foggia, Italy Women Singles",Bet365,Totals (Games),,,,,1.80,1.90,,,19.5,"{""hdp"": 19.5, ""over"": ""1.80"", ""under"": ""1.90""}",2026-06-02T22:18:35.718Z
71563812,Tennis,2026-06-03 20:15,"Berrettini, Matteo","Arnaldi, Matteo",ATP - French Open Men Singles,Bet365,ML,,1.50,,2.62,,,,,,"{""home"": ""1.50"", ""away"": ""2.62""}",2026-06-03T08:42:31.219Z
71563812,Tennis,2026-06-03 20:15,"Berrettini, Matteo","Arnaldi, Matteo",ATP - French Open Men Singles,Bet365,Totals (Games),,,,,1.80,1.90,,,39.5,"{""hdp"": 39.5, ""over"": ""1.80"", ""under"": ""1.90""}",2026-06-02T02:25:21.95Z
71563812,Tennis,2026-06-03 20:15,"Berrettini, Matteo","Arnaldi, Matteo",ATP - French Open Men Singles,Bet365,Set Betting,,,,,,,,,,{},2026-06-03T08:47:00.69Z
71563812,Tennis,2026-06-03 20:15,"Berrettini, Matteo","Arnaldi, Matteo",ATP - French Open Men Singles,Bet365,Spread (Games),,1.83,,1.83,,,,,-2.5,"{""hdp"": -2.5, ""home"": ""1.83"", ""away"": ""1.83""}",2026-06-02T02:25:21.95Z
71750242,Tennis,2026-06-03 20:30,"Broady, Liam","Merida, Daniel","Challenger - ATP Challenger Perugia, Italy Men Singles",Bet365,ML,,3.75,,1.25,,,,,,"{""home"": ""3.75"", ""away"": ""1.25""}",2026-06-03T00:16:47.112Z
71750242,Tennis,2026-06-03 20:30,"Broady, Liam","Merida, Daniel","Challenger - ATP Challenger Perugia, Italy Men Singles",Bet365,Set Betting,,,,,,,,,,{},2026-06-03T08:46:45.722Z
71750242,Tennis,2026-06-03 20:30,"Broady, Liam","Merida, Daniel","Challenger - ATP Challenger Perugia, Italy Men Singles",Bet365,Spread (Games),,1.80,,1.90,,,,,4.5,"{""hdp"": 4.5, ""home"": ""1.80"", ""away"": ""1.90""}",2026-06-02T23:01:24.732Z
71750242,Tennis,2026-06-03 20:30,"Broady, Liam","Merida, Daniel","Challenger - ATP Challenger Perugia, Italy Men Singles",Bet365,Totals (Games),,,,,1.83,1.83,,,20.5,"{""hdp"": 20.5, ""over"": ""1.83"", ""under"": ""1.83""}",2026-06-02T23:01:24.732Z
71814142,Tennis,2026-06-03 21:10,"Spurling, Nischal","Sabaliauskas, Ainius",UTR Men - UTR PTT Philadelphia Men 02,Bet365,ML,,2.75,,1.40,,,,,,"{""home"": ""2.75"", ""away"": ""1.40""}",2026-06-03T04:30:35.523Z
71719762,Football,2026-06-03 15:00,Milford FC,Magesi FC,South Africa - Premiership,Bet365,ML,,3.200,2.750,2.300,,,,,,"{""home"": ""3.200"", ""draw"": ""2.750"", ""away"": ""2.300""}",2026-06-03T06:53:56.155Z
71719762,Football,2026-06-03 15:00,Milford FC,Magesi FC,South Africa - Premiership,Bet365,Draw No Bet,,2.200,,1.615,,,,,,"{""home"": ""2.200"", ""away"": ""1.615""}",2026-06-02T23:51:35.616Z
71719762,Football,2026-06-03 15:00,Milford FC,Magesi FC,South Africa - Premiership,Bet365,Double Chance,Milford FC or Draw,,,,,1.500,,,,"{""label"": ""Milford FC or Draw"", ""under"": ""1.500""}",2026-06-03T02:41:52.7Z
71719762,Football,2026-06-03 15:00,Milford FC,Magesi FC,South Africa - Premiership,Bet365,Double Chance,Milford FC or Magesi FC,,,,,1.333,,,,"{""label"": ""Milford FC or Magesi FC"", ""under"": ""1.333""}",2026-06-03T02:41:52.7Z
71719762,Football,2026-06-03 15:00,Milford FC,Magesi FC,South Africa - Premiership,Bet365,Double Chance,Draw or Magesi FC,,,,,1.285,,,,"{""label"": ""Draw or Magesi FC"", ""under"": ""1.285""}",2026-06-03T02:41:52.7Z
71719762,Football,2026-06-03 15:00,Milford FC,Magesi FC,South Africa - Premiership,Bet365,Spread,,1.775,,2.025,,,,,0.25,"{""hdp"": 0.25, ""home"": ""1.775"", ""away"": ""2.025""}",2026-06-03T06:54:27.604Z
71719762,Football,2026-06-03 15:00,Milford FC,Magesi FC,South Africa - Premiership,Bet365,Totals,,,,,1.825,1.975,,,1.75,"{""hdp"": 1.75, ""over"": ""1.825"", ""under"": ""1.975""}",2026-06-03T06:54:27.604Z
71719762,Football,2026-06-03 15:00,Milford FC,Magesi FC,South Africa - Premiership,Bet365,Goals Over/Under,,,,,2.500,1.500,,,2.5,"{""hdp"": 2.5, ""over"": ""2.500"", ""under"": ""1.500""}",2026-06-03T01:34:30.322Z
71719762,Football,2026-06-03 15:00,Milford FC,Magesi FC,South Africa - Premiership,Bet365,Both Teams To Score,,,,,,,2.100,1.666,,"{""yes"": ""2.100"", ""no"": ""1.666""}",2026-06-03T04:29:43.79Z
71719762,Football,2026-06-03 15:00,Milford FC,Magesi FC,South Africa - Premiership,Bet365,Spread HT,,2.100,,1.700,,,,,0,"{""hdp"": 0, ""home"": ""2.100"", ""away"": ""1.700""}",2026-06-02T19:37:19.918Z
71719762,Football,2026-06-03 15:00,Milford FC,Magesi FC,South Africa - Premiership,Bet365,Totals HT,,,,,1.825,1.975,,,0.75,"{""hdp"": 0.75, ""over"": ""1.825"", ""under"": ""1.975""}",2026-06-03T07:26:31.954Z
71719762,Football,2026-06-03 15:00,Milford FC,Magesi FC,South Africa - Premiership,Bet365,European Handicap,,7.000,,,,,,,-1,"{""hdp"": -1, ""home"": ""7.000""}",2026-06-03T08:46:54.137Z
71719762,Football,2026-06-03 15:00,Milford FC,Magesi FC,South Africa - Premiership,Bet365,European Handicap,,,4.750,1.285,,,,,1,"{""hdp"": 1, ""draw"": ""4.750"", ""away"": ""1.285""}",2026-06-03T08:46:54.137Z
71719762,Football,2026-06-03 15:00,Milford FC,Magesi FC,South Africa - Premiership,Bet365,Corners Totals,,,,,2.000,1.800,,,9,"{""hdp"": 9, ""over"": ""2.000"", ""under"": ""1.800""}",2026-06-03T01:33:15.91Z
71719762,Football,2026-06-03 15:00,Milford FC,Magesi FC,South Africa - Premiership,Bet365,Corners Totals HT,,,,,1.875,1.925,,,4,"{""hdp"": 4, ""over"": ""1.875"", ""under"": ""1.925""}",2026-06-03T02:50:51.773Z
71719762,Football,2026-06-03 15:00,Milford FC,Magesi FC,South Africa - Premiership,Bet365,1st Half Handicap,1 (1),1.363,,,,,,,1,"{""label"": ""1 (1)"", ""hdp"": 1, ""home"": ""1.363""}",2026-06-02T23:54:04.188Z
71719762,Football,2026-06-03 15:00,Milford FC,Magesi FC,South Africa - Premiership,Bet365,1st Half Handicap,Tie (-1),,,11.000,,,,,-1,"{""label"": ""Tie (-1)"", ""hdp"": -1, ""away"": ""11.000""}",2026-06-02T23:54:04.188Z
71719762,Football,2026-06-03 15:00,Milford FC,Magesi FC,South Africa - Premiership,Bet365,Both Teams To Score HT,,,,,,,6.000,1.125,,"{""yes"": ""6.000"", ""no"": ""1.125""}",2026-06-03T04:29:43.79Z
71719762,Football,2026-06-03 15:00,Milford FC,Magesi FC,South Africa - Premiership,Bet365,Both Teams To Score 2H,,,,,,,4.333,1.200,,"{""yes"": ""4.333"", ""no"": ""1.200""}",2026-06-03T04:29:43.79Z
71719762,Football,2026-06-03 15:00,Milford FC,Magesi FC,South Africa - Premiership,Bet365,Corners,,,,,2.200,2.000,,,9,"{""hdp"": 9, ""over"": ""2.200"", ""under"": ""2.000""}",2026-06-03T02:02:21.802Z
71719762,Football,2026-06-03 15:00,Milford FC,Magesi FC,South Africa - Premiership,Bet365,Number of Goals In Match,Under 2 goals,,,,,2.200,,,,"{""label"": ""Under 2 goals"", ""under"": ""2.200""}",2026-06-03T08:41:53.714Z
71719762,Football,2026-06-03 15:00,Milford FC,Magesi FC,South Africa - Premiership,Bet365,Number of Goals In Match,2 or 3 goals,,,,,2.050,,,,"{""label"": ""2 or 3 goals"", ""under"": ""2.050""}",2026-06-03T08:41:53.714Z
71719762,Football,2026-06-03 15:00,Milford FC,Magesi FC,South Africa - Premiership,Bet365,Number of Goals In Match,Over 3 goals,,,,5.500,,,,,"{""label"": ""Over 3 goals"", ""over"": ""5.500""}",2026-06-03T08:41:53.714Z
71719762,Football,2026-06-03 15:00,Milford FC,Magesi FC,South Africa - Premiership,Bet365,Half Time Result,1,,,,,3.750,,,1,"{""label"": ""1"", ""hdp"": 1, ""under"": ""3.750""}",2026-06-03T04:29:43.79Z
71719762,Football,2026-06-03 15:00,Milford FC,Magesi FC,South Africa - Premiership,Bet365,Half Time Result,Draw,,,,,1.952,,,,"{""label"": ""Draw"", ""under"": ""1.952""}",2026-06-03T04:29:43.79Z
71719762,Football,2026-06-03 15:00,Milford FC,Magesi FC,South Africa - Premiership,Bet365,Half Time Result,2,,,,,3.000,,,2,"{""label"": ""2"", ""hdp"": 2, ""under"": ""3.000""}",2026-06-03T04:29:43.79Z
71719762,Football,2026-06-03 15:00,Milford FC,Magesi FC,South Africa - Premiership,Bet365,Exact Total Goals,2 Goals,,,,,3.250,,,,"{""label"": ""2 Goals"", ""under"": ""3.250""}",2026-06-03T03:00:26.243Z
71719762,Football,2026-06-03 15:00,Milford FC,Magesi FC,South Africa - Premiership,Bet365,Exact Total Goals,4 Goals,,,,,7.500,,,,"{""label"": ""4 Goals"", ""under"": ""7.500""}",2026-06-03T03:00:26.243Z
71719762,Football,2026-06-03 15:00,Milford FC,Magesi FC,South Africa - Premiership,Bet365,Exact Total Goals,5 Goals,,,,,17.000,,,,"{""label"": ""5 Goals"", ""under"": ""17.000""}",2026-06-03T03:00:26.243Z
71719762,Football,2026-06-03 15:00,Milford FC,Magesi FC,South Africa - Premiership,Bet365,Exact Total Goals,6 Goals,,,,,34.000,,,,"{""label"": ""6 Goals"", ""under"": ""34.000""}",2026-06-03T03:00:26.243Z
71719762,Football,2026-06-03 15:00,Milford FC,Magesi FC,South Africa - Premiership,Bet365,Exact Total Goals,7+ Goals,,,,,21.000,,,,"{""label"": ""7+ Goals"", ""under"": ""21.000""}",2026-06-03T03:00:26.243Z
71719762,Football,2026-06-03 15:00,Milford FC,Magesi FC,South Africa - Premiership,Bet365,Exact Total Goals,0 Goals,,,,,6.500,,,,"{""label"": ""0 Goals"", ""under"": ""6.500""}",2026-06-03T03:00:26.243Z
71719762,Football,2026-06-03 15:00,Milford FC,Magesi FC,South Africa - Premiership,Bet365,Exact Total Goals,1 Goal,,,,,3.750,,,,"{""label"": ""1 Goal"", ""under"": ""3.750""}",2026-06-03T03:00:26.243Z
71719762,Football,2026-06-03 15:00,Milford FC,Magesi FC,South Africa - Premiership,Bet365,Exact Total Goals,3 Goals,,,,,4.750,,,,"{""label"": ""3 Goals"", ""under"": ""4.750""}",2026-06-03T03:00:26.243Z
71719762,Football,2026-06-03 15:00,Milford FC,Magesi FC,South Africa - Premiership,Bet365,Alternative Asian Handicap,,1.170,,5.000,,,,,1.5,"{""hdp"": 1.5, ""home"": ""1.170"", ""away"": ""5.000""}",2026-06-03T07:09:33.275Z
71719762,Football,2026-06-03 15:00,Milford FC,Magesi FC,South Africa - Premiership,Bet365,Alternative Asian Handicap,,4.000,,2.750,,,,,-0.75,"{""hdp"": -0.75, ""home"": ""4.000"", ""away"": ""2.750""}",2026-06-03T07:09:33.275Z
71719762,Football,2026-06-03 15:00,Milford FC,Magesi FC,South Africa - Premiership,Bet365,Alternative Asian Handicap,,3.100,,2.350,,,,,-0.5,"{""hdp"": -0.5, ""home"": ""3.100"", ""away"": ""2.350""}",2026-06-03T07:09:33.275Z
71719762,Football,2026-06-03 15:00,Milford FC,Magesi FC,South Africa - Premiership,Bet365,Alternative Asian Handicap,,2.675,,1.450,,,,,-0.25,"{""hdp"": -0.25, ""home"": ""2.675"", ""away"": ""1.450""}",2026-06-03T07:09:33.275Z
71719762,Football,2026-06-03 15:00,Milford FC,Magesi FC,South Africa - Premiership,Bet365,Alternative Asian Handicap,,1.575,,1.350,,,,,0.5,"{""hdp"": 0.5, ""home"": ""1.575"", ""away"": ""1.350""}",2026-06-03T07:09:33.275Z
71719762,Football,2026-06-03 15:00,Milford FC,Magesi FC,South Africa - Premiership,Bet365,Alternative Asian Handicap,,1.425,,1.230,,,,,0.75,"{""hdp"": 0.75, ""home"": ""1.425"", ""away"": ""1.230""}",2026-06-03T07:09:33.275Z
71719762,Football,2026-06-03 15:00,Milford FC,Magesi FC,South Africa - Premiership,Bet365,Alternative Asian Handicap,,7.000,,4.400,,,,,-1.25,"{""hdp"": -1.25, ""home"": ""7.000"", ""away"": ""4.400""}",2026-06-03T07:09:33.275Z
71719762,Football,2026-06-03 15:00,Milford FC,Magesi FC,South Africa - Premiership,Bet365,Alternative Asian Handicap,,6.400,,3.900,,,,,-1,"{""hdp"": -1, ""home"": ""6.400"", ""away"": ""3.900""}",2026-06-03T07:09:33.275Z
71719762,Football,2026-06-03 15:00,Milford FC,Magesi FC,South Africa - Premiership,Bet365,Alternative Asian Handicap,,1.240,,1.115,,,,,1,"{""hdp"": 1, ""home"": ""1.240"", ""away"": ""1.115""}",2026-06-03T07:09:33.275Z
71719762,Football,2026-06-03 15:00,Milford FC,Magesi FC,South Africa - Premiership,Bet365,Alternative Asian Handicap,,1.200,,1.100,,,,,1.25,"{""hdp"": 1.25, ""home"": ""1.200"", ""away"": ""1.100""}",2026-06-03T07:09:33.275Z
71719762,Football,2026-06-03 15:00,Milford FC,Magesi FC,South Africa - Premiership,Bet365,Alternative Asian Handicap,,2.250,,1.625,,,,,0,"{""hdp"": 0, ""home"": ""2.250"", ""away"": ""1.625""}",2026-06-03T07:09:33.275Z
71719762,Football,2026-06-03 15:00,Milford FC,Magesi FC,South Africa - Premiership,Bet365,Alternative Asian Handicap,,1.110,,6.600,,,,,1.75,"{""hdp"": 1.75, ""home"": ""1.110"", ""away"": ""6.600""}",2026-06-03T07:09:33.275Z
71719762,Football,2026-06-03 15:00,Milford FC,Magesi FC,South Africa - Premiership,Bet365,Alternative Total Goals,,,,,1.111,6.000,,,0.5,"{""hdp"": 0.5, ""over"": ""1.111"", ""under"": ""6.000""}",2026-06-03T07:20:32.398Z
71719762,Football,2026-06-03 15:00,Milford FC,Magesi FC,South Africa - Premiership,Bet365,Alternative Total Goals,,,,,15.000,1.010,,,5.5,"{""hdp"": 5.5, ""over"": ""15.000"", ""under"": ""1.010""}",2026-06-03T07:20:32.398Z
71719762,Football,2026-06-03 15:00,Milford FC,Magesi FC,South Africa - Premiership,Bet365,Alternative Total Goals,,,,,4.500,1.166,,,3.5,"{""hdp"": 3.5, ""over"": ""4.500"", ""under"": ""1.166""}",2026-06-03T07:20:32.398Z
71719762,Football,2026-06-03 15:00,Milford FC,Magesi FC,South Africa - Premiership,Bet365,Alternative Total Goals,,,,,8.500,1.050,,,4.5,"{""hdp"": 4.5, ""over"": ""8.500"", ""under"": ""1.050""}",2026-06-03T07:20:32.398Z
71719762,Football,2026-06-03 15:00,Milford FC,Magesi FC,South Africa - Premiership,Bet365,Alternative Total Goals,,,,,21.000,1.002,,,6.5,"{""hdp"": 6.5, ""over"": ""21.000"", ""under"": ""1.002""}",2026-06-03T07:20:32.398Z
71719762,Football,2026-06-03 15:00,Milford FC,Magesi FC,South Africa - Premiership,Bet365,Alternative Total Goals,,,,,1.500,2.500,,,1.5,"{""hdp"": 1.5, ""over"": ""1.500"", ""under"": ""2.500""}",2026-06-03T07:20:32.398Z
71719762,Football,2026-06-03 15:00,Milford FC,Magesi FC,South Africa - Premiership,Bet365,Total Corners,Under 6,,,,,7.000,,,,"{""label"": ""Under 6"", ""under"": ""7.000""}",2026-06-03T02:02:21.802Z
71719762,Football,2026-06-03 15:00,Milford FC,Magesi FC,South Africa - Premiership,Bet365,Total Corners,6 - 8,,,,,2.750,,,,"{""label"": ""6 - 8"", ""under"": ""2.750""}",2026-06-03T02:02:21.802Z
71719762,Football,2026-06-03 15:00,Milford FC,Magesi FC,South Africa - Premiership,Bet365,Total Corners,9 - 11,,,,,2.750,,,,"{""label"": ""9 - 11"", ""under"": ""2.750""}",2026-06-03T02:02:21.802Z
71719762,Football,2026-06-03 15:00,Milford FC,Magesi FC,South Africa - Premiership,Bet365,Total Corners,12 - 14,,,,,5.500,,,,"{""label"": ""12 - 14"", ""under"": ""5.500""}",2026-06-03T02:02:21.802Z
71719762,Football,2026-06-03 15:00,Milford FC,Magesi FC,South Africa - Premiership,Bet365,Total Corners,Over 14,,,,13.000,,,,,"{""label"": ""Over 14"", ""over"": ""13.000""}",2026-06-03T02:02:21.802Z
71719762,Football,2026-06-03 15:00,Milford FC,Magesi FC,South Africa - Premiership,Bet365,Alternative Corners,,,,,1.040,26.000,,,4,"{""hdp"": 4, ""over"": ""1.040"", ""under"": ""26.000""}",2026-06-03T02:29:21.176Z
71719762,Football,2026-06-03 15:00,Milford FC,Magesi FC,South Africa - Premiership,Bet365,Alternative Corners,,,,,1.100,13.000,,,5,"{""hdp"": 5, ""over"": ""1.100"", ""under"": ""13.000""}",2026-06-03T02:29:21.176Z
71719762,Football,2026-06-03 15:00,Milford FC,Magesi FC,South Africa - Premiership,Bet365,Alternative Corners,,,,,1.222,7.000,,,6,"{""hdp"": 6, ""over"": ""1.222"", ""under"": ""7.000""}",2026-06-03T02:29:21.176Z
71719762,Football,2026-06-03 15:00,Milford FC,Magesi FC,South Africa - Premiership,Bet365,Alternative Corners,,,,,1.400,4.000,,,7,"{""hdp"": 7, ""over"": ""1.400"", ""under"": ""4.000""}",2026-06-03T02:29:21.176Z
71719762,Football,2026-06-03 15:00,Milford FC,Magesi FC,South Africa - Premiership,Bet365,Alternative Corners,,,,,1.727,2.750,,,8,"{""hdp"": 8, ""over"": ""1.727"", ""under"": ""2.750""}",2026-06-03T02:29:21.176Z
71719762,Football,2026-06-03 15:00,Milford FC,Magesi FC,South Africa - Premiership,Bet365,Alternative Corners,,,,,3.000,1.615,,,10,"{""hdp"": 10, ""over"": ""3.000"", ""under"": ""1.615""}",2026-06-03T02:29:21.176Z
71719762,Football,2026-06-03 15:00,Milford FC,Magesi FC,South Africa - Premiership,Bet365,Alternative Corners,,,,,4.333,1.363,,,11,"{""hdp"": 11, ""over"": ""4.333"", ""under"": ""1.363""}",2026-06-03T02:29:21.176Z
71719762,Football,2026-06-03 15:00,Milford FC,Magesi FC,South Africa - Premiership,Bet365,Alternative Corners,,,,,6.500,1.200,,,12,"{""hdp"": 12, ""over"": ""6.500"", ""under"": ""1.200""}",2026-06-03T02:29:21.176Z
71719762,Football,2026-06-03 15:00,Milford FC,Magesi FC,South Africa - Premiership,Bet365,Alternative Corners,,,,,10.000,1.111,,,13,"{""hdp"": 13, ""over"": ""10.000"", ""under"": ""1.111""}",2026-06-03T02:29:21.176Z
71719762,Football,2026-06-03 15:00,Milford FC,Magesi FC,South Africa - Premiership,Bet365,Alternative Corners,,,,,13.000,1.062,,,14,"{""hdp"": 14, ""over"": ""13.000"", ""under"": ""1.062""}",2026-06-03T02:29:21.176Z
71719762,Football,2026-06-03 15:00,Milford FC,Magesi FC,South Africa - Premiership,Bet365,Alternative Corners,,,,,19.000,1.030,,,15,"{""hdp"": 15, ""over"": ""19.000"", ""under"": ""1.030""}",2026-06-03T02:29:21.176Z
71719762,Football,2026-06-03 15:00,Milford FC,Magesi FC,South Africa - Premiership,Bet365,Team Total Goals Away,,,,,6.500,1.100,,,2.5,"{""hdp"": 2.5, ""over"": ""6.500"", ""under"": ""1.100""}",2026-06-03T04:00:30.88Z
71719762,Football,2026-06-03 15:00,Milford FC,Magesi FC,South Africa - Premiership,Bet365,Team Total Goals Away,,,,,21.000,1.002,,,4.5,"{""hdp"": 4.5, ""over"": ""21.000"", ""under"": ""1.002""}",2026-06-03T04:00:30.88Z
71719762,Football,2026-06-03 15:00,Milford FC,Magesi FC,South Africa - Premiership,Bet365,Team Total Goals Away,,,,,1.363,3.000,,,0.5,"{""hdp"": 0.5, ""over"": ""1.363"", ""under"": ""3.000""}",2026-06-03T04:00:30.88Z
71719762,Football,2026-06-03 15:00,Milford FC,Magesi FC,South Africa - Premiership,Bet365,Team Total Goals Away,,,,,2.625,1.444,,,1.5,"{""hdp"": 1.5, ""over"": ""2.625"", ""under"": ""1.444""}",2026-06-03T04:00:30.88Z
71719762,Football,2026-06-03 15:00,Milford FC,Magesi FC,South Africa - Premiership,Bet365,Team Total Goals Away,,,,,11.000,1.020,,,3.5,"{""hdp"": 3.5, ""over"": ""11.000"", ""under"": ""1.020""}",2026-06-03T04:00:30.88Z
71719762,Football,2026-06-03 15:00,Milford FC,Magesi FC,South Africa - Premiership,Bet365,Specials,To Win From Behind (1),6.500,,,,,,,1,"{""label"": ""To Win From Behind (1)"", ""hdp"": 1, ""home"": ""6.500""}",2026-06-03T07:45:01.737Z
71719762,Football,2026-06-03 15:00,Milford FC,Magesi FC,South Africa - Premiership,Bet365,Specials,To Win From Behind (2),,,5.000,,,,,2,"{""label"": ""To Win From Behind (2)"", ""hdp"": 2, ""away"": ""5.000""}",2026-06-03T07:45:01.737Z
71719762,Football,2026-06-03 15:00,Milford FC,Magesi FC,South Africa - Premiership,Bet365,Correct Score,1-5,,,,,,,,,"{""label"": ""1-5"", ""odds"": ""126.000""}",2026-06-03T04:09:58.635Z
71719762,Football,2026-06-03 15:00,Milford FC,Magesi FC,South Africa - Premiership,Bet365,Correct Score,2-4,,,,,,,,,"{""label"": ""2-4"", ""odds"": ""81.000""}",2026-06-03T04:09:58.635Z
71719762,Football,2026-06-03 15:00,Milford FC,Magesi FC,South Africa - Premiership,Bet365,Correct Score,4-2,,,,,,,,,"{""label"": ""4-2"", ""odds"": ""101.000""}",2026-06-03T04:09:58.635Z
71719762,Football,2026-06-03 15:00,Milford FC,Magesi FC,South Africa - Premiership,Bet365,Correct Score,0-2,,,,,,,,,"{""label"": ""0-2"", ""odds"": ""10.000""}",2026-06-03T04:09:58.635Z
71719762,Football,2026-06-03 15:00,Milford FC,Magesi FC,South Africa - Premiership,Bet365,Correct Score,0-3,,,,,,,,,"{""label"": ""0-3"", ""odds"": ""21.000""}",2026-06-03T04:09:58.635Z
71719762,Football,2026-06-03 15:00,Milford FC,Magesi FC,South Africa - Premiership,Bet365,Correct Score,0-5,,,,,,,,,"{""label"": ""0-5"", ""odds"": ""101.000""}",2026-06-03T04:09:58.635Z
71719762,Football,2026-06-03 15:00,Milford FC,Magesi FC,South Africa - Premiership,Bet365,Correct Score,1-0,,,,,,,,,"{""label"": ""1-0"", ""odds"": ""8.000""}",2026-06-03T04:09:58.635Z
71719762,Football,2026-06-03 15:00,Milford FC,Magesi FC,South Africa - Premiership,Bet365,Correct Score,2-0,,,,,,,,,"{""label"": ""2-0"", ""odds"": ""15.000""}",2026-06-03T04:09:58.635Z
71719762,Football,2026-06-03 15:00,Milford FC,Magesi FC,South Africa - Premiership,Bet365,Correct Score,2-1,,,,,,,,,"{""label"": ""2-1"", ""odds"": ""13.000""}",2026-06-03T04:09:58.635Z
71719762,Football,2026-06-03 15:00,Milford FC,Magesi FC,South Africa - Premiership,Bet365,Correct Score,3-0,,,,,,,,,"{""label"": ""3-0"", ""odds"": ""34.000""}",2026-06-03T04:09:58.635Z
71719762,Football,2026-06-03 15:00,Milford FC,Magesi FC,South Africa - Premiership,Bet365,Correct Score,4-0,,,,,,,,,"{""label"": ""4-0"", ""odds"": ""67.000""}",2026-06-03T04:09:58.635Z
71719762,Football,2026-06-03 15:00,Milford FC,Magesi FC,South Africa - Premiership,Bet365,Correct Score,4-1,,,,,,,,,"{""label"": ""4-1"", ""odds"": ""67.000""}",2026-06-03T04:09:58.635Z
71719762,Football,2026-06-03 15:00,Milford FC,Magesi FC,South Africa - Premiership,Bet365,Correct Score,0-0,,,,,,,,,"{""label"": ""0-0"", ""odds"": ""6.500""}",2026-06-03T04:09:58.635Z
71719762,Football,2026-06-03 15:00,Milford FC,Magesi FC,South Africa - Premiership,Bet365,Correct Score,0-1,,,,,,,,,"{""label"": ""0-1"", ""odds"": ""6.500""}",2026-06-03T04:09:58.635Z
71719762,Football,2026-06-03 15:00,Milford FC,Magesi FC,South Africa - Premiership,Bet365,Correct Score,1-2,,,,,,,,,"{""label"": ""1-2"", ""odds"": ""10.000""}",2026-06-03T04:09:58.635Z
71719762,Football,2026-06-03 15:00,Milford FC,Magesi FC,South Africa - Premiership,Bet365,Correct Score,2-2,,,,,,,,,"{""label"": ""2-2"", ""odds"": ""17.000""}",2026-06-03T04:09:58.635Z
71719762,Football,2026-06-03 15:00,Milford FC,Magesi FC,South Africa - Premiership,Bet365,Correct Score,3-1,,,,,,,,,"{""label"": ""3-1"", ""odds"": ""29.000""}",2026-06-03T04:09:58.635Z
71719762,Football,2026-06-03 15:00,Milford FC,Magesi FC,South Africa - Premiership,Bet365,Correct Score,3-4,,,,,,,,,"{""label"": ""3-4"", ""odds"": ""151.000""}",2026-06-03T04:09:58.635Z
71719762,Football,2026-06-03 15:00,Milford FC,Magesi FC,South Africa - Premiership,Bet365,Correct Score,0-4,,,,,,,,,"{""label"": ""0-4"", ""odds"": ""51.000""}",2026-06-03T04:09:58.635Z
71719762,Football,2026-06-03 15:00,Milford FC,Magesi FC,South Africa - Premiership,Bet365,Correct Score,1-1,,,,,,,,,"{""label"": ""1-1"", ""odds"": ""6.000""}",2026-06-03T04:09:58.635Z
71719762,Football,2026-06-03 15:00,Milford FC,Magesi FC,South Africa - Premiership,Bet365,Correct Score,1-3,,,,,,,,,"{""label"": ""1-3"", ""odds"": ""23.000""}",2026-06-03T04:09:58.635Z
71719762,Football,2026-06-03 15:00,Milford FC,Magesi FC,South Africa - Premiership,Bet365,Correct Score,1-4,,,,,,,,,"{""label"": ""1-4"", ""odds"": ""51.000""}",2026-06-03T04:09:58.635Z
71719762,Football,2026-06-03 15:00,Milford FC,Magesi FC,South Africa - Premiership,Bet365,Correct Score,2-3,,,,,,,,,"{""label"": ""2-3"", ""odds"": ""41.000""}",2026-06-03T04:09:58.635Z
71719762,Football,2026-06-03 15:00,Milford FC,Magesi FC,South Africa - Premiership,Bet365,Correct Score,3-2,,,,,,,,,"{""label"": ""3-2"", ""odds"": ""41.000""}",2026-06-03T04:09:58.635Z
71719762,Football,2026-06-03 15:00,Milford FC,Magesi FC,South Africa - Premiership,Bet365,Correct Score,3-3,,,,,,,,,"{""label"": ""3-3"", ""odds"": ""67.000""}",2026-06-03T04:09:58.635Z
71719762,Football,2026-06-03 15:00,Milford FC,Magesi FC,South Africa - Premiership,Bet365,Alternative Goal Line,,,,,1.115,6.400,,,0.5,"{""hdp"": 0.5, ""over"": ""1.115"", ""under"": ""6.400""}",2026-06-03T07:17:31.379Z
71719762,Football,2026-06-03 15:00,Milford FC,Magesi FC,South Africa - Premiership,Bet365,Alternative Goal Line,,,,,1.130,5.900,,,0.75,"{""hdp"": 0.75, ""over"": ""1.130"", ""under"": ""5.900""}",2026-06-03T07:17:31.379Z
71719762,Football,2026-06-03 15:00,Milford FC,Magesi FC,South Africa - Premiership,Bet365,Alternative Goal Line,,,,,1.160,5.250,,,1,"{""hdp"": 1, ""over"": ""1.160"", ""under"": ""5.250""}",2026-06-03T07:17:31.379Z
71719762,Football,2026-06-03 15:00,Milford FC,Magesi FC,South Africa - Premiership,Bet365,Alternative Goal Line,,,,,1.350,3.100,,,1.25,"{""hdp"": 1.25, ""over"": ""1.350"", ""under"": ""3.100""}",2026-06-03T07:17:31.379Z
71719762,Football,2026-06-03 15:00,Milford FC,Magesi FC,South Africa - Premiership,Bet365,Alternative Goal Line,,,,,1.525,2.425,,,1.5,"{""hdp"": 1.5, ""over"": ""1.525"", ""under"": ""2.425""}",2026-06-03T07:17:31.379Z
71719762,Football,2026-06-03 15:00,Milford FC,Magesi FC,South Africa - Premiership,Bet365,Alternative Goal Line,,,,,1.675,2.150,,,1.75,"{""hdp"": 1.75, ""over"": ""1.675"", ""under"": ""2.150""}",2026-06-03T07:17:31.379Z
71719762,Football,2026-06-03 15:00,Milford FC,Magesi FC,South Africa - Premiership,Bet365,Alternative Goal Line,,,,,2.250,1.625,,,2.25,"{""hdp"": 2.25, ""over"": ""2.250"", ""under"": ""1.625""}",2026-06-03T07:17:31.379Z
71719762,Football,2026-06-03 15:00,Milford FC,Magesi FC,South Africa - Premiership,Bet365,Alternative Goal Line,,,,,2.600,1.475,,,2.5,"{""hdp"": 2.5, ""over"": ""2.600"", ""under"": ""1.475""}",2026-06-03T07:17:31.379Z
71719762,Football,2026-06-03 15:00,Milford FC,Magesi FC,South Africa - Premiership,Bet365,Alternative Goal Line,,,,,3.100,1.350,,,2.75,"{""hdp"": 2.75, ""over"": ""3.100"", ""under"": ""1.350""}",2026-06-03T07:17:31.379Z
71719762,Football,2026-06-03 15:00,Milford FC,Magesi FC,South Africa - Premiership,Bet365,Alternative Goal Line,,,,,4.150,1.220,,,3,"{""hdp"": 3, ""over"": ""4.150"", ""under"": ""1.220""}",2026-06-03T07:17:31.379Z
71719762,Football,2026-06-03 15:00,Milford FC,Magesi FC,South Africa - Premiership,Bet365,Alternative Goal Line,,,,,4.500,1.190,,,3.25,"{""hdp"": 3.25, ""over"": ""4.500"", ""under"": ""1.190""}",2026-06-03T07:17:31.379Z
71719762,Football,2026-06-03 15:00,Milford FC,Magesi FC,South Africa - Premiership,Bet365,Alternative Goal Line,,,,,5.000,1.170,,,3.5,"{""hdp"": 3.5, ""over"": ""5.000"", ""under"": ""1.170""}",2026-06-03T07:17:31.379Z
71719762,Football,2026-06-03 15:00,Milford FC,Magesi FC,South Africa - Premiership,Bet365,Alternative Goal Line,,,,,6.600,1.110,,,3.75,"{""hdp"": 3.75, ""over"": ""6.600"", ""under"": ""1.110""}",2026-06-03T07:17:31.379Z
71719762,Football,2026-06-03 15:00,Milford FC,Magesi FC,South Africa - Premiership,Bet365,Team Total Goals Home,,,,,1.533,2.375,,,0.5,"{""hdp"": 0.5, ""over"": ""1.533"", ""under"": ""2.375""}",2026-06-03T04:00:30.88Z
71719762,Football,2026-06-03 15:00,Milford FC,Magesi FC,South Africa - Premiership,Bet365,Team Total Goals Home,,,,,3.500,1.285,,,1.5,"{""hdp"": 1.5, ""over"": ""3.500"", ""under"": ""1.285""}",2026-06-03T04:00:30.88Z
71719762,Football,2026-06-03 15:00,Milford FC,Magesi FC,South Africa - Premiership,Bet365,Team Total Goals Home,,,,,8.000,1.062,,,2.5,"{""hdp"": 2.5, ""over"": ""8.000"", ""under"": ""1.062""}",2026-06-03T04:00:30.88Z
71719762,Football,2026-06-03 15:00,Milford FC,Magesi FC,South Africa - Premiership,Bet365,Team Total Goals Home,,,,,15.000,1.010,,,3.5,"{""hdp"": 3.5, ""over"": ""15.000"", ""under"": ""1.010""}",2026-06-03T04:00:30.88Z
71719762,Football,2026-06-03 15:00,Milford FC,Magesi FC,South Africa - Premiership,Bet365,Corners 2-Way,,,,,1.727,2.000,,,8.5,"{""hdp"": 8.5, ""over"": ""1.727"", ""under"": ""2.000""}",2026-06-03T02:02:21.802Z
71846000,Football,2026-06-03 17:00,India,Bhutan,"International - SAFF Championship, Women",Bet365,ML,,1.055,13.000,26.000,,,,,,"{""home"": ""1.055"", ""draw"": ""13.000"", ""away"": ""26.000""}",2026-06-03T08:46:10.589Z
71846000,Football,2026-06-03 17:00,India,Bhutan,"International - SAFF Championship, Women",Bet365,Draw No Bet,,1.010,,15.000,,,,,,"{""home"": ""1.010"", ""away"": ""15.000""}",2026-06-03T08:06:55.842Z
71846000,Football,2026-06-03 17:00,India,Bhutan,"International - SAFF Championship, Women",Bet365,Double Chance,India (W) or Draw,,,,,1.012,,,,"{""label"": ""India (W) or Draw"", ""under"": ""1.012""}",2026-06-03T05:16:33.651Z
71846000,Football,2026-06-03 17:00,India,Bhutan,"International - SAFF Championship, Women",Bet365,Double Chance,Draw or Bhutan (W),,,,,5.500,,,,"{""label"": ""Draw or Bhutan (W)"", ""under"": ""5.500""}",2026-06-03T05:16:33.651Z
71846000,Football,2026-06-03 17:00,India,Bhutan,"International - SAFF Championship, Women",Bet365,Double Chance,India (W) or Bhutan (W),,,,,1.040,,,,"{""label"": ""India (W) or Bhutan (W)"", ""under"": ""1.040""}",2026-06-03T05:16:33.651Z
71846000,Football,2026-06-03 17:00,India,Bhutan,"International - SAFF Championship, Women",Bet365,Spread,,1.925,,1.875,,,,,-3.25,"{""hdp"": -3.25, ""home"": ""1.925"", ""away"": ""1.875""}",2026-06-03T08:00:27.457Z
71846000,Football,2026-06-03 17:00,India,Bhutan,"International - SAFF Championship, Women",Bet365,Totals,,,,,1.900,1.900,,,4.25,"{""hdp"": 4.25, ""over"": ""1.900"", ""under"": ""1.900""}",2026-06-03T08:00:27.457Z
71846000,Football,2026-06-03 17:00,India,Bhutan,"International - SAFF Championship, Women",Bet365,Goals Over/Under,,,,,1.166,4.500,,,2.5,"{""hdp"": 2.5, ""over"": ""1.166"", ""under"": ""4.500""}",2026-06-03T08:04:52.348Z
71846000,Football,2026-06-03 17:00,India,Bhutan,"International - SAFF Championship, Women",Bet365,Spread HT,,1.975,,1.825,,,,,-1.25,"{""hdp"": -1.25, ""home"": ""1.975"", ""away"": ""1.825""}",2026-06-03T07:19:01.685Z
71846000,Football,2026-06-03 17:00,India,Bhutan,"International - SAFF Championship, Women",Bet365,Totals HT,,,,,2.000,1.800,,,2,"{""hdp"": 2, ""over"": ""2.000"", ""under"": ""1.800""}",2026-06-03T08:23:54.519Z
71846000,Football,2026-06-03 17:00,India,Bhutan,"International - SAFF Championship, Women",Bet365,Corners Totals,,,,,1.825,1.975,,,10,"{""hdp"": 10, ""over"": ""1.825"", ""under"": ""1.975""}",2026-06-03T00:42:58.197Z
71846000,Football,2026-06-03 17:00,India,Bhutan,"International - SAFF Championship, Women",Bet365,Corners Totals HT,,,,,2.025,1.775,,,5,"{""hdp"": 5, ""over"": ""2.025"", ""under"": ""1.775""}",2026-06-03T00:52:29.507Z
71846000,Football,2026-06-03 17:00,India,Bhutan,"International - SAFF Championship, Women",Bet365,Correct Score,1-0,,,,,,,,,"{""label"": ""1-0"", ""odds"": ""13.000""}",2026-06-03T08:06:55.842Z
71846000,Football,2026-06-03 17:00,India,Bhutan,"International - SAFF Championship, Women",Bet365,Correct Score,1-1,,,,,,,,,"{""label"": ""1-1"", ""odds"": ""23.000""}",2026-06-03T08:06:55.842Z
71846000,Football,2026-06-03 17:00,India,Bhutan,"International - SAFF Championship, Women",Bet365,Correct Score,6-1,,,,,,,,,"{""label"": ""6-1"", ""odds"": ""29.000""}",2026-06-03T08:06:55.842Z
71846000,Football,2026-06-03 17:00,India,Bhutan,"International - SAFF Championship, Women",Bet365,Correct Score,7-1,,,,,,,,,"{""label"": ""7-1"", ""odds"": ""41.000""}",2026-06-03T08:06:55.842Z
71846000,Football,2026-06-03 17:00,India,Bhutan,"International - SAFF Championship, Women",Bet365,Correct Score,8-1,,,,,,,,,"{""label"": ""8-1"", ""odds"": ""67.000""}",2026-06-03T08:06:55.842Z
71846000,Football,2026-06-03 17:00,India,Bhutan,"International - SAFF Championship, Women",Bet365,Correct Score,9-1,,,,,,,,,"{""label"": ""9-1"", ""odds"": ""126.000""}",2026-06-03T08:06:55.842Z
71846000,Football,2026-06-03 17:00,India,Bhutan,"International - SAFF Championship, Women",Bet365,Correct Score,0-0,,,,,,,,,"{""label"": ""0-0"", ""odds"": ""29.000""}",2026-06-03T08:06:55.842Z
71846000,Football,2026-06-03 17:00,India,Bhutan,"International - SAFF Championship, Women",Bet365,Correct Score,0-1,,,,,,,,,"{""label"": ""0-1"", ""odds"": ""51.000""}",2026-06-03T08:06:55.842Z
71846000,Football,2026-06-03 17:00,India,Bhutan,"International - SAFF Championship, Women",Bet365,Correct Score,0-2,,,,,,,,,"{""label"": ""0-2"", ""odds"": ""151.000""}",2026-06-03T08:06:55.842Z
71846000,Football,2026-06-03 17:00,India,Bhutan,"International - SAFF Championship, Women",Bet365,Correct Score,1-2,,,,,,,,,"{""label"": ""1-2"", ""odds"": ""51.000""}",2026-06-03T08:06:55.842Z
71846000,Football,2026-06-03 17:00,India,Bhutan,"International - SAFF Championship, Women",Bet365,Correct Score,2-0,,,,,,,,,"{""label"": ""2-0"", ""odds"": ""7.500""}",2026-06-03T08:06:55.842Z
71846000,Football,2026-06-03 17:00,India,Bhutan,"International - SAFF Championship, Women",Bet365,Correct Score,2-1,,,,,,,,,"{""label"": ""2-1"", ""odds"": ""17.000""}",2026-06-03T08:06:55.842Z
71846000,Football,2026-06-03 17:00,India,Bhutan,"International - SAFF Championship, Women",Bet365,Correct Score,2-2,,,,,,,,,"{""label"": ""2-2"", ""odds"": ""41.000""}",2026-06-03T08:06:55.842Z
71846000,Football,2026-06-03 17:00,India,Bhutan,"International - SAFF Championship, Women",Bet365,Correct Score,2-3,,,,,,,,,"{""label"": ""2-3"", ""odds"": ""151.000""}",2026-06-03T08:06:55.842Z
71846000,Football,2026-06-03 17:00,India,Bhutan,"International - SAFF Championship, Women",Bet365,Correct Score,3-0,,,,,,,,,"{""label"": ""3-0"", ""odds"": ""6.500""}",2026-06-03T08:06:55.842Z
71846000,Football,2026-06-03 17:00,India,Bhutan,"International - SAFF Championship, Women",Bet365,Correct Score,3-1,,,,,,,,,"{""label"": ""3-1"", ""odds"": ""13.000""}",2026-06-03T08:06:55.842Z
71846000,Football,2026-06-03 17:00,India,Bhutan,"International - SAFF Championship, Women",Bet365,Correct Score,3-2,,,,,,,,,"{""label"": ""3-2"", ""odds"": ""41.000""}",2026-06-03T08:06:55.842Z
71846000,Football,2026-06-03 17:00,India,Bhutan,"International - SAFF Championship, Women",Bet365,Correct Score,3-3,,,,,,,,,"{""label"": ""3-3"", ""odds"": ""126.000""}",2026-06-03T08:06:55.842Z
71846000,Football,2026-06-03 17:00,India,Bhutan,"International - SAFF Championship, Women",Bet365,Correct Score,4-0,,,,,,,,,"{""label"": ""4-0"", ""odds"": ""7.000""}",2026-06-03T08:06:55.842Z
71846000,Football,2026-06-03 17:00,India,Bhutan,"International - SAFF Championship, Women",Bet365,Correct Score,4-1,,,,,,,,,"{""label"": ""4-1"", ""odds"": ""15.000""}",2026-06-03T08:06:55.842Z
71846000,Football,2026-06-03 17:00,India,Bhutan,"International - SAFF Championship, Women",Bet365,Correct Score,4-2,,,,,,,,,"{""label"": ""4-2"", ""odds"": ""41.000""}",2026-06-03T08:06:55.842Z
71846000,Football,2026-06-03 17:00,India,Bhutan,"International - SAFF Championship, Women",Bet365,Correct Score,4-3,,,,,,,,,"{""label"": ""4-3"", ""odds"": ""151.000""}",2026-06-03T08:06:55.842Z
71846000,Football,2026-06-03 17:00,India,Bhutan,"International - SAFF Championship, Women",Bet365,Correct Score,5-0,,,,,,,,,"{""label"": ""5-0"", ""odds"": ""9.000""}",2026-06-03T08:06:55.842Z
71846000,Football,2026-06-03 17:00,India,Bhutan,"International - SAFF Championship, Women",Bet365,Correct Score,5-1,,,,,,,,,"{""label"": ""5-1"", ""odds"": ""21.000""}",2026-06-03T08:06:55.842Z
71846000,Football,2026-06-03 17:00,India,Bhutan,"International - SAFF Championship, Women",Bet365,Correct Score,5-2,,,,,,,,,"{""label"": ""5-2"", ""odds"": ""51.000""}",2026-06-03T08:06:55.842Z
71846000,Football,2026-06-03 17:00,India,Bhutan,"International - SAFF Championship, Women",Bet365,Correct Score,6-0,,,,,,,,,"{""label"": ""6-0"", ""odds"": ""13.000""}",2026-06-03T08:06:55.842Z
71846000,Football,2026-06-03 17:00,India,Bhutan,"International - SAFF Championship, Women",Bet365,Correct Score,6-2,,,,,,,,,"{""label"": ""6-2"", ""odds"": ""67.000""}",2026-06-03T08:06:55.842Z
71846000,Football,2026-06-03 17:00,India,Bhutan,"International - SAFF Championship, Women",Bet365,Correct Score,7-0,,,,,,,,,"{""label"": ""7-0"", ""odds"": ""23.000""}",2026-06-03T08:06:55.842Z
71846000,Football,2026-06-03 17:00,India,Bhutan,"International - SAFF Championship, Women",Bet365,Correct Score,7-2,,,,,,,,,"{""label"": ""7-2"", ""odds"": ""126.000""}",2026-06-03T08:06:55.842Z
71846000,Football,2026-06-03 17:00,India,Bhutan,"International - SAFF Championship, Women",Bet365,Correct Score,8-0,,,,,,,,,"{""label"": ""8-0"", ""odds"": ""41.000""}",2026-06-03T08:06:55.842Z
71846000,Football,2026-06-03 17:00,India,Bhutan,"International - SAFF Championship, Women",Bet365,Correct Score,9-0,,,,,,,,,"{""label"": ""9-0"", ""odds"": ""67.000""}",2026-06-03T08:06:55.842Z
71846000,Football,2026-06-03 17:00,India,Bhutan,"International - SAFF Championship, Women",Bet365,Correct Score,10-0,,,,,,,,,"{""label"": ""10-0"", ""odds"": ""126.000""}",2026-06-03T08:06:55.842Z
71846000,Football,2026-06-03 17:00,India,Bhutan,"International - SAFF Championship, Women",Bet365,Corners 2-Way,,,,,2.000,1.727,,,10.5,"{""hdp"": 10.5, ""over"": ""2.000"", ""under"": ""1.727""}",2026-06-02T23:56:35.585Z
71846000,Football,2026-06-03 17:00,India,Bhutan,"International - SAFF Championship, Women",Bet365,Half Time Result,1,,,,,1.222,,,1,"{""label"": ""1"", ""hdp"": 1, ""under"": ""1.222""}",2026-06-03T08:02:40.015Z
71846000,Football,2026-06-03 17:00,India,Bhutan,"International - SAFF Championship, Women",Bet365,Half Time Result,Draw,,,,,4.000,,,,"{""label"": ""Draw"", ""under"": ""4.000""}",2026-06-03T08:02:40.015Z
71846000,Football,2026-06-03 17:00,India,Bhutan,"International - SAFF Championship, Women",Bet365,Half Time Result,2,,,,,19.000,,,2,"{""label"": ""2"", ""hdp"": 2, ""under"": ""19.000""}",2026-06-03T08:02:40.015Z
71846000,Football,2026-06-03 17:00,India,Bhutan,"International - SAFF Championship, Women",Bet365,Corners,,,,,2.000,2.200,,,10,"{""hdp"": 10, ""over"": ""2.000"", ""under"": ""2.200""}",2026-06-02T23:50:50.663Z
71463818,Football,2026-06-03 19:45,America FC RJ,Sao Goncalo EC RJ,"Brazil - Carioca, Serie A2",Bet365,ML,,2.100,2.800,3.600,,,,,,"{""home"": ""2.100"", ""draw"": ""2.800"", ""away"": ""3.600""}",2026-06-03T04:49:14.338Z
71463818,Football,2026-06-03 19:45,America FC RJ,Sao Goncalo EC RJ,"Brazil - Carioca, Serie A2",Bet365,Draw No Bet,,1.500,,2.500,,,,,,"{""home"": ""1.500"", ""away"": ""2.500""}",2026-06-03T07:18:01.596Z
71463818,Football,2026-06-03 19:45,America FC RJ,Sao Goncalo EC RJ,"Brazil - Carioca, Serie A2",Bet365,Double Chance,America RJ or Draw,,,,,1.222,,,,"{""label"": ""America RJ or Draw"", ""under"": ""1.222""}",2026-06-03T08:16:22.008Z
71463818,Football,2026-06-03 19:45,America FC RJ,Sao Goncalo EC RJ,"Brazil - Carioca, Serie A2",Bet365,Double Chance,Draw or Sao Goncalo EC,,,,,1.600,,,,"{""label"": ""Draw or Sao Goncalo EC"", ""under"": ""1.600""}",2026-06-03T08:16:22.008Z
71463818,Football,2026-06-03 19:45,America FC RJ,Sao Goncalo EC RJ,"Brazil - Carioca, Serie A2",Bet365,Double Chance,America RJ or Sao Goncalo EC,,,,,1.333,,,,"{""label"": ""America RJ or Sao Goncalo EC"", ""under"": ""1.333""}",2026-06-03T08:16:22.008Z
71463818,Football,2026-06-03 19:45,America FC RJ,Sao Goncalo EC RJ,"Brazil - Carioca, Serie A2",Bet365,Spread,,1.825,,1.975,,,,,-0.25,"{""hdp"": -0.25, ""home"": ""1.825"", ""away"": ""1.975""}",2026-06-03T04:47:58.959Z
71463818,Football,2026-06-03 19:45,America FC RJ,Sao Goncalo EC RJ,"Brazil - Carioca, Serie A2",Bet365,Totals,,,,,1.825,1.975,,,1.75,"{""hdp"": 1.75, ""over"": ""1.825"", ""under"": ""1.975""}",2026-06-03T01:33:42.224Z
71463818,Football,2026-06-03 19:45,America FC RJ,Sao Goncalo EC RJ,"Brazil - Carioca, Serie A2",Bet365,Goals Over/Under,,,,,2.750,1.400,,,2.5,"{""hdp"": 2.5, ""over"": ""2.750"", ""under"": ""1.400""}",2026-06-02T13:00:32.793Z
71463818,Football,2026-06-03 19:45,America FC RJ,Sao Goncalo EC RJ,"Brazil - Carioca, Serie A2",Bet365,Spread HT,,2.300,,1.600,,,,,-0.25,"{""hdp"": -0.25, ""home"": ""2.300"", ""away"": ""1.600""}",2026-06-03T07:43:46.883Z
71463818,Football,2026-06-03 19:45,America FC RJ,Sao Goncalo EC RJ,"Brazil - Carioca, Serie A2",Bet365,Totals HT,,,,,1.975,1.825,,,0.75,"{""hdp"": 0.75, ""over"": ""1.975"", ""under"": ""1.825""}",2026-06-03T03:28:09.761Z
71463818,Football,2026-06-03 19:45,America FC RJ,Sao Goncalo EC RJ,"Brazil - Carioca, Serie A2",Bet365,Corners Totals,,,,,1.900,1.900,,,9,"{""hdp"": 9, ""over"": ""1.900"", ""under"": ""1.900""}",2026-06-03T00:35:58.264Z
71463818,Football,2026-06-03 19:45,America FC RJ,Sao Goncalo EC RJ,"Brazil - Carioca, Serie A2",Bet365,Corners Totals HT,,,,,1.800,2.000,,,4,"{""hdp"": 4, ""over"": ""1.800"", ""under"": ""2.000""}",2026-06-03T07:15:02.569Z
71463818,Football,2026-06-03 19:45,America FC RJ,Sao Goncalo EC RJ,"Brazil - Carioca, Serie A2",Bet365,Alternative Asian Handicap,,5.750,,1.140,,,,,-1.75,"{""hdp"": -1.75, ""home"": ""5.750"", ""away"": ""1.140""}",2026-06-03T07:27:32.341Z
71463818,Football,2026-06-03 19:45,America FC RJ,Sao Goncalo EC RJ,"Brazil - Carioca, Serie A2",Bet365,Alternative Asian Handicap,,4.250,,1.210,,,,,-1.5,"{""hdp"": -1.5, ""home"": ""4.250"", ""away"": ""1.210""}",2026-06-03T07:27:32.341Z
71463818,Football,2026-06-03 19:45,America FC RJ,Sao Goncalo EC RJ,"Brazil - Carioca, Serie A2",Bet365,Alternative Asian Handicap,,3.800,,1.250,,,,,-1.25,"{""hdp"": -1.25, ""home"": ""3.800"", ""away"": ""1.250""}",2026-06-03T07:27:32.341Z
71463818,Football,2026-06-03 19:45,America FC RJ,Sao Goncalo EC RJ,"Brazil - Carioca, Serie A2",Bet365,Alternative Asian Handicap,,3.450,,1.300,,,,,-1,"{""hdp"": -1, ""home"": ""3.450"", ""away"": ""1.300""}",2026-06-03T07:27:32.341Z
71463818,Football,2026-06-03 19:45,America FC RJ,Sao Goncalo EC RJ,"Brazil - Carioca, Serie A2",Bet365,Alternative Asian Handicap,,2.500,,4.650,,,,,-0.75,"{""hdp"": -0.75, ""home"": ""2.500"", ""away"": ""4.650""}",2026-06-03T07:27:32.341Z
71463818,Football,2026-06-03 19:45,America FC RJ,Sao Goncalo EC RJ,"Brazil - Carioca, Serie A2",Bet365,Alternative Asian Handicap,,2.150,,3.550,,,,,-0.5,"{""hdp"": -0.5, ""home"": ""2.150"", ""away"": ""3.550""}",2026-06-03T07:27:32.341Z
71463818,Football,2026-06-03 19:45,America FC RJ,Sao Goncalo EC RJ,"Brazil - Carioca, Serie A2",Bet365,Alternative Asian Handicap,,1.500,,2.500,,,,,0,"{""hdp"": 0, ""home"": ""1.500"", ""away"": ""2.500""}",2026-06-03T07:27:32.341Z
71463818,Football,2026-06-03 19:45,America FC RJ,Sao Goncalo EC RJ,"Brazil - Carioca, Serie A2",Bet365,Alternative Asian Handicap,,1.350,,3.100,,,,,0.25,"{""hdp"": 0.25, ""home"": ""1.350"", ""away"": ""3.100""}",2026-06-03T07:27:32.341Z
71463818,Football,2026-06-03 19:45,America FC RJ,Sao Goncalo EC RJ,"Brazil - Carioca, Serie A2",Bet365,Alternative Asian Handicap,,1.275,,1.675,,,,,0.5,"{""hdp"": 0.5, ""home"": ""1.275"", ""away"": ""1.675""}",2026-06-03T07:27:32.341Z
71463818,Football,2026-06-03 19:45,America FC RJ,Sao Goncalo EC RJ,"Brazil - Carioca, Serie A2",Bet365,Alternative Asian Handicap,,1.180,,1.500,,,,,0.75,"{""hdp"": 0.75, ""home"": ""1.180"", ""away"": ""1.500""}",2026-06-03T07:27:32.341Z
71463818,Football,2026-06-03 19:45,America FC RJ,Sao Goncalo EC RJ,"Brazil - Carioca, Serie A2",Bet365,Corners 2-Way,,,,,2.100,1.666,,,9.5,"{""hdp"": 9.5, ""over"": ""2.100"", ""under"": ""1.666""}",2026-06-03T00:02:03.559Z
71463818,Football,2026-06-03 19:45,America FC RJ,Sao Goncalo EC RJ,"Brazil - Carioca, Serie A2",Bet365,Corners,,,,,2.100,2.100,,,9,"{""hdp"": 9, ""over"": ""2.100"", ""under"": ""2.100""}",2026-06-02T23:51:06.449Z
71463818,Football,2026-06-03 19:45,America FC RJ,Sao Goncalo EC RJ,"Brazil - Carioca, Serie A2",Bet365,Half Time Result,Draw,,,,,1.833,,,,"{""label"": ""Draw"", ""under"": ""1.833""}",2026-06-03T07:39:02.051Z
71463818,Football,2026-06-03 19:45,America FC RJ,Sao Goncalo EC RJ,"Brazil - Carioca, Serie A2",Bet365,Half Time Result,1,,,,,2.875,,,1,"{""label"": ""1"", ""hdp"": 1, ""under"": ""2.875""}",2026-06-03T07:39:02.051Z
71463818,Football,2026-06-03 19:45,America FC RJ,Sao Goncalo EC RJ,"Brazil - Carioca, Serie A2",Bet365,Half Time Result,2,,,,,4.500,,,2,"{""label"": ""2"", ""hdp"": 2, ""under"": ""4.500""}",2026-06-03T07:39:02.051Z
71463818,Football,2026-06-03 19:45,America FC RJ,Sao Goncalo EC RJ,"Brazil - Carioca, Serie A2",Bet365,Alternative Goal Line,,,,,1.180,4.650,,,0.75,"{""hdp"": 0.75, ""over"": ""1.180"", ""under"": ""4.650""}",2026-06-03T07:42:06.51Z
71463818,Football,2026-06-03 19:45,America FC RJ,Sao Goncalo EC RJ,"Brazil - Carioca, Serie A2",Bet365,Alternative Goal Line,,,,,1.225,4.100,,,1,"{""hdp"": 1, ""over"": ""1.225"", ""under"": ""4.100""}",2026-06-03T07:42:06.51Z
71463818,Football,2026-06-03 19:45,America FC RJ,Sao Goncalo EC RJ,"Brazil - Carioca, Serie A2",Bet365,Alternative Goal Line,,,,,1.150,5.500,,,0.5,"{""hdp"": 0.5, ""over"": ""1.150"", ""under"": ""5.500""}",2026-06-03T07:42:06.51Z
71463818,Football,2026-06-03 19:45,America FC RJ,Sao Goncalo EC RJ,"Brazil - Carioca, Serie A2",Bet365,Alternative Goal Line,,,,,2.150,1.675,,,2,"{""hdp"": 2, ""over"": ""2.150"", ""under"": ""1.675""}",2026-06-03T07:42:06.51Z
71463818,Football,2026-06-03 19:45,America FC RJ,Sao Goncalo EC RJ,"Brazil - Carioca, Serie A2",Bet365,Alternative Goal Line,,,,,2.500,1.500,,,2.25,"{""hdp"": 2.25, ""over"": ""2.500"", ""under"": ""1.500""}",2026-06-03T07:42:06.51Z
71463818,Football,2026-06-03 19:45,America FC RJ,Sao Goncalo EC RJ,"Brazil - Carioca, Serie A2",Bet365,Alternative Goal Line,,,,,3.550,1.275,,,2.75,"{""hdp"": 2.75, ""over"": ""3.550"", ""under"": ""1.275""}",2026-06-03T07:42:06.51Z
71463818,Football,2026-06-03 19:45,America FC RJ,Sao Goncalo EC RJ,"Brazil - Carioca, Serie A2",Bet365,Alternative Goal Line,,,,,4.800,1.175,,,3,"{""hdp"": 3, ""over"": ""4.800"", ""under"": ""1.175""}",2026-06-03T07:42:06.51Z
71463818,Football,2026-06-03 19:45,America FC RJ,Sao Goncalo EC RJ,"Brazil - Carioca, Serie A2",Bet365,Alternative Goal Line,,,,,5.500,1.150,,,3.25,"{""hdp"": 3.25, ""over"": ""5.500"", ""under"": ""1.150""}",2026-06-03T07:42:06.51Z
71463818,Football,2026-06-03 19:45,America FC RJ,Sao Goncalo EC RJ,"Brazil - Carioca, Serie A2",Bet365,Alternative Goal Line,,,,,1.425,2.750,,,1.25,"{""hdp"": 1.25, ""over"": ""1.425"", ""under"": ""2.750""}",2026-06-03T07:42:06.51Z
71463818,Football,2026-06-03 19:45,America FC RJ,Sao Goncalo EC RJ,"Brazil - Carioca, Serie A2",Bet365,Alternative Goal Line,,,,,1.625,2.250,,,1.5,"{""hdp"": 1.5, ""over"": ""1.625"", ""under"": ""2.250""}",2026-06-03T07:42:06.51Z
71463818,Football,2026-06-03 19:45,America FC RJ,Sao Goncalo EC RJ,"Brazil - Carioca, Serie A2",Bet365,Alternative Goal Line,,,,,2.850,1.400,,,2.5,"{""hdp"": 2.5, ""over"": ""2.850"", ""under"": ""1.400""}",2026-06-03T07:42:06.51Z
71463818,Football,2026-06-03 19:45,America FC RJ,Sao Goncalo EC RJ,"Brazil - Carioca, Serie A2",Bet365,Alternative Goal Line,,,,,5.750,1.140,,,3.5,"{""hdp"": 3.5, ""over"": ""5.750"", ""under"": ""1.140""}",2026-06-03T07:42:06.51Z
71463818,Football,2026-06-03 19:45,America FC RJ,Sao Goncalo EC RJ,"Brazil - Carioca, Serie A2",Bet365,Correct Score,0-0,,,,,,,,,"{""label"": ""0-0"", ""odds"": ""5.000""}",2026-06-03T07:18:01.596Z
71463818,Football,2026-06-03 19:45,America FC RJ,Sao Goncalo EC RJ,"Brazil - Carioca, Serie A2",Bet365,Correct Score,1-3,,,,,,,,,"{""label"": ""1-3"", ""odds"": ""41.000""}",2026-06-03T07:18:01.596Z
71463818,Football,2026-06-03 19:45,America FC RJ,Sao Goncalo EC RJ,"Brazil - Carioca, Serie A2",Bet365,Correct Score,3-2,,,,,,,,,"{""label"": ""3-2"", ""odds"": ""51.000""}",2026-06-03T07:18:01.596Z
71463818,Football,2026-06-03 19:45,America FC RJ,Sao Goncalo EC RJ,"Brazil - Carioca, Serie A2",Bet365,Correct Score,2-1,,,,,,,,,"{""label"": ""2-1"", ""odds"": ""12.000""}",2026-06-03T07:18:01.596Z
71463818,Football,2026-06-03 19:45,America FC RJ,Sao Goncalo EC RJ,"Brazil - Carioca, Serie A2",Bet365,Correct Score,0-1,,,,,,,,,"{""label"": ""0-1"", ""odds"": ""8.000""}",2026-06-03T07:18:01.596Z
71463818,Football,2026-06-03 19:45,America FC RJ,Sao Goncalo EC RJ,"Brazil - Carioca, Serie A2",Bet365,Correct Score,0-2,,,,,,,,,"{""label"": ""0-2"", ""odds"": ""17.000""}",2026-06-03T07:18:01.596Z
71463818,Football,2026-06-03 19:45,America FC RJ,Sao Goncalo EC RJ,"Brazil - Carioca, Serie A2",Bet365,Correct Score,0-3,,,,,,,,,"{""label"": ""0-3"", ""odds"": ""34.000""}",2026-06-03T07:18:01.596Z
71463818,Football,2026-06-03 19:45,America FC RJ,Sao Goncalo EC RJ,"Brazil - Carioca, Serie A2",Bet365,Correct Score,0-4,,,,,,,,,"{""label"": ""0-4"", ""odds"": ""67.000""}",2026-06-03T07:18:01.596Z
71463818,Football,2026-06-03 19:45,America FC RJ,Sao Goncalo EC RJ,"Brazil - Carioca, Serie A2",Bet365,Correct Score,1-0,,,,,,,,,"{""label"": ""1-0"", ""odds"": ""5.500""}",2026-06-03T07:18:01.596Z
71463818,Football,2026-06-03 19:45,America FC RJ,Sao Goncalo EC RJ,"Brazil - Carioca, Serie A2",Bet365,Correct Score,1-1,,,,,,,,,"{""label"": ""1-1"", ""odds"": ""6.500""}",2026-06-03T07:18:01.596Z
71463818,Football,2026-06-03 19:45,America FC RJ,Sao Goncalo EC RJ,"Brazil - Carioca, Serie A2",Bet365,Correct Score,1-2,,,,,,,,,"{""label"": ""1-2"", ""odds"": ""17.000""}",2026-06-03T07:18:01.596Z
71463818,Football,2026-06-03 19:45,America FC RJ,Sao Goncalo EC RJ,"Brazil - Carioca, Serie A2",Bet365,Correct Score,1-4,,,,,,,,,"{""label"": ""1-4"", ""odds"": ""81.000""}",2026-06-03T07:18:01.596Z
71463818,Football,2026-06-03 19:45,America FC RJ,Sao Goncalo EC RJ,"Brazil - Carioca, Serie A2",Bet365,Correct Score,2-0,,,,,,,,,"{""label"": ""2-0"", ""odds"": ""8.500""}",2026-06-03T07:18:01.596Z
71463818,Football,2026-06-03 19:45,America FC RJ,Sao Goncalo EC RJ,"Brazil - Carioca, Serie A2",Bet365,Correct Score,2-2,,,,,,,,,"{""label"": ""2-2"", ""odds"": ""23.000""}",2026-06-03T07:18:01.596Z
71463818,Football,2026-06-03 19:45,America FC RJ,Sao Goncalo EC RJ,"Brazil - Carioca, Serie A2",Bet365,Correct Score,2-3,,,,,,,,,"{""label"": ""2-3"", ""odds"": ""51.000""}",2026-06-03T07:18:01.596Z
71463818,Football,2026-06-03 19:45,America FC RJ,Sao Goncalo EC RJ,"Brazil - Carioca, Serie A2",Bet365,Correct Score,3-0,,,,,,,,,"{""label"": ""3-0"", ""odds"": ""17.000""}",2026-06-03T07:18:01.596Z
71463818,Football,2026-06-03 19:45,America FC RJ,Sao Goncalo EC RJ,"Brazil - Carioca, Serie A2",Bet365,Correct Score,3-1,,,,,,,,,"{""label"": ""3-1"", ""odds"": ""26.000""}",2026-06-03T07:18:01.596Z
71463818,Football,2026-06-03 19:45,America FC RJ,Sao Goncalo EC RJ,"Brazil - Carioca, Serie A2",Bet365,Correct Score,4-0,,,,,,,,,"{""label"": ""4-0"", ""odds"": ""41.000""}",2026-06-03T07:18:01.596Z
71463818,Football,2026-06-03 19:45,America FC RJ,Sao Goncalo EC RJ,"Brazil - Carioca, Serie A2",Bet365,Correct Score,4-1,,,,,,,,,"{""label"": ""4-1"", ""odds"": ""51.000""}",2026-06-03T07:18:01.596Z
71463818,Football,2026-06-03 19:45,America FC RJ,Sao Goncalo EC RJ,"Brazil - Carioca, Serie A2",Bet365,Correct Score,5-0,,,,,,,,,"{""label"": ""5-0"", ""odds"": ""67.000""}",2026-06-03T07:18:01.596Z
71463918,Football,2026-06-03 19:45,Araruama FC RJ,Marica FC RJ,"Brazil - Carioca, Serie A2",Bet365,ML,,3.700,3.000,2.050,,,,,,"{""home"": ""3.700"", ""draw"": ""3.000"", ""away"": ""2.050""}",2026-06-03T02:45:36.696Z
71463918,Football,2026-06-03 19:45,Araruama FC RJ,Marica FC RJ,"Brazil - Carioca, Serie A2",Bet365,Draw No Bet,,2.625,,1.444,,,,,,"{""home"": ""2.625"", ""away"": ""1.444""}",2026-06-03T05:27:48.62Z
71463918,Football,2026-06-03 19:45,Araruama FC RJ,Marica FC RJ,"Brazil - Carioca, Serie A2",Bet365,Double Chance,Draw or Marica,,,,,1.285,,,,"{""label"": ""Draw or Marica"", ""under"": ""1.285""}",2026-06-03T05:23:03.271Z
71463918,Football,2026-06-03 19:45,Araruama FC RJ,Marica FC RJ,"Brazil - Carioca, Serie A2",Bet365,Double Chance,Araruama FC or Marica,,,,,1.363,,,,"{""label"": ""Araruama FC or Marica"", ""under"": ""1.363""}",2026-06-03T05:23:03.271Z
71463918,Football,2026-06-03 19:45,Araruama FC RJ,Marica FC RJ,"Brazil - Carioca, Serie A2",Bet365,Double Chance,Araruama FC or Draw,,,,,1.727,,,,"{""label"": ""Araruama FC or Draw"", ""under"": ""1.727""}",2026-06-03T05:23:03.271Z
71463918,Football,2026-06-03 19:45,Araruama FC RJ,Marica FC RJ,"Brazil - Carioca, Serie A2",Bet365,Spread,,2.025,,1.775,,,,,0.25,"{""hdp"": 0.25, ""home"": ""2.025"", ""away"": ""1.775""}",2026-06-03T02:45:36.696Z
71463918,Football,2026-06-03 19:45,Araruama FC RJ,Marica FC RJ,"Brazil - Carioca, Serie A2",Bet365,Totals,,,,,2.050,1.750,,,2,"{""hdp"": 2, ""over"": ""2.050"", ""under"": ""1.750""}",2026-06-03T02:45:36.696Z
71463918,Football,2026-06-03 19:45,Araruama FC RJ,Marica FC RJ,"Brazil - Carioca, Serie A2",Bet365,Goals Over/Under,,,,,2.625,1.444,,,2.5,"{""hdp"": 2.5, ""over"": ""2.625"", ""under"": ""1.444""}",2026-06-02T13:00:32.793Z
71463918,Football,2026-06-03 19:45,Araruama FC RJ,Marica FC RJ,"Brazil - Carioca, Serie A2",Bet365,Spread HT,,1.650,,2.200,,,,,0.25,"{""hdp"": 0.25, ""home"": ""1.650"", ""away"": ""2.200""}",2026-06-03T05:17:18.889Z
71463918,Football,2026-06-03 19:45,Araruama FC RJ,Marica FC RJ,"Brazil - Carioca, Serie A2",Bet365,Totals HT,,,,,1.900,1.900,,,0.75,"{""hdp"": 0.75, ""over"": ""1.900"", ""under"": ""1.900""}",2026-06-03T06:23:12.952Z
71463918,Football,2026-06-03 19:45,Araruama FC RJ,Marica FC RJ,"Brazil - Carioca, Serie A2",Bet365,Alternative Asian Handicap,,4.650,,2.425,,,,,-0.75,"{""hdp"": -0.75, ""home"": ""4.650"", ""away"": ""2.425""}",2026-06-03T05:02:04.625Z
71463918,Football,2026-06-03 19:45,Araruama FC RJ,Marica FC RJ,"Brazil - Carioca, Serie A2",Bet365,Alternative Asian Handicap,,3.550,,2.075,,,,,-0.5,"{""hdp"": -0.5, ""home"": ""3.550"", ""away"": ""2.075""}",2026-06-03T05:02:04.625Z
71463918,Football,2026-06-03 19:45,Araruama FC RJ,Marica FC RJ,"Brazil - Carioca, Serie A2",Bet365,Alternative Asian Handicap,,3.100,,1.350,,,,,-0.25,"{""hdp"": -0.25, ""home"": ""3.100"", ""away"": ""1.350""}",2026-06-03T05:02:04.625Z
71463918,Football,2026-06-03 19:45,Araruama FC RJ,Marica FC RJ,"Brazil - Carioca, Serie A2",Bet365,Alternative Asian Handicap,,2.600,,1.475,,,,,0,"{""hdp"": 0, ""home"": ""2.600"", ""away"": ""1.475""}",2026-06-03T05:02:04.625Z
71463918,Football,2026-06-03 19:45,Araruama FC RJ,Marica FC RJ,"Brazil - Carioca, Serie A2",Bet365,Alternative Asian Handicap,,1.725,,1.275,,,,,0.5,"{""hdp"": 0.5, ""home"": ""1.725"", ""away"": ""1.275""}",2026-06-03T05:02:04.625Z
71463918,Football,2026-06-03 19:45,Araruama FC RJ,Marica FC RJ,"Brazil - Carioca, Serie A2",Bet365,Alternative Asian Handicap,,1.525,,1.180,,,,,0.75,"{""hdp"": 0.75, ""home"": ""1.525"", ""away"": ""1.180""}",2026-06-03T05:02:04.625Z
71463918,Football,2026-06-03 19:45,Araruama FC RJ,Marica FC RJ,"Brazil - Carioca, Serie A2",Bet365,Alternative Asian Handicap,,1.350,,3.100,,,,,1,"{""hdp"": 1, ""home"": ""1.350"", ""away"": ""3.100""}",2026-06-03T05:02:04.625Z
71463918,Football,2026-06-03 19:45,Araruama FC RJ,Marica FC RJ,"Brazil - Carioca, Serie A2",Bet365,Alternative Asian Handicap,,1.275,,3.550,,,,,1.25,"{""hdp"": 1.25, ""home"": ""1.275"", ""away"": ""3.550""}",2026-06-03T05:02:04.625Z
71463918,Football,2026-06-03 19:45,Araruama FC RJ,Marica FC RJ,"Brazil - Carioca, Serie A2",Bet365,Alternative Asian Handicap,,1.230,,4.000,,,,,1.5,"{""hdp"": 1.5, ""home"": ""1.230"", ""away"": ""4.000""}",2026-06-03T05:02:04.625Z
71463918,Football,2026-06-03 19:45,Araruama FC RJ,Marica FC RJ,"Brazil - Carioca, Serie A2",Bet365,Alternative Asian Handicap,,1.160,,5.250,,,,,1.75,"{""hdp"": 1.75, ""home"": ""1.160"", ""away"": ""5.250""}",2026-06-03T05:02:04.625Z
71463918,Football,2026-06-03 19:45,Araruama FC RJ,Marica FC RJ,"Brazil - Carioca, Serie A2",Bet365,Alternative Goal Line,,,,,1.375,3.000,,,1.25,"{""hdp"": 1.25, ""over"": ""1.375"", ""under"": ""3.000""}",2026-06-03T03:36:21.137Z
71463918,Football,2026-06-03 19:45,Araruama FC RJ,Marica FC RJ,"Brazil - Carioca, Serie A2",Bet365,Alternative Goal Line,,,,,1.575,2.350,,,1.5,"{""hdp"": 1.5, ""over"": ""1.575"", ""under"": ""2.350""}",2026-06-03T03:36:21.137Z
71463918,Football,2026-06-03 19:45,Araruama FC RJ,Marica FC RJ,"Brazil - Carioca, Serie A2",Bet365,Alternative Goal Line,,,,,2.675,1.450,,,2.5,"{""hdp"": 2.5, ""over"": ""2.675"", ""under"": ""1.450""}",2026-06-03T03:36:21.137Z
71463918,Football,2026-06-03 19:45,Araruama FC RJ,Marica FC RJ,"Brazil - Carioca, Serie A2",Bet365,Alternative Goal Line,,,,,3.300,1.325,,,2.75,"{""hdp"": 2.75, ""over"": ""3.300"", ""under"": ""1.325""}",2026-06-03T03:36:21.137Z
71463918,Football,2026-06-03 19:45,Araruama FC RJ,Marica FC RJ,"Brazil - Carioca, Serie A2",Bet365,Alternative Goal Line,,,,,6.800,1.105,,,3.75,"{""hdp"": 3.75, ""over"": ""6.800"", ""under"": ""1.105""}",2026-06-03T03:36:21.137Z
71463918,Football,2026-06-03 19:45,Araruama FC RJ,Marica FC RJ,"Brazil - Carioca, Serie A2",Bet365,Alternative Goal Line,,,,,1.160,5.250,,,0.75,"{""hdp"": 0.75, ""over"": ""1.160"", ""under"": ""5.250""}",2026-06-03T03:36:21.137Z
71463918,Football,2026-06-03 19:45,Araruama FC RJ,Marica FC RJ,"Brazil - Carioca, Serie A2",Bet365,Alternative Goal Line,,,,,1.200,4.400,,,1,"{""hdp"": 1, ""over"": ""1.200"", ""under"": ""4.400""}",2026-06-03T03:36:21.137Z
71463918,Football,2026-06-03 19:45,Araruama FC RJ,Marica FC RJ,"Brazil - Carioca, Serie A2",Bet365,Alternative Goal Line,,,,,1.750,2.050,,,1.75,"{""hdp"": 1.75, ""over"": ""1.750"", ""under"": ""2.050""}",2026-06-03T03:36:21.137Z
71463918,Football,2026-06-03 19:45,Araruama FC RJ,Marica FC RJ,"Brazil - Carioca, Serie A2",Bet365,Alternative Goal Line,,,,,2.375,1.550,,,2.25,"{""hdp"": 2.25, ""over"": ""2.375"", ""under"": ""1.550""}",2026-06-03T03:36:21.137Z
71463918,Football,2026-06-03 19:45,Araruama FC RJ,Marica FC RJ,"Brazil - Carioca, Serie A2",Bet365,Alternative Goal Line,,,,,4.400,1.200,,,3,"{""hdp"": 3, ""over"": ""4.400"", ""under"": ""1.200""}",2026-06-03T03:36:21.137Z
71463918,Football,2026-06-03 19:45,Araruama FC RJ,Marica FC RJ,"Brazil - Carioca, Serie A2",Bet365,Alternative Goal Line,,,,,4.800,1.175,,,3.25,"{""hdp"": 3.25, ""over"": ""4.800"", ""under"": ""1.175""}",2026-06-03T03:36:21.137Z
71463918,Football,2026-06-03 19:45,Araruama FC RJ,Marica FC RJ,"Brazil - Carioca, Serie A2",Bet365,Alternative Goal Line,,,,,5.500,1.150,,,3.5,"{""hdp"": 3.5, ""over"": ""5.500"", ""under"": ""1.150""}",2026-06-03T03:36:21.137Z
71463918,Football,2026-06-03 19:45,Araruama FC RJ,Marica FC RJ,"Brazil - Carioca, Serie A2",Bet365,Correct Score,0-0,,,,,,,,,"{""label"": ""0-0"", ""odds"": ""5.500""}",2026-06-03T05:27:48.62Z
71463918,Football,2026-06-03 19:45,Araruama FC RJ,Marica FC RJ,"Brazil - Carioca, Serie A2",Bet365,Correct Score,1-4,,,,,,,,,"{""label"": ""1-4"", ""odds"": ""41.000""}",2026-06-03T05:27:48.62Z
71463918,Football,2026-06-03 19:45,Araruama FC RJ,Marica FC RJ,"Brazil - Carioca, Serie A2",Bet365,Correct Score,2-3,,,,,,,,,"{""label"": ""2-3"", ""odds"": ""41.000""}",2026-06-03T05:27:48.62Z
71463918,Football,2026-06-03 19:45,Araruama FC RJ,Marica FC RJ,"Brazil - Carioca, Serie A2",Bet365,Correct Score,2-4,,,,,,,,,"{""label"": ""2-4"", ""odds"": ""81.000""}",2026-06-03T05:27:48.62Z
71463918,Football,2026-06-03 19:45,Araruama FC RJ,Marica FC RJ,"Brazil - Carioca, Serie A2",Bet365,Correct Score,3-0,,,,,,,,,"{""label"": ""3-0"", ""odds"": ""41.000""}",2026-06-03T05:27:48.62Z
71463918,Football,2026-06-03 19:45,Araruama FC RJ,Marica FC RJ,"Brazil - Carioca, Serie A2",Bet365,Correct Score,3-1,,,,,,,,,"{""label"": ""3-1"", ""odds"": ""41.000""}",2026-06-03T05:27:48.62Z
71463918,Football,2026-06-03 19:45,Araruama FC RJ,Marica FC RJ,"Brazil - Carioca, Serie A2",Bet365,Correct Score,3-2,,,,,,,,,"{""label"": ""3-2"", ""odds"": ""51.000""}",2026-06-03T05:27:48.62Z
71463918,Football,2026-06-03 19:45,Araruama FC RJ,Marica FC RJ,"Brazil - Carioca, Serie A2",Bet365,Correct Score,0-1,,,,,,,,,"{""label"": ""0-1"", ""odds"": ""5.500""}",2026-06-03T05:27:48.62Z
71463918,Football,2026-06-03 19:45,Araruama FC RJ,Marica FC RJ,"Brazil - Carioca, Serie A2",Bet365,Correct Score,0-2,,,,,,,,,"{""label"": ""0-2"", ""odds"": ""8.500""}",2026-06-03T05:27:48.62Z
71463918,Football,2026-06-03 19:45,Araruama FC RJ,Marica FC RJ,"Brazil - Carioca, Serie A2",Bet365,Correct Score,0-3,,,,,,,,,"{""label"": ""0-3"", ""odds"": ""17.000""}",2026-06-03T05:27:48.62Z
71463918,Football,2026-06-03 19:45,Araruama FC RJ,Marica FC RJ,"Brazil - Carioca, Serie A2",Bet365,Correct Score,0-4,,,,,,,,,"{""label"": ""0-4"", ""odds"": ""34.000""}",2026-06-03T05:27:48.62Z
71463918,Football,2026-06-03 19:45,Araruama FC RJ,Marica FC RJ,"Brazil - Carioca, Serie A2",Bet365,Correct Score,0-5,,,,,,,,,"{""label"": ""0-5"", ""odds"": ""67.000""}",2026-06-03T05:27:48.62Z
71463918,Football,2026-06-03 19:45,Araruama FC RJ,Marica FC RJ,"Brazil - Carioca, Serie A2",Bet365,Correct Score,1-0,,,,,,,,,"{""label"": ""1-0"", ""odds"": ""8.500""}",2026-06-03T05:27:48.62Z
71463918,Football,2026-06-03 19:45,Araruama FC RJ,Marica FC RJ,"Brazil - Carioca, Serie A2",Bet365,Correct Score,1-1,,,,,,,,,"{""label"": ""1-1"", ""odds"": ""6.500""}",2026-06-03T05:27:48.62Z
71463918,Football,2026-06-03 19:45,Araruama FC RJ,Marica FC RJ,"Brazil - Carioca, Serie A2",Bet365,Correct Score,1-2,,,,,,,,,"{""label"": ""1-2"", ""odds"": ""12.000""}",2026-06-03T05:27:48.62Z
71463918,Football,2026-06-03 19:45,Araruama FC RJ,Marica FC RJ,"Brazil - Carioca, Serie A2",Bet365,Correct Score,1-3,,,,,,,,,"{""label"": ""1-3"", ""odds"": ""23.000""}",2026-06-03T05:27:48.62Z
71463918,Football,2026-06-03 19:45,Araruama FC RJ,Marica FC RJ,"Brazil - Carioca, Serie A2",Bet365,Correct Score,2-0,,,,,,,,,"{""label"": ""2-0"", ""odds"": ""17.000""}",2026-06-03T05:27:48.62Z
71463918,Football,2026-06-03 19:45,Araruama FC RJ,Marica FC RJ,"Brazil - Carioca, Serie A2",Bet365,Correct Score,2-1,,,,,,,,,"{""label"": ""2-1"", ""odds"": ""17.000""}",2026-06-03T05:27:48.62Z
71463918,Football,2026-06-03 19:45,Araruama FC RJ,Marica FC RJ,"Brazil - Carioca, Serie A2",Bet365,Correct Score,2-2,,,,,,,,,"{""label"": ""2-2"", ""odds"": ""23.000""}",2026-06-03T05:27:48.62Z
71463918,Football,2026-06-03 19:45,Araruama FC RJ,Marica FC RJ,"Brazil - Carioca, Serie A2",Bet365,Correct Score,3-3,,,,,,,,,"{""label"": ""3-3"", ""odds"": ""81.000""}",2026-06-03T05:27:48.62Z
71463918,Football,2026-06-03 19:45,Araruama FC RJ,Marica FC RJ,"Brazil - Carioca, Serie A2",Bet365,Correct Score,4-0,,,,,,,,,"{""label"": ""4-0"", ""odds"": ""67.000""}",2026-06-03T05:27:48.62Z
71463918,Football,2026-06-03 19:45,Araruama FC RJ,Marica FC RJ,"Brazil - Carioca, Serie A2",Bet365,Correct Score,4-1,,,,,,,,,"{""label"": ""4-1"", ""odds"": ""81.000""}",2026-06-03T05:27:48.62Z
71463918,Football,2026-06-03 19:45,Araruama FC RJ,Marica FC RJ,"Brazil - Carioca, Serie A2",Bet365,Half Time Result,1,,,,,4.500,,,1,"{""label"": ""1"", ""hdp"": 1, ""under"": ""4.500""}",2026-06-03T05:01:18.129Z
71463918,Football,2026-06-03 19:45,Araruama FC RJ,Marica FC RJ,"Brazil - Carioca, Serie A2",Bet365,Half Time Result,2,,,,,2.750,,,2,"{""label"": ""2"", ""hdp"": 2, ""under"": ""2.750""}",2026-06-03T05:01:18.129Z
71463918,Football,2026-06-03 19:45,Araruama FC RJ,Marica FC RJ,"Brazil - Carioca, Serie A2",Bet365,Half Time Result,Draw,,,,,1.909,,,,"{""label"": ""Draw"", ""under"": ""1.909""}",2026-06-03T05:01:18.129Z
67122996,Football,2026-06-03 20:30,Sacachispas FC,AD Berazategui,Argentina - Primera C,Bet365,ML,,3.250,2.750,2.250,,,,,,"{""home"": ""3.250"", ""draw"": ""2.750"", ""away"": ""2.250""}",2026-06-03T07:02:21.467Z
67122996,Football,2026-06-03 20:30,Sacachispas FC,AD Berazategui,Argentina - Primera C,Bet365,Draw No Bet,,2.375,,1.533,,,,,,"{""home"": ""2.375"", ""away"": ""1.533""}",2026-06-03T08:27:10.358Z
67122996,Football,2026-06-03 20:30,Sacachispas FC,AD Berazategui,Argentina - Primera C,Bet365,Double Chance,Sacachispas or Draw,,,,,1.533,,,,"{""label"": ""Sacachispas or Draw"", ""under"": ""1.533""}",2026-06-03T00:43:56.287Z
67122996,Football,2026-06-03 20:30,Sacachispas FC,AD Berazategui,Argentina - Primera C,Bet365,Double Chance,Draw or Berazategui,,,,,1.250,,,,"{""label"": ""Draw or Berazategui"", ""under"": ""1.250""}",2026-06-03T00:43:56.287Z
67122996,Football,2026-06-03 20:30,Sacachispas FC,AD Berazategui,Argentina - Primera C,Bet365,Double Chance,Sacachispas or Berazategui,,,,,1.363,,,,"{""label"": ""Sacachispas or Berazategui"", ""under"": ""1.363""}",2026-06-03T00:43:56.287Z
67122996,Football,2026-06-03 20:30,Sacachispas FC,AD Berazategui,Argentina - Primera C,Bet365,Spread,,1.825,,1.975,,,,,0.25,"{""hdp"": 0.25, ""home"": ""1.825"", ""away"": ""1.975""}",2026-06-03T07:09:33.275Z
67122996,Football,2026-06-03 20:30,Sacachispas FC,AD Berazategui,Argentina - Primera C,Bet365,Totals,,,,,2.000,1.800,,,2,"{""hdp"": 2, ""over"": ""2.000"", ""under"": ""1.800""}",2026-06-03T07:00:23.208Z
67122996,Football,2026-06-03 20:30,Sacachispas FC,AD Berazategui,Argentina - Primera C,Bet365,Goals Over/Under,,,,,2.625,1.444,,,2.5,"{""hdp"": 2.5, ""over"": ""2.625"", ""under"": ""1.444""}",2026-06-03T00:19:56.341Z
67122996,Football,2026-06-03 20:30,Sacachispas FC,AD Berazategui,Argentina - Primera C,Bet365,Both Teams To Score,,,,,,,2.200,1.615,,"{""yes"": ""2.200"", ""no"": ""1.615""}",2026-06-03T00:19:56.341Z
67122996,Football,2026-06-03 20:30,Sacachispas FC,AD Berazategui,Argentina - Primera C,Bet365,Spread HT,,2.250,,1.625,,,,,0,"{""hdp"": 0, ""home"": ""2.250"", ""away"": ""1.625""}",2026-06-03T06:45:15.657Z
67122996,Football,2026-06-03 20:30,Sacachispas FC,AD Berazategui,Argentina - Primera C,Bet365,Totals HT,,,,,1.850,1.950,,,0.75,"{""hdp"": 0.75, ""over"": ""1.850"", ""under"": ""1.950""}",2026-06-03T08:10:07.664Z
67122996,Football,2026-06-03 20:30,Sacachispas FC,AD Berazategui,Argentina - Primera C,Bet365,European Handicap,,1.550,,,,,,,1,"{""hdp"": 1, ""home"": ""1.550""}",2026-06-03T08:46:54.137Z
67122996,Football,2026-06-03 20:30,Sacachispas FC,AD Berazategui,Argentina - Primera C,Bet365,European Handicap,,,3.750,4.500,,,,,-1,"{""hdp"": -1, ""draw"": ""3.750"", ""away"": ""4.500""}",2026-06-03T08:46:54.137Z
67122996,Football,2026-06-03 20:30,Sacachispas FC,AD Berazategui,Argentina - Primera C,Bet365,Corners Totals,,,,,2.000,1.800,,,8,"{""hdp"": 8, ""over"": ""2.000"", ""under"": ""1.800""}",2026-06-03T01:38:59.097Z
67122996,Football,2026-06-03 20:30,Sacachispas FC,AD Berazategui,Argentina - Primera C,Bet365,Corners Totals HT,,,,,1.850,1.950,,,3.5,"{""hdp"": 3.5, ""over"": ""1.850"", ""under"": ""1.950""}",2026-06-03T01:29:15.713Z
67122996,Football,2026-06-03 20:30,Sacachispas FC,AD Berazategui,Argentina - Primera C,Bet365,Number of Goals In Match,Under 2 goals,,,,,2.500,,,,"{""label"": ""Under 2 goals"", ""under"": ""2.500""}",2026-06-03T07:24:04.385Z
67122996,Football,2026-06-03 20:30,Sacachispas FC,AD Berazategui,Argentina - Primera C,Bet365,Number of Goals In Match,Over 3 goals,,,,4.500,,,,,"{""label"": ""Over 3 goals"", ""over"": ""4.500""}",2026-06-03T07:24:04.385Z
67122996,Football,2026-06-03 20:30,Sacachispas FC,AD Berazategui,Argentina - Primera C,Bet365,Number of Goals In Match,2 or 3 goals,,,,,2.000,,,,"{""label"": ""2 or 3 goals"", ""under"": ""2.000""}",2026-06-03T07:24:04.385Z
67122996,Football,2026-06-03 20:30,Sacachispas FC,AD Berazategui,Argentina - Primera C,Bet365,Alternative Total Goals,,,,,1.111,6.000,,,0.5,"{""hdp"": 0.5, ""over"": ""1.111"", ""under"": ""6.000""}",2026-06-03T06:24:41.578Z
67122996,Football,2026-06-03 20:30,Sacachispas FC,AD Berazategui,Argentina - Primera C,Bet365,Alternative Total Goals,,,,,9.000,1.040,,,4.5,"{""hdp"": 4.5, ""over"": ""9.000"", ""under"": ""1.040""}",2026-06-03T06:24:41.578Z
67122996,Football,2026-06-03 20:30,Sacachispas FC,AD Berazategui,Argentina - Primera C,Bet365,Alternative Total Goals,,,,,15.000,1.010,,,5.5,"{""hdp"": 5.5, ""over"": ""15.000"", ""under"": ""1.010""}",2026-06-03T06:24:41.578Z
67122996,Football,2026-06-03 20:30,Sacachispas FC,AD Berazategui,Argentina - Primera C,Bet365,Alternative Total Goals,,,,,21.000,1.002,,,6.5,"{""hdp"": 6.5, ""over"": ""21.000"", ""under"": ""1.002""}",2026-06-03T06:24:41.578Z
67122996,Football,2026-06-03 20:30,Sacachispas FC,AD Berazategui,Argentina - Primera C,Bet365,Alternative Total Goals,,,,,1.500,2.500,,,1.5,"{""hdp"": 1.5, ""over"": ""1.500"", ""under"": ""2.500""}",2026-06-03T06:24:41.578Z
67122996,Football,2026-06-03 20:30,Sacachispas FC,AD Berazategui,Argentina - Primera C,Bet365,Alternative Total Goals,,,,,4.500,1.166,,,3.5,"{""hdp"": 3.5, ""over"": ""4.500"", ""under"": ""1.166""}",2026-06-03T06:24:41.578Z
67122996,Football,2026-06-03 20:30,Sacachispas FC,AD Berazategui,Argentina - Primera C,Bet365,Both Teams To Score 2H,,,,,,,4.500,1.181,,"{""yes"": ""4.500"", ""no"": ""1.181""}",2026-06-03T00:22:24.919Z
67122996,Football,2026-06-03 20:30,Sacachispas FC,AD Berazategui,Argentina - Primera C,Bet365,Total Corners,Under 6,,,,,4.333,,,,"{""label"": ""Under 6"", ""under"": ""4.333""}",2026-06-03T00:21:57.486Z
67122996,Football,2026-06-03 20:30,Sacachispas FC,AD Berazategui,Argentina - Primera C,Bet365,Total Corners,6 - 8,,,,,2.375,,,,"{""label"": ""6 - 8"", ""under"": ""2.375""}",2026-06-03T00:21:57.486Z
67122996,Football,2026-06-03 20:30,Sacachispas FC,AD Berazategui,Argentina - Primera C,Bet365,Total Corners,9 - 11,,,,,3.100,,,,"{""label"": ""9 - 11"", ""under"": ""3.100""}",2026-06-03T00:21:57.486Z
67122996,Football,2026-06-03 20:30,Sacachispas FC,AD Berazategui,Argentina - Primera C,Bet365,Total Corners,12 - 14,,,,,8.000,,,,"{""label"": ""12 - 14"", ""under"": ""8.000""}",2026-06-03T00:21:57.486Z
67122996,Football,2026-06-03 20:30,Sacachispas FC,AD Berazategui,Argentina - Primera C,Bet365,Total Corners,Over 14,,,,21.000,,,,,"{""label"": ""Over 14"", ""over"": ""21.000""}",2026-06-03T00:21:57.486Z
67122996,Football,2026-06-03 20:30,Sacachispas FC,AD Berazategui,Argentina - Primera C,Bet365,Correct Score,0-2,,,,,,,,,"{""label"": ""0-2"", ""odds"": ""9.500""}",2026-06-03T08:27:10.358Z
67122996,Football,2026-06-03 20:30,Sacachispas FC,AD Berazategui,Argentina - Primera C,Bet365,Correct Score,0-4,,,,,,,,,"{""label"": ""0-4"", ""odds"": ""41.000""}",2026-06-03T08:27:10.358Z
67122996,Football,2026-06-03 20:30,Sacachispas FC,AD Berazategui,Argentina - Primera C,Bet365,Correct Score,2-1,,,,,,,,,"{""label"": ""2-1"", ""odds"": ""15.000""}",2026-06-03T08:27:10.358Z
67122996,Football,2026-06-03 20:30,Sacachispas FC,AD Berazategui,Argentina - Primera C,Bet365,Correct Score,3-0,,,,,,,,,"{""label"": ""3-0"", ""odds"": ""41.000""}",2026-06-03T08:27:10.358Z
67122996,Football,2026-06-03 20:30,Sacachispas FC,AD Berazategui,Argentina - Primera C,Bet365,Correct Score,3-2,,,,,,,,,"{""label"": ""3-2"", ""odds"": ""51.000""}",2026-06-03T08:27:10.358Z
67122996,Football,2026-06-03 20:30,Sacachispas FC,AD Berazategui,Argentina - Primera C,Bet365,Correct Score,4-1,,,,,,,,,"{""label"": ""4-1"", ""odds"": ""81.000""}",2026-06-03T08:27:10.358Z
67122996,Football,2026-06-03 20:30,Sacachispas FC,AD Berazategui,Argentina - Primera C,Bet365,Correct Score,4-2,,,,,,,,,"{""label"": ""4-2"", ""odds"": ""126.000""}",2026-06-03T08:27:10.358Z
67122996,Football,2026-06-03 20:30,Sacachispas FC,AD Berazategui,Argentina - Primera C,Bet365,Correct Score,1-0,,,,,,,,,"{""label"": ""1-0"", ""odds"": ""8.000""}",2026-06-03T08:27:10.358Z
67122996,Football,2026-06-03 20:30,Sacachispas FC,AD Berazategui,Argentina - Primera C,Bet365,Correct Score,3-3,,,,,,,,,"{""label"": ""3-3"", ""odds"": ""67.000""}",2026-06-03T08:27:10.358Z
67122996,Football,2026-06-03 20:30,Sacachispas FC,AD Berazategui,Argentina - Primera C,Bet365,Correct Score,0-0,,,,,,,,,"{""label"": ""0-0"", ""odds"": ""6.000""}",2026-06-03T08:27:10.358Z
67122996,Football,2026-06-03 20:30,Sacachispas FC,AD Berazategui,Argentina - Primera C,Bet365,Correct Score,0-1,,,,,,,,,"{""label"": ""0-1"", ""odds"": ""6.000""}",2026-06-03T08:27:10.358Z
67122996,Football,2026-06-03 20:30,Sacachispas FC,AD Berazategui,Argentina - Primera C,Bet365,Correct Score,0-3,,,,,,,,,"{""label"": ""0-3"", ""odds"": ""21.000""}",2026-06-03T08:27:10.358Z
67122996,Football,2026-06-03 20:30,Sacachispas FC,AD Berazategui,Argentina - Primera C,Bet365,Correct Score,0-5,,,,,,,,,"{""label"": ""0-5"", ""odds"": ""101.000""}",2026-06-03T08:27:10.358Z
67122996,Football,2026-06-03 20:30,Sacachispas FC,AD Berazategui,Argentina - Primera C,Bet365,Correct Score,1-1,,,,,,,,,"{""label"": ""1-1"", ""odds"": ""6.000""}",2026-06-03T08:27:10.358Z
67122996,Football,2026-06-03 20:30,Sacachispas FC,AD Berazategui,Argentina - Primera C,Bet365,Correct Score,1-2,,,,,,,,,"{""label"": ""1-2"", ""odds"": ""11.000""}",2026-06-03T08:27:10.358Z
67122996,Football,2026-06-03 20:30,Sacachispas FC,AD Berazategui,Argentina - Primera C,Bet365,Correct Score,1-3,,,,,,,,,"{""label"": ""1-3"", ""odds"": ""23.000""}",2026-06-03T08:27:10.358Z
67122996,Football,2026-06-03 20:30,Sacachispas FC,AD Berazategui,Argentina - Primera C,Bet365,Correct Score,1-4,,,,,,,,,"{""label"": ""1-4"", ""odds"": ""51.000""}",2026-06-03T08:27:10.358Z
67122996,Football,2026-06-03 20:30,Sacachispas FC,AD Berazategui,Argentina - Primera C,Bet365,Correct Score,1-5,,,,,,,,,"{""label"": ""1-5"", ""odds"": ""126.000""}",2026-06-03T08:27:10.358Z
67122996,Football,2026-06-03 20:30,Sacachispas FC,AD Berazategui,Argentina - Primera C,Bet365,Correct Score,2-0,,,,,,,,,"{""label"": ""2-0"", ""odds"": ""15.000""}",2026-06-03T08:27:10.358Z
67122996,Football,2026-06-03 20:30,Sacachispas FC,AD Berazategui,Argentina - Primera C,Bet365,Correct Score,2-2,,,,,,,,,"{""label"": ""2-2"", ""odds"": ""19.000""}",2026-06-03T08:27:10.358Z
67122996,Football,2026-06-03 20:30,Sacachispas FC,AD Berazategui,Argentina - Primera C,Bet365,Correct Score,2-3,,,,,,,,,"{""label"": ""2-3"", ""odds"": ""41.000""}",2026-06-03T08:27:10.358Z
67122996,Football,2026-06-03 20:30,Sacachispas FC,AD Berazategui,Argentina - Primera C,Bet365,Correct Score,2-4,,,,,,,,,"{""label"": ""2-4"", ""odds"": ""81.000""}",2026-06-03T08:27:10.358Z
67122996,Football,2026-06-03 20:30,Sacachispas FC,AD Berazategui,Argentina - Primera C,Bet365,Correct Score,3-1,,,,,,,,,"{""label"": ""3-1"", ""odds"": ""34.000""}",2026-06-03T08:27:10.358Z
67122996,Football,2026-06-03 20:30,Sacachispas FC,AD Berazategui,Argentina - Primera C,Bet365,Correct Score,4-0,,,,,,,,,"{""label"": ""4-0"", ""odds"": ""81.000""}",2026-06-03T08:27:10.358Z
67122996,Football,2026-06-03 20:30,Sacachispas FC,AD Berazategui,Argentina - Primera C,Bet365,Alternative Goal Line,,,,,1.125,6.000,,,0.5,"{""hdp"": 0.5, ""over"": ""1.125"", ""under"": ""6.000""}",2026-06-03T08:20:41.587Z
67122996,Football,2026-06-03 20:30,Sacachispas FC,AD Berazategui,Argentina - Primera C,Bet365,Alternative Goal Line,,,,,1.150,5.500,,,0.75,"{""hdp"": 0.75, ""over"": ""1.150"", ""under"": ""5.500""}",2026-06-03T08:20:41.587Z
67122996,Football,2026-06-03 20:30,Sacachispas FC,AD Berazategui,Argentina - Primera C,Bet365,Alternative Goal Line,,,,,1.180,4.650,,,1,"{""hdp"": 1, ""over"": ""1.180"", ""under"": ""4.650""}",2026-06-03T08:20:41.587Z
67122996,Football,2026-06-03 20:30,Sacachispas FC,AD Berazategui,Argentina - Primera C,Bet365,Alternative Goal Line,,,,,2.350,1.575,,,2.25,"{""hdp"": 2.25, ""over"": ""2.350"", ""under"": ""1.575""}",2026-06-03T08:20:41.587Z
67122996,Football,2026-06-03 20:30,Sacachispas FC,AD Berazategui,Argentina - Primera C,Bet365,Alternative Goal Line,,,,,2.675,1.450,,,2.5,"{""hdp"": 2.5, ""over"": ""2.675"", ""under"": ""1.450""}",2026-06-03T08:20:41.587Z
67122996,Football,2026-06-03 20:30,Sacachispas FC,AD Berazategui,Argentina - Primera C,Bet365,Alternative Goal Line,,,,,3.300,1.325,,,2.75,"{""hdp"": 2.75, ""over"": ""3.300"", ""under"": ""1.325""}",2026-06-03T08:20:41.587Z
67122996,Football,2026-06-03 20:30,Sacachispas FC,AD Berazategui,Argentina - Primera C,Bet365,Alternative Goal Line,,,,,4.400,1.200,,,3,"{""hdp"": 3, ""over"": ""4.400"", ""under"": ""1.200""}",2026-06-03T08:20:41.587Z
67122996,Football,2026-06-03 20:30,Sacachispas FC,AD Berazategui,Argentina - Primera C,Bet365,Alternative Goal Line,,,,,1.350,3.100,,,1.25,"{""hdp"": 1.25, ""over"": ""1.350"", ""under"": ""3.100""}",2026-06-03T08:20:41.587Z
67122996,Football,2026-06-03 20:30,Sacachispas FC,AD Berazategui,Argentina - Primera C,Bet365,Alternative Goal Line,,,,,1.525,2.425,,,1.5,"{""hdp"": 1.5, ""over"": ""1.525"", ""under"": ""2.425""}",2026-06-03T08:20:41.587Z
67122996,Football,2026-06-03 20:30,Sacachispas FC,AD Berazategui,Argentina - Primera C,Bet365,Alternative Goal Line,,,,,1.700,2.100,,,1.75,"{""hdp"": 1.75, ""over"": ""1.700"", ""under"": ""2.100""}",2026-06-03T08:20:41.587Z
67122996,Football,2026-06-03 20:30,Sacachispas FC,AD Berazategui,Argentina - Primera C,Bet365,Alternative Goal Line,,,,,4.800,1.175,,,3.25,"{""hdp"": 3.25, ""over"": ""4.800"", ""under"": ""1.175""}",2026-06-03T08:20:41.587Z
67122996,Football,2026-06-03 20:30,Sacachispas FC,AD Berazategui,Argentina - Primera C,Bet365,Alternative Goal Line,,,,,5.250,1.160,,,3.5,"{""hdp"": 3.5, ""over"": ""5.250"", ""under"": ""1.160""}",2026-06-03T08:20:41.587Z
67122996,Football,2026-06-03 20:30,Sacachispas FC,AD Berazategui,Argentina - Primera C,Bet365,Alternative Goal Line,,,,,6.800,1.105,,,3.75,"{""hdp"": 3.75, ""over"": ""6.800"", ""under"": ""1.105""}",2026-06-03T08:20:41.587Z
67122996,Football,2026-06-03 20:30,Sacachispas FC,AD Berazategui,Argentina - Primera C,Bet365,Team Total Goals Home,,,,,1.571,2.250,,,0.5,"{""hdp"": 0.5, ""over"": ""1.571"", ""under"": ""2.250""}",2026-06-03T00:49:11.185Z
67122996,Football,2026-06-03 20:30,Sacachispas FC,AD Berazategui,Argentina - Primera C,Bet365,Team Total Goals Home,,,,,3.750,1.250,,,1.5,"{""hdp"": 1.5, ""over"": ""3.750"", ""under"": ""1.250""}",2026-06-03T00:49:11.185Z
67122996,Football,2026-06-03 20:30,Sacachispas FC,AD Berazategui,Argentina - Primera C,Bet365,Team Total Goals Home,,,,,8.500,1.050,,,2.5,"{""hdp"": 2.5, ""over"": ""8.500"", ""under"": ""1.050""}",2026-06-03T00:49:11.185Z
67122996,Football,2026-06-03 20:30,Sacachispas FC,AD Berazategui,Argentina - Primera C,Bet365,Team Total Goals Home,,,,,17.000,1.005,,,3.5,"{""hdp"": 3.5, ""over"": ""17.000"", ""under"": ""1.005""}",2026-06-03T00:49:11.185Z
67122996,Football,2026-06-03 20:30,Sacachispas FC,AD Berazategui,Argentina - Primera C,Bet365,Alternative Asian Handicap,,2.850,,1.400,,,,,-0.25,"{""hdp"": -0.25, ""home"": ""2.850"", ""away"": ""1.400""}",2026-06-03T08:15:55.189Z
67122996,Football,2026-06-03 20:30,Sacachispas FC,AD Berazategui,Argentina - Primera C,Bet365,Alternative Asian Handicap,,7.000,,3.800,,,,,-1,"{""hdp"": -1, ""home"": ""7.000"", ""away"": ""3.800""}",2026-06-03T08:15:55.189Z
67122996,Football,2026-06-03 20:30,Sacachispas FC,AD Berazategui,Argentina - Primera C,Bet365,Alternative Asian Handicap,,4.400,,2.750,,,,,-0.75,"{""hdp"": -0.75, ""home"": ""4.400"", ""away"": ""2.750""}",2026-06-03T08:15:55.189Z
67122996,Football,2026-06-03 20:30,Sacachispas FC,AD Berazategui,Argentina - Primera C,Bet365,Alternative Asian Handicap,,3.450,,2.300,,,,,-0.5,"{""hdp"": -0.5, ""home"": ""3.450"", ""away"": ""2.300""}",2026-06-03T08:15:55.189Z
67122996,Football,2026-06-03 20:30,Sacachispas FC,AD Berazategui,Argentina - Primera C,Bet365,Alternative Asian Handicap,,2.350,,1.575,,,,,0,"{""hdp"": 0, ""home"": ""2.350"", ""away"": ""1.575""}",2026-06-03T08:15:55.189Z
67122996,Football,2026-06-03 20:30,Sacachispas FC,AD Berazategui,Argentina - Primera C,Bet365,Alternative Asian Handicap,,1.600,,1.300,,,,,0.5,"{""hdp"": 0.5, ""home"": ""1.600"", ""away"": ""1.300""}",2026-06-03T08:15:55.189Z
67122996,Football,2026-06-03 20:30,Sacachispas FC,AD Berazategui,Argentina - Primera C,Bet365,Alternative Asian Handicap,,1.425,,1.200,,,,,0.75,"{""hdp"": 0.75, ""home"": ""1.425"", ""away"": ""1.200""}",2026-06-03T08:15:55.189Z
67122996,Football,2026-06-03 20:30,Sacachispas FC,AD Berazategui,Argentina - Primera C,Bet365,Alternative Asian Handicap,,1.250,,1.100,,,,,1,"{""hdp"": 1, ""home"": ""1.250"", ""away"": ""1.100""}",2026-06-03T08:15:55.189Z
67122996,Football,2026-06-03 20:30,Sacachispas FC,AD Berazategui,Argentina - Primera C,Bet365,Alternative Asian Handicap,,1.210,,4.250,,,,,1.25,"{""hdp"": 1.25, ""home"": ""1.210"", ""away"": ""4.250""}",2026-06-03T08:15:55.189Z
67122996,Football,2026-06-03 20:30,Sacachispas FC,AD Berazategui,Argentina - Primera C,Bet365,Alternative Asian Handicap,,1.175,,4.800,,,,,1.5,"{""hdp"": 1.5, ""home"": ""1.175"", ""away"": ""4.800""}",2026-06-03T08:15:55.189Z
67122996,Football,2026-06-03 20:30,Sacachispas FC,AD Berazategui,Argentina - Primera C,Bet365,Alternative Asian Handicap,,1.115,,6.400,,,,,1.75,"{""hdp"": 1.75, ""home"": ""1.115"", ""away"": ""6.400""}",2026-06-03T08:15:55.189Z
67122996,Football,2026-06-03 20:30,Sacachispas FC,AD Berazategui,Argentina - Primera C,Bet365,Alternative Corners,,,,,4.333,1.333,,,10,"{""hdp"": 10, ""over"": ""4.333"", ""under"": ""1.333""}",2026-06-03T00:36:41.339Z
67122996,Football,2026-06-03 20:30,Sacachispas FC,AD Berazategui,Argentina - Primera C,Bet365,Alternative Corners,,,,,7.000,1.200,,,11,"{""hdp"": 11, ""over"": ""7.000"", ""under"": ""1.200""}",2026-06-03T00:36:41.339Z
67122996,Football,2026-06-03 20:30,Sacachispas FC,AD Berazategui,Argentina - Primera C,Bet365,Alternative Corners,,,,,11.000,1.100,,,12,"{""hdp"": 12, ""over"": ""11.000"", ""under"": ""1.100""}",2026-06-03T00:36:41.339Z
67122996,Football,2026-06-03 20:30,Sacachispas FC,AD Berazategui,Argentina - Primera C,Bet365,Alternative Corners,,,,,15.000,1.050,,,13,"{""hdp"": 13, ""over"": ""15.000"", ""under"": ""1.050""}",2026-06-03T00:36:41.339Z
67122996,Football,2026-06-03 20:30,Sacachispas FC,AD Berazategui,Argentina - Primera C,Bet365,Alternative Corners,,,,,21.000,1.025,,,14,"{""hdp"": 14, ""over"": ""21.000"", ""under"": ""1.025""}",2026-06-03T00:36:41.339Z
67122996,Football,2026-06-03 20:30,Sacachispas FC,AD Berazategui,Argentina - Primera C,Bet365,Alternative Corners,,,,,1.030,29.000,,,3,"{""hdp"": 3, ""over"": ""1.030"", ""under"": ""29.000""}",2026-06-03T00:36:41.339Z
67122996,Football,2026-06-03 20:30,Sacachispas FC,AD Berazategui,Argentina - Primera C,Bet365,Alternative Corners,,,,,1.083,15.000,,,4,"{""hdp"": 4, ""over"": ""1.083"", ""under"": ""15.000""}",2026-06-03T00:36:41.339Z
67122996,Football,2026-06-03 20:30,Sacachispas FC,AD Berazategui,Argentina - Primera C,Bet365,Alternative Corners,,,,,1.200,8.000,,,5,"{""hdp"": 5, ""over"": ""1.200"", ""under"": ""8.000""}",2026-06-03T00:36:41.339Z
67122996,Football,2026-06-03 20:30,Sacachispas FC,AD Berazategui,Argentina - Primera C,Bet365,Alternative Corners,,,,,1.400,4.333,,,6,"{""hdp"": 6, ""over"": ""1.400"", ""under"": ""4.333""}",2026-06-03T00:36:41.339Z
67122996,Football,2026-06-03 20:30,Sacachispas FC,AD Berazategui,Argentina - Primera C,Bet365,Alternative Corners,,,,,1.727,2.750,,,7,"{""hdp"": 7, ""over"": ""1.727"", ""under"": ""2.750""}",2026-06-03T00:36:41.339Z
67122996,Football,2026-06-03 20:30,Sacachispas FC,AD Berazategui,Argentina - Primera C,Bet365,Alternative Corners,,,,,3.250,1.615,,,9,"{""hdp"": 9, ""over"": ""3.250"", ""under"": ""1.615""}",2026-06-03T00:36:41.339Z
67122996,Football,2026-06-03 20:30,Sacachispas FC,AD Berazategui,Argentina - Primera C,Bet365,Exact Total Goals,0 Goals,,,,,6.000,,,,"{""label"": ""0 Goals"", ""under"": ""6.000""}",2026-06-03T07:36:34.399Z
67122996,Football,2026-06-03 20:30,Sacachispas FC,AD Berazategui,Argentina - Primera C,Bet365,Exact Total Goals,2 Goals,,,,,3.250,,,,"{""label"": ""2 Goals"", ""under"": ""3.250""}",2026-06-03T07:36:34.399Z
67122996,Football,2026-06-03 20:30,Sacachispas FC,AD Berazategui,Argentina - Primera C,Bet365,Exact Total Goals,5 Goals,,,,,19.000,,,,"{""label"": ""5 Goals"", ""under"": ""19.000""}",2026-06-03T07:36:34.399Z
67122996,Football,2026-06-03 20:30,Sacachispas FC,AD Berazategui,Argentina - Primera C,Bet365,Exact Total Goals,6 Goals,,,,,41.000,,,,"{""label"": ""6 Goals"", ""under"": ""41.000""}",2026-06-03T07:36:34.399Z
67122996,Football,2026-06-03 20:30,Sacachispas FC,AD Berazategui,Argentina - Primera C,Bet365,Exact Total Goals,7+ Goals,,,,,21.000,,,,"{""label"": ""7+ Goals"", ""under"": ""21.000""}",2026-06-03T07:36:34.399Z
67122996,Football,2026-06-03 20:30,Sacachispas FC,AD Berazategui,Argentina - Primera C,Bet365,Exact Total Goals,1 Goal,,,,,3.750,,,,"{""label"": ""1 Goal"", ""under"": ""3.750""}",2026-06-03T07:36:34.399Z
67122996,Football,2026-06-03 20:30,Sacachispas FC,AD Berazategui,Argentina - Primera C,Bet365,Exact Total Goals,3 Goals,,,,,4.750,,,,"{""label"": ""3 Goals"", ""under"": ""4.750""}",2026-06-03T07:36:34.399Z
67122996,Football,2026-06-03 20:30,Sacachispas FC,AD Berazategui,Argentina - Primera C,Bet365,Exact Total Goals,4 Goals,,,,,8.000,,,,"{""label"": ""4 Goals"", ""under"": ""8.000""}",2026-06-03T07:36:34.399Z
67122996,Football,2026-06-03 20:30,Sacachispas FC,AD Berazategui,Argentina - Primera C,Bet365,Both Teams To Score HT,,,,,,,6.500,1.111,,"{""yes"": ""6.500"", ""no"": ""1.111""}",2026-06-03T00:22:24.919Z
67122996,Football,2026-06-03 20:30,Sacachispas FC,AD Berazategui,Argentina - Primera C,Bet365,Corners,,,,,2.200,2.000,,,8,"{""hdp"": 8, ""over"": ""2.200"", ""under"": ""2.000""}",2026-06-03T00:19:56.341Z
67122996,Football,2026-06-03 20:30,Sacachispas FC,AD Berazategui,Argentina - Primera C,Bet365,Corners 2-Way,,,,,1.727,2.000,,,7.5,"{""hdp"": 7.5, ""over"": ""1.727"", ""under"": ""2.000""}",2026-06-03T00:21:57.486Z
67122996,Football,2026-06-03 20:30,Sacachispas FC,AD Berazategui,Argentina - Primera C,Bet365,1st Half Handicap,1 (1),1.363,,,,,,,1,"{""label"": ""1 (1)"", ""hdp"": 1, ""home"": ""1.363""}",2026-06-03T00:22:24.919Z
67122996,Football,2026-06-03 20:30,Sacachispas FC,AD Berazategui,Argentina - Primera C,Bet365,1st Half Handicap,Tie (-1),,,11.000,,,,,-1,"{""label"": ""Tie (-1)"", ""hdp"": -1, ""away"": ""11.000""}",2026-06-03T00:22:24.919Z
67122996,Football,2026-06-03 20:30,Sacachispas FC,AD Berazategui,Argentina - Primera C,Bet365,Specials,To Win From Behind (1),6.500,,,,,,,1,"{""label"": ""To Win From Behind (1)"", ""hdp"": 1, ""home"": ""6.500""}",2026-06-03T00:27:11.638Z
67122996,Football,2026-06-03 20:30,Sacachispas FC,AD Berazategui,Argentina - Primera C,Bet365,Specials,To Win From Behind (2),,,4.500,,,,,2,"{""label"": ""To Win From Behind (2)"", ""hdp"": 2, ""away"": ""4.500""}",2026-06-03T00:27:11.638Z
67122996,Football,2026-06-03 20:30,Sacachispas FC,AD Berazategui,Argentina - Primera C,Bet365,Half Time Result,1,,,,,4.000,,,1,"{""label"": ""1"", ""hdp"": 1, ""under"": ""4.000""}",2026-06-03T06:23:26.718Z
67122996,Football,2026-06-03 20:30,Sacachispas FC,AD Berazategui,Argentina - Primera C,Bet365,Half Time Result,Draw,,,,,1.909,,,,"{""label"": ""Draw"", ""under"": ""1.909""}",2026-06-03T06:23:26.718Z
67122996,Football,2026-06-03 20:30,Sacachispas FC,AD Berazategui,Argentina - Primera C,Bet365,Half Time Result,2,,,,,3.000,,,2,"{""label"": ""2"", ""hdp"": 2, ""under"": ""3.000""}",2026-06-03T06:23:26.718Z
67122996,Football,2026-06-03 20:30,Sacachispas FC,AD Berazategui,Argentina - Primera C,Bet365,Team Total Goals Away,,,,,1.400,2.750,,,0.5,"{""hdp"": 0.5, ""over"": ""1.400"", ""under"": ""2.750""}",2026-06-03T00:49:11.185Z
67122996,Football,2026-06-03 20:30,Sacachispas FC,AD Berazategui,Argentina - Primera C,Bet365,Team Total Goals Away,,,,,2.750,1.400,,,1.5,"{""hdp"": 1.5, ""over"": ""2.750"", ""under"": ""1.400""}",2026-06-03T00:49:11.185Z
67122996,Football,2026-06-03 20:30,Sacachispas FC,AD Berazategui,Argentina - Primera C,Bet365,Team Total Goals Away,,,,,7.000,1.083,,,2.5,"{""hdp"": 2.5, ""over"": ""7.000"", ""under"": ""1.083""}",2026-06-03T00:49:11.185Z
67122996,Football,2026-06-03 20:30,Sacachispas FC,AD Berazategui,Argentina - Primera C,Bet365,Team Total Goals Away,,,,,12.000,1.015,,,3.5,"{""hdp"": 3.5, ""over"": ""12.000"", ""under"": ""1.015""}",2026-06-03T00:49:11.185Z
67122996,Football,2026-06-03 20:30,Sacachispas FC,AD Berazategui,Argentina - Primera C,Bet365,Team Total Goals Away,,,,,21.000,1.002,,,4.5,"{""hdp"": 4.5, ""over"": ""21.000"", ""under"": ""1.002""}",2026-06-03T00:49:11.185Z
71576342,Football,2026-06-03 11:30,Sunshine Coast Wanderers,St George Willawong FC,Australia - Queensland Premier League 1,Bet365,ML,,1.615,4.500,3.900,,,,,,"{""home"": ""1.615"", ""draw"": ""4.500"", ""away"": ""3.900""}",2026-06-03T08:01:37.998Z
71576342,Football,2026-06-03 11:30,Sunshine Coast Wanderers,St George Willawong FC,Australia - Queensland Premier League 1,Bet365,Draw No Bet,,1.250,,3.750,,,,,,"{""home"": ""1.250"", ""away"": ""3.750""}",2026-06-03T08:01:27.199Z
71576342,Football,2026-06-03 11:30,Sunshine Coast Wanderers,St George Willawong FC,Australia - Queensland Premier League 1,Bet365,Double Chance,Sunshine Coast Wanderers or Draw,,,,,1.142,,,,"{""label"": ""Sunshine Coast Wanderers or Draw"", ""under"": ""1.142""}",2026-06-03T08:01:27.199Z
71576342,Football,2026-06-03 11:30,Sunshine Coast Wanderers,St George Willawong FC,Australia - Queensland Premier League 1,Bet365,Double Chance,Draw or St George Willawong FC,,,,,2.250,,,,"{""label"": ""Draw or St George Willawong FC"", ""under"": ""2.250""}",2026-06-03T08:01:27.199Z
71576342,Football,2026-06-03 11:30,Sunshine Coast Wanderers,St George Willawong FC,Australia - Queensland Premier League 1,Bet365,Double Chance,Sunshine Coast Wanderers or St George Willawong FC,,,,,1.125,,,,"{""label"": ""Sunshine Coast Wanderers or St George Willawong FC"", ""under"": ""1.125""}",2026-06-03T08:01:27.199Z
71576342,Football,2026-06-03 11:30,Sunshine Coast Wanderers,St George Willawong FC,Australia - Queensland Premier League 1,Bet365,Spread,,1.975,,1.825,,,,,-1,"{""hdp"": -1, ""home"": ""1.975"", ""away"": ""1.825""}",2026-06-03T08:03:40.481Z
71576342,Football,2026-06-03 11:30,Sunshine Coast Wanderers,St George Willawong FC,Australia - Queensland Premier League 1,Bet365,Totals,,,,,1.825,1.975,,,3.25,"{""hdp"": 3.25, ""over"": ""1.825"", ""under"": ""1.975""}",2026-06-03T08:11:37.86Z
71576342,Football,2026-06-03 11:30,Sunshine Coast Wanderers,St George Willawong FC,Australia - Queensland Premier League 1,Bet365,Goals Over/Under,,,,,1.444,2.625,,,2.5,"{""hdp"": 2.5, ""over"": ""1.444"", ""under"": ""2.625""}",2026-06-03T07:09:05.267Z
71576342,Football,2026-06-03 11:30,Sunshine Coast Wanderers,St George Willawong FC,Australia - Queensland Premier League 1,Bet365,Spread HT,,2.050,,1.750,,,,,-0.5,"{""hdp"": -0.5, ""home"": ""2.050"", ""away"": ""1.750""}",2026-06-03T05:14:49.175Z
71576342,Football,2026-06-03 11:30,Sunshine Coast Wanderers,St George Willawong FC,Australia - Queensland Premier League 1,Bet365,1st Half Goal Line,,,,,1.825,1.975,,,1.5,"{""hdp"": 1.5, ""over"": ""1.825"", ""under"": ""1.975""}",2026-06-03T06:51:11.415Z
71576342,Football,2026-06-03 11:30,Sunshine Coast Wanderers,St George Willawong FC,Australia - Queensland Premier League 1,Bet365,Alternative Asian Handicap,,5.900,,1.130,,,,,-3,"{""hdp"": -3, ""home"": ""5.900"", ""away"": ""1.130""}",2026-06-03T08:13:22.608Z
71576342,Football,2026-06-03 11:30,Sunshine Coast Wanderers,St George Willawong FC,Australia - Queensland Premier League 1,Bet365,Alternative Asian Handicap,,4.400,,1.200,,,,,-2.75,"{""hdp"": -2.75, ""home"": ""4.400"", ""away"": ""1.200""}",2026-06-03T08:13:22.608Z
71576342,Football,2026-06-03 11:30,Sunshine Coast Wanderers,St George Willawong FC,Australia - Queensland Premier League 1,Bet365,Alternative Asian Handicap,,3.550,,1.275,,,,,-2.5,"{""hdp"": -2.5, ""home"": ""3.550"", ""away"": ""1.275""}",2026-06-03T08:13:22.608Z
71576342,Football,2026-06-03 11:30,Sunshine Coast Wanderers,St George Willawong FC,Australia - Queensland Premier League 1,Bet365,Alternative Asian Handicap,,3.450,,1.300,,,,,-2.25,"{""hdp"": -2.25, ""home"": ""3.450"", ""away"": ""1.300""}",2026-06-03T08:13:22.608Z
71576342,Football,2026-06-03 11:30,Sunshine Coast Wanderers,St George Willawong FC,Australia - Queensland Premier League 1,Bet365,Alternative Asian Handicap,,3.100,,1.350,,,,,-2,"{""hdp"": -2, ""home"": ""3.100"", ""away"": ""1.350""}",2026-06-03T08:13:22.608Z
71576342,Football,2026-06-03 11:30,Sunshine Coast Wanderers,St George Willawong FC,Australia - Queensland Premier League 1,Bet365,Alternative Asian Handicap,,2.500,,1.500,,,,,-1.75,"{""hdp"": -1.75, ""home"": ""2.500"", ""away"": ""1.500""}",2026-06-03T08:13:22.608Z
71576342,Football,2026-06-03 11:30,Sunshine Coast Wanderers,St George Willawong FC,Australia - Queensland Premier League 1,Bet365,Alternative Asian Handicap,,2.250,,1.625,,,,,-1.5,"{""hdp"": -1.5, ""home"": ""2.250"", ""away"": ""1.625""}",2026-06-03T08:13:22.608Z
71576342,Football,2026-06-03 11:30,Sunshine Coast Wanderers,St George Willawong FC,Australia - Queensland Premier League 1,Bet365,Alternative Asian Handicap,,2.025,,1.775,,,,,-1.25,"{""hdp"": -1.25, ""home"": ""2.025"", ""away"": ""1.775""}",2026-06-03T08:13:22.608Z
71576342,Football,2026-06-03 11:30,Sunshine Coast Wanderers,St George Willawong FC,Australia - Queensland Premier League 1,Bet365,Alternative Asian Handicap,,1.650,,5.750,,,,,-0.75,"{""hdp"": -0.75, ""home"": ""1.650"", ""away"": ""5.750""}",2026-06-03T08:13:22.608Z
71576342,Football,2026-06-03 11:30,Sunshine Coast Wanderers,St George Willawong FC,Australia - Queensland Premier League 1,Bet365,Alternative Asian Handicap,,1.525,,4.400,,,,,-0.5,"{""hdp"": -0.5, ""home"": ""1.525"", ""away"": ""4.400""}",2026-06-03T08:13:22.608Z
71576342,Football,2026-06-03 11:30,Sunshine Coast Wanderers,St George Willawong FC,Australia - Queensland Premier League 1,Bet365,Alternative Asian Handicap,,1.400,,4.100,,,,,-0.25,"{""hdp"": -0.25, ""home"": ""1.400"", ""away"": ""4.100""}",2026-06-03T08:13:22.608Z
71576342,Football,2026-06-03 11:30,Sunshine Coast Wanderers,St George Willawong FC,Australia - Queensland Premier League 1,Bet365,Alternative Asian Handicap,,1.260,,3.700,,,,,0,"{""hdp"": 0, ""home"": ""1.260"", ""away"": ""3.700""}",2026-06-03T08:13:22.608Z
71576342,Football,2026-06-03 11:30,Sunshine Coast Wanderers,St George Willawong FC,Australia - Queensland Premier League 1,Bet365,Alternative Asian Handicap,,1.225,,2.850,,,,,0.25,"{""hdp"": 0.25, ""home"": ""1.225"", ""away"": ""2.850""}",2026-06-03T08:13:22.608Z
71576342,Football,2026-06-03 11:30,Sunshine Coast Wanderers,St George Willawong FC,Australia - Queensland Premier League 1,Bet365,Alternative Asian Handicap,,1.200,,2.425,,,,,0.5,"{""hdp"": 0.5, ""home"": ""1.200"", ""away"": ""2.425""}",2026-06-03T08:13:22.608Z
71576342,Football,2026-06-03 11:30,Sunshine Coast Wanderers,St George Willawong FC,Australia - Queensland Premier League 1,Bet365,Alternative Asian Handicap,,1.140,,2.200,,,,,0.75,"{""hdp"": 0.75, ""home"": ""1.140"", ""away"": ""2.200""}",2026-06-03T08:13:22.608Z
71576342,Football,2026-06-03 11:30,Sunshine Coast Wanderers,St George Willawong FC,Australia - Queensland Premier League 1,Bet365,Correct Score,0-2,,,,,,,,,"{""label"": ""0-2"", ""odds"": ""29.000""}",2026-06-03T08:01:27.199Z
71576342,Football,2026-06-03 11:30,Sunshine Coast Wanderers,St George Willawong FC,Australia - Queensland Premier League 1,Bet365,Correct Score,1-2,,,,,,,,,"{""label"": ""1-2"", ""odds"": ""17.000""}",2026-06-03T08:01:27.199Z
71576342,Football,2026-06-03 11:30,Sunshine Coast Wanderers,St George Willawong FC,Australia - Queensland Premier League 1,Bet365,Correct Score,1-4,,,,,,,,,"{""label"": ""1-4"", ""odds"": ""51.000""}",2026-06-03T08:01:27.199Z
71576342,Football,2026-06-03 11:30,Sunshine Coast Wanderers,St George Willawong FC,Australia - Queensland Premier League 1,Bet365,Correct Score,2-4,,,,,,,,,"{""label"": ""2-4"", ""odds"": ""51.000""}",2026-06-03T08:01:27.199Z
71576342,Football,2026-06-03 11:30,Sunshine Coast Wanderers,St George Willawong FC,Australia - Queensland Premier League 1,Bet365,Correct Score,4-3,,,,,,,,,"{""label"": ""4-3"", ""odds"": ""51.000""}",2026-06-03T08:01:27.199Z
71576342,Football,2026-06-03 11:30,Sunshine Coast Wanderers,St George Willawong FC,Australia - Queensland Premier League 1,Bet365,Correct Score,5-0,,,,,,,,,"{""label"": ""5-0"", ""odds"": ""34.000""}",2026-06-03T08:01:27.199Z
71576342,Football,2026-06-03 11:30,Sunshine Coast Wanderers,St George Willawong FC,Australia - Queensland Premier League 1,Bet365,Correct Score,5-1,,,,,,,,,"{""label"": ""5-1"", ""odds"": ""34.000""}",2026-06-03T08:01:27.199Z
71576342,Football,2026-06-03 11:30,Sunshine Coast Wanderers,St George Willawong FC,Australia - Queensland Premier League 1,Bet365,Correct Score,6-0,,,,,,,,,"{""label"": ""6-0"", ""odds"": ""51.000""}",2026-06-03T08:01:27.199Z
71576342,Football,2026-06-03 11:30,Sunshine Coast Wanderers,St George Willawong FC,Australia - Queensland Premier League 1,Bet365,Correct Score,6-1,,,,,,,,,"{""label"": ""6-1"", ""odds"": ""51.000""}",2026-06-03T08:01:27.199Z
71576342,Football,2026-06-03 11:30,Sunshine Coast Wanderers,St George Willawong FC,Australia - Queensland Premier League 1,Bet365,Correct Score,0-3,,,,,,,,,"{""label"": ""0-3"", ""odds"": ""41.000""}",2026-06-03T08:01:27.199Z
71576342,Football,2026-06-03 11:30,Sunshine Coast Wanderers,St George Willawong FC,Australia - Queensland Premier League 1,Bet365,Correct Score,0-4,,,,,,,,,"{""label"": ""0-4"", ""odds"": ""81.000""}",2026-06-03T08:01:27.199Z
71576342,Football,2026-06-03 11:30,Sunshine Coast Wanderers,St George Willawong FC,Australia - Queensland Premier League 1,Bet365,Correct Score,2-2,,,,,,,,,"{""label"": ""2-2"", ""odds"": ""15.000""}",2026-06-03T08:01:27.199Z
71576342,Football,2026-06-03 11:30,Sunshine Coast Wanderers,St George Willawong FC,Australia - Queensland Premier League 1,Bet365,Correct Score,7-0,,,,,,,,,"{""label"": ""7-0"", ""odds"": ""81.000""}",2026-06-03T08:01:27.199Z
71576342,Football,2026-06-03 11:30,Sunshine Coast Wanderers,St George Willawong FC,Australia - Queensland Premier League 1,Bet365,Correct Score,0-0,,,,,,,,,"{""label"": ""0-0"", ""odds"": ""21.000""}",2026-06-03T08:01:27.199Z
71576342,Football,2026-06-03 11:30,Sunshine Coast Wanderers,St George Willawong FC,Australia - Queensland Premier League 1,Bet365,Correct Score,0-1,,,,,,,,,"{""label"": ""0-1"", ""odds"": ""21.000""}",2026-06-03T08:01:27.199Z
71576342,Football,2026-06-03 11:30,Sunshine Coast Wanderers,St George Willawong FC,Australia - Queensland Premier League 1,Bet365,Correct Score,1-1,,,,,,,,,"{""label"": ""1-1"", ""odds"": ""10.000""}",2026-06-03T08:01:27.199Z
71576342,Football,2026-06-03 11:30,Sunshine Coast Wanderers,St George Willawong FC,Australia - Queensland Premier League 1,Bet365,Correct Score,3-0,,,,,,,,,"{""label"": ""3-0"", ""odds"": ""12.000""}",2026-06-03T08:01:27.199Z
71576342,Football,2026-06-03 11:30,Sunshine Coast Wanderers,St George Willawong FC,Australia - Queensland Premier League 1,Bet365,Correct Score,5-3,,,,,,,,,"{""label"": ""5-3"", ""odds"": ""81.000""}",2026-06-03T08:01:27.199Z
71576342,Football,2026-06-03 11:30,Sunshine Coast Wanderers,St George Willawong FC,Australia - Queensland Premier League 1,Bet365,Correct Score,1-0,,,,,,,,,"{""label"": ""1-0"", ""odds"": ""11.000""}",2026-06-03T08:01:27.199Z
71576342,Football,2026-06-03 11:30,Sunshine Coast Wanderers,St George Willawong FC,Australia - Queensland Premier League 1,Bet365,Correct Score,1-3,,,,,,,,,"{""label"": ""1-3"", ""odds"": ""34.000""}",2026-06-03T08:01:27.199Z
71576342,Football,2026-06-03 11:30,Sunshine Coast Wanderers,St George Willawong FC,Australia - Queensland Premier League 1,Bet365,Correct Score,2-0,,,,,,,,,"{""label"": ""2-0"", ""odds"": ""10.000""}",2026-06-03T08:01:27.199Z
71576342,Football,2026-06-03 11:30,Sunshine Coast Wanderers,St George Willawong FC,Australia - Queensland Premier League 1,Bet365,Correct Score,2-1,,,,,,,,,"{""label"": ""2-1"", ""odds"": ""9.500""}",2026-06-03T08:01:27.199Z
71576342,Football,2026-06-03 11:30,Sunshine Coast Wanderers,St George Willawong FC,Australia - Queensland Premier League 1,Bet365,Correct Score,2-3,,,,,,,,,"{""label"": ""2-3"", ""odds"": ""34.000""}",2026-06-03T08:01:27.199Z
71576342,Football,2026-06-03 11:30,Sunshine Coast Wanderers,St George Willawong FC,Australia - Queensland Premier League 1,Bet365,Correct Score,3-1,,,,,,,,,"{""label"": ""3-1"", ""odds"": ""13.000""}",2026-06-03T08:01:27.199Z
71576342,Football,2026-06-03 11:30,Sunshine Coast Wanderers,St George Willawong FC,Australia - Queensland Premier League 1,Bet365,Correct Score,3-2,,,,,,,,,"{""label"": ""3-2"", ""odds"": ""21.000""}",2026-06-03T08:01:27.199Z
71576342,Football,2026-06-03 11:30,Sunshine Coast Wanderers,St George Willawong FC,Australia - Queensland Premier League 1,Bet365,Correct Score,3-3,,,,,,,,,"{""label"": ""3-3"", ""odds"": ""41.000""}",2026-06-03T08:01:27.199Z
71576342,Football,2026-06-03 11:30,Sunshine Coast Wanderers,St George Willawong FC,Australia - Queensland Premier League 1,Bet365,Correct Score,3-4,,,,,,,,,"{""label"": ""3-4"", ""odds"": ""81.000""}",2026-06-03T08:01:27.199Z
71576342,Football,2026-06-03 11:30,Sunshine Coast Wanderers,St George Willawong FC,Australia - Queensland Premier League 1,Bet365,Correct Score,4-0,,,,,,,,,"{""label"": ""4-0"", ""odds"": ""19.000""}",2026-06-03T08:01:27.199Z
71576342,Football,2026-06-03 11:30,Sunshine Coast Wanderers,St George Willawong FC,Australia - Queensland Premier League 1,Bet365,Correct Score,4-1,,,,,,,,,"{""label"": ""4-1"", ""odds"": ""21.000""}",2026-06-03T08:01:27.199Z
71576342,Football,2026-06-03 11:30,Sunshine Coast Wanderers,St George Willawong FC,Australia - Queensland Premier League 1,Bet365,Correct Score,4-2,,,,,,,,,"{""label"": ""4-2"", ""odds"": ""34.000""}",2026-06-03T08:01:27.199Z
71576342,Football,2026-06-03 11:30,Sunshine Coast Wanderers,St George Willawong FC,Australia - Queensland Premier League 1,Bet365,Correct Score,5-2,,,,,,,,,"{""label"": ""5-2"", ""odds"": ""51.000""}",2026-06-03T08:01:27.199Z
71576342,Football,2026-06-03 11:30,Sunshine Coast Wanderers,St George Willawong FC,Australia - Queensland Premier League 1,Bet365,Correct Score,6-2,,,,,,,,,"{""label"": ""6-2"", ""odds"": ""81.000""}",2026-06-03T08:01:27.199Z
71576342,Football,2026-06-03 11:30,Sunshine Coast Wanderers,St George Willawong FC,Australia - Queensland Premier League 1,Bet365,Half Time Result,1,,,,,2.000,,,1,"{""label"": ""1"", ""hdp"": 1, ""under"": ""2.000""}",2026-06-03T06:13:40.924Z
71576342,Football,2026-06-03 11:30,Sunshine Coast Wanderers,St George Willawong FC,Australia - Queensland Premier League 1,Bet365,Half Time Result,Draw,,,,,2.875,,,,"{""label"": ""Draw"", ""under"": ""2.875""}",2026-06-03T06:13:40.924Z
71576342,Football,2026-06-03 11:30,Sunshine Coast Wanderers,St George Willawong FC,Australia - Queensland Premier League 1,Bet365,Half Time Result,2,,,,,4.000,,,2,"{""label"": ""2"", ""hdp"": 2, ""under"": ""4.000""}",2026-06-03T06:13:40.924Z
71576342,Football,2026-06-03 11:30,Sunshine Coast Wanderers,St George Willawong FC,Australia - Queensland Premier League 1,Bet365,Alternative Goal Line,,,,,1.130,5.900,,,1.5,"{""hdp"": 1.5, ""over"": ""1.130"", ""under"": ""5.900""}",2026-06-03T08:13:22.608Z
71576342,Football,2026-06-03 11:30,Sunshine Coast Wanderers,St George Willawong FC,Australia - Queensland Premier League 1,Bet365,Alternative Goal Line,,,,,1.150,5.500,,,1.75,"{""hdp"": 1.75, ""over"": ""1.150"", ""under"": ""5.500""}",2026-06-03T08:13:22.608Z
71576342,Football,2026-06-03 11:30,Sunshine Coast Wanderers,St George Willawong FC,Australia - Queensland Premier League 1,Bet365,Alternative Goal Line,,,,,1.175,4.800,,,2,"{""hdp"": 2, ""over"": ""1.175"", ""under"": ""4.800""}",2026-06-03T08:13:22.608Z
71576342,Football,2026-06-03 11:30,Sunshine Coast Wanderers,St George Willawong FC,Australia - Queensland Premier League 1,Bet365,Alternative Goal Line,,,,,1.300,3.450,,,2.25,"{""hdp"": 2.25, ""over"": ""1.300"", ""under"": ""3.450""}",2026-06-03T08:13:22.608Z
71576342,Football,2026-06-03 11:30,Sunshine Coast Wanderers,St George Willawong FC,Australia - Queensland Premier League 1,Bet365,Alternative Goal Line,,,,,1.425,2.750,,,2.5,"{""hdp"": 2.5, ""over"": ""1.425"", ""under"": ""2.750""}",2026-06-03T08:13:22.608Z
71576342,Football,2026-06-03 11:30,Sunshine Coast Wanderers,St George Willawong FC,Australia - Queensland Premier League 1,Bet365,Alternative Goal Line,,,,,1.525,2.425,,,2.75,"{""hdp"": 2.75, ""over"": ""1.525"", ""under"": ""2.425""}",2026-06-03T08:13:22.608Z
71576342,Football,2026-06-03 11:30,Sunshine Coast Wanderers,St George Willawong FC,Australia - Queensland Premier League 1,Bet365,Alternative Goal Line,,,,,1.650,2.200,,,3,"{""hdp"": 3, ""over"": ""1.650"", ""under"": ""2.200""}",2026-06-03T08:13:22.608Z
71576342,Football,2026-06-03 11:30,Sunshine Coast Wanderers,St George Willawong FC,Australia - Queensland Premier League 1,Bet365,Alternative Goal Line,,,,,2.050,1.750,,,3.5,"{""hdp"": 3.5, ""over"": ""2.050"", ""under"": ""1.750""}",2026-06-03T08:13:22.608Z
71576342,Football,2026-06-03 11:30,Sunshine Coast Wanderers,St George Willawong FC,Australia - Queensland Premier League 1,Bet365,Alternative Goal Line,,,,,2.300,1.600,,,3.75,"{""hdp"": 3.75, ""over"": ""2.300"", ""under"": ""1.600""}",2026-06-03T08:13:22.608Z
71576342,Football,2026-06-03 11:30,Sunshine Coast Wanderers,St George Willawong FC,Australia - Queensland Premier League 1,Bet365,Alternative Goal Line,,,,,2.675,1.450,,,4,"{""hdp"": 4, ""over"": ""2.675"", ""under"": ""1.450""}",2026-06-03T08:13:22.608Z
71576342,Football,2026-06-03 11:30,Sunshine Coast Wanderers,St George Willawong FC,Australia - Queensland Premier League 1,Bet365,Alternative Goal Line,,,,,3.000,1.375,,,4.25,"{""hdp"": 4.25, ""over"": ""3.000"", ""under"": ""1.375""}",2026-06-03T08:13:22.608Z
71576342,Football,2026-06-03 11:30,Sunshine Coast Wanderers,St George Willawong FC,Australia - Queensland Premier League 1,Bet365,Alternative Goal Line,,,,,3.300,1.325,,,4.5,"{""hdp"": 4.5, ""over"": ""3.300"", ""under"": ""1.325""}",2026-06-03T08:13:22.608Z
71576342,Football,2026-06-03 11:30,Sunshine Coast Wanderers,St George Willawong FC,Australia - Queensland Premier League 1,Bet365,Alternative Goal Line,,,,,3.900,1.240,,,4.75,"{""hdp"": 4.75, ""over"": ""3.900"", ""under"": ""1.240""}",2026-06-03T08:13:22.608Z
71576342,Football,2026-06-03 11:30,Sunshine Coast Wanderers,St George Willawong FC,Australia - Queensland Premier League 1,Bet365,Alternative Goal Line,,,,,5.250,1.160,,,5,"{""hdp"": 5, ""over"": ""5.250"", ""under"": ""1.160""}",2026-06-03T08:13:22.608Z
71576342,Football,2026-06-03 11:30,Sunshine Coast Wanderers,St George Willawong FC,Australia - Queensland Premier League 1,Bet365,Alternative Goal Line,,,,,5.500,1.150,,,5.25,"{""hdp"": 5.25, ""over"": ""5.500"", ""under"": ""1.150""}",2026-06-03T08:13:22.608Z
71576342,Football,2026-06-03 11:30,Sunshine Coast Wanderers,St George Willawong FC,Australia - Queensland Premier League 1,Bet365,Alternative Goal Line,,,,,5.750,1.140,,,5.5,"{""hdp"": 5.5, ""over"": ""5.750"", ""under"": ""1.140""}",2026-06-03T08:13:22.608Z
71845998,Football,2026-06-03 13:00,Nepal,Bangladesh,"International - SAFF Championship, Women",Bet365,ML,,1.727,3.750,3.700,,,,,,"{""home"": ""1.727"", ""draw"": ""3.750"", ""away"": ""3.700""}",2026-06-03T08:39:39.308Z
71845998,Football,2026-06-03 13:00,Nepal,Bangladesh,"International - SAFF Championship, Women",Bet365,Draw No Bet,,1.300,,3.400,,,,,,"{""home"": ""1.300"", ""away"": ""3.400""}",2026-06-03T05:08:49.413Z
71845998,Football,2026-06-03 13:00,Nepal,Bangladesh,"International - SAFF Championship, Women",Bet365,Double Chance,Nepal (W) or Draw,,,,,1.166,,,,"{""label"": ""Nepal (W) or Draw"", ""under"": ""1.166""}",2026-06-03T07:15:39.044Z
71845998,Football,2026-06-03 13:00,Nepal,Bangladesh,"International - SAFF Championship, Women",Bet365,Double Chance,Draw or Bangladesh (W),,,,,2.100,,,,"{""label"": ""Draw or Bangladesh (W)"", ""under"": ""2.100""}",2026-06-03T07:15:39.044Z
71845998,Football,2026-06-03 13:00,Nepal,Bangladesh,"International - SAFF Championship, Women",Bet365,Double Chance,Nepal (W) or Bangladesh (W),,,,,1.222,,,,"{""label"": ""Nepal (W) or Bangladesh (W)"", ""under"": ""1.222""}",2026-06-03T07:15:39.044Z
71845998,Football,2026-06-03 13:00,Nepal,Bangladesh,"International - SAFF Championship, Women",Bet365,Spread,,2.000,,1.800,,,,,-0.75,"{""hdp"": -0.75, ""home"": ""2.000"", ""away"": ""1.800""}",2026-06-03T08:39:39.308Z
71845998,Football,2026-06-03 13:00,Nepal,Bangladesh,"International - SAFF Championship, Women",Bet365,Totals,,,,,1.975,1.825,,,2.75,"{""hdp"": 2.75, ""over"": ""1.975"", ""under"": ""1.825""}",2026-06-03T08:31:37.298Z
71845998,Football,2026-06-03 13:00,Nepal,Bangladesh,"International - SAFF Championship, Women",Bet365,Goals Over/Under,,,,,1.950,1.850,,,2.5,"{""hdp"": 2.5, ""over"": ""1.950"", ""under"": ""1.850""}",2026-06-03T00:26:10.109Z
71845998,Football,2026-06-03 13:00,Nepal,Bangladesh,"International - SAFF Championship, Women",Bet365,Spread HT,,1.850,,1.950,,,,,-0.25,"{""hdp"": -0.25, ""home"": ""1.850"", ""away"": ""1.950""}",2026-06-03T05:37:19.576Z
71845998,Football,2026-06-03 13:00,Nepal,Bangladesh,"International - SAFF Championship, Women",Bet365,Totals HT,,,,,2.000,1.800,,,1.25,"{""hdp"": 1.25, ""over"": ""2.000"", ""under"": ""1.800""}",2026-06-03T08:39:39.308Z
71845998,Football,2026-06-03 13:00,Nepal,Bangladesh,"International - SAFF Championship, Women",Bet365,Corners Totals,,,,,1.925,1.875,,,8.5,"{""hdp"": 8.5, ""over"": ""1.925"", ""under"": ""1.875""}",2026-06-03T04:30:19.257Z
71845998,Football,2026-06-03 13:00,Nepal,Bangladesh,"International - SAFF Championship, Women",Bet365,Corners Totals HT,,,,,2.000,1.800,,,4,"{""hdp"": 4, ""over"": ""2.000"", ""under"": ""1.800""}",2026-06-03T05:07:48.824Z
71845998,Football,2026-06-03 13:00,Nepal,Bangladesh,"International - SAFF Championship, Women",Bet365,Correct Score,2-1,,,,,,,,,"{""label"": ""2-1"", ""odds"": ""8.500""}",2026-06-03T08:02:07.501Z
71845998,Football,2026-06-03 13:00,Nepal,Bangladesh,"International - SAFF Championship, Women",Bet365,Correct Score,3-2,,,,,,,,,"{""label"": ""3-2"", ""odds"": ""26.000""}",2026-06-03T08:02:07.501Z
71845998,Football,2026-06-03 13:00,Nepal,Bangladesh,"International - SAFF Championship, Women",Bet365,Correct Score,3-4,,,,,,,,,"{""label"": ""3-4"", ""odds"": ""126.000""}",2026-06-03T08:02:07.501Z
71845998,Football,2026-06-03 13:00,Nepal,Bangladesh,"International - SAFF Championship, Women",Bet365,Correct Score,4-3,,,,,,,,,"{""label"": ""4-3"", ""odds"": ""81.000""}",2026-06-03T08:02:07.501Z
71845998,Football,2026-06-03 13:00,Nepal,Bangladesh,"International - SAFF Championship, Women",Bet365,Correct Score,6-1,,,,,,,,,"{""label"": ""6-1"", ""odds"": ""101.000""}",2026-06-03T08:02:07.501Z
71845998,Football,2026-06-03 13:00,Nepal,Bangladesh,"International - SAFF Championship, Women",Bet365,Correct Score,0-1,,,,,,,,,"{""label"": ""0-1"", ""odds"": ""12.000""}",2026-06-03T08:02:07.501Z
71845998,Football,2026-06-03 13:00,Nepal,Bangladesh,"International - SAFF Championship, Women",Bet365,Correct Score,0-3,,,,,,,,,"{""label"": ""0-3"", ""odds"": ""41.000""}",2026-06-03T08:02:07.501Z
71845998,Football,2026-06-03 13:00,Nepal,Bangladesh,"International - SAFF Championship, Women",Bet365,Correct Score,0-4,,,,,,,,,"{""label"": ""0-4"", ""odds"": ""101.000""}",2026-06-03T08:02:07.501Z
71845998,Football,2026-06-03 13:00,Nepal,Bangladesh,"International - SAFF Championship, Women",Bet365,Correct Score,1-3,,,,,,,,,"{""label"": ""1-3"", ""odds"": ""34.000""}",2026-06-03T08:02:07.501Z
71845998,Football,2026-06-03 13:00,Nepal,Bangladesh,"International - SAFF Championship, Women",Bet365,Correct Score,2-4,,,,,,,,,"{""label"": ""2-4"", ""odds"": ""81.000""}",2026-06-03T08:02:07.501Z
71845998,Football,2026-06-03 13:00,Nepal,Bangladesh,"International - SAFF Championship, Women",Bet365,Correct Score,4-2,,,,,,,,,"{""label"": ""4-2"", ""odds"": ""41.000""}",2026-06-03T08:02:07.501Z
71845998,Football,2026-06-03 13:00,Nepal,Bangladesh,"International - SAFF Championship, Women",Bet365,Correct Score,3-1,,,,,,,,,"{""label"": ""3-1"", ""odds"": ""15.000""}",2026-06-03T08:02:07.501Z
71845998,Football,2026-06-03 13:00,Nepal,Bangladesh,"International - SAFF Championship, Women",Bet365,Correct Score,5-1,,,,,,,,,"{""label"": ""5-1"", ""odds"": ""51.000""}",2026-06-03T08:02:07.501Z
71845998,Football,2026-06-03 13:00,Nepal,Bangladesh,"International - SAFF Championship, Women",Bet365,Correct Score,5-2,,,,,,,,,"{""label"": ""5-2"", ""odds"": ""81.000""}",2026-06-03T08:02:07.501Z
71845998,Football,2026-06-03 13:00,Nepal,Bangladesh,"International - SAFF Championship, Women",Bet365,Correct Score,2-3,,,,,,,,,"{""label"": ""2-3"", ""odds"": ""41.000""}",2026-06-03T08:02:07.501Z
71845998,Football,2026-06-03 13:00,Nepal,Bangladesh,"International - SAFF Championship, Women",Bet365,Correct Score,3-3,,,,,,,,,"{""label"": ""3-3"", ""odds"": ""51.000""}",2026-06-03T08:02:07.501Z
71845998,Football,2026-06-03 13:00,Nepal,Bangladesh,"International - SAFF Championship, Women",Bet365,Correct Score,0-0,,,,,,,,,"{""label"": ""0-0"", ""odds"": ""11.000""}",2026-06-03T08:02:07.501Z
71845998,Football,2026-06-03 13:00,Nepal,Bangladesh,"International - SAFF Championship, Women",Bet365,Correct Score,1-1,,,,,,,,,"{""label"": ""1-1"", ""odds"": ""7.500""}",2026-06-03T08:02:07.501Z
71845998,Football,2026-06-03 13:00,Nepal,Bangladesh,"International - SAFF Championship, Women",Bet365,Correct Score,2-0,,,,,,,,,"{""label"": ""2-0"", ""odds"": ""8.000""}",2026-06-03T08:02:07.501Z
71845998,Football,2026-06-03 13:00,Nepal,Bangladesh,"International - SAFF Championship, Women",Bet365,Correct Score,2-2,,,,,,,,,"{""label"": ""2-2"", ""odds"": ""17.000""}",2026-06-03T08:02:07.501Z
71845998,Football,2026-06-03 13:00,Nepal,Bangladesh,"International - SAFF Championship, Women",Bet365,Correct Score,4-0,,,,,,,,,"{""label"": ""4-0"", ""odds"": ""26.000""}",2026-06-03T08:02:07.501Z
71845998,Football,2026-06-03 13:00,Nepal,Bangladesh,"International - SAFF Championship, Women",Bet365,Correct Score,0-2,,,,,,,,,"{""label"": ""0-2"", ""odds"": ""23.000""}",2026-06-03T08:02:07.501Z
71845998,Football,2026-06-03 13:00,Nepal,Bangladesh,"International - SAFF Championship, Women",Bet365,Correct Score,1-0,,,,,,,,,"{""label"": ""1-0"", ""odds"": ""7.000""}",2026-06-03T08:02:07.501Z
71845998,Football,2026-06-03 13:00,Nepal,Bangladesh,"International - SAFF Championship, Women",Bet365,Correct Score,1-2,,,,,,,,,"{""label"": ""1-2"", ""odds"": ""15.000""}",2026-06-03T08:02:07.501Z
71845998,Football,2026-06-03 13:00,Nepal,Bangladesh,"International - SAFF Championship, Women",Bet365,Correct Score,1-4,,,,,,,,,"{""label"": ""1-4"", ""odds"": ""81.000""}",2026-06-03T08:02:07.501Z
71845998,Football,2026-06-03 13:00,Nepal,Bangladesh,"International - SAFF Championship, Women",Bet365,Correct Score,3-0,,,,,,,,,"{""label"": ""3-0"", ""odds"": ""13.000""}",2026-06-03T08:02:07.501Z
71845998,Football,2026-06-03 13:00,Nepal,Bangladesh,"International - SAFF Championship, Women",Bet365,Correct Score,4-1,,,,,,,,,"{""label"": ""4-1"", ""odds"": ""29.000""}",2026-06-03T08:02:07.501Z
71845998,Football,2026-06-03 13:00,Nepal,Bangladesh,"International - SAFF Championship, Women",Bet365,Correct Score,5-0,,,,,,,,,"{""label"": ""5-0"", ""odds"": ""51.000""}",2026-06-03T08:02:07.501Z
71845998,Football,2026-06-03 13:00,Nepal,Bangladesh,"International - SAFF Championship, Women",Bet365,Correct Score,6-0,,,,,,,,,"{""label"": ""6-0"", ""odds"": ""101.000""}",2026-06-03T08:02:07.501Z
71845998,Football,2026-06-03 13:00,Nepal,Bangladesh,"International - SAFF Championship, Women",Bet365,Corners 2-Way,,,,,1.833,1.833,,,8.5,"{""hdp"": 8.5, ""over"": ""1.833"", ""under"": ""1.833""}",2026-06-03T05:13:49.18Z
71845998,Football,2026-06-03 13:00,Nepal,Bangladesh,"International - SAFF Championship, Women",Bet365,Half Time Result,1,,,,,2.200,,,1,"{""label"": ""1"", ""hdp"": 1, ""under"": ""2.200""}",2026-06-03T07:40:01.24Z
71845998,Football,2026-06-03 13:00,Nepal,Bangladesh,"International - SAFF Championship, Women",Bet365,Half Time Result,Draw,,,,,2.200,,,,"{""label"": ""Draw"", ""under"": ""2.200""}",2026-06-03T07:40:01.24Z
71845998,Football,2026-06-03 13:00,Nepal,Bangladesh,"International - SAFF Championship, Women",Bet365,Half Time Result,2,,,,,5.000,,,2,"{""label"": ""2"", ""hdp"": 2, ""under"": ""5.000""}",2026-06-03T07:40:01.24Z
71845998,Football,2026-06-03 13:00,Nepal,Bangladesh,"International - SAFF Championship, Women",Bet365,Corners,,,,,1.833,2.500,,,8,"{""hdp"": 8, ""over"": ""1.833"", ""under"": ""2.500""}",2026-06-03T05:13:49.18Z
71742900,Basketball,2026-06-03 20:00,Olimpia Milano,Pallacanestro Brescia,Italy - Serie A,Bet365,ML,,1.20,,4.50,,,,,,"{""home"": ""1.20"", ""away"": ""4.50""}",2026-06-02T10:00:37.527Z
71742900,Basketball,2026-06-03 20:00,Olimpia Milano,Pallacanestro Brescia,Italy - Serie A,Bet365,Spread,,1.86,,1.86,,,,,-9.5,"{""hdp"": -9.5, ""home"": ""1.86"", ""away"": ""1.86""}",2026-06-02T10:00:37.527Z
71742900,Basketball,2026-06-03 20:00,Olimpia Milano,Pallacanestro Brescia,Italy - Serie A,Bet365,Totals,,,,,1.86,1.86,,,165.5,"{""hdp"": 165.5, ""over"": ""1.86"", ""under"": ""1.86""}",2026-06-02T10:00:37.527Z
71742900,Basketball,2026-06-03 20:00,Olimpia Milano,Pallacanestro Brescia,Italy - Serie A,Bet365,ML HT,,1.35,,3.10,,,,,,"{""home"": ""1.35"", ""away"": ""3.10""}",2026-06-02T10:00:37.527Z
71742900,Basketball,2026-06-03 20:00,Olimpia Milano,Pallacanestro Brescia,Italy - Serie A,Bet365,Spread HT,,1.83,,1.90,,,,,-4.5,"{""hdp"": -4.5, ""home"": ""1.83"", ""away"": ""1.90""}",2026-06-02T10:00:37.527Z
71742900,Basketball,2026-06-03 20:00,Olimpia Milano,Pallacanestro Brescia,Italy - Serie A,Bet365,Totals HT,,,,,1.83,1.83,,,82.5,"{""hdp"": 82.5, ""over"": ""1.83"", ""under"": ""1.83""}",2026-06-02T10:00:37.527Z
71742900,Basketball,2026-06-03 20:00,Olimpia Milano,Pallacanestro Brescia,Italy - Serie A,Bet365,Totals 1Q,,,,,1.80,1.86,,,41.5,"{""hdp"": 41.5, ""over"": ""1.80"", ""under"": ""1.86""}",2026-06-02T10:00:37.527Z
71742900,Basketball,2026-06-03 20:00,Olimpia Milano,Pallacanestro Brescia,Italy - Serie A,Bet365,Team Total Home,,,,,1.83,1.83,,,87.5,"{""hdp"": 87.5, ""over"": ""1.83"", ""under"": ""1.83""}",2026-06-02T10:00:37.527Z
71742900,Basketball,2026-06-03 20:00,Olimpia Milano,Pallacanestro Brescia,Italy - Serie A,Bet365,Team Total Away,,,,,1.86,1.80,,,78.5,"{""hdp"": 78.5, ""over"": ""1.86"", ""under"": ""1.80""}",2026-06-02T10:00:37.527Z
71742900,Basketball,2026-06-03 20:00,Olimpia Milano,Pallacanestro Brescia,Italy - Serie A,Bet365,Player Rebounds Milestones,Josh Nebo,,,,1.02,,,,3,"{""label"": ""Josh Nebo"", ""hdp"": 3, ""over"": ""1.02""}",2026-06-02T10:29:13.138Z
71742900,Basketball,2026-06-03 20:00,Olimpia Milano,Pallacanestro Brescia,Italy - Serie A,Bet365,Player Rebounds Milestones,Zach LeDay,,,,1.12,,,,3,"{""label"": ""Zach LeDay"", ""hdp"": 3, ""over"": ""1.12""}",2026-06-02T10:29:13.138Z
71742900,Basketball,2026-06-03 20:00,Olimpia Milano,Pallacanestro Brescia,Italy - Serie A,Bet365,Player Rebounds Milestones,Jason Burnell,,,,1.14,,,,3,"{""label"": ""Jason Burnell"", ""hdp"": 3, ""over"": ""1.14""}",2026-06-02T10:29:13.138Z
71742900,Basketball,2026-06-03 20:00,Olimpia Milano,Pallacanestro Brescia,Italy - Serie A,Bet365,Player Rebounds Milestones,Shavon Shields,,,,1.27,,,,3,"{""label"": ""Shavon Shields"", ""hdp"": 3, ""over"": ""1.27""}",2026-06-02T10:29:13.138Z
71742900,Basketball,2026-06-03 20:00,Olimpia Milano,Pallacanestro Brescia,Italy - Serie A,Bet365,Player Rebounds Milestones,Leandro Bolmaro,,,,1.32,,,,3,"{""label"": ""Leandro Bolmaro"", ""hdp"": 3, ""over"": ""1.32""}",2026-06-02T10:29:13.138Z
71742900,Basketball,2026-06-03 20:00,Olimpia Milano,Pallacanestro Brescia,Italy - Serie A,Bet365,Player Rebounds Milestones,Miro Bilan,,,,1.07,,,,5,"{""label"": ""Miro Bilan"", ""hdp"": 5, ""over"": ""1.07""}",2026-06-02T10:29:13.138Z
71742900,Basketball,2026-06-03 20:00,Olimpia Milano,Pallacanestro Brescia,Italy - Serie A,Bet365,Player Rebounds Milestones,Josh Nebo,,,,1.20,,,,5,"{""label"": ""Josh Nebo"", ""hdp"": 5, ""over"": ""1.20""}",2026-06-02T10:29:13.138Z
71742900,Basketball,2026-06-03 20:00,Olimpia Milano,Pallacanestro Brescia,Italy - Serie A,Bet365,Player Rebounds Milestones,Zach LeDay,,,,1.74,,,,5,"{""label"": ""Zach LeDay"", ""hdp"": 5, ""over"": ""1.74""}",2026-06-02T10:29:13.138Z
71742900,Basketball,2026-06-03 20:00,Olimpia Milano,Pallacanestro Brescia,Italy - Serie A,Bet365,Player Rebounds Milestones,Jason Burnell,,,,1.80,,,,5,"{""label"": ""Jason Burnell"", ""hdp"": 5, ""over"": ""1.80""}",2026-06-02T10:29:13.138Z
71742900,Basketball,2026-06-03 20:00,Olimpia Milano,Pallacanestro Brescia,Italy - Serie A,Bet365,Player Rebounds Milestones,Shavon Shields,,,,2.40,,,,5,"{""label"": ""Shavon Shields"", ""hdp"": 5, ""over"": ""2.40""}",2026-06-02T10:29:13.138Z
71742900,Basketball,2026-06-03 20:00,Olimpia Milano,Pallacanestro Brescia,Italy - Serie A,Bet365,Player Rebounds Milestones,Leandro Bolmaro,,,,2.70,,,,5,"{""label"": ""Leandro Bolmaro"", ""hdp"": 5, ""over"": ""2.70""}",2026-06-02T10:29:13.138Z
71742900,Basketball,2026-06-03 20:00,Olimpia Milano,Pallacanestro Brescia,Italy - Serie A,Bet365,Player Rebounds Milestones,Miro Bilan,,,,1.34,,,,7,"{""label"": ""Miro Bilan"", ""hdp"": 7, ""over"": ""1.34""}",2026-06-02T10:29:13.138Z
71742900,Basketball,2026-06-03 20:00,Olimpia Milano,Pallacanestro Brescia,Italy - Serie A,Bet365,Player Rebounds Milestones,Josh Nebo,,,,1.80,,,,7,"{""label"": ""Josh Nebo"", ""hdp"": 7, ""over"": ""1.80""}",2026-06-02T10:29:13.138Z
71742900,Basketball,2026-06-03 20:00,Olimpia Milano,Pallacanestro Brescia,Italy - Serie A,Bet365,Player Rebounds Milestones,Zach LeDay,,,,3.70,,,,7,"{""label"": ""Zach LeDay"", ""hdp"": 7, ""over"": ""3.70""}",2026-06-02T10:29:13.138Z
71742900,Basketball,2026-06-03 20:00,Olimpia Milano,Pallacanestro Brescia,Italy - Serie A,Bet365,Player Rebounds Milestones,Jason Burnell,,,,3.90,,,,7,"{""label"": ""Jason Burnell"", ""hdp"": 7, ""over"": ""3.90""}",2026-06-02T10:29:13.138Z
71742900,Basketball,2026-06-03 20:00,Olimpia Milano,Pallacanestro Brescia,Italy - Serie A,Bet365,Player Rebounds Milestones,Shavon Shields,,,,6.25,,,,7,"{""label"": ""Shavon Shields"", ""hdp"": 7, ""over"": ""6.25""}",2026-06-02T10:29:13.138Z
71742900,Basketball,2026-06-03 20:00,Olimpia Milano,Pallacanestro Brescia,Italy - Serie A,Bet365,Player Rebounds Milestones,Leandro Bolmaro,,,,7.25,,,,7,"{""label"": ""Leandro Bolmaro"", ""hdp"": 7, ""over"": ""7.25""}",2026-06-02T10:29:13.138Z
71742900,Basketball,2026-06-03 20:00,Olimpia Milano,Pallacanestro Brescia,Italy - Serie A,Bet365,Player Rebounds Milestones,Miro Bilan,,,,2.80,,,,10,"{""label"": ""Miro Bilan"", ""hdp"": 10, ""over"": ""2.80""}",2026-06-02T10:29:13.138Z
71742900,Basketball,2026-06-03 20:00,Olimpia Milano,Pallacanestro Brescia,Italy - Serie A,Bet365,Player Rebounds Milestones,Josh Nebo,,,,5.00,,,,10,"{""label"": ""Josh Nebo"", ""hdp"": 10, ""over"": ""5.00""}",2026-06-02T10:29:13.138Z
71742900,Basketball,2026-06-03 20:00,Olimpia Milano,Pallacanestro Brescia,Italy - Serie A,Bet365,Player Rebounds Milestones,Zach LeDay,,,,13.00,,,,10,"{""label"": ""Zach LeDay"", ""hdp"": 10, ""over"": ""13.00""}",2026-06-02T10:29:13.138Z
71742900,Basketball,2026-06-03 20:00,Olimpia Milano,Pallacanestro Brescia,Italy - Serie A,Bet365,Player Rebounds Milestones,Jason Burnell,,,,14.00,,,,10,"{""label"": ""Jason Burnell"", ""hdp"": 10, ""over"": ""14.00""}",2026-06-02T10:29:13.138Z
71742900,Basketball,2026-06-03 20:00,Olimpia Milano,Pallacanestro Brescia,Italy - Serie A,Bet365,Player Rebounds Milestones,Shavon Shields,,,,20.00,,,,10,"{""label"": ""Shavon Shields"", ""hdp"": 10, ""over"": ""20.00""}",2026-06-02T10:29:13.138Z
71742900,Basketball,2026-06-03 20:00,Olimpia Milano,Pallacanestro Brescia,Italy - Serie A,Bet365,Player Rebounds Milestones,Leandro Bolmaro,,,,23.00,,,,10,"{""label"": ""Leandro Bolmaro"", ""hdp"": 10, ""over"": ""23.00""}",2026-06-02T10:29:13.138Z
71742900,Basketball,2026-06-03 20:00,Olimpia Milano,Pallacanestro Brescia,Italy - Serie A,Bet365,Player Rebounds Milestones,Miro Bilan,,,,8.25,,,,13,"{""label"": ""Miro Bilan"", ""hdp"": 13, ""over"": ""8.25""}",2026-06-02T10:29:13.138Z
71742900,Basketball,2026-06-03 20:00,Olimpia Milano,Pallacanestro Brescia,Italy - Serie A,Bet365,Player Rebounds Milestones,Josh Nebo,,,,14.00,,,,13,"{""label"": ""Josh Nebo"", ""hdp"": 13, ""over"": ""14.00""}",2026-06-02T10:29:13.138Z
71742900,Basketball,2026-06-03 20:00,Olimpia Milano,Pallacanestro Brescia,Italy - Serie A,Bet365,Player Rebounds Milestones,Zach LeDay,,,,36.00,,,,13,"{""label"": ""Zach LeDay"", ""hdp"": 13, ""over"": ""36.00""}",2026-06-02T10:29:13.138Z
71742900,Basketball,2026-06-03 20:00,Olimpia Milano,Pallacanestro Brescia,Italy - Serie A,Bet365,Player Rebounds Milestones,Jason Burnell,,,,36.00,,,,13,"{""label"": ""Jason Burnell"", ""hdp"": 13, ""over"": ""36.00""}",2026-06-02T10:29:13.138Z
71742900,Basketball,2026-06-03 20:00,Olimpia Milano,Pallacanestro Brescia,Italy - Serie A,Bet365,Player Rebounds Milestones,Miro Bilan,,,,16.00,,,,15,"{""label"": ""Miro Bilan"", ""hdp"": 15, ""over"": ""16.00""}",2026-06-02T10:29:13.138Z
71742900,Basketball,2026-06-03 20:00,Olimpia Milano,Pallacanestro Brescia,Italy - Serie A,Bet365,Player Rebounds Milestones,Josh Nebo,,,,26.00,,,,15,"{""label"": ""Josh Nebo"", ""hdp"": 15, ""over"": ""26.00""}",2026-06-02T10:29:13.138Z
71742900,Basketball,2026-06-03 20:00,Olimpia Milano,Pallacanestro Brescia,Italy - Serie A,Bet365,Player Rebounds Milestones,Miro Bilan,,,,26.00,,,,17,"{""label"": ""Miro Bilan"", ""hdp"": 17, ""over"": ""26.00""}",2026-06-02T10:29:13.138Z
71742900,Basketball,2026-06-03 20:00,Olimpia Milano,Pallacanestro Brescia,Italy - Serie A,Bet365,Player Rebounds Milestones,Josh Nebo,,,,36.00,,,,17,"{""label"": ""Josh Nebo"", ""hdp"": 17, ""over"": ""36.00""}",2026-06-02T10:29:13.138Z
71742900,Basketball,2026-06-03 20:00,Olimpia Milano,Pallacanestro Brescia,Italy - Serie A,Bet365,ML Q1,,1.45,,2.70,,,,,,"{""home"": ""1.45"", ""away"": ""2.70""}",2026-06-02T10:00:37.527Z
71742900,Basketball,2026-06-03 20:00,Olimpia Milano,Pallacanestro Brescia,Italy - Serie A,Bet365,Points O/U,Amedeo Della Valle (2) (17.5),,,,1.90,1.86,,,17.5,"{""label"": ""Amedeo Della Valle (2) (17.5)"", ""hdp"": 17.5, ""over"": ""1.90"", ""under"": ""1.86""}",2026-06-02T20:53:18.169Z
71742900,Basketball,2026-06-03 20:00,Olimpia Milano,Pallacanestro Brescia,Italy - Serie A,Bet365,Points O/U,Leandro Bolmaro (1) (11.5),,,,1.83,1.95,,,11.5,"{""label"": ""Leandro Bolmaro (1) (11.5)"", ""hdp"": 11.5, ""over"": ""1.83"", ""under"": ""1.95""}",2026-06-02T20:53:18.169Z
71742900,Basketball,2026-06-03 20:00,Olimpia Milano,Pallacanestro Brescia,Italy - Serie A,Bet365,Points O/U,Armoni Brooks (1) (15.5),,,,1.95,1.83,,,15.5,"{""label"": ""Armoni Brooks (1) (15.5)"", ""hdp"": 15.5, ""over"": ""1.95"", ""under"": ""1.83""}",2026-06-02T20:53:18.169Z
71742900,Basketball,2026-06-03 20:00,Olimpia Milano,Pallacanestro Brescia,Italy - Serie A,Bet365,Points O/U,Marko Guduric (1) (7.5),,,,1.89,1.89,,,7.5,"{""label"": ""Marko Guduric (1) (7.5)"", ""hdp"": 7.5, ""over"": ""1.89"", ""under"": ""1.89""}",2026-06-02T20:53:18.169Z
71742900,Basketball,2026-06-03 20:00,Olimpia Milano,Pallacanestro Brescia,Italy - Serie A,Bet365,Points O/U,Zach LeDay (1) (10.5),,,,1.89,1.89,,,10.5,"{""label"": ""Zach LeDay (1) (10.5)"", ""hdp"": 10.5, ""over"": ""1.89"", ""under"": ""1.89""}",2026-06-02T20:53:18.169Z
71742900,Basketball,2026-06-03 20:00,Olimpia Milano,Pallacanestro Brescia,Italy - Serie A,Bet365,Points O/U,Josh Nebo (1) (9.5),,,,1.89,1.89,,,9.5,"{""label"": ""Josh Nebo (1) (9.5)"", ""hdp"": 9.5, ""over"": ""1.89"", ""under"": ""1.89""}",2026-06-02T20:53:18.169Z
71742900,Basketball,2026-06-03 20:00,Olimpia Milano,Pallacanestro Brescia,Italy - Serie A,Bet365,Points O/U,Shavon Shields (1) (13.5),,,,1.89,1.89,,,13.5,"{""label"": ""Shavon Shields (1) (13.5)"", ""hdp"": 13.5, ""over"": ""1.89"", ""under"": ""1.89""}",2026-06-02T20:53:18.169Z
71742900,Basketball,2026-06-03 20:00,Olimpia Milano,Pallacanestro Brescia,Italy - Serie A,Bet365,Points O/U,Miro Bilan (2) (12.5),,,,1.89,1.89,,,12.5,"{""label"": ""Miro Bilan (2) (12.5)"", ""hdp"": 12.5, ""over"": ""1.89"", ""under"": ""1.89""}",2026-06-02T20:53:18.169Z
71742900,Basketball,2026-06-03 20:00,Olimpia Milano,Pallacanestro Brescia,Italy - Serie A,Bet365,Points O/U,Jason Burnell (2) (11.5),,,,2.05,1.74,,,11.5,"{""label"": ""Jason Burnell (2) (11.5)"", ""hdp"": 11.5, ""over"": ""2.05"", ""under"": ""1.74""}",2026-06-02T20:53:18.169Z
71742900,Basketball,2026-06-03 20:00,Olimpia Milano,Pallacanestro Brescia,Italy - Serie A,Bet365,Points O/U,Nikola Ivanovic (2) (11.5),,,,1.89,1.89,,,11.5,"{""label"": ""Nikola Ivanovic (2) (11.5)"", ""hdp"": 11.5, ""over"": ""1.89"", ""under"": ""1.89""}",2026-06-02T20:53:18.169Z
71742900,Basketball,2026-06-03 20:00,Olimpia Milano,Pallacanestro Brescia,Italy - Serie A,Bet365,Points O/U,Demetre Rivers (2) (8.5),,,,1.95,1.83,,,8.5,"{""label"": ""Demetre Rivers (2) (8.5)"", ""hdp"": 8.5, ""over"": ""1.95"", ""under"": ""1.83""}",2026-06-02T20:53:18.169Z
71742900,Basketball,2026-06-03 20:00,Olimpia Milano,Pallacanestro Brescia,Italy - Serie A,Bet365,Player Points Milestones,Amedeo Della Valle,,,,1.07,,,,10,"{""label"": ""Amedeo Della Valle"", ""hdp"": 10, ""over"": ""1.07""}",2026-06-02T20:09:42.544Z
71742900,Basketball,2026-06-03 20:00,Olimpia Milano,Pallacanestro Brescia,Italy - Serie A,Bet365,Player Points Milestones,Amedeo Della Valle,,,,1.41,,,,15,"{""label"": ""Amedeo Della Valle"", ""hdp"": 15, ""over"": ""1.41""}",2026-06-02T20:09:42.544Z
71742900,Basketball,2026-06-03 20:00,Olimpia Milano,Pallacanestro Brescia,Italy - Serie A,Bet365,Player Points Milestones,Amedeo Della Valle,,,,2.50,,,,20,"{""label"": ""Amedeo Della Valle"", ""hdp"": 20, ""over"": ""2.50""}",2026-06-02T20:09:42.544Z
71742900,Basketball,2026-06-03 20:00,Olimpia Milano,Pallacanestro Brescia,Italy - Serie A,Bet365,Player Points Milestones,Amedeo Della Valle,,,,5.50,,,,25,"{""label"": ""Amedeo Della Valle"", ""hdp"": 25, ""over"": ""5.50""}",2026-06-02T20:09:42.544Z
71742900,Basketball,2026-06-03 20:00,Olimpia Milano,Pallacanestro Brescia,Italy - Serie A,Bet365,Player Points Milestones,Amedeo Della Valle,,,,12.00,,,,30,"{""label"": ""Amedeo Della Valle"", ""hdp"": 30, ""over"": ""12.00""}",2026-06-02T20:09:42.544Z
71742900,Basketball,2026-06-03 20:00,Olimpia Milano,Pallacanestro Brescia,Italy - Serie A,Bet365,Player Points Milestones,Amedeo Della Valle,,,,21.00,,,,35,"{""label"": ""Amedeo Della Valle"", ""hdp"": 35, ""over"": ""21.00""}",2026-06-02T20:09:42.544Z
71742900,Basketball,2026-06-03 20:00,Olimpia Milano,Pallacanestro Brescia,Italy - Serie A,Bet365,Player Points Milestones,Shavon Shields,,,,1.02,,,,5,"{""label"": ""Shavon Shields"", ""hdp"": 5, ""over"": ""1.02""}",2026-06-02T20:09:42.544Z
71742900,Basketball,2026-06-03 20:00,Olimpia Milano,Pallacanestro Brescia,Italy - Serie A,Bet365,Player Points Milestones,Miro Bilan,,,,1.02,,,,5,"{""label"": ""Miro Bilan"", ""hdp"": 5, ""over"": ""1.02""}",2026-06-02T20:09:42.544Z
71742900,Basketball,2026-06-03 20:00,Olimpia Milano,Pallacanestro Brescia,Italy - Serie A,Bet365,Player Points Milestones,Leandro Bolmaro,,,,1.04,,,,5,"{""label"": ""Leandro Bolmaro"", ""hdp"": 5, ""over"": ""1.04""}",2026-06-02T20:09:42.544Z
71742900,Basketball,2026-06-03 20:00,Olimpia Milano,Pallacanestro Brescia,Italy - Serie A,Bet365,Player Points Milestones,Nikola Ivanovic,,,,1.04,,,,5,"{""label"": ""Nikola Ivanovic"", ""hdp"": 5, ""over"": ""1.04""}",2026-06-02T20:09:42.544Z
71742900,Basketball,2026-06-03 20:00,Olimpia Milano,Pallacanestro Brescia,Italy - Serie A,Bet365,Player Points Milestones,Jason Burnell,,,,1.06,,,,5,"{""label"": ""Jason Burnell"", ""hdp"": 5, ""over"": ""1.06""}",2026-06-02T20:09:42.544Z
71742900,Basketball,2026-06-03 20:00,Olimpia Milano,Pallacanestro Brescia,Italy - Serie A,Bet365,Player Points Milestones,Zach LeDay,,,,1.07,,,,5,"{""label"": ""Zach LeDay"", ""hdp"": 5, ""over"": ""1.07""}",2026-06-02T20:09:42.544Z
71742900,Basketball,2026-06-03 20:00,Olimpia Milano,Pallacanestro Brescia,Italy - Serie A,Bet365,Player Points Milestones,Josh Nebo,,,,1.10,,,,5,"{""label"": ""Josh Nebo"", ""hdp"": 5, ""over"": ""1.10""}",2026-06-02T20:09:42.544Z
71742900,Basketball,2026-06-03 20:00,Olimpia Milano,Pallacanestro Brescia,Italy - Serie A,Bet365,Player Points Milestones,Demetre Rivers,,,,1.18,,,,5,"{""label"": ""Demetre Rivers"", ""hdp"": 5, ""over"": ""1.18""}",2026-06-02T20:09:42.544Z
71742900,Basketball,2026-06-03 20:00,Olimpia Milano,Pallacanestro Brescia,Italy - Serie A,Bet365,Player Points Milestones,Marko Guduric,,,,1.23,,,,5,"{""label"": ""Marko Guduric"", ""hdp"": 5, ""over"": ""1.23""}",2026-06-02T20:09:42.544Z
71742900,Basketball,2026-06-03 20:00,Olimpia Milano,Pallacanestro Brescia,Italy - Serie A,Bet365,Player Points Milestones,Armoni Brooks,,,,1.14,,,,10,"{""label"": ""Armoni Brooks"", ""hdp"": 10, ""over"": ""1.14""}",2026-06-02T20:09:42.544Z
71742900,Basketball,2026-06-03 20:00,Olimpia Milano,Pallacanestro Brescia,Italy - Serie A,Bet365,Player Points Milestones,Shavon Shields,,,,1.25,,,,10,"{""label"": ""Shavon Shields"", ""hdp"": 10, ""over"": ""1.25""}",2026-06-02T20:09:42.544Z
71742900,Basketball,2026-06-03 20:00,Olimpia Milano,Pallacanestro Brescia,Italy - Serie A,Bet365,Player Points Milestones,Miro Bilan,,,,1.34,,,,10,"{""label"": ""Miro Bilan"", ""hdp"": 10, ""over"": ""1.34""}",2026-06-02T20:09:42.544Z
71742900,Basketball,2026-06-03 20:00,Olimpia Milano,Pallacanestro Brescia,Italy - Serie A,Bet365,Player Points Milestones,Leandro Bolmaro,,,,1.43,,,,10,"{""label"": ""Leandro Bolmaro"", ""hdp"": 10, ""over"": ""1.43""}",2026-06-02T20:09:42.544Z
71742900,Basketball,2026-06-03 20:00,Olimpia Milano,Pallacanestro Brescia,Italy - Serie A,Bet365,Player Points Milestones,Nikola Ivanovic,,,,1.47,,,,10,"{""label"": ""Nikola Ivanovic"", ""hdp"": 10, ""over"": ""1.47""}",2026-06-02T20:09:42.544Z
71742900,Basketball,2026-06-03 20:00,Olimpia Milano,Pallacanestro Brescia,Italy - Serie A,Bet365,Player Points Milestones,Jason Burnell,,,,1.58,,,,10,"{""label"": ""Jason Burnell"", ""hdp"": 10, ""over"": ""1.58""}",2026-06-02T20:09:42.544Z
71742900,Basketball,2026-06-03 20:00,Olimpia Milano,Pallacanestro Brescia,Italy - Serie A,Bet365,Player Points Milestones,Zach LeDay,,,,1.64,,,,10,"{""label"": ""Zach LeDay"", ""hdp"": 10, ""over"": ""1.64""}",2026-06-02T20:09:42.544Z
71742900,Basketball,2026-06-03 20:00,Olimpia Milano,Pallacanestro Brescia,Italy - Serie A,Bet365,Player Points Milestones,Josh Nebo,,,,1.89,,,,10,"{""label"": ""Josh Nebo"", ""hdp"": 10, ""over"": ""1.89""}",2026-06-02T20:09:42.544Z
71742900,Basketball,2026-06-03 20:00,Olimpia Milano,Pallacanestro Brescia,Italy - Serie A,Bet365,Player Points Milestones,Demetre Rivers,,,,2.35,,,,10,"{""label"": ""Demetre Rivers"", ""hdp"": 10, ""over"": ""2.35""}",2026-06-02T20:09:42.544Z
71742900,Basketball,2026-06-03 20:00,Olimpia Milano,Pallacanestro Brescia,Italy - Serie A,Bet365,Player Points Milestones,Marko Guduric,,,,2.80,,,,10,"{""label"": ""Marko Guduric"", ""hdp"": 10, ""over"": ""2.80""}",2026-06-02T20:09:42.544Z
71742900,Basketball,2026-06-03 20:00,Olimpia Milano,Pallacanestro Brescia,Italy - Serie A,Bet365,Player Points Milestones,Armoni Brooks,,,,1.74,,,,15,"{""label"": ""Armoni Brooks"", ""hdp"": 15, ""over"": ""1.74""}",2026-06-02T20:09:42.544Z
71742900,Basketball,2026-06-03 20:00,Olimpia Milano,Pallacanestro Brescia,Italy - Serie A,Bet365,Player Points Milestones,Shavon Shields,,,,2.15,,,,15,"{""label"": ""Shavon Shields"", ""hdp"": 15, ""over"": ""2.15""}",2026-06-02T20:09:42.544Z
71742900,Basketball,2026-06-03 20:00,Olimpia Milano,Pallacanestro Brescia,Italy - Serie A,Bet365,Player Points Milestones,Miro Bilan,,,,2.55,,,,15,"{""label"": ""Miro Bilan"", ""hdp"": 15, ""over"": ""2.55""}",2026-06-02T20:09:42.544Z
71742900,Basketball,2026-06-03 20:00,Olimpia Milano,Pallacanestro Brescia,Italy - Serie A,Bet365,Player Points Milestones,Leandro Bolmaro,,,,2.95,,,,15,"{""label"": ""Leandro Bolmaro"", ""hdp"": 15, ""over"": ""2.95""}",2026-06-02T20:09:42.544Z
71742900,Basketball,2026-06-03 20:00,Olimpia Milano,Pallacanestro Brescia,Italy - Serie A,Bet365,Player Points Milestones,Nikola Ivanovic,,,,3.05,,,,15,"{""label"": ""Nikola Ivanovic"", ""hdp"": 15, ""over"": ""3.05""}",2026-06-02T20:09:42.544Z
71742900,Basketball,2026-06-03 20:00,Olimpia Milano,Pallacanestro Brescia,Italy - Serie A,Bet365,Player Points Milestones,Jason Burnell,,,,3.55,,,,15,"{""label"": ""Jason Burnell"", ""hdp"": 15, ""over"": ""3.55""}",2026-06-02T20:09:42.544Z
71742900,Basketball,2026-06-03 20:00,Olimpia Milano,Pallacanestro Brescia,Italy - Serie A,Bet365,Player Points Milestones,Zach LeDay,,,,3.90,,,,15,"{""label"": ""Zach LeDay"", ""hdp"": 15, ""over"": ""3.90""}",2026-06-02T20:09:42.544Z
71742900,Basketball,2026-06-03 20:00,Olimpia Milano,Pallacanestro Brescia,Italy - Serie A,Bet365,Player Points Milestones,Josh Nebo,,,,5.00,,,,15,"{""label"": ""Josh Nebo"", ""hdp"": 15, ""over"": ""5.00""}",2026-06-02T20:09:42.544Z
71742900,Basketball,2026-06-03 20:00,Olimpia Milano,Pallacanestro Brescia,Italy - Serie A,Bet365,Player Points Milestones,Demetre Rivers,,,,7.25,,,,15,"{""label"": ""Demetre Rivers"", ""hdp"": 15, ""over"": ""7.25""}",2026-06-02T20:09:42.544Z
71742900,Basketball,2026-06-03 20:00,Olimpia Milano,Pallacanestro Brescia,Italy - Serie A,Bet365,Player Points Milestones,Marko Guduric,,,,9.00,,,,15,"{""label"": ""Marko Guduric"", ""hdp"": 15, ""over"": ""9.00""}",2026-06-02T20:09:42.544Z
71742900,Basketball,2026-06-03 20:00,Olimpia Milano,Pallacanestro Brescia,Italy - Serie A,Bet365,Player Points Milestones,Armoni Brooks,,,,3.55,,,,20,"{""label"": ""Armoni Brooks"", ""hdp"": 20, ""over"": ""3.55""}",2026-06-02T20:09:42.544Z
71742900,Basketball,2026-06-03 20:00,Olimpia Milano,Pallacanestro Brescia,Italy - Serie A,Bet365,Player Points Milestones,Shavon Shields,,,,5.25,,,,20,"{""label"": ""Shavon Shields"", ""hdp"": 20, ""over"": ""5.25""}",2026-06-02T20:09:42.544Z
71742900,Basketball,2026-06-03 20:00,Olimpia Milano,Pallacanestro Brescia,Italy - Serie A,Bet365,Player Points Milestones,Miro Bilan,,,,6.75,,,,20,"{""label"": ""Miro Bilan"", ""hdp"": 20, ""over"": ""6.75""}",2026-06-02T20:09:42.544Z
71742900,Basketball,2026-06-03 20:00,Olimpia Milano,Pallacanestro Brescia,Italy - Serie A,Bet365,Player Points Milestones,Leandro Bolmaro,,,,7.75,,,,20,"{""label"": ""Leandro Bolmaro"", ""hdp"": 20, ""over"": ""7.75""}",2026-06-02T20:09:42.544Z
71742900,Basketball,2026-06-03 20:00,Olimpia Milano,Pallacanestro Brescia,Italy - Serie A,Bet365,Player Points Milestones,Nikola Ivanovic,,,,8.25,,,,20,"{""label"": ""Nikola Ivanovic"", ""hdp"": 20, ""over"": ""8.25""}",2026-06-02T20:09:42.544Z
71742900,Basketball,2026-06-03 20:00,Olimpia Milano,Pallacanestro Brescia,Italy - Serie A,Bet365,Player Points Milestones,Jason Burnell,,,,9.75,,,,20,"{""label"": ""Jason Burnell"", ""hdp"": 20, ""over"": ""9.75""}",2026-06-02T20:09:42.544Z
71742900,Basketball,2026-06-03 20:00,Olimpia Milano,Pallacanestro Brescia,Italy - Serie A,Bet365,Player Points Milestones,Zach LeDay,,,,10.50,,,,20,"{""label"": ""Zach LeDay"", ""hdp"": 20, ""over"": ""10.50""}",2026-06-02T20:09:42.544Z
71742900,Basketball,2026-06-03 20:00,Olimpia Milano,Pallacanestro Brescia,Italy - Serie A,Bet365,Player Points Milestones,Josh Nebo,,,,13.00,,,,20,"{""label"": ""Josh Nebo"", ""hdp"": 20, ""over"": ""13.00""}",2026-06-02T20:09:42.544Z
71742900,Basketball,2026-06-03 20:00,Olimpia Milano,Pallacanestro Brescia,Italy - Serie A,Bet365,Player Points Milestones,Demetre Rivers,,,,18.00,,,,20,"{""label"": ""Demetre Rivers"", ""hdp"": 20, ""over"": ""18.00""}",2026-06-02T20:09:42.544Z
71742900,Basketball,2026-06-03 20:00,Olimpia Milano,Pallacanestro Brescia,Italy - Serie A,Bet365,Player Points Milestones,Marko Guduric,,,,21.00,,,,20,"{""label"": ""Marko Guduric"", ""hdp"": 20, ""over"": ""21.00""}",2026-06-02T20:09:42.544Z
71742900,Basketball,2026-06-03 20:00,Olimpia Milano,Pallacanestro Brescia,Italy - Serie A,Bet365,Player Points Milestones,Armoni Brooks,,,,9.00,,,,25,"{""label"": ""Armoni Brooks"", ""hdp"": 25, ""over"": ""9.00""}",2026-06-02T20:09:42.544Z
71742900,Basketball,2026-06-03 20:00,Olimpia Milano,Pallacanestro Brescia,Italy - Serie A,Bet365,Player Points Milestones,Shavon Shields,,,,12.00,,,,25,"{""label"": ""Shavon Shields"", ""hdp"": 25, ""over"": ""12.00""}",2026-06-02T20:09:42.544Z
71742900,Basketball,2026-06-03 20:00,Olimpia Milano,Pallacanestro Brescia,Italy - Serie A,Bet365,Player Points Milestones,Miro Bilan,,,,16.00,,,,25,"{""label"": ""Miro Bilan"", ""hdp"": 25, ""over"": ""16.00""}",2026-06-02T20:09:42.544Z
71742900,Basketball,2026-06-03 20:00,Olimpia Milano,Pallacanestro Brescia,Italy - Serie A,Bet365,Player Points Milestones,Leandro Bolmaro,,,,18.00,,,,25,"{""label"": ""Leandro Bolmaro"", ""hdp"": 25, ""over"": ""18.00""}",2026-06-02T20:09:42.544Z
71742900,Basketball,2026-06-03 20:00,Olimpia Milano,Pallacanestro Brescia,Italy - Serie A,Bet365,Player Points Milestones,Nikola Ivanovic,,,,18.00,,,,25,"{""label"": ""Nikola Ivanovic"", ""hdp"": 25, ""over"": ""18.00""}",2026-06-02T20:09:42.544Z
71742900,Basketball,2026-06-03 20:00,Olimpia Milano,Pallacanestro Brescia,Italy - Serie A,Bet365,Player Points Milestones,Jason Burnell,,,,20.00,,,,25,"{""label"": ""Jason Burnell"", ""hdp"": 25, ""over"": ""20.00""}",2026-06-02T20:09:42.544Z
71742900,Basketball,2026-06-03 20:00,Olimpia Milano,Pallacanestro Brescia,Italy - Serie A,Bet365,Player Points Milestones,Zach LeDay,,,,21.00,,,,25,"{""label"": ""Zach LeDay"", ""hdp"": 25, ""over"": ""21.00""}",2026-06-02T20:09:42.544Z
71742900,Basketball,2026-06-03 20:00,Olimpia Milano,Pallacanestro Brescia,Italy - Serie A,Bet365,Player Points Milestones,Josh Nebo,,,,29.00,,,,25,"{""label"": ""Josh Nebo"", ""hdp"": 25, ""over"": ""29.00""}",2026-06-02T20:09:42.544Z
71742900,Basketball,2026-06-03 20:00,Olimpia Milano,Pallacanestro Brescia,Italy - Serie A,Bet365,Player Points Milestones,Demetre Rivers,,,,36.00,,,,25,"{""label"": ""Demetre Rivers"", ""hdp"": 25, ""over"": ""36.00""}",2026-06-02T20:09:42.544Z
71742900,Basketball,2026-06-03 20:00,Olimpia Milano,Pallacanestro Brescia,Italy - Serie A,Bet365,Player Points Milestones,Marko Guduric,,,,36.00,,,,25,"{""label"": ""Marko Guduric"", ""hdp"": 25, ""over"": ""36.00""}",2026-06-02T20:09:42.544Z
71742900,Basketball,2026-06-03 20:00,Olimpia Milano,Pallacanestro Brescia,Italy - Serie A,Bet365,Player Points Milestones,Armoni Brooks,,,,18.00,,,,30,"{""label"": ""Armoni Brooks"", ""hdp"": 30, ""over"": ""18.00""}",2026-06-02T20:09:42.544Z
71742900,Basketball,2026-06-03 20:00,Olimpia Milano,Pallacanestro Brescia,Italy - Serie A,Bet365,Player Points Milestones,Shavon Shields,,,,23.00,,,,30,"{""label"": ""Shavon Shields"", ""hdp"": 30, ""over"": ""23.00""}",2026-06-02T20:09:42.544Z
71742900,Basketball,2026-06-03 20:00,Olimpia Milano,Pallacanestro Brescia,Italy - Serie A,Bet365,Player Points Milestones,Miro Bilan,,,,29.00,,,,30,"{""label"": ""Miro Bilan"", ""hdp"": 30, ""over"": ""29.00""}",2026-06-02T20:09:42.544Z
71742900,Basketball,2026-06-03 20:00,Olimpia Milano,Pallacanestro Brescia,Italy - Serie A,Bet365,Player Points Milestones,Leandro Bolmaro,,,,36.00,,,,30,"{""label"": ""Leandro Bolmaro"", ""hdp"": 30, ""over"": ""36.00""}",2026-06-02T20:09:42.544Z
71742900,Basketball,2026-06-03 20:00,Olimpia Milano,Pallacanestro Brescia,Italy - Serie A,Bet365,Player Points Milestones,Nikola Ivanovic,,,,36.00,,,,30,"{""label"": ""Nikola Ivanovic"", ""hdp"": 30, ""over"": ""36.00""}",2026-06-02T20:09:42.544Z
71742900,Basketball,2026-06-03 20:00,Olimpia Milano,Pallacanestro Brescia,Italy - Serie A,Bet365,Player Points Milestones,Jason Burnell,,,,36.00,,,,30,"{""label"": ""Jason Burnell"", ""hdp"": 30, ""over"": ""36.00""}",2026-06-02T20:09:42.544Z
71742900,Basketball,2026-06-03 20:00,Olimpia Milano,Pallacanestro Brescia,Italy - Serie A,Bet365,Player Points Milestones,Zach LeDay,,,,36.00,,,,30,"{""label"": ""Zach LeDay"", ""hdp"": 30, ""over"": ""36.00""}",2026-06-02T20:09:42.544Z
71742900,Basketball,2026-06-03 20:00,Olimpia Milano,Pallacanestro Brescia,Italy - Serie A,Bet365,Player Points Milestones,Armoni Brooks,,,,36.00,,,,35,"{""label"": ""Armoni Brooks"", ""hdp"": 35, ""over"": ""36.00""}",2026-06-02T20:09:42.544Z
71742900,Basketball,2026-06-03 20:00,Olimpia Milano,Pallacanestro Brescia,Italy - Serie A,Bet365,Player Points Milestones,Shavon Shields,,,,36.00,,,,35,"{""label"": ""Shavon Shields"", ""hdp"": 35, ""over"": ""36.00""}",2026-06-02T20:09:42.544Z
71742900,Basketball,2026-06-03 20:00,Olimpia Milano,Pallacanestro Brescia,Italy - Serie A,Bet365,Player Points Milestones,Amedeo Della Valle,,,,36.00,,,,40,"{""label"": ""Amedeo Della Valle"", ""hdp"": 40, ""over"": ""36.00""}",2026-06-02T20:09:42.544Z
71742900,Basketball,2026-06-03 20:00,Olimpia Milano,Pallacanestro Brescia,Italy - Serie A,Bet365,Alternative Spread,,3.60,,1.26,,,,,-17.5,"{""hdp"": -17.5, ""home"": ""3.60"", ""away"": ""1.26""}",2026-06-02T10:15:43.287Z
71742900,Basketball,2026-06-03 20:00,Olimpia Milano,Pallacanestro Brescia,Italy - Serie A,Bet365,Alternative Spread,,3.45,,1.27,,,,,-17,"{""hdp"": -17, ""home"": ""3.45"", ""away"": ""1.27""}",2026-06-02T10:15:43.287Z
71742900,Basketball,2026-06-03 20:00,Olimpia Milano,Pallacanestro Brescia,Italy - Serie A,Bet365,Alternative Spread,,3.25,,1.30,,,,,-16.5,"{""hdp"": -16.5, ""home"": ""3.25"", ""away"": ""1.30""}",2026-06-02T10:15:43.287Z
71742900,Basketball,2026-06-03 20:00,Olimpia Milano,Pallacanestro Brescia,Italy - Serie A,Bet365,Alternative Spread,,3.15,,1.32,,,,,-16,"{""hdp"": -16, ""home"": ""3.15"", ""away"": ""1.32""}",2026-06-02T10:15:43.287Z
71742900,Basketball,2026-06-03 20:00,Olimpia Milano,Pallacanestro Brescia,Italy - Serie A,Bet365,Alternative Spread,,3.00,,1.35,,,,,-15.5,"{""hdp"": -15.5, ""home"": ""3.00"", ""away"": ""1.35""}",2026-06-02T10:15:43.287Z
71742900,Basketball,2026-06-03 20:00,Olimpia Milano,Pallacanestro Brescia,Italy - Serie A,Bet365,Alternative Spread,,2.85,,1.37,,,,,-15,"{""hdp"": -15, ""home"": ""2.85"", ""away"": ""1.37""}",2026-06-02T10:15:43.287Z
71742900,Basketball,2026-06-03 20:00,Olimpia Milano,Pallacanestro Brescia,Italy - Serie A,Bet365,Alternative Spread,,2.70,,1.41,,,,,-14.5,"{""hdp"": -14.5, ""home"": ""2.70"", ""away"": ""1.41""}",2026-06-02T10:15:43.287Z
71742900,Basketball,2026-06-03 20:00,Olimpia Milano,Pallacanestro Brescia,Italy - Serie A,Bet365,Alternative Spread,,2.65,,1.43,,,,,-14,"{""hdp"": -14, ""home"": ""2.65"", ""away"": ""1.43""}",2026-06-02T10:15:43.287Z
71742900,Basketball,2026-06-03 20:00,Olimpia Milano,Pallacanestro Brescia,Italy - Serie A,Bet365,Alternative Spread,,2.55,,1.47,,,,,-13.5,"{""hdp"": -13.5, ""home"": ""2.55"", ""away"": ""1.47""}",2026-06-02T10:15:43.287Z
71742900,Basketball,2026-06-03 20:00,Olimpia Milano,Pallacanestro Brescia,Italy - Serie A,Bet365,Alternative Spread,,2.40,,1.52,,,,,-13,"{""hdp"": -13, ""home"": ""2.40"", ""away"": ""1.52""}",2026-06-02T10:15:43.287Z
71742900,Basketball,2026-06-03 20:00,Olimpia Milano,Pallacanestro Brescia,Italy - Serie A,Bet365,Alternative Spread,,2.30,,1.55,,,,,-12.5,"{""hdp"": -12.5, ""home"": ""2.30"", ""away"": ""1.55""}",2026-06-02T10:15:43.287Z
71742900,Basketball,2026-06-03 20:00,Olimpia Milano,Pallacanestro Brescia,Italy - Serie A,Bet365,Alternative Spread,,2.22,,1.58,,,,,-12,"{""hdp"": -12, ""home"": ""2.22"", ""away"": ""1.58""}",2026-06-02T10:15:43.287Z
71742900,Basketball,2026-06-03 20:00,Olimpia Milano,Pallacanestro Brescia,Italy - Serie A,Bet365,Alternative Spread,,2.12,,1.64,,,,,-11.5,"{""hdp"": -11.5, ""home"": ""2.12"", ""away"": ""1.64""}",2026-06-02T10:15:43.287Z
71742900,Basketball,2026-06-03 20:00,Olimpia Milano,Pallacanestro Brescia,Italy - Serie A,Bet365,Alternative Spread,,2.05,,1.68,,,,,-11,"{""hdp"": -11, ""home"": ""2.05"", ""away"": ""1.68""}",2026-06-02T10:15:43.287Z
71742900,Basketball,2026-06-03 20:00,Olimpia Milano,Pallacanestro Brescia,Italy - Serie A,Bet365,Alternative Spread,,1.95,,1.74,,,,,-10.5,"{""hdp"": -10.5, ""home"": ""1.95"", ""away"": ""1.74""}",2026-06-02T10:15:43.287Z
71742900,Basketball,2026-06-03 20:00,Olimpia Milano,Pallacanestro Brescia,Italy - Serie A,Bet365,Alternative Spread,,1.90,,1.80,,,,,-10,"{""hdp"": -10, ""home"": ""1.90"", ""away"": ""1.80""}",2026-06-02T10:15:43.287Z
71742900,Basketball,2026-06-03 20:00,Olimpia Milano,Pallacanestro Brescia,Italy - Serie A,Bet365,Alternative Spread,,1.80,,1.90,,,,,-9,"{""hdp"": -9, ""home"": ""1.80"", ""away"": ""1.90""}",2026-06-02T10:15:43.287Z
71742900,Basketball,2026-06-03 20:00,Olimpia Milano,Pallacanestro Brescia,Italy - Serie A,Bet365,Alternative Spread,,1.74,,1.95,,,,,-8.5,"{""hdp"": -8.5, ""home"": ""1.74"", ""away"": ""1.95""}",2026-06-02T10:15:43.287Z
71742900,Basketball,2026-06-03 20:00,Olimpia Milano,Pallacanestro Brescia,Italy - Serie A,Bet365,Alternative Spread,,1.68,,2.05,,,,,-8,"{""hdp"": -8, ""home"": ""1.68"", ""away"": ""2.05""}",2026-06-02T10:15:43.287Z
71742900,Basketball,2026-06-03 20:00,Olimpia Milano,Pallacanestro Brescia,Italy - Serie A,Bet365,Alternative Spread,,1.64,,2.12,,,,,-7.5,"{""hdp"": -7.5, ""home"": ""1.64"", ""away"": ""2.12""}",2026-06-02T10:15:43.287Z
71742900,Basketball,2026-06-03 20:00,Olimpia Milano,Pallacanestro Brescia,Italy - Serie A,Bet365,Alternative Spread,,1.58,,2.22,,,,,-7,"{""hdp"": -7, ""home"": ""1.58"", ""away"": ""2.22""}",2026-06-02T10:15:43.287Z
71742900,Basketball,2026-06-03 20:00,Olimpia Milano,Pallacanestro Brescia,Italy - Serie A,Bet365,Alternative Spread,,1.54,,2.35,,,,,-6.5,"{""hdp"": -6.5, ""home"": ""1.54"", ""away"": ""2.35""}",2026-06-02T10:15:43.287Z
71742900,Basketball,2026-06-03 20:00,Olimpia Milano,Pallacanestro Brescia,Italy - Serie A,Bet365,Alternative Spread,,1.50,,2.50,,,,,-6,"{""hdp"": -6, ""home"": ""1.50"", ""away"": ""2.50""}",2026-06-02T10:15:43.287Z
71742900,Basketball,2026-06-03 20:00,Olimpia Milano,Pallacanestro Brescia,Italy - Serie A,Bet365,Alternative Spread,,1.47,,2.55,,,,,-5.5,"{""hdp"": -5.5, ""home"": ""1.47"", ""away"": ""2.55""}",2026-06-02T10:15:43.287Z
71742900,Basketball,2026-06-03 20:00,Olimpia Milano,Pallacanestro Brescia,Italy - Serie A,Bet365,Alternative Spread,,1.41,,2.70,,,,,-5,"{""hdp"": -5, ""home"": ""1.41"", ""away"": ""2.70""}",2026-06-02T10:15:43.287Z
71742900,Basketball,2026-06-03 20:00,Olimpia Milano,Pallacanestro Brescia,Italy - Serie A,Bet365,Alternative Spread,,1.40,,2.75,,,,,-4.5,"{""hdp"": -4.5, ""home"": ""1.40"", ""away"": ""2.75""}",2026-06-02T10:15:43.287Z
71742900,Basketball,2026-06-03 20:00,Olimpia Milano,Pallacanestro Brescia,Italy - Serie A,Bet365,Alternative Spread,,1.35,,3.00,,,,,-4,"{""hdp"": -4, ""home"": ""1.35"", ""away"": ""3.00""}",2026-06-02T10:15:43.287Z
71742900,Basketball,2026-06-03 20:00,Olimpia Milano,Pallacanestro Brescia,Italy - Serie A,Bet365,Alternative Spread,,1.33,,3.10,,,,,-3.5,"{""hdp"": -3.5, ""home"": ""1.33"", ""away"": ""3.10""}",2026-06-02T10:15:43.287Z
71742900,Basketball,2026-06-03 20:00,Olimpia Milano,Pallacanestro Brescia,Italy - Serie A,Bet365,Alternative Spread,,1.29,,3.30,,,,,-3,"{""hdp"": -3, ""home"": ""1.29"", ""away"": ""3.30""}",2026-06-02T10:15:43.287Z
71742900,Basketball,2026-06-03 20:00,Olimpia Milano,Pallacanestro Brescia,Italy - Serie A,Bet365,Alternative Spread,,1.27,,3.40,,,,,-2.5,"{""hdp"": -2.5, ""home"": ""1.27"", ""away"": ""3.40""}",2026-06-02T10:15:43.287Z
71742900,Basketball,2026-06-03 20:00,Olimpia Milano,Pallacanestro Brescia,Italy - Serie A,Bet365,Alternative Spread,,1.23,,3.75,,,,,-2,"{""hdp"": -2, ""home"": ""1.23"", ""away"": ""3.75""}",2026-06-02T10:15:43.287Z
71742900,Basketball,2026-06-03 20:00,Olimpia Milano,Pallacanestro Brescia,Italy - Serie A,Bet365,Alternative Spread,,1.22,,3.90,,,,,-1.5,"{""hdp"": -1.5, ""home"": ""1.22"", ""away"": ""3.90""}",2026-06-02T10:15:43.287Z
71742900,Basketball,2026-06-03 20:00,Olimpia Milano,Pallacanestro Brescia,Italy - Serie A,Bet365,Assists O/U,Leandro Bolmaro (1) (3.5),,,,2.20,1.66,,,3.5,"{""label"": ""Leandro Bolmaro (1) (3.5)"", ""hdp"": 3.5, ""over"": ""2.20"", ""under"": ""1.66""}",2026-06-02T10:48:31.653Z
71742900,Basketball,2026-06-03 20:00,Olimpia Milano,Pallacanestro Brescia,Italy - Serie A,Bet365,Assists O/U,Marko Guduric (1) (2.5),,,,1.66,2.20,,,2.5,"{""label"": ""Marko Guduric (1) (2.5)"", ""hdp"": 2.5, ""over"": ""1.66"", ""under"": ""2.20""}",2026-06-02T10:48:31.653Z
71742900,Basketball,2026-06-03 20:00,Olimpia Milano,Pallacanestro Brescia,Italy - Serie A,Bet365,Assists O/U,Shavon Shields (1) (2.5),,,,1.55,2.40,,,2.5,"{""label"": ""Shavon Shields (1) (2.5)"", ""hdp"": 2.5, ""over"": ""1.55"", ""under"": ""2.40""}",2026-06-02T10:48:31.653Z
71742900,Basketball,2026-06-03 20:00,Olimpia Milano,Pallacanestro Brescia,Italy - Serie A,Bet365,Assists O/U,Amedeo Della Valle (2) (3.5),,,,1.74,2.05,,,3.5,"{""label"": ""Amedeo Della Valle (2) (3.5)"", ""hdp"": 3.5, ""over"": ""1.74"", ""under"": ""2.05""}",2026-06-02T10:48:31.653Z
71742900,Basketball,2026-06-03 20:00,Olimpia Milano,Pallacanestro Brescia,Italy - Serie A,Bet365,Assists O/U,Nikola Ivanovic (2) (3.5),,,,1.74,2.05,,,3.5,"{""label"": ""Nikola Ivanovic (2) (3.5)"", ""hdp"": 3.5, ""over"": ""1.74"", ""under"": ""2.05""}",2026-06-02T10:48:31.653Z
71742900,Basketball,2026-06-03 20:00,Olimpia Milano,Pallacanestro Brescia,Italy - Serie A,Bet365,Player Assists Milestones,Amedeo Della Valle,,,,1.29,,,,3,"{""label"": ""Amedeo Della Valle"", ""hdp"": 3, ""over"": ""1.29""}",2026-06-02T10:29:13.138Z
71742900,Basketball,2026-06-03 20:00,Olimpia Milano,Pallacanestro Brescia,Italy - Serie A,Bet365,Player Assists Milestones,Nikola Ivanovic,,,,1.29,,,,3,"{""label"": ""Nikola Ivanovic"", ""hdp"": 3, ""over"": ""1.29""}",2026-06-02T10:29:13.138Z
71742900,Basketball,2026-06-03 20:00,Olimpia Milano,Pallacanestro Brescia,Italy - Serie A,Bet365,Player Assists Milestones,Leandro Bolmaro,,,,1.50,,,,3,"{""label"": ""Leandro Bolmaro"", ""hdp"": 3, ""over"": ""1.50""}",2026-06-02T10:29:13.138Z
71742900,Basketball,2026-06-03 20:00,Olimpia Milano,Pallacanestro Brescia,Italy - Serie A,Bet365,Player Assists Milestones,Shavon Shields,,,,1.55,,,,3,"{""label"": ""Shavon Shields"", ""hdp"": 3, ""over"": ""1.55""}",2026-06-02T10:29:13.138Z
71742900,Basketball,2026-06-03 20:00,Olimpia Milano,Pallacanestro Brescia,Italy - Serie A,Bet365,Player Assists Milestones,Marko Guduric,,,,1.66,,,,3,"{""label"": ""Marko Guduric"", ""hdp"": 3, ""over"": ""1.66""}",2026-06-02T10:29:13.138Z
71742900,Basketball,2026-06-03 20:00,Olimpia Milano,Pallacanestro Brescia,Italy - Serie A,Bet365,Player Assists Milestones,Amedeo Della Valle,,,,2.55,,,,5,"{""label"": ""Amedeo Della Valle"", ""hdp"": 5, ""over"": ""2.55""}",2026-06-02T10:29:13.138Z
71742900,Basketball,2026-06-03 20:00,Olimpia Milano,Pallacanestro Brescia,Italy - Serie A,Bet365,Player Assists Milestones,Nikola Ivanovic,,,,2.55,,,,5,"{""label"": ""Nikola Ivanovic"", ""hdp"": 5, ""over"": ""2.55""}",2026-06-02T10:29:13.138Z
71742900,Basketball,2026-06-03 20:00,Olimpia Milano,Pallacanestro Brescia,Italy - Serie A,Bet365,Player Assists Milestones,Leandro Bolmaro,,,,3.60,,,,5,"{""label"": ""Leandro Bolmaro"", ""hdp"": 5, ""over"": ""3.60""}",2026-06-02T10:29:13.138Z
71742900,Basketball,2026-06-03 20:00,Olimpia Milano,Pallacanestro Brescia,Italy - Serie A,Bet365,Player Assists Milestones,Shavon Shields,,,,4.00,,,,5,"{""label"": ""Shavon Shields"", ""hdp"": 5, ""over"": ""4.00""}",2026-06-02T10:29:13.138Z
71742900,Basketball,2026-06-03 20:00,Olimpia Milano,Pallacanestro Brescia,Italy - Serie A,Bet365,Player Assists Milestones,Marko Guduric,,,,4.50,,,,5,"{""label"": ""Marko Guduric"", ""hdp"": 5, ""over"": ""4.50""}",2026-06-02T10:29:13.138Z
71742900,Basketball,2026-06-03 20:00,Olimpia Milano,Pallacanestro Brescia,Italy - Serie A,Bet365,Player Assists Milestones,Amedeo Della Valle,,,,7.25,,,,7,"{""label"": ""Amedeo Della Valle"", ""hdp"": 7, ""over"": ""7.25""}",2026-06-02T10:29:13.138Z
71742900,Basketball,2026-06-03 20:00,Olimpia Milano,Pallacanestro Brescia,Italy - Serie A,Bet365,Player Assists Milestones,Nikola Ivanovic,,,,7.25,,,,7,"{""label"": ""Nikola Ivanovic"", ""hdp"": 7, ""over"": ""7.25""}",2026-06-02T10:29:13.138Z
71742900,Basketball,2026-06-03 20:00,Olimpia Milano,Pallacanestro Brescia,Italy - Serie A,Bet365,Player Assists Milestones,Leandro Bolmaro,,,,10.50,,,,7,"{""label"": ""Leandro Bolmaro"", ""hdp"": 7, ""over"": ""10.50""}",2026-06-02T10:29:13.138Z
71742900,Basketball,2026-06-03 20:00,Olimpia Milano,Pallacanestro Brescia,Italy - Serie A,Bet365,Player Assists Milestones,Shavon Shields,,,,11.50,,,,7,"{""label"": ""Shavon Shields"", ""hdp"": 7, ""over"": ""11.50""}",2026-06-02T10:29:13.138Z
71742900,Basketball,2026-06-03 20:00,Olimpia Milano,Pallacanestro Brescia,Italy - Serie A,Bet365,Player Assists Milestones,Marko Guduric,,,,13.00,,,,7,"{""label"": ""Marko Guduric"", ""hdp"": 7, ""over"": ""13.00""}",2026-06-02T10:29:13.138Z
71742900,Basketball,2026-06-03 20:00,Olimpia Milano,Pallacanestro Brescia,Italy - Serie A,Bet365,Player Assists Milestones,Amedeo Della Valle,,,,26.00,,,,10,"{""label"": ""Amedeo Della Valle"", ""hdp"": 10, ""over"": ""26.00""}",2026-06-02T10:29:13.138Z
71742900,Basketball,2026-06-03 20:00,Olimpia Milano,Pallacanestro Brescia,Italy - Serie A,Bet365,Player Assists Milestones,Nikola Ivanovic,,,,26.00,,,,10,"{""label"": ""Nikola Ivanovic"", ""hdp"": 10, ""over"": ""26.00""}",2026-06-02T10:29:13.138Z
71742900,Basketball,2026-06-03 20:00,Olimpia Milano,Pallacanestro Brescia,Italy - Serie A,Bet365,Player Assists Milestones,Leandro Bolmaro,,,,36.00,,,,10,"{""label"": ""Leandro Bolmaro"", ""hdp"": 10, ""over"": ""36.00""}",2026-06-02T10:29:13.138Z
71742900,Basketball,2026-06-03 20:00,Olimpia Milano,Pallacanestro Brescia,Italy - Serie A,Bet365,Player Assists Milestones,Shavon Shields,,,,36.00,,,,10,"{""label"": ""Shavon Shields"", ""hdp"": 10, ""over"": ""36.00""}",2026-06-02T10:29:13.138Z
71742900,Basketball,2026-06-03 20:00,Olimpia Milano,Pallacanestro Brescia,Italy - Serie A,Bet365,Player Assists Milestones,Marko Guduric,,,,36.00,,,,10,"{""label"": ""Marko Guduric"", ""hdp"": 10, ""over"": ""36.00""}",2026-06-02T10:29:13.138Z
71742900,Basketball,2026-06-03 20:00,Olimpia Milano,Pallacanestro Brescia,Italy - Serie A,Bet365,Rebounds O/U,Leandro Bolmaro (1) (3.5),,,,1.80,2.00,,,3.5,"{""label"": ""Leandro Bolmaro (1) (3.5)"", ""hdp"": 3.5, ""over"": ""1.80"", ""under"": ""2.00""}",2026-06-02T11:19:47.814Z
71742900,Basketball,2026-06-03 20:00,Olimpia Milano,Pallacanestro Brescia,Italy - Serie A,Bet365,Rebounds O/U,Zach LeDay (1) (4.5),,,,1.74,2.05,,,4.5,"{""label"": ""Zach LeDay (1) (4.5)"", ""hdp"": 4.5, ""over"": ""1.74"", ""under"": ""2.05""}",2026-06-02T11:19:47.814Z
71742900,Basketball,2026-06-03 20:00,Olimpia Milano,Pallacanestro Brescia,Italy - Serie A,Bet365,Rebounds O/U,Josh Nebo (1) (6.5),,,,1.80,2.00,,,6.5,"{""label"": ""Josh Nebo (1) (6.5)"", ""hdp"": 6.5, ""over"": ""1.80"", ""under"": ""2.00""}",2026-06-02T11:19:47.814Z
71742900,Basketball,2026-06-03 20:00,Olimpia Milano,Pallacanestro Brescia,Italy - Serie A,Bet365,Rebounds O/U,Shavon Shields (1) (3.5),,,,1.66,2.20,,,3.5,"{""label"": ""Shavon Shields (1) (3.5)"", ""hdp"": 3.5, ""over"": ""1.66"", ""under"": ""2.20""}",2026-06-02T11:19:47.814Z
71742900,Basketball,2026-06-03 20:00,Olimpia Milano,Pallacanestro Brescia,Italy - Serie A,Bet365,Rebounds O/U,Miro Bilan (2) (8.5),,,,2.05,1.74,,,8.5,"{""label"": ""Miro Bilan (2) (8.5)"", ""hdp"": 8.5, ""over"": ""2.05"", ""under"": ""1.74""}",2026-06-02T11:19:47.814Z
71742900,Basketball,2026-06-03 20:00,Olimpia Milano,Pallacanestro Brescia,Italy - Serie A,Bet365,Rebounds O/U,Jason Burnell (2) (4.5),,,,1.80,2.00,,,4.5,"{""label"": ""Jason Burnell (2) (4.5)"", ""hdp"": 4.5, ""over"": ""1.80"", ""under"": ""2.00""}",2026-06-02T11:19:47.814Z
71742900,Basketball,2026-06-03 20:00,Olimpia Milano,Pallacanestro Brescia,Italy - Serie A,Bet365,Alternative Totals,,,,,1.37,2.85,,,157.5,"{""hdp"": 157.5, ""over"": ""1.37"", ""under"": ""2.85""}",2026-06-02T11:04:45.574Z
71742900,Basketball,2026-06-03 20:00,Olimpia Milano,Pallacanestro Brescia,Italy - Serie A,Bet365,Alternative Totals,,,,,1.40,2.75,,,158,"{""hdp"": 158, ""over"": ""1.40"", ""under"": ""2.75""}",2026-06-02T11:04:45.574Z
71742900,Basketball,2026-06-03 20:00,Olimpia Milano,Pallacanestro Brescia,Italy - Serie A,Bet365,Alternative Totals,,,,,1.41,2.70,,,158.5,"{""hdp"": 158.5, ""over"": ""1.41"", ""under"": ""2.70""}",2026-06-02T11:04:45.574Z
71742900,Basketball,2026-06-03 20:00,Olimpia Milano,Pallacanestro Brescia,Italy - Serie A,Bet365,Alternative Totals,,,,,1.44,2.62,,,159,"{""hdp"": 159, ""over"": ""1.44"", ""under"": ""2.62""}",2026-06-02T11:04:45.574Z
71742900,Basketball,2026-06-03 20:00,Olimpia Milano,Pallacanestro Brescia,Italy - Serie A,Bet365,Alternative Totals,,,,,1.47,2.55,,,159.5,"{""hdp"": 159.5, ""over"": ""1.47"", ""under"": ""2.55""}",2026-06-02T11:04:45.574Z
71742900,Basketball,2026-06-03 20:00,Olimpia Milano,Pallacanestro Brescia,Italy - Serie A,Bet365,Alternative Totals,,,,,1.50,2.50,,,160,"{""hdp"": 160, ""over"": ""1.50"", ""under"": ""2.50""}",2026-06-02T11:04:45.574Z
71742900,Basketball,2026-06-03 20:00,Olimpia Milano,Pallacanestro Brescia,Italy - Serie A,Bet365,Alternative Totals,,,,,1.52,2.40,,,160.5,"{""hdp"": 160.5, ""over"": ""1.52"", ""under"": ""2.40""}",2026-06-02T11:04:45.574Z
71742900,Basketball,2026-06-03 20:00,Olimpia Milano,Pallacanestro Brescia,Italy - Serie A,Bet365,Alternative Totals,,,,,1.55,2.30,,,161,"{""hdp"": 161, ""over"": ""1.55"", ""under"": ""2.30""}",2026-06-02T11:04:45.574Z
71742900,Basketball,2026-06-03 20:00,Olimpia Milano,Pallacanestro Brescia,Italy - Serie A,Bet365,Alternative Totals,,,,,1.57,2.25,,,161.5,"{""hdp"": 161.5, ""over"": ""1.57"", ""under"": ""2.25""}",2026-06-02T11:04:45.574Z
71742900,Basketball,2026-06-03 20:00,Olimpia Milano,Pallacanestro Brescia,Italy - Serie A,Bet365,Alternative Totals,,,,,1.60,2.20,,,162,"{""hdp"": 162, ""over"": ""1.60"", ""under"": ""2.20""}",2026-06-02T11:04:45.574Z
71742900,Basketball,2026-06-03 20:00,Olimpia Milano,Pallacanestro Brescia,Italy - Serie A,Bet365,Alternative Totals,,,,,1.62,2.15,,,162.5,"{""hdp"": 162.5, ""over"": ""1.62"", ""under"": ""2.15""}",2026-06-02T11:04:45.574Z
71742900,Basketball,2026-06-03 20:00,Olimpia Milano,Pallacanestro Brescia,Italy - Serie A,Bet365,Alternative Totals,,,,,1.66,2.10,,,163,"{""hdp"": 163, ""over"": ""1.66"", ""under"": ""2.10""}",2026-06-02T11:04:45.574Z
71742900,Basketball,2026-06-03 20:00,Olimpia Milano,Pallacanestro Brescia,Italy - Serie A,Bet365,Alternative Totals,,,,,1.68,2.05,,,163.5,"{""hdp"": 163.5, ""over"": ""1.68"", ""under"": ""2.05""}",2026-06-02T11:04:45.574Z
71742900,Basketball,2026-06-03 20:00,Olimpia Milano,Pallacanestro Brescia,Italy - Serie A,Bet365,Alternative Totals,,,,,1.71,2.00,,,164,"{""hdp"": 164, ""over"": ""1.71"", ""under"": ""2.00""}",2026-06-02T11:04:45.574Z
71742900,Basketball,2026-06-03 20:00,Olimpia Milano,Pallacanestro Brescia,Italy - Serie A,Bet365,Alternative Totals,,,,,1.74,1.95,,,164.5,"{""hdp"": 164.5, ""over"": ""1.74"", ""under"": ""1.95""}",2026-06-02T11:04:45.574Z
71742900,Basketball,2026-06-03 20:00,Olimpia Milano,Pallacanestro Brescia,Italy - Serie A,Bet365,Alternative Totals,,,,,1.80,1.90,,,165,"{""hdp"": 165, ""over"": ""1.80"", ""under"": ""1.90""}",2026-06-02T11:04:45.574Z
71742900,Basketball,2026-06-03 20:00,Olimpia Milano,Pallacanestro Brescia,Italy - Serie A,Bet365,Alternative Totals,,,,,1.90,1.80,,,166,"{""hdp"": 166, ""over"": ""1.90"", ""under"": ""1.80""}",2026-06-02T11:04:45.574Z
71742900,Basketball,2026-06-03 20:00,Olimpia Milano,Pallacanestro Brescia,Italy - Serie A,Bet365,Alternative Totals,,,,,1.95,1.74,,,166.5,"{""hdp"": 166.5, ""over"": ""1.95"", ""under"": ""1.74""}",2026-06-02T11:04:45.574Z
71742900,Basketball,2026-06-03 20:00,Olimpia Milano,Pallacanestro Brescia,Italy - Serie A,Bet365,Alternative Totals,,,,,2.00,1.71,,,167,"{""hdp"": 167, ""over"": ""2.00"", ""under"": ""1.71""}",2026-06-02T11:04:45.574Z
71742900,Basketball,2026-06-03 20:00,Olimpia Milano,Pallacanestro Brescia,Italy - Serie A,Bet365,Alternative Totals,,,,,2.05,1.68,,,167.5,"{""hdp"": 167.5, ""over"": ""2.05"", ""under"": ""1.68""}",2026-06-02T11:04:45.574Z
71742900,Basketball,2026-06-03 20:00,Olimpia Milano,Pallacanestro Brescia,Italy - Serie A,Bet365,Alternative Totals,,,,,2.10,1.66,,,168,"{""hdp"": 168, ""over"": ""2.10"", ""under"": ""1.66""}",2026-06-02T11:04:45.574Z
71742900,Basketball,2026-06-03 20:00,Olimpia Milano,Pallacanestro Brescia,Italy - Serie A,Bet365,Alternative Totals,,,,,2.15,1.62,,,168.5,"{""hdp"": 168.5, ""over"": ""2.15"", ""under"": ""1.62""}",2026-06-02T11:04:45.574Z
71742900,Basketball,2026-06-03 20:00,Olimpia Milano,Pallacanestro Brescia,Italy - Serie A,Bet365,Alternative Totals,,,,,2.20,1.60,,,169,"{""hdp"": 169, ""over"": ""2.20"", ""under"": ""1.60""}",2026-06-02T11:04:45.574Z
71742900,Basketball,2026-06-03 20:00,Olimpia Milano,Pallacanestro Brescia,Italy - Serie A,Bet365,Alternative Totals,,,,,2.25,1.57,,,169.5,"{""hdp"": 169.5, ""over"": ""2.25"", ""under"": ""1.57""}",2026-06-02T11:04:45.574Z
71742900,Basketball,2026-06-03 20:00,Olimpia Milano,Pallacanestro Brescia,Italy - Serie A,Bet365,Alternative Totals,,,,,2.35,1.54,,,170,"{""hdp"": 170, ""over"": ""2.35"", ""under"": ""1.54""}",2026-06-02T11:04:45.574Z
71742900,Basketball,2026-06-03 20:00,Olimpia Milano,Pallacanestro Brescia,Italy - Serie A,Bet365,Alternative Totals,,,,,2.40,1.52,,,170.5,"{""hdp"": 170.5, ""over"": ""2.40"", ""under"": ""1.52""}",2026-06-02T11:04:45.574Z
71742900,Basketball,2026-06-03 20:00,Olimpia Milano,Pallacanestro Brescia,Italy - Serie A,Bet365,Alternative Totals,,,,,2.50,1.50,,,171,"{""hdp"": 171, ""over"": ""2.50"", ""under"": ""1.50""}",2026-06-02T11:04:45.574Z
71742900,Basketball,2026-06-03 20:00,Olimpia Milano,Pallacanestro Brescia,Italy - Serie A,Bet365,Alternative Totals,,,,,2.55,1.47,,,171.5,"{""hdp"": 171.5, ""over"": ""2.55"", ""under"": ""1.47""}",2026-06-02T11:04:45.574Z
71742900,Basketball,2026-06-03 20:00,Olimpia Milano,Pallacanestro Brescia,Italy - Serie A,Bet365,Alternative Totals,,,,,2.62,1.44,,,172,"{""hdp"": 172, ""over"": ""2.62"", ""under"": ""1.44""}",2026-06-02T11:04:45.574Z
71742900,Basketball,2026-06-03 20:00,Olimpia Milano,Pallacanestro Brescia,Italy - Serie A,Bet365,Alternative Totals,,,,,2.70,1.41,,,172.5,"{""hdp"": 172.5, ""over"": ""2.70"", ""under"": ""1.41""}",2026-06-02T11:04:45.574Z
71742900,Basketball,2026-06-03 20:00,Olimpia Milano,Pallacanestro Brescia,Italy - Serie A,Bet365,Alternative Totals,,,,,2.75,1.40,,,173,"{""hdp"": 173, ""over"": ""2.75"", ""under"": ""1.40""}",2026-06-02T11:04:45.574Z
71742900,Basketball,2026-06-03 20:00,Olimpia Milano,Pallacanestro Brescia,Italy - Serie A,Bet365,Alternative Totals,,,,,2.85,1.37,,,173.5,"{""hdp"": 173.5, ""over"": ""2.85"", ""under"": ""1.37""}",2026-06-02T11:04:45.574Z
71742900,Basketball,2026-06-03 20:00,Olimpia Milano,Pallacanestro Brescia,Italy - Serie A,Bet365,Spread Q1,,1.83,,1.83,,,,,-2.5,"{""hdp"": -2.5, ""home"": ""1.83"", ""away"": ""1.83""}",2026-06-02T10:00:37.527Z
71844542,Basketball,2026-06-03 21:00,Baskonia Vitoria-Gasteiz,Club Joventut Badalona,Spain - Liga ACB,Bet365,ML,,1.35,,3.10,,,,,,"{""home"": ""1.35"", ""away"": ""3.10""}",2026-06-02T13:41:19.35Z
71844542,Basketball,2026-06-03 21:00,Baskonia Vitoria-Gasteiz,Club Joventut Badalona,Spain - Liga ACB,Bet365,Spread,,1.86,,1.86,,,,,-6.5,"{""hdp"": -6.5, ""home"": ""1.86"", ""away"": ""1.86""}",2026-06-02T13:41:19.35Z
71844542,Basketball,2026-06-03 21:00,Baskonia Vitoria-Gasteiz,Club Joventut Badalona,Spain - Liga ACB,Bet365,Totals,,,,,1.86,1.86,,,173.5,"{""hdp"": 173.5, ""over"": ""1.86"", ""under"": ""1.86""}",2026-06-02T13:41:19.35Z
71844542,Basketball,2026-06-03 21:00,Baskonia Vitoria-Gasteiz,Club Joventut Badalona,Spain - Liga ACB,Bet365,ML HT,,1.47,,2.60,,,,,,"{""home"": ""1.47"", ""away"": ""2.60""}",2026-06-01T09:23:04.833Z
71844542,Basketball,2026-06-03 21:00,Baskonia Vitoria-Gasteiz,Club Joventut Badalona,Spain - Liga ACB,Bet365,Spread HT,,1.86,,1.86,,,,,-3.5,"{""hdp"": -3.5, ""home"": ""1.86"", ""away"": ""1.86""}",2026-06-01T09:23:04.833Z
71844542,Basketball,2026-06-03 21:00,Baskonia Vitoria-Gasteiz,Club Joventut Badalona,Spain - Liga ACB,Bet365,Totals HT,,,,,1.80,1.86,,,83.5,"{""hdp"": 83.5, ""over"": ""1.80"", ""under"": ""1.86""}",2026-06-01T09:23:04.833Z
71844542,Basketball,2026-06-03 21:00,Baskonia Vitoria-Gasteiz,Club Joventut Badalona,Spain - Liga ACB,Bet365,Totals 1Q,,,,,1.86,1.80,,,42.5,"{""hdp"": 42.5, ""over"": ""1.86"", ""under"": ""1.80""}",2026-06-01T09:23:04.833Z
71844542,Basketball,2026-06-03 21:00,Baskonia Vitoria-Gasteiz,Club Joventut Badalona,Spain - Liga ACB,Bet365,Team Total Home,,,,,1.86,1.80,,,90.5,"{""hdp"": 90.5, ""over"": ""1.86"", ""under"": ""1.80""}",2026-06-01T09:23:04.833Z
71844542,Basketball,2026-06-03 21:00,Baskonia Vitoria-Gasteiz,Club Joventut Badalona,Spain - Liga ACB,Bet365,Team Total Away,,,,,1.83,1.83,,,83.5,"{""hdp"": 83.5, ""over"": ""1.83"", ""under"": ""1.83""}",2026-06-01T09:23:04.833Z
71844542,Basketball,2026-06-03 21:00,Baskonia Vitoria-Gasteiz,Club Joventut Badalona,Spain - Liga ACB,Bet365,Alternative Spread,,3.60,,1.26,,,,,-14.5,"{""hdp"": -14.5, ""home"": ""3.60"", ""away"": ""1.26""}",2026-06-02T17:08:19.846Z
71844542,Basketball,2026-06-03 21:00,Baskonia Vitoria-Gasteiz,Club Joventut Badalona,Spain - Liga ACB,Bet365,Alternative Spread,,3.45,,1.27,,,,,-14,"{""hdp"": -14, ""home"": ""3.45"", ""away"": ""1.27""}",2026-06-02T17:08:19.846Z
71844542,Basketball,2026-06-03 21:00,Baskonia Vitoria-Gasteiz,Club Joventut Badalona,Spain - Liga ACB,Bet365,Alternative Spread,,3.25,,1.31,,,,,-13.5,"{""hdp"": -13.5, ""home"": ""3.25"", ""away"": ""1.31""}",2026-06-02T17:08:19.846Z
71844542,Basketball,2026-06-03 21:00,Baskonia Vitoria-Gasteiz,Club Joventut Badalona,Spain - Liga ACB,Bet365,Alternative Spread,,3.20,,1.32,,,,,-13,"{""hdp"": -13, ""home"": ""3.20"", ""away"": ""1.32""}",2026-06-02T17:08:19.846Z
71844542,Basketball,2026-06-03 21:00,Baskonia Vitoria-Gasteiz,Club Joventut Badalona,Spain - Liga ACB,Bet365,Alternative Spread,,2.90,,1.37,,,,,-12,"{""hdp"": -12, ""home"": ""2.90"", ""away"": ""1.37""}",2026-06-02T17:08:19.846Z
71844542,Basketball,2026-06-03 21:00,Baskonia Vitoria-Gasteiz,Club Joventut Badalona,Spain - Liga ACB,Bet365,Alternative Spread,,2.75,,1.41,,,,,-11.5,"{""hdp"": -11.5, ""home"": ""2.75"", ""away"": ""1.41""}",2026-06-02T17:08:19.846Z
71844542,Basketball,2026-06-03 21:00,Baskonia Vitoria-Gasteiz,Club Joventut Badalona,Spain - Liga ACB,Bet365,Alternative Spread,,2.70,,1.43,,,,,-11,"{""hdp"": -11, ""home"": ""2.70"", ""away"": ""1.43""}",2026-06-02T17:08:19.846Z
71844542,Basketball,2026-06-03 21:00,Baskonia Vitoria-Gasteiz,Club Joventut Badalona,Spain - Liga ACB,Bet365,Alternative Spread,,2.45,,1.52,,,,,-10,"{""hdp"": -10, ""home"": ""2.45"", ""away"": ""1.52""}",2026-06-02T17:08:19.846Z
71844542,Basketball,2026-06-03 21:00,Baskonia Vitoria-Gasteiz,Club Joventut Badalona,Spain - Liga ACB,Bet365,Alternative Spread,,2.35,,1.55,,,,,-9.5,"{""hdp"": -9.5, ""home"": ""2.35"", ""away"": ""1.55""}",2026-06-02T17:08:19.846Z
71844542,Basketball,2026-06-03 21:00,Baskonia Vitoria-Gasteiz,Club Joventut Badalona,Spain - Liga ACB,Bet365,Alternative Spread,,2.27,,1.58,,,,,-9,"{""hdp"": -9, ""home"": ""2.27"", ""away"": ""1.58""}",2026-06-02T17:08:19.846Z
71844542,Basketball,2026-06-03 21:00,Baskonia Vitoria-Gasteiz,Club Joventut Badalona,Spain - Liga ACB,Bet365,Alternative Spread,,2.17,,1.64,,,,,-8.5,"{""hdp"": -8.5, ""home"": ""2.17"", ""away"": ""1.64""}",2026-06-02T17:08:19.846Z
71844542,Basketball,2026-06-03 21:00,Baskonia Vitoria-Gasteiz,Club Joventut Badalona,Spain - Liga ACB,Bet365,Alternative Spread,,2.10,,1.68,,,,,-8,"{""hdp"": -8, ""home"": ""2.10"", ""away"": ""1.68""}",2026-06-02T17:08:19.846Z
71844542,Basketball,2026-06-03 21:00,Baskonia Vitoria-Gasteiz,Club Joventut Badalona,Spain - Liga ACB,Bet365,Alternative Spread,,2.05,,1.71,,,,,-7.5,"{""hdp"": -7.5, ""home"": ""2.05"", ""away"": ""1.71""}",2026-06-02T17:08:19.846Z
71844542,Basketball,2026-06-03 21:00,Baskonia Vitoria-Gasteiz,Club Joventut Badalona,Spain - Liga ACB,Bet365,Alternative Spread,,1.95,,1.80,,,,,-7,"{""hdp"": -7, ""home"": ""1.95"", ""away"": ""1.80""}",2026-06-02T17:08:19.846Z
71844542,Basketball,2026-06-03 21:00,Baskonia Vitoria-Gasteiz,Club Joventut Badalona,Spain - Liga ACB,Bet365,Alternative Spread,,1.83,,1.90,,,,,-6,"{""hdp"": -6, ""home"": ""1.83"", ""away"": ""1.90""}",2026-06-02T17:08:19.846Z
71844542,Basketball,2026-06-03 21:00,Baskonia Vitoria-Gasteiz,Club Joventut Badalona,Spain - Liga ACB,Bet365,Alternative Spread,,1.76,,1.95,,,,,-5.5,"{""hdp"": -5.5, ""home"": ""1.76"", ""away"": ""1.95""}",2026-06-02T17:08:19.846Z
71844542,Basketball,2026-06-03 21:00,Baskonia Vitoria-Gasteiz,Club Joventut Badalona,Spain - Liga ACB,Bet365,Alternative Spread,,1.71,,2.05,,,,,-5,"{""hdp"": -5, ""home"": ""1.71"", ""away"": ""2.05""}",2026-06-02T17:08:19.846Z
71844542,Basketball,2026-06-03 21:00,Baskonia Vitoria-Gasteiz,Club Joventut Badalona,Spain - Liga ACB,Bet365,Alternative Spread,,1.66,,2.12,,,,,-4.5,"{""hdp"": -4.5, ""home"": ""1.66"", ""away"": ""2.12""}",2026-06-02T17:08:19.846Z
71844542,Basketball,2026-06-03 21:00,Baskonia Vitoria-Gasteiz,Club Joventut Badalona,Spain - Liga ACB,Bet365,Alternative Spread,,1.60,,2.22,,,,,-4,"{""hdp"": -4, ""home"": ""1.60"", ""away"": ""2.22""}",2026-06-02T17:08:19.846Z
71844542,Basketball,2026-06-03 21:00,Baskonia Vitoria-Gasteiz,Club Joventut Badalona,Spain - Liga ACB,Bet365,Alternative Spread,,1.57,,2.30,,,,,-3.5,"{""hdp"": -3.5, ""home"": ""1.57"", ""away"": ""2.30""}",2026-06-02T17:08:19.846Z
71844542,Basketball,2026-06-03 21:00,Baskonia Vitoria-Gasteiz,Club Joventut Badalona,Spain - Liga ACB,Bet365,Alternative Spread,,1.51,,2.50,,,,,-3,"{""hdp"": -3, ""home"": ""1.51"", ""away"": ""2.50""}",2026-06-02T17:08:19.846Z
71844542,Basketball,2026-06-03 21:00,Baskonia Vitoria-Gasteiz,Club Joventut Badalona,Spain - Liga ACB,Bet365,Alternative Spread,,1.48,,2.55,,,,,-2.5,"{""hdp"": -2.5, ""home"": ""1.48"", ""away"": ""2.55""}",2026-06-02T17:08:19.846Z
71844542,Basketball,2026-06-03 21:00,Baskonia Vitoria-Gasteiz,Club Joventut Badalona,Spain - Liga ACB,Bet365,Alternative Spread,,1.42,,2.70,,,,,-2,"{""hdp"": -2, ""home"": ""1.42"", ""away"": ""2.70""}",2026-06-02T17:08:19.846Z
71844542,Basketball,2026-06-03 21:00,Baskonia Vitoria-Gasteiz,Club Joventut Badalona,Spain - Liga ACB,Bet365,Alternative Spread,,1.40,,2.75,,,,,-1.5,"{""hdp"": -1.5, ""home"": ""1.40"", ""away"": ""2.75""}",2026-06-02T17:08:19.846Z
71844542,Basketball,2026-06-03 21:00,Baskonia Vitoria-Gasteiz,Club Joventut Badalona,Spain - Liga ACB,Bet365,Alternative Spread,,1.35,,3.00,,,,,-1,"{""hdp"": -1, ""home"": ""1.35"", ""away"": ""3.00""}",2026-06-02T17:08:19.846Z
71844542,Basketball,2026-06-03 21:00,Baskonia Vitoria-Gasteiz,Club Joventut Badalona,Spain - Liga ACB,Bet365,Alternative Spread,,1.30,,3.25,,,,,1,"{""hdp"": 1, ""home"": ""1.30"", ""away"": ""3.25""}",2026-06-02T17:08:19.846Z
71844542,Basketball,2026-06-03 21:00,Baskonia Vitoria-Gasteiz,Club Joventut Badalona,Spain - Liga ACB,Bet365,Alternative Spread,,1.28,,3.35,,,,,1.5,"{""hdp"": 1.5, ""home"": ""1.28"", ""away"": ""3.35""}",2026-06-02T17:08:19.846Z
71844542,Basketball,2026-06-03 21:00,Baskonia Vitoria-Gasteiz,Club Joventut Badalona,Spain - Liga ACB,Bet365,Alternative Spread,,3.05,,1.35,,,,,-12.5,"{""hdp"": -12.5, ""home"": ""3.05"", ""away"": ""1.35""}",2026-06-02T17:08:19.846Z
71844542,Basketball,2026-06-03 21:00,Baskonia Vitoria-Gasteiz,Club Joventut Badalona,Spain - Liga ACB,Bet365,Alternative Spread,,2.60,,1.47,,,,,-10.5,"{""hdp"": -10.5, ""home"": ""2.60"", ""away"": ""1.47""}",2026-06-02T17:08:19.846Z
71844542,Basketball,2026-06-03 21:00,Baskonia Vitoria-Gasteiz,Club Joventut Badalona,Spain - Liga ACB,Bet365,Spread Q1,,1.80,,1.86,,,,,-1.5,"{""hdp"": -1.5, ""home"": ""1.80"", ""away"": ""1.86""}",2026-06-01T09:23:04.833Z
71844542,Basketball,2026-06-03 21:00,Baskonia Vitoria-Gasteiz,Club Joventut Badalona,Spain - Liga ACB,Bet365,Rebounds O/U,Mamadi Diakite (1) (5.5),,,,1.86,1.90,,,5.5,"{""label"": ""Mamadi Diakite (1) (5.5)"", ""hdp"": 5.5, ""over"": ""1.86"", ""under"": ""1.90""}",2026-06-02T17:45:57.34Z
71844542,Basketball,2026-06-03 21:00,Baskonia Vitoria-Gasteiz,Club Joventut Badalona,Spain - Liga ACB,Bet365,Rebounds O/U,Rodions Kurucs (1) (3.5),,,,1.80,2.00,,,3.5,"{""label"": ""Rodions Kurucs (1) (3.5)"", ""hdp"": 3.5, ""over"": ""1.80"", ""under"": ""2.00""}",2026-06-02T17:45:57.34Z
71844542,Basketball,2026-06-03 21:00,Baskonia Vitoria-Gasteiz,Club Joventut Badalona,Spain - Liga ACB,Bet365,Rebounds O/U,Eugene Omoruyi (1) (3.5),,,,1.89,1.89,,,3.5,"{""label"": ""Eugene Omoruyi (1) (3.5)"", ""hdp"": 3.5, ""over"": ""1.89"", ""under"": ""1.89""}",2026-06-02T17:45:57.34Z
71844542,Basketball,2026-06-03 21:00,Baskonia Vitoria-Gasteiz,Club Joventut Badalona,Spain - Liga ACB,Bet365,Rebounds O/U,Adam Hanga (2) (3.5),,,,2.25,1.62,,,3.5,"{""label"": ""Adam Hanga (2) (3.5)"", ""hdp"": 3.5, ""over"": ""2.25"", ""under"": ""1.62""}",2026-06-02T17:45:57.34Z
71844542,Basketball,2026-06-03 21:00,Baskonia Vitoria-Gasteiz,Club Joventut Badalona,Spain - Liga ACB,Bet365,Rebounds O/U,Jabari Parker (2) (4.5),,,,2.00,1.80,,,4.5,"{""label"": ""Jabari Parker (2) (4.5)"", ""hdp"": 4.5, ""over"": ""2.00"", ""under"": ""1.80""}",2026-06-02T17:45:57.34Z
71844542,Basketball,2026-06-03 21:00,Baskonia Vitoria-Gasteiz,Club Joventut Badalona,Spain - Liga ACB,Bet365,Assists O/U,Trent Forrest (1) (3.5),,,,1.80,2.00,,,3.5,"{""label"": ""Trent Forrest (1) (3.5)"", ""hdp"": 3.5, ""over"": ""1.80"", ""under"": ""2.00""}",2026-06-02T18:08:19.607Z
71844542,Basketball,2026-06-03 21:00,Baskonia Vitoria-Gasteiz,Club Joventut Badalona,Spain - Liga ACB,Bet365,Assists O/U,Kobi Simmons (1) (2.5),,,,1.68,2.15,,,2.5,"{""label"": ""Kobi Simmons (1) (2.5)"", ""hdp"": 2.5, ""over"": ""1.68"", ""under"": ""2.15""}",2026-06-02T18:08:19.607Z
71844542,Basketball,2026-06-03 21:00,Baskonia Vitoria-Gasteiz,Club Joventut Badalona,Spain - Liga ACB,Bet365,Assists O/U,Cameron Hunt (2) (2.5),,,,1.71,2.10,,,2.5,"{""label"": ""Cameron Hunt (2) (2.5)"", ""hdp"": 2.5, ""over"": ""1.71"", ""under"": ""2.10""}",2026-06-02T18:08:19.607Z
71844542,Basketball,2026-06-03 21:00,Baskonia Vitoria-Gasteiz,Club Joventut Badalona,Spain - Liga ACB,Bet365,Assists O/U,Ricky Rubio (2) (5.5),,,,1.86,1.90,,,5.5,"{""label"": ""Ricky Rubio (2) (5.5)"", ""hdp"": 5.5, ""over"": ""1.86"", ""under"": ""1.90""}",2026-06-02T18:08:19.607Z
71844542,Basketball,2026-06-03 21:00,Baskonia Vitoria-Gasteiz,Club Joventut Badalona,Spain - Liga ACB,Bet365,Alternative Totals,,,,,1.38,2.80,,,165.5,"{""hdp"": 165.5, ""over"": ""1.38"", ""under"": ""2.80""}",2026-06-01T09:45:03.575Z
71844542,Basketball,2026-06-03 21:00,Baskonia Vitoria-Gasteiz,Club Joventut Badalona,Spain - Liga ACB,Bet365,Alternative Totals,,,,,1.40,2.75,,,166,"{""hdp"": 166, ""over"": ""1.40"", ""under"": ""2.75""}",2026-06-01T09:45:03.575Z
71844542,Basketball,2026-06-03 21:00,Baskonia Vitoria-Gasteiz,Club Joventut Badalona,Spain - Liga ACB,Bet365,Alternative Totals,,,,,1.41,2.70,,,166.5,"{""hdp"": 166.5, ""over"": ""1.41"", ""under"": ""2.70""}",2026-06-01T09:45:03.575Z
71844542,Basketball,2026-06-03 21:00,Baskonia Vitoria-Gasteiz,Club Joventut Badalona,Spain - Liga ACB,Bet365,Alternative Totals,,,,,1.45,2.60,,,167,"{""hdp"": 167, ""over"": ""1.45"", ""under"": ""2.60""}",2026-06-01T09:45:03.575Z
71844542,Basketball,2026-06-03 21:00,Baskonia Vitoria-Gasteiz,Club Joventut Badalona,Spain - Liga ACB,Bet365,Alternative Totals,,,,,1.47,2.55,,,167.5,"{""hdp"": 167.5, ""over"": ""1.47"", ""under"": ""2.55""}",2026-06-01T09:45:03.575Z
71844542,Basketball,2026-06-03 21:00,Baskonia Vitoria-Gasteiz,Club Joventut Badalona,Spain - Liga ACB,Bet365,Alternative Totals,,,,,1.50,2.50,,,168,"{""hdp"": 168, ""over"": ""1.50"", ""under"": ""2.50""}",2026-06-01T09:45:03.575Z
71844542,Basketball,2026-06-03 21:00,Baskonia Vitoria-Gasteiz,Club Joventut Badalona,Spain - Liga ACB,Bet365,Alternative Totals,,,,,1.52,2.40,,,168.5,"{""hdp"": 168.5, ""over"": ""1.52"", ""under"": ""2.40""}",2026-06-01T09:45:03.575Z
71844542,Basketball,2026-06-03 21:00,Baskonia Vitoria-Gasteiz,Club Joventut Badalona,Spain - Liga ACB,Bet365,Alternative Totals,,,,,1.55,2.30,,,169,"{""hdp"": 169, ""over"": ""1.55"", ""under"": ""2.30""}",2026-06-01T09:45:03.575Z
71844542,Basketball,2026-06-03 21:00,Baskonia Vitoria-Gasteiz,Club Joventut Badalona,Spain - Liga ACB,Bet365,Alternative Totals,,,,,1.57,2.25,,,169.5,"{""hdp"": 169.5, ""over"": ""1.57"", ""under"": ""2.25""}",2026-06-01T09:45:03.575Z
71844542,Basketball,2026-06-03 21:00,Baskonia Vitoria-Gasteiz,Club Joventut Badalona,Spain - Liga ACB,Bet365,Alternative Totals,,,,,1.60,2.20,,,170,"{""hdp"": 170, ""over"": ""1.60"", ""under"": ""2.20""}",2026-06-01T09:45:03.575Z
71844542,Basketball,2026-06-03 21:00,Baskonia Vitoria-Gasteiz,Club Joventut Badalona,Spain - Liga ACB,Bet365,Alternative Totals,,,,,1.64,2.12,,,170.5,"{""hdp"": 170.5, ""over"": ""1.64"", ""under"": ""2.12""}",2026-06-01T09:45:03.575Z
71844542,Basketball,2026-06-03 21:00,Baskonia Vitoria-Gasteiz,Club Joventut Badalona,Spain - Liga ACB,Bet365,Alternative Totals,,,,,1.66,2.10,,,171,"{""hdp"": 171, ""over"": ""1.66"", ""under"": ""2.10""}",2026-06-01T09:45:03.575Z
71844542,Basketball,2026-06-03 21:00,Baskonia Vitoria-Gasteiz,Club Joventut Badalona,Spain - Liga ACB,Bet365,Alternative Totals,,,,,1.68,2.05,,,171.5,"{""hdp"": 171.5, ""over"": ""1.68"", ""under"": ""2.05""}",2026-06-01T09:45:03.575Z
71844542,Basketball,2026-06-03 21:00,Baskonia Vitoria-Gasteiz,Club Joventut Badalona,Spain - Liga ACB,Bet365,Alternative Totals,,,,,1.71,2.00,,,172,"{""hdp"": 172, ""over"": ""1.71"", ""under"": ""2.00""}",2026-06-01T09:45:03.575Z
71844542,Basketball,2026-06-03 21:00,Baskonia Vitoria-Gasteiz,Club Joventut Badalona,Spain - Liga ACB,Bet365,Alternative Totals,,,,,1.74,1.95,,,172.5,"{""hdp"": 172.5, ""over"": ""1.74"", ""under"": ""1.95""}",2026-06-01T09:45:03.575Z
71844542,Basketball,2026-06-03 21:00,Baskonia Vitoria-Gasteiz,Club Joventut Badalona,Spain - Liga ACB,Bet365,Alternative Totals,,,,,1.80,1.90,,,173,"{""hdp"": 173, ""over"": ""1.80"", ""under"": ""1.90""}",2026-06-01T09:45:03.575Z
71844542,Basketball,2026-06-03 21:00,Baskonia Vitoria-Gasteiz,Club Joventut Badalona,Spain - Liga ACB,Bet365,Alternative Totals,,,,,1.90,1.80,,,174,"{""hdp"": 174, ""over"": ""1.90"", ""under"": ""1.80""}",2026-06-01T09:45:03.575Z
71844542,Basketball,2026-06-03 21:00,Baskonia Vitoria-Gasteiz,Club Joventut Badalona,Spain - Liga ACB,Bet365,Alternative Totals,,,,,1.95,1.74,,,174.5,"{""hdp"": 174.5, ""over"": ""1.95"", ""under"": ""1.74""}",2026-06-01T09:45:03.575Z
71844542,Basketball,2026-06-03 21:00,Baskonia Vitoria-Gasteiz,Club Joventut Badalona,Spain - Liga ACB,Bet365,Alternative Totals,,,,,2.00,1.71,,,175,"{""hdp"": 175, ""over"": ""2.00"", ""under"": ""1.71""}",2026-06-01T09:45:03.575Z
71844542,Basketball,2026-06-03 21:00,Baskonia Vitoria-Gasteiz,Club Joventut Badalona,Spain - Liga ACB,Bet365,Alternative Totals,,,,,2.05,1.68,,,175.5,"{""hdp"": 175.5, ""over"": ""2.05"", ""under"": ""1.68""}",2026-06-01T09:45:03.575Z
71844542,Basketball,2026-06-03 21:00,Baskonia Vitoria-Gasteiz,Club Joventut Badalona,Spain - Liga ACB,Bet365,Alternative Totals,,,,,2.10,1.66,,,176,"{""hdp"": 176, ""over"": ""2.10"", ""under"": ""1.66""}",2026-06-01T09:45:03.575Z
71844542,Basketball,2026-06-03 21:00,Baskonia Vitoria-Gasteiz,Club Joventut Badalona,Spain - Liga ACB,Bet365,Alternative Totals,,,,,2.12,1.64,,,176.5,"{""hdp"": 176.5, ""over"": ""2.12"", ""under"": ""1.64""}",2026-06-01T09:45:03.575Z
71844542,Basketball,2026-06-03 21:00,Baskonia Vitoria-Gasteiz,Club Joventut Badalona,Spain - Liga ACB,Bet365,Alternative Totals,,,,,2.20,1.60,,,177,"{""hdp"": 177, ""over"": ""2.20"", ""under"": ""1.60""}",2026-06-01T09:45:03.575Z
71844542,Basketball,2026-06-03 21:00,Baskonia Vitoria-Gasteiz,Club Joventut Badalona,Spain - Liga ACB,Bet365,Alternative Totals,,,,,2.25,1.57,,,177.5,"{""hdp"": 177.5, ""over"": ""2.25"", ""under"": ""1.57""}",2026-06-01T09:45:03.575Z
71844542,Basketball,2026-06-03 21:00,Baskonia Vitoria-Gasteiz,Club Joventut Badalona,Spain - Liga ACB,Bet365,Alternative Totals,,,,,2.30,1.55,,,178,"{""hdp"": 178, ""over"": ""2.30"", ""under"": ""1.55""}",2026-06-01T09:45:03.575Z
71844542,Basketball,2026-06-03 21:00,Baskonia Vitoria-Gasteiz,Club Joventut Badalona,Spain - Liga ACB,Bet365,Alternative Totals,,,,,2.40,1.52,,,178.5,"{""hdp"": 178.5, ""over"": ""2.40"", ""under"": ""1.52""}",2026-06-01T09:45:03.575Z
71844542,Basketball,2026-06-03 21:00,Baskonia Vitoria-Gasteiz,Club Joventut Badalona,Spain - Liga ACB,Bet365,Alternative Totals,,,,,2.50,1.50,,,179,"{""hdp"": 179, ""over"": ""2.50"", ""under"": ""1.50""}",2026-06-01T09:45:03.575Z
71844542,Basketball,2026-06-03 21:00,Baskonia Vitoria-Gasteiz,Club Joventut Badalona,Spain - Liga ACB,Bet365,Alternative Totals,,,,,2.55,1.47,,,179.5,"{""hdp"": 179.5, ""over"": ""2.55"", ""under"": ""1.47""}",2026-06-01T09:45:03.575Z
71844542,Basketball,2026-06-03 21:00,Baskonia Vitoria-Gasteiz,Club Joventut Badalona,Spain - Liga ACB,Bet365,Alternative Totals,,,,,2.60,1.45,,,180,"{""hdp"": 180, ""over"": ""2.60"", ""under"": ""1.45""}",2026-06-01T09:45:03.575Z
71844542,Basketball,2026-06-03 21:00,Baskonia Vitoria-Gasteiz,Club Joventut Badalona,Spain - Liga ACB,Bet365,Alternative Totals,,,,,2.65,1.43,,,180.5,"{""hdp"": 180.5, ""over"": ""2.65"", ""under"": ""1.43""}",2026-06-01T09:45:03.575Z
71844542,Basketball,2026-06-03 21:00,Baskonia Vitoria-Gasteiz,Club Joventut Badalona,Spain - Liga ACB,Bet365,Alternative Totals,,,,,2.72,1.40,,,181,"{""hdp"": 181, ""over"": ""2.72"", ""under"": ""1.40""}",2026-06-01T09:45:03.575Z
71844542,Basketball,2026-06-03 21:00,Baskonia Vitoria-Gasteiz,Club Joventut Badalona,Spain - Liga ACB,Bet365,Alternative Totals,,,,,2.80,1.38,,,181.5,"{""hdp"": 181.5, ""over"": ""2.80"", ""under"": ""1.38""}",2026-06-01T09:45:03.575Z
71844542,Basketball,2026-06-03 21:00,Baskonia Vitoria-Gasteiz,Club Joventut Badalona,Spain - Liga ACB,Bet365,Points O/U,Mamadi Diakite (1) (9.5),,,,1.89,1.89,,,9.5,"{""label"": ""Mamadi Diakite (1) (9.5)"", ""hdp"": 9.5, ""over"": ""1.89"", ""under"": ""1.89""}",2026-06-02T17:51:13.423Z
71844542,Basketball,2026-06-03 21:00,Baskonia Vitoria-Gasteiz,Club Joventut Badalona,Spain - Liga ACB,Bet365,Points O/U,Trent Forrest (1) (13.5),,,,2.00,1.80,,,13.5,"{""label"": ""Trent Forrest (1) (13.5)"", ""hdp"": 13.5, ""over"": ""2.00"", ""under"": ""1.80""}",2026-06-02T17:51:13.423Z
71844542,Basketball,2026-06-03 21:00,Baskonia Vitoria-Gasteiz,Club Joventut Badalona,Spain - Liga ACB,Bet365,Points O/U,Rodions Kurucs (1) (6.5),,,,1.89,1.89,,,6.5,"{""label"": ""Rodions Kurucs (1) (6.5)"", ""hdp"": 6.5, ""over"": ""1.89"", ""under"": ""1.89""}",2026-06-02T17:51:13.423Z
71844542,Basketball,2026-06-03 21:00,Baskonia Vitoria-Gasteiz,Club Joventut Badalona,Spain - Liga ACB,Bet365,Points O/U,Timothe Luwawu-Cabarrot (1) (18.5),,,,1.86,1.90,,,18.5,"{""label"": ""Timothe Luwawu-Cabarrot (1) (18.5)"", ""hdp"": 18.5, ""over"": ""1.86"", ""under"": ""1.90""}",2026-06-02T17:51:13.423Z
71844542,Basketball,2026-06-03 21:00,Baskonia Vitoria-Gasteiz,Club Joventut Badalona,Spain - Liga ACB,Bet365,Points O/U,Eugene Omoruyi (1) (10.5),,,,1.86,1.90,,,10.5,"{""label"": ""Eugene Omoruyi (1) (10.5)"", ""hdp"": 10.5, ""over"": ""1.86"", ""under"": ""1.90""}",2026-06-02T17:51:13.423Z
71844542,Basketball,2026-06-03 21:00,Baskonia Vitoria-Gasteiz,Club Joventut Badalona,Spain - Liga ACB,Bet365,Points O/U,Kobi Simmons (1) (12.5),,,,1.86,1.90,,,12.5,"{""label"": ""Kobi Simmons (1) (12.5)"", ""hdp"": 12.5, ""over"": ""1.86"", ""under"": ""1.90""}",2026-06-02T17:51:13.423Z
71844542,Basketball,2026-06-03 21:00,Baskonia Vitoria-Gasteiz,Club Joventut Badalona,Spain - Liga ACB,Bet365,Points O/U,Ludvig Hakanson (2) (8.5),,,,1.90,1.86,,,8.5,"{""label"": ""Ludvig Hakanson (2) (8.5)"", ""hdp"": 8.5, ""over"": ""1.90"", ""under"": ""1.86""}",2026-06-02T17:51:13.423Z
71844542,Basketball,2026-06-03 21:00,Baskonia Vitoria-Gasteiz,Club Joventut Badalona,Spain - Liga ACB,Bet365,Points O/U,Adam Hanga (2) (5.5),,,,1.80,2.00,,,5.5,"{""label"": ""Adam Hanga (2) (5.5)"", ""hdp"": 5.5, ""over"": ""1.80"", ""under"": ""2.00""}",2026-06-02T17:51:13.423Z
71844542,Basketball,2026-06-03 21:00,Baskonia Vitoria-Gasteiz,Club Joventut Badalona,Spain - Liga ACB,Bet365,Points O/U,Cameron Hunt (2) (14.5),,,,1.89,1.89,,,14.5,"{""label"": ""Cameron Hunt (2) (14.5)"", ""hdp"": 14.5, ""over"": ""1.89"", ""under"": ""1.89""}",2026-06-02T17:51:13.423Z
71844542,Basketball,2026-06-03 21:00,Baskonia Vitoria-Gasteiz,Club Joventut Badalona,Spain - Liga ACB,Bet365,Points O/U,Jabari Parker (2) (12.5),,,,1.90,1.86,,,12.5,"{""label"": ""Jabari Parker (2) (12.5)"", ""hdp"": 12.5, ""over"": ""1.90"", ""under"": ""1.86""}",2026-06-02T17:51:13.423Z
71844542,Basketball,2026-06-03 21:00,Baskonia Vitoria-Gasteiz,Club Joventut Badalona,Spain - Liga ACB,Bet365,Points O/U,Ricky Rubio (2) (13.5),,,,1.86,1.90,,,13.5,"{""label"": ""Ricky Rubio (2) (13.5)"", ""hdp"": 13.5, ""over"": ""1.86"", ""under"": ""1.90""}",2026-06-02T17:51:13.423Z
71844542,Basketball,2026-06-03 21:00,Baskonia Vitoria-Gasteiz,Club Joventut Badalona,Spain - Liga ACB,Bet365,Player Assists Milestones,Ricky Rubio,,,,1.06,,,,3,"{""label"": ""Ricky Rubio"", ""hdp"": 3, ""over"": ""1.06""}",2026-06-02T17:23:22.29Z
71844542,Basketball,2026-06-03 21:00,Baskonia Vitoria-Gasteiz,Club Joventut Badalona,Spain - Liga ACB,Bet365,Player Assists Milestones,Trent Forrest,,,,1.31,,,,3,"{""label"": ""Trent Forrest"", ""hdp"": 3, ""over"": ""1.31""}",2026-06-02T17:23:22.29Z
71844542,Basketball,2026-06-03 21:00,Baskonia Vitoria-Gasteiz,Club Joventut Badalona,Spain - Liga ACB,Bet365,Player Assists Milestones,Cameron Hunt,,,,1.71,,,,3,"{""label"": ""Cameron Hunt"", ""hdp"": 3, ""over"": ""1.71""}",2026-06-02T17:23:22.29Z
71844542,Basketball,2026-06-03 21:00,Baskonia Vitoria-Gasteiz,Club Joventut Badalona,Spain - Liga ACB,Bet365,Player Assists Milestones,Kobi Simmons,,,,1.68,,,,3,"{""label"": ""Kobi Simmons"", ""hdp"": 3, ""over"": ""1.68""}",2026-06-02T17:23:22.29Z
71844542,Basketball,2026-06-03 21:00,Baskonia Vitoria-Gasteiz,Club Joventut Badalona,Spain - Liga ACB,Bet365,Player Assists Milestones,Ricky Rubio,,,,1.42,,,,5,"{""label"": ""Ricky Rubio"", ""hdp"": 5, ""over"": ""1.42""}",2026-06-02T17:23:22.29Z
71844542,Basketball,2026-06-03 21:00,Baskonia Vitoria-Gasteiz,Club Joventut Badalona,Spain - Liga ACB,Bet365,Player Assists Milestones,Trent Forrest,,,,2.70,,,,5,"{""label"": ""Trent Forrest"", ""hdp"": 5, ""over"": ""2.70""}",2026-06-02T17:23:22.29Z
71844542,Basketball,2026-06-03 21:00,Baskonia Vitoria-Gasteiz,Club Joventut Badalona,Spain - Liga ACB,Bet365,Player Assists Milestones,Cameron Hunt,,,,4.75,,,,5,"{""label"": ""Cameron Hunt"", ""hdp"": 5, ""over"": ""4.75""}",2026-06-02T17:23:22.29Z
71844542,Basketball,2026-06-03 21:00,Baskonia Vitoria-Gasteiz,Club Joventut Badalona,Spain - Liga ACB,Bet365,Player Assists Milestones,Kobi Simmons,,,,4.75,,,,5,"{""label"": ""Kobi Simmons"", ""hdp"": 5, ""over"": ""4.75""}",2026-06-02T17:23:22.29Z
71844542,Basketball,2026-06-03 21:00,Baskonia Vitoria-Gasteiz,Club Joventut Badalona,Spain - Liga ACB,Bet365,Player Assists Milestones,Ricky Rubio,,,,2.60,,,,7,"{""label"": ""Ricky Rubio"", ""hdp"": 7, ""over"": ""2.60""}",2026-06-02T17:23:22.29Z
71844542,Basketball,2026-06-03 21:00,Baskonia Vitoria-Gasteiz,Club Joventut Badalona,Spain - Liga ACB,Bet365,Player Assists Milestones,Trent Forrest,,,,7.50,,,,7,"{""label"": ""Trent Forrest"", ""hdp"": 7, ""over"": ""7.50""}",2026-06-02T17:23:22.29Z
71844542,Basketball,2026-06-03 21:00,Baskonia Vitoria-Gasteiz,Club Joventut Badalona,Spain - Liga ACB,Bet365,Player Assists Milestones,Cameron Hunt,,,,14.00,,,,7,"{""label"": ""Cameron Hunt"", ""hdp"": 7, ""over"": ""14.00""}",2026-06-02T17:23:22.29Z
71844542,Basketball,2026-06-03 21:00,Baskonia Vitoria-Gasteiz,Club Joventut Badalona,Spain - Liga ACB,Bet365,Player Assists Milestones,Kobi Simmons,,,,14.00,,,,7,"{""label"": ""Kobi Simmons"", ""hdp"": 7, ""over"": ""14.00""}",2026-06-02T17:23:22.29Z
71844542,Basketball,2026-06-03 21:00,Baskonia Vitoria-Gasteiz,Club Joventut Badalona,Spain - Liga ACB,Bet365,Player Assists Milestones,Ricky Rubio,,,,9.50,,,,10,"{""label"": ""Ricky Rubio"", ""hdp"": 10, ""over"": ""9.50""}",2026-06-02T17:23:22.29Z
71844542,Basketball,2026-06-03 21:00,Baskonia Vitoria-Gasteiz,Club Joventut Badalona,Spain - Liga ACB,Bet365,Player Assists Milestones,Trent Forrest,,,,26.00,,,,10,"{""label"": ""Trent Forrest"", ""hdp"": 10, ""over"": ""26.00""}",2026-06-02T17:23:22.29Z
71844542,Basketball,2026-06-03 21:00,Baskonia Vitoria-Gasteiz,Club Joventut Badalona,Spain - Liga ACB,Bet365,Player Assists Milestones,Cameron Hunt,,,,36.00,,,,10,"{""label"": ""Cameron Hunt"", ""hdp"": 10, ""over"": ""36.00""}",2026-06-02T17:23:22.29Z
71844542,Basketball,2026-06-03 21:00,Baskonia Vitoria-Gasteiz,Club Joventut Badalona,Spain - Liga ACB,Bet365,Player Assists Milestones,Kobi Simmons,,,,36.00,,,,10,"{""label"": ""Kobi Simmons"", ""hdp"": 10, ""over"": ""36.00""}",2026-06-02T17:23:22.29Z
71844542,Basketball,2026-06-03 21:00,Baskonia Vitoria-Gasteiz,Club Joventut Badalona,Spain - Liga ACB,Bet365,Player Assists Milestones,Ricky Rubio,,,,26.00,,,,13,"{""label"": ""Ricky Rubio"", ""hdp"": 13, ""over"": ""26.00""}",2026-06-02T17:23:22.29Z
71844542,Basketball,2026-06-03 21:00,Baskonia Vitoria-Gasteiz,Club Joventut Badalona,Spain - Liga ACB,Bet365,Player Assists Milestones,Ricky Rubio,,,,36.00,,,,15,"{""label"": ""Ricky Rubio"", ""hdp"": 15, ""over"": ""36.00""}",2026-06-02T17:23:22.29Z
71844542,Basketball,2026-06-03 21:00,Baskonia Vitoria-Gasteiz,Club Joventut Badalona,Spain - Liga ACB,Bet365,Player Points Milestones,Cameron Hunt,,,,1.01,,,,5,"{""label"": ""Cameron Hunt"", ""hdp"": 5, ""over"": ""1.01""}",2026-06-02T17:23:22.29Z
71844542,Basketball,2026-06-03 21:00,Baskonia Vitoria-Gasteiz,Club Joventut Badalona,Spain - Liga ACB,Bet365,Player Points Milestones,Ricky Rubio,,,,1.01,,,,5,"{""label"": ""Ricky Rubio"", ""hdp"": 5, ""over"": ""1.01""}",2026-06-02T17:23:22.29Z
71844542,Basketball,2026-06-03 21:00,Baskonia Vitoria-Gasteiz,Club Joventut Badalona,Spain - Liga ACB,Bet365,Player Points Milestones,Trent Forrest,,,,1.02,,,,5,"{""label"": ""Trent Forrest"", ""hdp"": 5, ""over"": ""1.02""}",2026-06-02T17:23:22.29Z
71844542,Basketball,2026-06-03 21:00,Baskonia Vitoria-Gasteiz,Club Joventut Badalona,Spain - Liga ACB,Bet365,Player Points Milestones,Kobi Simmons,,,,1.02,,,,5,"{""label"": ""Kobi Simmons"", ""hdp"": 5, ""over"": ""1.02""}",2026-06-02T17:23:22.29Z
71844542,Basketball,2026-06-03 21:00,Baskonia Vitoria-Gasteiz,Club Joventut Badalona,Spain - Liga ACB,Bet365,Player Points Milestones,Jabari Parker,,,,1.02,,,,5,"{""label"": ""Jabari Parker"", ""hdp"": 5, ""over"": ""1.02""}",2026-06-02T17:23:22.29Z
71844542,Basketball,2026-06-03 21:00,Baskonia Vitoria-Gasteiz,Club Joventut Badalona,Spain - Liga ACB,Bet365,Player Points Milestones,Eugene Omoruyi,,,,1.06,,,,5,"{""label"": ""Eugene Omoruyi"", ""hdp"": 5, ""over"": ""1.06""}",2026-06-02T17:23:22.29Z
71844542,Basketball,2026-06-03 21:00,Baskonia Vitoria-Gasteiz,Club Joventut Badalona,Spain - Liga ACB,Bet365,Player Points Milestones,Mamadi Diakite,,,,1.10,,,,5,"{""label"": ""Mamadi Diakite"", ""hdp"": 5, ""over"": ""1.10""}",2026-06-02T17:23:22.29Z
71844542,Basketball,2026-06-03 21:00,Baskonia Vitoria-Gasteiz,Club Joventut Badalona,Spain - Liga ACB,Bet365,Player Points Milestones,Ludvig Hakanson,,,,1.16,,,,5,"{""label"": ""Ludvig Hakanson"", ""hdp"": 5, ""over"": ""1.16""}",2026-06-02T17:23:22.29Z
71844542,Basketball,2026-06-03 21:00,Baskonia Vitoria-Gasteiz,Club Joventut Badalona,Spain - Liga ACB,Bet365,Player Points Milestones,Rodions Kurucs,,,,1.37,,,,5,"{""label"": ""Rodions Kurucs"", ""hdp"": 5, ""over"": ""1.37""}",2026-06-02T17:23:22.29Z
71844542,Basketball,2026-06-03 21:00,Baskonia Vitoria-Gasteiz,Club Joventut Badalona,Spain - Liga ACB,Bet365,Player Points Milestones,Adam Hanga,,,,1.50,,,,5,"{""label"": ""Adam Hanga"", ""hdp"": 5, ""over"": ""1.50""}",2026-06-02T17:23:22.29Z
71844542,Basketball,2026-06-03 21:00,Baskonia Vitoria-Gasteiz,Club Joventut Badalona,Spain - Liga ACB,Bet365,Player Points Milestones,Timothe Luwawu-Cabarrot,,,,1.04,,,,10,"{""label"": ""Timothe Luwawu-Cabarrot"", ""hdp"": 10, ""over"": ""1.04""}",2026-06-02T17:23:22.29Z
71844542,Basketball,2026-06-03 21:00,Baskonia Vitoria-Gasteiz,Club Joventut Badalona,Spain - Liga ACB,Bet365,Player Points Milestones,Cameron Hunt,,,,1.18,,,,10,"{""label"": ""Cameron Hunt"", ""hdp"": 10, ""over"": ""1.18""}",2026-06-02T17:23:22.29Z
71844542,Basketball,2026-06-03 21:00,Baskonia Vitoria-Gasteiz,Club Joventut Badalona,Spain - Liga ACB,Bet365,Player Points Milestones,Ricky Rubio,,,,1.23,,,,10,"{""label"": ""Ricky Rubio"", ""hdp"": 10, ""over"": ""1.23""}",2026-06-02T17:23:22.29Z
71844542,Basketball,2026-06-03 21:00,Baskonia Vitoria-Gasteiz,Club Joventut Badalona,Spain - Liga ACB,Bet365,Player Points Milestones,Trent Forrest,,,,1.28,,,,10,"{""label"": ""Trent Forrest"", ""hdp"": 10, ""over"": ""1.28""}",2026-06-02T17:23:22.29Z
71844542,Basketball,2026-06-03 21:00,Baskonia Vitoria-Gasteiz,Club Joventut Badalona,Spain - Liga ACB,Bet365,Player Points Milestones,Kobi Simmons,,,,1.32,,,,10,"{""label"": ""Kobi Simmons"", ""hdp"": 10, ""over"": ""1.32""}",2026-06-02T17:23:22.29Z
71844542,Basketball,2026-06-03 21:00,Baskonia Vitoria-Gasteiz,Club Joventut Badalona,Spain - Liga ACB,Bet365,Player Points Milestones,Jabari Parker,,,,1.35,,,,10,"{""label"": ""Jabari Parker"", ""hdp"": 10, ""over"": ""1.35""}",2026-06-02T17:23:22.29Z
71844542,Basketball,2026-06-03 21:00,Baskonia Vitoria-Gasteiz,Club Joventut Badalona,Spain - Liga ACB,Bet365,Player Points Milestones,Eugene Omoruyi,,,,1.62,,,,10,"{""label"": ""Eugene Omoruyi"", ""hdp"": 10, ""over"": ""1.62""}",2026-06-02T17:23:22.29Z
71844542,Basketball,2026-06-03 21:00,Baskonia Vitoria-Gasteiz,Club Joventut Badalona,Spain - Liga ACB,Bet365,Player Points Milestones,Mamadi Diakite,,,,1.89,,,,10,"{""label"": ""Mamadi Diakite"", ""hdp"": 10, ""over"": ""1.89""}",2026-06-02T17:23:22.29Z
71844542,Basketball,2026-06-03 21:00,Baskonia Vitoria-Gasteiz,Club Joventut Badalona,Spain - Liga ACB,Bet365,Player Points Milestones,Ludvig Hakanson,,,,2.30,,,,10,"{""label"": ""Ludvig Hakanson"", ""hdp"": 10, ""over"": ""2.30""}",2026-06-02T17:23:22.29Z
71844542,Basketball,2026-06-03 21:00,Baskonia Vitoria-Gasteiz,Club Joventut Badalona,Spain - Liga ACB,Bet365,Player Points Milestones,Rodions Kurucs,,,,3.65,,,,10,"{""label"": ""Rodions Kurucs"", ""hdp"": 10, ""over"": ""3.65""}",2026-06-02T17:23:22.29Z
71844542,Basketball,2026-06-03 21:00,Baskonia Vitoria-Gasteiz,Club Joventut Badalona,Spain - Liga ACB,Bet365,Player Points Milestones,Adam Hanga,,,,4.75,,,,10,"{""label"": ""Adam Hanga"", ""hdp"": 10, ""over"": ""4.75""}",2026-06-02T17:23:22.29Z
71844542,Basketball,2026-06-03 21:00,Baskonia Vitoria-Gasteiz,Club Joventut Badalona,Spain - Liga ACB,Bet365,Player Points Milestones,Timothe Luwawu-Cabarrot,,,,1.29,,,,15,"{""label"": ""Timothe Luwawu-Cabarrot"", ""hdp"": 15, ""over"": ""1.29""}",2026-06-02T17:23:22.29Z
71844542,Basketball,2026-06-03 21:00,Baskonia Vitoria-Gasteiz,Club Joventut Badalona,Spain - Liga ACB,Bet365,Player Points Milestones,Cameron Hunt,,,,1.89,,,,15,"{""label"": ""Cameron Hunt"", ""hdp"": 15, ""over"": ""1.89""}",2026-06-02T17:23:22.29Z
71844542,Basketball,2026-06-03 21:00,Baskonia Vitoria-Gasteiz,Club Joventut Badalona,Spain - Liga ACB,Bet365,Player Points Milestones,Ricky Rubio,,,,2.10,,,,15,"{""label"": ""Ricky Rubio"", ""hdp"": 15, ""over"": ""2.10""}",2026-06-02T17:23:22.29Z
71844542,Basketball,2026-06-03 21:00,Baskonia Vitoria-Gasteiz,Club Joventut Badalona,Spain - Liga ACB,Bet365,Player Points Milestones,Trent Forrest,,,,2.30,,,,15,"{""label"": ""Trent Forrest"", ""hdp"": 15, ""over"": ""2.30""}",2026-06-02T17:23:22.29Z
71844542,Basketball,2026-06-03 21:00,Baskonia Vitoria-Gasteiz,Club Joventut Badalona,Spain - Liga ACB,Bet365,Player Points Milestones,Kobi Simmons,,,,2.50,,,,15,"{""label"": ""Kobi Simmons"", ""hdp"": 15, ""over"": ""2.50""}",2026-06-02T17:23:22.29Z
71844542,Basketball,2026-06-03 21:00,Baskonia Vitoria-Gasteiz,Club Joventut Badalona,Spain - Liga ACB,Bet365,Player Points Milestones,Jabari Parker,,,,2.60,,,,15,"{""label"": ""Jabari Parker"", ""hdp"": 15, ""over"": ""2.60""}",2026-06-02T17:23:22.29Z
71844542,Basketball,2026-06-03 21:00,Baskonia Vitoria-Gasteiz,Club Joventut Badalona,Spain - Liga ACB,Bet365,Player Points Milestones,Eugene Omoruyi,,,,3.75,,,,15,"{""label"": ""Eugene Omoruyi"", ""hdp"": 15, ""over"": ""3.75""}",2026-06-02T17:23:22.29Z
71844542,Basketball,2026-06-03 21:00,Baskonia Vitoria-Gasteiz,Club Joventut Badalona,Spain - Liga ACB,Bet365,Player Points Milestones,Mamadi Diakite,,,,5.00,,,,15,"{""label"": ""Mamadi Diakite"", ""hdp"": 15, ""over"": ""5.00""}",2026-06-02T17:23:22.29Z
71844542,Basketball,2026-06-03 21:00,Baskonia Vitoria-Gasteiz,Club Joventut Badalona,Spain - Liga ACB,Bet365,Player Points Milestones,Ludvig Hakanson,,,,7.00,,,,15,"{""label"": ""Ludvig Hakanson"", ""hdp"": 15, ""over"": ""7.00""}",2026-06-02T17:23:22.29Z
71844542,Basketball,2026-06-03 21:00,Baskonia Vitoria-Gasteiz,Club Joventut Badalona,Spain - Liga ACB,Bet365,Player Points Milestones,Rodions Kurucs,,,,12.00,,,,15,"{""label"": ""Rodions Kurucs"", ""hdp"": 15, ""over"": ""12.00""}",2026-06-02T17:23:22.29Z
71844542,Basketball,2026-06-03 21:00,Baskonia Vitoria-Gasteiz,Club Joventut Badalona,Spain - Liga ACB,Bet365,Player Points Milestones,Adam Hanga,,,,16.00,,,,15,"{""label"": ""Adam Hanga"", ""hdp"": 15, ""over"": ""16.00""}",2026-06-02T17:23:22.29Z
71844542,Basketball,2026-06-03 21:00,Baskonia Vitoria-Gasteiz,Club Joventut Badalona,Spain - Liga ACB,Bet365,Player Points Milestones,Timothe Luwawu-Cabarrot,,,,2.05,,,,20,"{""label"": ""Timothe Luwawu-Cabarrot"", ""hdp"": 20, ""over"": ""2.05""}",2026-06-02T17:23:22.29Z
71844542,Basketball,2026-06-03 21:00,Baskonia Vitoria-Gasteiz,Club Joventut Badalona,Spain - Liga ACB,Bet365,Player Points Milestones,Cameron Hunt,,,,4.10,,,,20,"{""label"": ""Cameron Hunt"", ""hdp"": 20, ""over"": ""4.10""}",2026-06-02T17:23:22.29Z
71844542,Basketball,2026-06-03 21:00,Baskonia Vitoria-Gasteiz,Club Joventut Badalona,Spain - Liga ACB,Bet365,Player Points Milestones,Ricky Rubio,,,,5.00,,,,20,"{""label"": ""Ricky Rubio"", ""hdp"": 20, ""over"": ""5.00""}",2026-06-02T17:23:22.29Z
71844542,Basketball,2026-06-03 21:00,Baskonia Vitoria-Gasteiz,Club Joventut Badalona,Spain - Liga ACB,Bet365,Player Points Milestones,Trent Forrest,,,,5.75,,,,20,"{""label"": ""Trent Forrest"", ""hdp"": 20, ""over"": ""5.75""}",2026-06-02T17:23:22.29Z
71844542,Basketball,2026-06-03 21:00,Baskonia Vitoria-Gasteiz,Club Joventut Badalona,Spain - Liga ACB,Bet365,Player Points Milestones,Kobi Simmons,,,,6.50,,,,20,"{""label"": ""Kobi Simmons"", ""hdp"": 20, ""over"": ""6.50""}",2026-06-02T17:23:22.29Z
71844542,Basketball,2026-06-03 21:00,Baskonia Vitoria-Gasteiz,Club Joventut Badalona,Spain - Liga ACB,Bet365,Player Points Milestones,Jabari Parker,,,,7.00,,,,20,"{""label"": ""Jabari Parker"", ""hdp"": 20, ""over"": ""7.00""}",2026-06-02T17:23:22.29Z
71844542,Basketball,2026-06-03 21:00,Baskonia Vitoria-Gasteiz,Club Joventut Badalona,Spain - Liga ACB,Bet365,Player Points Milestones,Eugene Omoruyi,,,,10.00,,,,20,"{""label"": ""Eugene Omoruyi"", ""hdp"": 20, ""over"": ""10.00""}",2026-06-02T17:23:22.29Z
71844542,Basketball,2026-06-03 21:00,Baskonia Vitoria-Gasteiz,Club Joventut Badalona,Spain - Liga ACB,Bet365,Player Points Milestones,Mamadi Diakite,,,,13.00,,,,20,"{""label"": ""Mamadi Diakite"", ""hdp"": 20, ""over"": ""13.00""}",2026-06-02T17:23:22.29Z
71844542,Basketball,2026-06-03 21:00,Baskonia Vitoria-Gasteiz,Club Joventut Badalona,Spain - Liga ACB,Bet365,Player Points Milestones,Ludvig Hakanson,,,,18.00,,,,20,"{""label"": ""Ludvig Hakanson"", ""hdp"": 20, ""over"": ""18.00""}",2026-06-02T17:23:22.29Z
71844542,Basketball,2026-06-03 21:00,Baskonia Vitoria-Gasteiz,Club Joventut Badalona,Spain - Liga ACB,Bet365,Player Points Milestones,Rodions Kurucs,,,,29.00,,,,20,"{""label"": ""Rodions Kurucs"", ""hdp"": 20, ""over"": ""29.00""}",2026-06-02T17:23:22.29Z
71844542,Basketball,2026-06-03 21:00,Baskonia Vitoria-Gasteiz,Club Joventut Badalona,Spain - Liga ACB,Bet365,Player Points Milestones,Adam Hanga,,,,36.00,,,,20,"{""label"": ""Adam Hanga"", ""hdp"": 20, ""over"": ""36.00""}",2026-06-02T17:23:22.29Z
71844542,Basketball,2026-06-03 21:00,Baskonia Vitoria-Gasteiz,Club Joventut Badalona,Spain - Liga ACB,Bet365,Player Points Milestones,Timothe Luwawu-Cabarrot,,,,4.20,,,,25,"{""label"": ""Timothe Luwawu-Cabarrot"", ""hdp"": 25, ""over"": ""4.20""}",2026-06-02T17:23:22.29Z
71844542,Basketball,2026-06-03 21:00,Baskonia Vitoria-Gasteiz,Club Joventut Badalona,Spain - Liga ACB,Bet365,Player Points Milestones,Cameron Hunt,,,,10.00,,,,25,"{""label"": ""Cameron Hunt"", ""hdp"": 25, ""over"": ""10.00""}",2026-06-02T17:23:22.29Z
71844542,Basketball,2026-06-03 21:00,Baskonia Vitoria-Gasteiz,Club Joventut Badalona,Spain - Liga ACB,Bet365,Player Points Milestones,Ricky Rubio,,,,12.00,,,,25,"{""label"": ""Ricky Rubio"", ""hdp"": 25, ""over"": ""12.00""}",2026-06-02T17:23:22.29Z
71844542,Basketball,2026-06-03 21:00,Baskonia Vitoria-Gasteiz,Club Joventut Badalona,Spain - Liga ACB,Bet365,Player Points Milestones,Trent Forrest,,,,13.00,,,,25,"{""label"": ""Trent Forrest"", ""hdp"": 25, ""over"": ""13.00""}",2026-06-02T17:23:22.29Z
71844542,Basketball,2026-06-03 21:00,Baskonia Vitoria-Gasteiz,Club Joventut Badalona,Spain - Liga ACB,Bet365,Player Points Milestones,Kobi Simmons,,,,16.00,,,,25,"{""label"": ""Kobi Simmons"", ""hdp"": 25, ""over"": ""16.00""}",2026-06-02T17:23:22.29Z
71844542,Basketball,2026-06-03 21:00,Baskonia Vitoria-Gasteiz,Club Joventut Badalona,Spain - Liga ACB,Bet365,Player Points Milestones,Jabari Parker,,,,16.00,,,,25,"{""label"": ""Jabari Parker"", ""hdp"": 25, ""over"": ""16.00""}",2026-06-02T17:23:22.29Z
71844542,Basketball,2026-06-03 21:00,Baskonia Vitoria-Gasteiz,Club Joventut Badalona,Spain - Liga ACB,Bet365,Player Points Milestones,Eugene Omoruyi,,,,21.00,,,,25,"{""label"": ""Eugene Omoruyi"", ""hdp"": 25, ""over"": ""21.00""}",2026-06-02T17:23:22.29Z
71844542,Basketball,2026-06-03 21:00,Baskonia Vitoria-Gasteiz,Club Joventut Badalona,Spain - Liga ACB,Bet365,Player Points Milestones,Mamadi Diakite,,,,29.00,,,,25,"{""label"": ""Mamadi Diakite"", ""hdp"": 25, ""over"": ""29.00""}",2026-06-02T17:23:22.29Z
71844542,Basketball,2026-06-03 21:00,Baskonia Vitoria-Gasteiz,Club Joventut Badalona,Spain - Liga ACB,Bet365,Player Points Milestones,Ludvig Hakanson,,,,36.00,,,,25,"{""label"": ""Ludvig Hakanson"", ""hdp"": 25, ""over"": ""36.00""}",2026-06-02T17:23:22.29Z
71844542,Basketball,2026-06-03 21:00,Baskonia Vitoria-Gasteiz,Club Joventut Badalona,Spain - Liga ACB,Bet365,Player Points Milestones,Timothe Luwawu-Cabarrot,,,,9.75,,,,30,"{""label"": ""Timothe Luwawu-Cabarrot"", ""hdp"": 30, ""over"": ""9.75""}",2026-06-02T17:23:22.29Z
71844542,Basketball,2026-06-03 21:00,Baskonia Vitoria-Gasteiz,Club Joventut Badalona,Spain - Liga ACB,Bet365,Player Points Milestones,Cameron Hunt,,,,19.00,,,,30,"{""label"": ""Cameron Hunt"", ""hdp"": 30, ""over"": ""19.00""}",2026-06-02T17:23:22.29Z
71844542,Basketball,2026-06-03 21:00,Baskonia Vitoria-Gasteiz,Club Joventut Badalona,Spain - Liga ACB,Bet365,Player Points Milestones,Ricky Rubio,,,,23.00,,,,30,"{""label"": ""Ricky Rubio"", ""hdp"": 30, ""over"": ""23.00""}",2026-06-02T17:23:22.29Z
71844542,Basketball,2026-06-03 21:00,Baskonia Vitoria-Gasteiz,Club Joventut Badalona,Spain - Liga ACB,Bet365,Player Points Milestones,Trent Forrest,,,,26.00,,,,30,"{""label"": ""Trent Forrest"", ""hdp"": 30, ""over"": ""26.00""}",2026-06-02T17:23:22.29Z
71844542,Basketball,2026-06-03 21:00,Baskonia Vitoria-Gasteiz,Club Joventut Badalona,Spain - Liga ACB,Bet365,Player Points Milestones,Kobi Simmons,,,,29.00,,,,30,"{""label"": ""Kobi Simmons"", ""hdp"": 30, ""over"": ""29.00""}",2026-06-02T17:23:22.29Z
71844542,Basketball,2026-06-03 21:00,Baskonia Vitoria-Gasteiz,Club Joventut Badalona,Spain - Liga ACB,Bet365,Player Points Milestones,Jabari Parker,,,,29.00,,,,30,"{""label"": ""Jabari Parker"", ""hdp"": 30, ""over"": ""29.00""}",2026-06-02T17:23:22.29Z
71844542,Basketball,2026-06-03 21:00,Baskonia Vitoria-Gasteiz,Club Joventut Badalona,Spain - Liga ACB,Bet365,Player Points Milestones,Eugene Omoruyi,,,,36.00,,,,30,"{""label"": ""Eugene Omoruyi"", ""hdp"": 30, ""over"": ""36.00""}",2026-06-02T17:23:22.29Z
71844542,Basketball,2026-06-03 21:00,Baskonia Vitoria-Gasteiz,Club Joventut Badalona,Spain - Liga ACB,Bet365,Player Points Milestones,Timothe Luwawu-Cabarrot,,,,18.00,,,,35,"{""label"": ""Timothe Luwawu-Cabarrot"", ""hdp"": 35, ""over"": ""18.00""}",2026-06-02T17:23:22.29Z
71844542,Basketball,2026-06-03 21:00,Baskonia Vitoria-Gasteiz,Club Joventut Badalona,Spain - Liga ACB,Bet365,Player Points Milestones,Cameron Hunt,,,,36.00,,,,35,"{""label"": ""Cameron Hunt"", ""hdp"": 35, ""over"": ""36.00""}",2026-06-02T17:23:22.29Z
71844542,Basketball,2026-06-03 21:00,Baskonia Vitoria-Gasteiz,Club Joventut Badalona,Spain - Liga ACB,Bet365,Player Points Milestones,Ricky Rubio,,,,36.00,,,,35,"{""label"": ""Ricky Rubio"", ""hdp"": 35, ""over"": ""36.00""}",2026-06-02T17:23:22.29Z
71844542,Basketball,2026-06-03 21:00,Baskonia Vitoria-Gasteiz,Club Joventut Badalona,Spain - Liga ACB,Bet365,Player Points Milestones,Trent Forrest,,,,36.00,,,,35,"{""label"": ""Trent Forrest"", ""hdp"": 35, ""over"": ""36.00""}",2026-06-02T17:23:22.29Z
71844542,Basketball,2026-06-03 21:00,Baskonia Vitoria-Gasteiz,Club Joventut Badalona,Spain - Liga ACB,Bet365,Player Points Milestones,Timothe Luwawu-Cabarrot,,,,36.00,,,,40,"{""label"": ""Timothe Luwawu-Cabarrot"", ""hdp"": 40, ""over"": ""36.00""}",2026-06-02T17:23:22.29Z
71844542,Basketball,2026-06-03 21:00,Baskonia Vitoria-Gasteiz,Club Joventut Badalona,Spain - Liga ACB,Bet365,Player Rebounds Milestones,Mamadi Diakite,,,,1.06,,,,3,"{""label"": ""Mamadi Diakite"", ""hdp"": 3, ""over"": ""1.06""}",2026-06-02T17:23:22.29Z
71844542,Basketball,2026-06-03 21:00,Baskonia Vitoria-Gasteiz,Club Joventut Badalona,Spain - Liga ACB,Bet365,Player Rebounds Milestones,Jabari Parker,,,,1.18,,,,3,"{""label"": ""Jabari Parker"", ""hdp"": 3, ""over"": ""1.18""}",2026-06-02T17:23:22.29Z
71844542,Basketball,2026-06-03 21:00,Baskonia Vitoria-Gasteiz,Club Joventut Badalona,Spain - Liga ACB,Bet365,Player Rebounds Milestones,Rodions Kurucs,,,,1.32,,,,3,"{""label"": ""Rodions Kurucs"", ""hdp"": 3, ""over"": ""1.32""}",2026-06-02T17:23:22.29Z
71844542,Basketball,2026-06-03 21:00,Baskonia Vitoria-Gasteiz,Club Joventut Badalona,Spain - Liga ACB,Bet365,Player Rebounds Milestones,Eugene Omoruyi,,,,1.37,,,,3,"{""label"": ""Eugene Omoruyi"", ""hdp"": 3, ""over"": ""1.37""}",2026-06-02T17:23:22.29Z
71844542,Basketball,2026-06-03 21:00,Baskonia Vitoria-Gasteiz,Club Joventut Badalona,Spain - Liga ACB,Bet365,Player Rebounds Milestones,Adam Hanga,,,,1.52,,,,3,"{""label"": ""Adam Hanga"", ""hdp"": 3, ""over"": ""1.52""}",2026-06-02T17:23:22.29Z
71844542,Basketball,2026-06-03 21:00,Baskonia Vitoria-Gasteiz,Club Joventut Badalona,Spain - Liga ACB,Bet365,Player Rebounds Milestones,Mamadi Diakite,,,,1.42,,,,5,"{""label"": ""Mamadi Diakite"", ""hdp"": 5, ""over"": ""1.42""}",2026-06-02T17:23:22.29Z
71844542,Basketball,2026-06-03 21:00,Baskonia Vitoria-Gasteiz,Club Joventut Badalona,Spain - Liga ACB,Bet365,Player Rebounds Milestones,Jabari Parker,,,,2.00,,,,5,"{""label"": ""Jabari Parker"", ""hdp"": 5, ""over"": ""2.00""}",2026-06-02T17:23:22.29Z
71844542,Basketball,2026-06-03 21:00,Baskonia Vitoria-Gasteiz,Club Joventut Badalona,Spain - Liga ACB,Bet365,Player Rebounds Milestones,Rodions Kurucs,,,,2.70,,,,5,"{""label"": ""Rodions Kurucs"", ""hdp"": 5, ""over"": ""2.70""}",2026-06-02T17:23:22.29Z
71844542,Basketball,2026-06-03 21:00,Baskonia Vitoria-Gasteiz,Club Joventut Badalona,Spain - Liga ACB,Bet365,Player Rebounds Milestones,Eugene Omoruyi,,,,2.85,,,,5,"{""label"": ""Eugene Omoruyi"", ""hdp"": 5, ""over"": ""2.85""}",2026-06-02T17:23:22.29Z
71844542,Basketball,2026-06-03 21:00,Baskonia Vitoria-Gasteiz,Club Joventut Badalona,Spain - Liga ACB,Bet365,Player Rebounds Milestones,Adam Hanga,,,,3.70,,,,5,"{""label"": ""Adam Hanga"", ""hdp"": 5, ""over"": ""3.70""}",2026-06-02T17:23:22.29Z
71844542,Basketball,2026-06-03 21:00,Baskonia Vitoria-Gasteiz,Club Joventut Badalona,Spain - Liga ACB,Bet365,Player Rebounds Milestones,Mamadi Diakite,,,,2.55,,,,7,"{""label"": ""Mamadi Diakite"", ""hdp"": 7, ""over"": ""2.55""}",2026-06-02T17:23:22.29Z
71844542,Basketball,2026-06-03 21:00,Baskonia Vitoria-Gasteiz,Club Joventut Badalona,Spain - Liga ACB,Bet365,Player Rebounds Milestones,Jabari Parker,,,,4.75,,,,7,"{""label"": ""Jabari Parker"", ""hdp"": 7, ""over"": ""4.75""}",2026-06-02T17:23:22.29Z
71844542,Basketball,2026-06-03 21:00,Baskonia Vitoria-Gasteiz,Club Joventut Badalona,Spain - Liga ACB,Bet365,Player Rebounds Milestones,Rodions Kurucs,,,,7.25,,,,7,"{""label"": ""Rodions Kurucs"", ""hdp"": 7, ""over"": ""7.25""}",2026-06-02T17:23:22.29Z
71844542,Basketball,2026-06-03 21:00,Baskonia Vitoria-Gasteiz,Club Joventut Badalona,Spain - Liga ACB,Bet365,Player Rebounds Milestones,Eugene Omoruyi,,,,7.75,,,,7,"{""label"": ""Eugene Omoruyi"", ""hdp"": 7, ""over"": ""7.75""}",2026-06-02T17:23:22.29Z
71844542,Basketball,2026-06-03 21:00,Baskonia Vitoria-Gasteiz,Club Joventut Badalona,Spain - Liga ACB,Bet365,Player Rebounds Milestones,Adam Hanga,,,,10.50,,,,7,"{""label"": ""Adam Hanga"", ""hdp"": 7, ""over"": ""10.50""}",2026-06-02T17:23:22.29Z
71844542,Basketball,2026-06-03 21:00,Baskonia Vitoria-Gasteiz,Club Joventut Badalona,Spain - Liga ACB,Bet365,Player Rebounds Milestones,Mamadi Diakite,,,,9.00,,,,10,"{""label"": ""Mamadi Diakite"", ""hdp"": 10, ""over"": ""9.00""}",2026-06-02T17:23:22.29Z
71844542,Basketball,2026-06-03 21:00,Baskonia Vitoria-Gasteiz,Club Joventut Badalona,Spain - Liga ACB,Bet365,Player Rebounds Milestones,Jabari Parker,,,,17.00,,,,10,"{""label"": ""Jabari Parker"", ""hdp"": 10, ""over"": ""17.00""}",2026-06-02T17:23:22.29Z
71844542,Basketball,2026-06-03 21:00,Baskonia Vitoria-Gasteiz,Club Joventut Badalona,Spain - Liga ACB,Bet365,Player Rebounds Milestones,Rodions Kurucs,,,,23.00,,,,10,"{""label"": ""Rodions Kurucs"", ""hdp"": 10, ""over"": ""23.00""}",2026-06-02T17:23:22.29Z
71844542,Basketball,2026-06-03 21:00,Baskonia Vitoria-Gasteiz,Club Joventut Badalona,Spain - Liga ACB,Bet365,Player Rebounds Milestones,Eugene Omoruyi,,,,26.00,,,,10,"{""label"": ""Eugene Omoruyi"", ""hdp"": 10, ""over"": ""26.00""}",2026-06-02T17:23:22.29Z
71844542,Basketball,2026-06-03 21:00,Baskonia Vitoria-Gasteiz,Club Joventut Badalona,Spain - Liga ACB,Bet365,Player Rebounds Milestones,Adam Hanga,,,,36.00,,,,10,"{""label"": ""Adam Hanga"", ""hdp"": 10, ""over"": ""36.00""}",2026-06-02T17:23:22.29Z
71844542,Basketball,2026-06-03 21:00,Baskonia Vitoria-Gasteiz,Club Joventut Badalona,Spain - Liga ACB,Bet365,Player Rebounds Milestones,Mamadi Diakite,,,,23.00,,,,13,"{""label"": ""Mamadi Diakite"", ""hdp"": 13, ""over"": ""23.00""}",2026-06-02T17:23:22.29Z
71844542,Basketball,2026-06-03 21:00,Baskonia Vitoria-Gasteiz,Club Joventut Badalona,Spain - Liga ACB,Bet365,Player Rebounds Milestones,Jabari Parker,,,,36.00,,,,13,"{""label"": ""Jabari Parker"", ""hdp"": 13, ""over"": ""36.00""}",2026-06-02T17:23:22.29Z
71844542,Basketball,2026-06-03 21:00,Baskonia Vitoria-Gasteiz,Club Joventut Badalona,Spain - Liga ACB,Bet365,Player Rebounds Milestones,Mamadi Diakite,,,,36.00,,,,15,"{""label"": ""Mamadi Diakite"", ""hdp"": 15, ""over"": ""36.00""}",2026-06-02T17:23:22.29Z
71844542,Basketball,2026-06-03 21:00,Baskonia Vitoria-Gasteiz,Club Joventut Badalona,Spain - Liga ACB,Bet365,ML Q1,,1.55,,2.40,,,,,,"{""home"": ""1.55"", ""away"": ""2.40""}",2026-06-01T09:23:04.833Z
71781786,Basketball,2026-06-03 17:30,Hapoel Beer Sheva,Maccabi Tel-Aviv,Israel - Super League,Bet365,ML,,10.00,,1.02,,,,,,"{""home"": ""10.00"", ""away"": ""1.02""}",2026-06-02T14:19:07.457Z
71781786,Basketball,2026-06-03 17:30,Hapoel Beer Sheva,Maccabi Tel-Aviv,Israel - Super League,Bet365,Spread,,1.83,,1.83,,,,,17.5,"{""hdp"": 17.5, ""home"": ""1.83"", ""away"": ""1.83""}",2026-06-02T14:19:07.457Z
71781786,Basketball,2026-06-03 17:30,Hapoel Beer Sheva,Maccabi Tel-Aviv,Israel - Super League,Bet365,Totals,,,,,1.83,1.83,,,187.5,"{""hdp"": 187.5, ""over"": ""1.83"", ""under"": ""1.83""}",2026-06-02T14:19:07.457Z
71781786,Basketball,2026-06-03 17:30,Hapoel Beer Sheva,Maccabi Tel-Aviv,Israel - Super League,Bet365,ML HT,,4.75,,1.15,,,,,,"{""home"": ""4.75"", ""away"": ""1.15""}",2026-06-02T14:19:07.457Z
71781786,Basketball,2026-06-03 17:30,Hapoel Beer Sheva,Maccabi Tel-Aviv,Israel - Super League,Bet365,Spread HT,,1.86,,1.80,,,,,8.5,"{""hdp"": 8.5, ""home"": ""1.86"", ""away"": ""1.80""}",2026-06-02T14:19:07.457Z
71781786,Basketball,2026-06-03 17:30,Hapoel Beer Sheva,Maccabi Tel-Aviv,Israel - Super League,Bet365,Totals HT,,,,,1.83,1.83,,,94.5,"{""hdp"": 94.5, ""over"": ""1.83"", ""under"": ""1.83""}",2026-06-02T14:19:07.457Z
71781786,Basketball,2026-06-03 17:30,Hapoel Beer Sheva,Maccabi Tel-Aviv,Israel - Super League,Bet365,Totals 1Q,,,,,1.83,1.83,,,47.5,"{""hdp"": 47.5, ""over"": ""1.83"", ""under"": ""1.83""}",2026-06-02T14:19:07.457Z
71781786,Basketball,2026-06-03 17:30,Hapoel Beer Sheva,Maccabi Tel-Aviv,Israel - Super League,Bet365,Team Total Home,,,,,1.86,1.80,,,85.5,"{""hdp"": 85.5, ""over"": ""1.86"", ""under"": ""1.80""}",2026-06-02T14:19:07.457Z
71781786,Basketball,2026-06-03 17:30,Hapoel Beer Sheva,Maccabi Tel-Aviv,Israel - Super League,Bet365,Team Total Away,,,,,1.83,1.83,,,102.5,"{""hdp"": 102.5, ""over"": ""1.83"", ""under"": ""1.83""}",2026-06-02T14:19:07.457Z
71781786,Basketball,2026-06-03 17:30,Hapoel Beer Sheva,Maccabi Tel-Aviv,Israel - Super League,Bet365,ML Q1,,3.55,,1.26,,,,,,"{""home"": ""3.55"", ""away"": ""1.26""}",2026-06-02T14:19:07.457Z
71781786,Basketball,2026-06-03 17:30,Hapoel Beer Sheva,Maccabi Tel-Aviv,Israel - Super League,Bet365,Alternative Totals,,,,,1.38,2.80,,,179.5,"{""hdp"": 179.5, ""over"": ""1.38"", ""under"": ""2.80""}",2026-06-02T15:08:47.833Z
71781786,Basketball,2026-06-03 17:30,Hapoel Beer Sheva,Maccabi Tel-Aviv,Israel - Super League,Bet365,Alternative Totals,,,,,1.40,2.72,,,180,"{""hdp"": 180, ""over"": ""1.40"", ""under"": ""2.72""}",2026-06-02T15:08:47.833Z
71781786,Basketball,2026-06-03 17:30,Hapoel Beer Sheva,Maccabi Tel-Aviv,Israel - Super League,Bet365,Alternative Totals,,,,,1.43,2.65,,,180.5,"{""hdp"": 180.5, ""over"": ""1.43"", ""under"": ""2.65""}",2026-06-02T15:08:47.833Z
71781786,Basketball,2026-06-03 17:30,Hapoel Beer Sheva,Maccabi Tel-Aviv,Israel - Super League,Bet365,Alternative Totals,,,,,1.45,2.60,,,181,"{""hdp"": 181, ""over"": ""1.45"", ""under"": ""2.60""}",2026-06-02T15:08:47.833Z
71781786,Basketball,2026-06-03 17:30,Hapoel Beer Sheva,Maccabi Tel-Aviv,Israel - Super League,Bet365,Alternative Totals,,,,,1.47,2.55,,,181.5,"{""hdp"": 181.5, ""over"": ""1.47"", ""under"": ""2.55""}",2026-06-02T15:08:47.833Z
71781786,Basketball,2026-06-03 17:30,Hapoel Beer Sheva,Maccabi Tel-Aviv,Israel - Super League,Bet365,Alternative Totals,,,,,1.50,2.50,,,182,"{""hdp"": 182, ""over"": ""1.50"", ""under"": ""2.50""}",2026-06-02T15:08:47.833Z
71781786,Basketball,2026-06-03 17:30,Hapoel Beer Sheva,Maccabi Tel-Aviv,Israel - Super League,Bet365,Alternative Totals,,,,,1.52,2.40,,,182.5,"{""hdp"": 182.5, ""over"": ""1.52"", ""under"": ""2.40""}",2026-06-02T15:08:47.833Z
71781786,Basketball,2026-06-03 17:30,Hapoel Beer Sheva,Maccabi Tel-Aviv,Israel - Super League,Bet365,Alternative Totals,,,,,1.55,2.30,,,183,"{""hdp"": 183, ""over"": ""1.55"", ""under"": ""2.30""}",2026-06-02T15:08:47.833Z
71781786,Basketball,2026-06-03 17:30,Hapoel Beer Sheva,Maccabi Tel-Aviv,Israel - Super League,Bet365,Alternative Totals,,,,,1.58,2.22,,,183.5,"{""hdp"": 183.5, ""over"": ""1.58"", ""under"": ""2.22""}",2026-06-02T15:08:47.833Z
71781786,Basketball,2026-06-03 17:30,Hapoel Beer Sheva,Maccabi Tel-Aviv,Israel - Super League,Bet365,Alternative Totals,,,,,1.60,2.20,,,184,"{""hdp"": 184, ""over"": ""1.60"", ""under"": ""2.20""}",2026-06-02T15:08:47.833Z
71781786,Basketball,2026-06-03 17:30,Hapoel Beer Sheva,Maccabi Tel-Aviv,Israel - Super League,Bet365,Alternative Totals,,,,,1.64,2.12,,,184.5,"{""hdp"": 184.5, ""over"": ""1.64"", ""under"": ""2.12""}",2026-06-02T15:08:47.833Z
71781786,Basketball,2026-06-03 17:30,Hapoel Beer Sheva,Maccabi Tel-Aviv,Israel - Super League,Bet365,Alternative Totals,,,,,1.66,2.10,,,185,"{""hdp"": 185, ""over"": ""1.66"", ""under"": ""2.10""}",2026-06-02T15:08:47.833Z
71781786,Basketball,2026-06-03 17:30,Hapoel Beer Sheva,Maccabi Tel-Aviv,Israel - Super League,Bet365,Alternative Totals,,,,,1.74,2.05,,,185.5,"{""hdp"": 185.5, ""over"": ""1.74"", ""under"": ""2.05""}",2026-06-02T15:08:47.833Z
71781786,Basketball,2026-06-03 17:30,Hapoel Beer Sheva,Maccabi Tel-Aviv,Israel - Super League,Bet365,Alternative Totals,,,,,1.71,2.00,,,186,"{""hdp"": 186, ""over"": ""1.71"", ""under"": ""2.00""}",2026-06-02T15:08:47.833Z
71781786,Basketball,2026-06-03 17:30,Hapoel Beer Sheva,Maccabi Tel-Aviv,Israel - Super League,Bet365,Alternative Totals,,,,,1.74,1.95,,,186.5,"{""hdp"": 186.5, ""over"": ""1.74"", ""under"": ""1.95""}",2026-06-02T15:08:47.833Z
71781786,Basketball,2026-06-03 17:30,Hapoel Beer Sheva,Maccabi Tel-Aviv,Israel - Super League,Bet365,Alternative Totals,,,,,1.80,1.86,,,187,"{""hdp"": 187, ""over"": ""1.80"", ""under"": ""1.86""}",2026-06-02T15:08:47.833Z
71781786,Basketball,2026-06-03 17:30,Hapoel Beer Sheva,Maccabi Tel-Aviv,Israel - Super League,Bet365,Alternative Totals,,,,,1.86,1.80,,,188,"{""hdp"": 188, ""over"": ""1.86"", ""under"": ""1.80""}",2026-06-02T15:08:47.833Z
71781786,Basketball,2026-06-03 17:30,Hapoel Beer Sheva,Maccabi Tel-Aviv,Israel - Super League,Bet365,Alternative Totals,,,,,1.95,1.74,,,188.5,"{""hdp"": 188.5, ""over"": ""1.95"", ""under"": ""1.74""}",2026-06-02T15:08:47.833Z
71781786,Basketball,2026-06-03 17:30,Hapoel Beer Sheva,Maccabi Tel-Aviv,Israel - Super League,Bet365,Alternative Totals,,,,,2.00,1.71,,,189,"{""hdp"": 189, ""over"": ""2.00"", ""under"": ""1.71""}",2026-06-02T15:08:47.833Z
71781786,Basketball,2026-06-03 17:30,Hapoel Beer Sheva,Maccabi Tel-Aviv,Israel - Super League,Bet365,Alternative Totals,,,,,2.05,1.68,,,189.5,"{""hdp"": 189.5, ""over"": ""2.05"", ""under"": ""1.68""}",2026-06-02T15:08:47.833Z
71781786,Basketball,2026-06-03 17:30,Hapoel Beer Sheva,Maccabi Tel-Aviv,Israel - Super League,Bet365,Alternative Totals,,,,,2.10,1.66,,,190,"{""hdp"": 190, ""over"": ""2.10"", ""under"": ""1.66""}",2026-06-02T15:08:47.833Z
71781786,Basketball,2026-06-03 17:30,Hapoel Beer Sheva,Maccabi Tel-Aviv,Israel - Super League,Bet365,Alternative Totals,,,,,2.12,1.64,,,190.5,"{""hdp"": 190.5, ""over"": ""2.12"", ""under"": ""1.64""}",2026-06-02T15:08:47.833Z
71781786,Basketball,2026-06-03 17:30,Hapoel Beer Sheva,Maccabi Tel-Aviv,Israel - Super League,Bet365,Alternative Totals,,,,,2.20,1.60,,,191,"{""hdp"": 191, ""over"": ""2.20"", ""under"": ""1.60""}",2026-06-02T15:08:47.833Z
71781786,Basketball,2026-06-03 17:30,Hapoel Beer Sheva,Maccabi Tel-Aviv,Israel - Super League,Bet365,Alternative Totals,,,,,2.22,1.58,,,191.5,"{""hdp"": 191.5, ""over"": ""2.22"", ""under"": ""1.58""}",2026-06-02T15:08:47.833Z
71781786,Basketball,2026-06-03 17:30,Hapoel Beer Sheva,Maccabi Tel-Aviv,Israel - Super League,Bet365,Alternative Totals,,,,,2.30,1.55,,,192,"{""hdp"": 192, ""over"": ""2.30"", ""under"": ""1.55""}",2026-06-02T15:08:47.833Z
71781786,Basketball,2026-06-03 17:30,Hapoel Beer Sheva,Maccabi Tel-Aviv,Israel - Super League,Bet365,Alternative Totals,,,,,2.35,1.54,,,192.5,"{""hdp"": 192.5, ""over"": ""2.35"", ""under"": ""1.54""}",2026-06-02T15:08:47.833Z
71781786,Basketball,2026-06-03 17:30,Hapoel Beer Sheva,Maccabi Tel-Aviv,Israel - Super League,Bet365,Alternative Totals,,,,,2.50,1.50,,,193,"{""hdp"": 193, ""over"": ""2.50"", ""under"": ""1.50""}",2026-06-02T15:08:47.833Z
71781786,Basketball,2026-06-03 17:30,Hapoel Beer Sheva,Maccabi Tel-Aviv,Israel - Super League,Bet365,Alternative Totals,,,,,2.55,1.47,,,193.5,"{""hdp"": 193.5, ""over"": ""2.55"", ""under"": ""1.47""}",2026-06-02T15:08:47.833Z
71781786,Basketball,2026-06-03 17:30,Hapoel Beer Sheva,Maccabi Tel-Aviv,Israel - Super League,Bet365,Alternative Totals,,,,,2.60,1.45,,,194,"{""hdp"": 194, ""over"": ""2.60"", ""under"": ""1.45""}",2026-06-02T15:08:47.833Z
71781786,Basketball,2026-06-03 17:30,Hapoel Beer Sheva,Maccabi Tel-Aviv,Israel - Super League,Bet365,Alternative Totals,,,,,2.65,1.43,,,194.5,"{""hdp"": 194.5, ""over"": ""2.65"", ""under"": ""1.43""}",2026-06-02T15:08:47.833Z
71781786,Basketball,2026-06-03 17:30,Hapoel Beer Sheva,Maccabi Tel-Aviv,Israel - Super League,Bet365,Alternative Totals,,,,,2.70,1.41,,,195,"{""hdp"": 195, ""over"": ""2.70"", ""under"": ""1.41""}",2026-06-02T15:08:47.833Z
71781786,Basketball,2026-06-03 17:30,Hapoel Beer Sheva,Maccabi Tel-Aviv,Israel - Super League,Bet365,Alternative Totals,,,,,2.80,1.38,,,195.5,"{""hdp"": 195.5, ""over"": ""2.80"", ""under"": ""1.38""}",2026-06-02T15:08:47.833Z
71781786,Basketball,2026-06-03 17:30,Hapoel Beer Sheva,Maccabi Tel-Aviv,Israel - Super League,Bet365,Alternative Spread,,3.40,,1.27,,,,,9.5,"{""hdp"": 9.5, ""home"": ""3.40"", ""away"": ""1.27""}",2026-06-02T15:05:36.241Z
71781786,Basketball,2026-06-03 17:30,Hapoel Beer Sheva,Maccabi Tel-Aviv,Israel - Super League,Bet365,Alternative Spread,,3.30,,1.29,,,,,10,"{""hdp"": 10, ""home"": ""3.30"", ""away"": ""1.29""}",2026-06-02T15:05:36.241Z
71781786,Basketball,2026-06-03 17:30,Hapoel Beer Sheva,Maccabi Tel-Aviv,Israel - Super League,Bet365,Alternative Spread,,3.10,,1.33,,,,,10.5,"{""hdp"": 10.5, ""home"": ""3.10"", ""away"": ""1.33""}",2026-06-02T15:05:36.241Z
71781786,Basketball,2026-06-03 17:30,Hapoel Beer Sheva,Maccabi Tel-Aviv,Israel - Super League,Bet365,Alternative Spread,,3.05,,1.34,,,,,11,"{""hdp"": 11, ""home"": ""3.05"", ""away"": ""1.34""}",2026-06-02T15:05:36.241Z
71781786,Basketball,2026-06-03 17:30,Hapoel Beer Sheva,Maccabi Tel-Aviv,Israel - Super League,Bet365,Alternative Spread,,2.80,,1.38,,,,,11.5,"{""hdp"": 11.5, ""home"": ""2.80"", ""away"": ""1.38""}",2026-06-02T15:05:36.241Z
71781786,Basketball,2026-06-03 17:30,Hapoel Beer Sheva,Maccabi Tel-Aviv,Israel - Super League,Bet365,Alternative Spread,,2.75,,1.40,,,,,12,"{""hdp"": 12, ""home"": ""2.75"", ""away"": ""1.40""}",2026-06-02T15:05:36.241Z
71781786,Basketball,2026-06-03 17:30,Hapoel Beer Sheva,Maccabi Tel-Aviv,Israel - Super League,Bet365,Alternative Spread,,2.62,,1.44,,,,,12.5,"{""hdp"": 12.5, ""home"": ""2.62"", ""away"": ""1.44""}",2026-06-02T15:05:36.241Z
71781786,Basketball,2026-06-03 17:30,Hapoel Beer Sheva,Maccabi Tel-Aviv,Israel - Super League,Bet365,Alternative Spread,,2.55,,1.47,,,,,13,"{""hdp"": 13, ""home"": ""2.55"", ""away"": ""1.47""}",2026-06-02T15:05:36.241Z
71781786,Basketball,2026-06-03 17:30,Hapoel Beer Sheva,Maccabi Tel-Aviv,Israel - Super League,Bet365,Alternative Spread,,2.40,,1.52,,,,,13.5,"{""hdp"": 13.5, ""home"": ""2.40"", ""away"": ""1.52""}",2026-06-02T15:05:36.241Z
71781786,Basketball,2026-06-03 17:30,Hapoel Beer Sheva,Maccabi Tel-Aviv,Israel - Super League,Bet365,Alternative Spread,,2.35,,1.54,,,,,14,"{""hdp"": 14, ""home"": ""2.35"", ""away"": ""1.54""}",2026-06-02T15:05:36.241Z
71781786,Basketball,2026-06-03 17:30,Hapoel Beer Sheva,Maccabi Tel-Aviv,Israel - Super League,Bet365,Alternative Spread,,2.22,,1.58,,,,,14.5,"{""hdp"": 14.5, ""home"": ""2.22"", ""away"": ""1.58""}",2026-06-02T15:05:36.241Z
71781786,Basketball,2026-06-03 17:30,Hapoel Beer Sheva,Maccabi Tel-Aviv,Israel - Super League,Bet365,Alternative Spread,,2.20,,1.60,,,,,15,"{""hdp"": 15, ""home"": ""2.20"", ""away"": ""1.60""}",2026-06-02T15:05:36.241Z
71781786,Basketball,2026-06-03 17:30,Hapoel Beer Sheva,Maccabi Tel-Aviv,Israel - Super League,Bet365,Alternative Spread,,2.10,,1.66,,,,,15.5,"{""hdp"": 15.5, ""home"": ""2.10"", ""away"": ""1.66""}",2026-06-02T15:05:36.241Z
71781786,Basketball,2026-06-03 17:30,Hapoel Beer Sheva,Maccabi Tel-Aviv,Israel - Super League,Bet365,Alternative Spread,,2.05,,1.68,,,,,16,"{""hdp"": 16, ""home"": ""2.05"", ""away"": ""1.68""}",2026-06-02T15:05:36.241Z
71781786,Basketball,2026-06-03 17:30,Hapoel Beer Sheva,Maccabi Tel-Aviv,Israel - Super League,Bet365,Alternative Spread,,1.95,,1.74,,,,,16.5,"{""hdp"": 16.5, ""home"": ""1.95"", ""away"": ""1.74""}",2026-06-02T15:05:36.241Z
71781786,Basketball,2026-06-03 17:30,Hapoel Beer Sheva,Maccabi Tel-Aviv,Israel - Super League,Bet365,Alternative Spread,,1.86,,1.80,,,,,17,"{""hdp"": 17, ""home"": ""1.86"", ""away"": ""1.80""}",2026-06-02T15:05:36.241Z
71781786,Basketball,2026-06-03 17:30,Hapoel Beer Sheva,Maccabi Tel-Aviv,Israel - Super League,Bet365,Alternative Spread,,1.80,,1.86,,,,,18,"{""hdp"": 18, ""home"": ""1.80"", ""away"": ""1.86""}",2026-06-02T15:05:36.241Z
71781786,Basketball,2026-06-03 17:30,Hapoel Beer Sheva,Maccabi Tel-Aviv,Israel - Super League,Bet365,Alternative Spread,,1.74,,1.95,,,,,18.5,"{""hdp"": 18.5, ""home"": ""1.74"", ""away"": ""1.95""}",2026-06-02T15:05:36.241Z
71781786,Basketball,2026-06-03 17:30,Hapoel Beer Sheva,Maccabi Tel-Aviv,Israel - Super League,Bet365,Alternative Spread,,1.68,,2.05,,,,,19,"{""hdp"": 19, ""home"": ""1.68"", ""away"": ""2.05""}",2026-06-02T15:05:36.241Z
71781786,Basketball,2026-06-03 17:30,Hapoel Beer Sheva,Maccabi Tel-Aviv,Israel - Super League,Bet365,Alternative Spread,,1.66,,2.10,,,,,19.5,"{""hdp"": 19.5, ""home"": ""1.66"", ""away"": ""2.10""}",2026-06-02T15:05:36.241Z
71781786,Basketball,2026-06-03 17:30,Hapoel Beer Sheva,Maccabi Tel-Aviv,Israel - Super League,Bet365,Alternative Spread,,1.60,,2.20,,,,,20,"{""hdp"": 20, ""home"": ""1.60"", ""away"": ""2.20""}",2026-06-02T15:05:36.241Z
71781786,Basketball,2026-06-03 17:30,Hapoel Beer Sheva,Maccabi Tel-Aviv,Israel - Super League,Bet365,Alternative Spread,,1.58,,2.22,,,,,20.5,"{""hdp"": 20.5, ""home"": ""1.58"", ""away"": ""2.22""}",2026-06-02T15:05:36.241Z
71781786,Basketball,2026-06-03 17:30,Hapoel Beer Sheva,Maccabi Tel-Aviv,Israel - Super League,Bet365,Alternative Spread,,1.54,,2.35,,,,,21,"{""hdp"": 21, ""home"": ""1.54"", ""away"": ""2.35""}",2026-06-02T15:05:36.241Z
71781786,Basketball,2026-06-03 17:30,Hapoel Beer Sheva,Maccabi Tel-Aviv,Israel - Super League,Bet365,Alternative Spread,,1.52,,2.40,,,,,21.5,"{""hdp"": 21.5, ""home"": ""1.52"", ""away"": ""2.40""}",2026-06-02T15:05:36.241Z
71781786,Basketball,2026-06-03 17:30,Hapoel Beer Sheva,Maccabi Tel-Aviv,Israel - Super League,Bet365,Alternative Spread,,1.47,,2.55,,,,,22,"{""hdp"": 22, ""home"": ""1.47"", ""away"": ""2.55""}",2026-06-02T15:05:36.241Z
71781786,Basketball,2026-06-03 17:30,Hapoel Beer Sheva,Maccabi Tel-Aviv,Israel - Super League,Bet365,Alternative Spread,,1.44,,2.62,,,,,22.5,"{""hdp"": 22.5, ""home"": ""1.44"", ""away"": ""2.62""}",2026-06-02T15:05:36.241Z
71781786,Basketball,2026-06-03 17:30,Hapoel Beer Sheva,Maccabi Tel-Aviv,Israel - Super League,Bet365,Alternative Spread,,1.40,,2.75,,,,,23,"{""hdp"": 23, ""home"": ""1.40"", ""away"": ""2.75""}",2026-06-02T15:05:36.241Z
71781786,Basketball,2026-06-03 17:30,Hapoel Beer Sheva,Maccabi Tel-Aviv,Israel - Super League,Bet365,Alternative Spread,,1.38,,2.80,,,,,23.5,"{""hdp"": 23.5, ""home"": ""1.38"", ""away"": ""2.80""}",2026-06-02T15:05:36.241Z
71781786,Basketball,2026-06-03 17:30,Hapoel Beer Sheva,Maccabi Tel-Aviv,Israel - Super League,Bet365,Alternative Spread,,1.34,,3.05,,,,,24,"{""hdp"": 24, ""home"": ""1.34"", ""away"": ""3.05""}",2026-06-02T15:05:36.241Z
71781786,Basketball,2026-06-03 17:30,Hapoel Beer Sheva,Maccabi Tel-Aviv,Israel - Super League,Bet365,Alternative Spread,,1.33,,3.10,,,,,24.5,"{""hdp"": 24.5, ""home"": ""1.33"", ""away"": ""3.10""}",2026-06-02T15:05:36.241Z
71781786,Basketball,2026-06-03 17:30,Hapoel Beer Sheva,Maccabi Tel-Aviv,Israel - Super League,Bet365,Alternative Spread,,1.29,,3.30,,,,,25,"{""hdp"": 25, ""home"": ""1.29"", ""away"": ""3.30""}",2026-06-02T15:05:36.241Z
71781786,Basketball,2026-06-03 17:30,Hapoel Beer Sheva,Maccabi Tel-Aviv,Israel - Super League,Bet365,Alternative Spread,,1.28,,3.35,,,,,25.5,"{""hdp"": 25.5, ""home"": ""1.28"", ""away"": ""3.35""}",2026-06-02T15:05:36.241Z
71781786,Basketball,2026-06-03 17:30,Hapoel Beer Sheva,Maccabi Tel-Aviv,Israel - Super League,Bet365,Spread Q1,,1.95,,1.74,,,,,4.5,"{""hdp"": 4.5, ""home"": ""1.95"", ""away"": ""1.74""}",2026-06-02T14:19:07.457Z
71844430,Basketball,2026-06-03 19:00,Valencia Basket,Bilbao Basket,Spain - Liga ACB,Bet365,ML,,1.12,,6.00,,,,,,"{""home"": ""1.12"", ""away"": ""6.00""}",2026-06-03T08:01:02.344Z
71844430,Basketball,2026-06-03 19:00,Valencia Basket,Bilbao Basket,Spain - Liga ACB,Bet365,Spread,,1.86,,1.86,,,,,-11.5,"{""hdp"": -11.5, ""home"": ""1.86"", ""away"": ""1.86""}",2026-06-03T08:01:02.344Z
71844430,Basketball,2026-06-03 19:00,Valencia Basket,Bilbao Basket,Spain - Liga ACB,Bet365,Totals,,,,,1.86,1.86,,,177.5,"{""hdp"": 177.5, ""over"": ""1.86"", ""under"": ""1.86""}",2026-06-02T02:44:36.48Z
71844430,Basketball,2026-06-03 19:00,Valencia Basket,Bilbao Basket,Spain - Liga ACB,Bet365,ML HT,,1.31,,3.35,,,,,,"{""home"": ""1.31"", ""away"": ""3.35""}",2026-06-02T20:05:12.866Z
71844430,Basketball,2026-06-03 19:00,Valencia Basket,Bilbao Basket,Spain - Liga ACB,Bet365,Spread HT,,1.86,,1.86,,,,,-5.5,"{""hdp"": -5.5, ""home"": ""1.86"", ""away"": ""1.86""}",2026-06-02T20:05:12.866Z
71844430,Basketball,2026-06-03 19:00,Valencia Basket,Bilbao Basket,Spain - Liga ACB,Bet365,Totals HT,,,,,1.80,1.86,,,85.5,"{""hdp"": 85.5, ""over"": ""1.80"", ""under"": ""1.86""}",2026-06-01T09:22:03.822Z
71844430,Basketball,2026-06-03 19:00,Valencia Basket,Bilbao Basket,Spain - Liga ACB,Bet365,Totals 1Q,,,,,1.86,1.80,,,43.5,"{""hdp"": 43.5, ""over"": ""1.86"", ""under"": ""1.80""}",2026-06-01T09:22:03.822Z
71844430,Basketball,2026-06-03 19:00,Valencia Basket,Bilbao Basket,Spain - Liga ACB,Bet365,Team Total Home,,,,,1.86,1.80,,,94.5,"{""hdp"": 94.5, ""over"": ""1.86"", ""under"": ""1.80""}",2026-06-02T19:13:05.196Z
71844430,Basketball,2026-06-03 19:00,Valencia Basket,Bilbao Basket,Spain - Liga ACB,Bet365,Team Total Away,,,,,1.83,1.83,,,83.5,"{""hdp"": 83.5, ""over"": ""1.83"", ""under"": ""1.83""}",2026-06-01T09:22:03.822Z
71844430,Basketball,2026-06-03 19:00,Valencia Basket,Bilbao Basket,Spain - Liga ACB,Bet365,Assists O/U,Jean Montero (1) (3.5),,,,1.66,2.20,,,3.5,"{""label"": ""Jean Montero (1) (3.5)"", ""hdp"": 3.5, ""over"": ""1.66"", ""under"": ""2.20""}",2026-06-02T16:43:56.068Z
71844430,Basketball,2026-06-03 19:00,Valencia Basket,Bilbao Basket,Spain - Liga ACB,Bet365,Assists O/U,Melwin Pantzar (2) (3.5),,,,1.68,2.15,,,3.5,"{""label"": ""Melwin Pantzar (2) (3.5)"", ""hdp"": 3.5, ""over"": ""1.68"", ""under"": ""2.15""}",2026-06-02T16:43:56.068Z
71844430,Basketball,2026-06-03 19:00,Valencia Basket,Bilbao Basket,Spain - Liga ACB,Bet365,Points O/U,Brancou Badio (1) (10.5),,,,1.89,1.89,,,10.5,"{""label"": ""Brancou Badio (1) (10.5)"", ""hdp"": 10.5, ""over"": ""1.89"", ""under"": ""1.89""}",2026-06-02T17:01:08.263Z
71844430,Basketball,2026-06-03 19:00,Valencia Basket,Bilbao Basket,Spain - Liga ACB,Bet365,Points O/U,Matt Costello (1) (6.5),,,,1.90,1.86,,,6.5,"{""label"": ""Matt Costello (1) (6.5)"", ""hdp"": 6.5, ""over"": ""1.90"", ""under"": ""1.86""}",2026-06-02T17:01:08.263Z
71844430,Basketball,2026-06-03 19:00,Valencia Basket,Bilbao Basket,Spain - Liga ACB,Bet365,Points O/U,Jean Montero (1) (14.5),,,,1.89,1.89,,,14.5,"{""label"": ""Jean Montero (1) (14.5)"", ""hdp"": 14.5, ""over"": ""1.89"", ""under"": ""1.89""}",2026-06-02T17:01:08.263Z
71844430,Basketball,2026-06-03 19:00,Valencia Basket,Bilbao Basket,Spain - Liga ACB,Bet365,Points O/U,Omari Moore (1) (9.5),,,,1.89,1.89,,,9.5,"{""label"": ""Omari Moore (1) (9.5)"", ""hdp"": 9.5, ""over"": ""1.89"", ""under"": ""1.89""}",2026-06-02T17:01:08.263Z
71844430,Basketball,2026-06-03 19:00,Valencia Basket,Bilbao Basket,Spain - Liga ACB,Bet365,Points O/U,Jaime Pradilla (1) (9.5),,,,1.76,2.02,,,9.5,"{""label"": ""Jaime Pradilla (1) (9.5)"", ""hdp"": 9.5, ""over"": ""1.76"", ""under"": ""2.02""}",2026-06-02T17:01:08.263Z
71844430,Basketball,2026-06-03 19:00,Valencia Basket,Bilbao Basket,Spain - Liga ACB,Bet365,Points O/U,Kameron Taylor (1) (11.5),,,,2.00,1.80,,,11.5,"{""label"": ""Kameron Taylor (1) (11.5)"", ""hdp"": 11.5, ""over"": ""2.00"", ""under"": ""1.80""}",2026-06-02T17:01:08.263Z
71844430,Basketball,2026-06-03 19:00,Valencia Basket,Bilbao Basket,Spain - Liga ACB,Bet365,Points O/U,Darrun Hilliard (2) (12.5),,,,2.00,1.80,,,12.5,"{""label"": ""Darrun Hilliard (2) (12.5)"", ""hdp"": 12.5, ""over"": ""2.00"", ""under"": ""1.80""}",2026-06-02T17:01:08.263Z
71844430,Basketball,2026-06-03 19:00,Valencia Basket,Bilbao Basket,Spain - Liga ACB,Bet365,Points O/U,Tryggvi Hlinason (2) (10.5),,,,1.89,1.89,,,10.5,"{""label"": ""Tryggvi Hlinason (2) (10.5)"", ""hdp"": 10.5, ""over"": ""1.89"", ""under"": ""1.89""}",2026-06-02T17:01:08.263Z
71844430,Basketball,2026-06-03 19:00,Valencia Basket,Bilbao Basket,Spain - Liga ACB,Bet365,Points O/U,Justin Jaworski (2) (12.5),,,,1.89,1.89,,,12.5,"{""label"": ""Justin Jaworski (2) (12.5)"", ""hdp"": 12.5, ""over"": ""1.89"", ""under"": ""1.89""}",2026-06-02T17:01:08.263Z
71844430,Basketball,2026-06-03 19:00,Valencia Basket,Bilbao Basket,Spain - Liga ACB,Bet365,Points O/U,Melwin Pantzar (2) (11.5),,,,1.89,1.89,,,11.5,"{""label"": ""Melwin Pantzar (2) (11.5)"", ""hdp"": 11.5, ""over"": ""1.89"", ""under"": ""1.89""}",2026-06-02T17:01:08.263Z
71844430,Basketball,2026-06-03 19:00,Valencia Basket,Bilbao Basket,Spain - Liga ACB,Bet365,Points O/U,Luke Petrasek (2) (7.5),,,,1.86,1.90,,,7.5,"{""label"": ""Luke Petrasek (2) (7.5)"", ""hdp"": 7.5, ""over"": ""1.86"", ""under"": ""1.90""}",2026-06-02T17:01:08.263Z
71844430,Basketball,2026-06-03 19:00,Valencia Basket,Bilbao Basket,Spain - Liga ACB,Bet365,ML Q1,,1.42,,2.80,,,,,,"{""home"": ""1.42"", ""away"": ""2.80""}",2026-06-02T19:13:05.196Z
71844430,Basketball,2026-06-03 19:00,Valencia Basket,Bilbao Basket,Spain - Liga ACB,Bet365,Player Points Milestones,Jean Montero,,,,1.01,,,,5,"{""label"": ""Jean Montero"", ""hdp"": 5, ""over"": ""1.01""}",2026-06-02T16:34:25.465Z
71844430,Basketball,2026-06-03 19:00,Valencia Basket,Bilbao Basket,Spain - Liga ACB,Bet365,Player Points Milestones,Justin Jaworski,,,,1.02,,,,5,"{""label"": ""Justin Jaworski"", ""hdp"": 5, ""over"": ""1.02""}",2026-06-02T16:34:25.465Z
71844430,Basketball,2026-06-03 19:00,Valencia Basket,Bilbao Basket,Spain - Liga ACB,Bet365,Player Points Milestones,Darrun Hilliard,,,,1.03,,,,5,"{""label"": ""Darrun Hilliard"", ""hdp"": 5, ""over"": ""1.03""}",2026-06-02T16:34:25.465Z
71844430,Basketball,2026-06-03 19:00,Valencia Basket,Bilbao Basket,Spain - Liga ACB,Bet365,Player Points Milestones,Melwin Pantzar,,,,1.04,,,,5,"{""label"": ""Melwin Pantzar"", ""hdp"": 5, ""over"": ""1.04""}",2026-06-02T16:34:25.465Z
71844430,Basketball,2026-06-03 19:00,Valencia Basket,Bilbao Basket,Spain - Liga ACB,Bet365,Player Points Milestones,Kameron Taylor,,,,1.05,,,,5,"{""label"": ""Kameron Taylor"", ""hdp"": 5, ""over"": ""1.05""}",2026-06-02T16:34:25.465Z
71844430,Basketball,2026-06-03 19:00,Valencia Basket,Bilbao Basket,Spain - Liga ACB,Bet365,Player Points Milestones,Brancou Badio,,,,1.07,,,,5,"{""label"": ""Brancou Badio"", ""hdp"": 5, ""over"": ""1.07""}",2026-06-02T16:34:25.465Z
71844430,Basketball,2026-06-03 19:00,Valencia Basket,Bilbao Basket,Spain - Liga ACB,Bet365,Player Points Milestones,Tryggvi Hlinason,,,,1.07,,,,5,"{""label"": ""Tryggvi Hlinason"", ""hdp"": 5, ""over"": ""1.07""}",2026-06-02T16:34:25.465Z
71844430,Basketball,2026-06-03 19:00,Valencia Basket,Bilbao Basket,Spain - Liga ACB,Bet365,Player Points Milestones,Jaime Pradilla,,,,1.08,,,,5,"{""label"": ""Jaime Pradilla"", ""hdp"": 5, ""over"": ""1.08""}",2026-06-02T16:34:25.465Z
71844430,Basketball,2026-06-03 19:00,Valencia Basket,Bilbao Basket,Spain - Liga ACB,Bet365,Player Points Milestones,Omari Moore,,,,1.10,,,,5,"{""label"": ""Omari Moore"", ""hdp"": 5, ""over"": ""1.10""}",2026-06-02T16:34:25.465Z
71844430,Basketball,2026-06-03 19:00,Valencia Basket,Bilbao Basket,Spain - Liga ACB,Bet365,Player Points Milestones,Luke Petrasek,,,,1.22,,,,5,"{""label"": ""Luke Petrasek"", ""hdp"": 5, ""over"": ""1.22""}",2026-06-02T16:34:25.465Z
71844430,Basketball,2026-06-03 19:00,Valencia Basket,Bilbao Basket,Spain - Liga ACB,Bet365,Player Points Milestones,Matt Costello,,,,1.38,,,,5,"{""label"": ""Matt Costello"", ""hdp"": 5, ""over"": ""1.38""}",2026-06-02T16:34:25.465Z
71844430,Basketball,2026-06-03 19:00,Valencia Basket,Bilbao Basket,Spain - Liga ACB,Bet365,Player Points Milestones,Jean Montero,,,,1.18,,,,10,"{""label"": ""Jean Montero"", ""hdp"": 10, ""over"": ""1.18""}",2026-06-02T16:34:25.465Z
71844430,Basketball,2026-06-03 19:00,Valencia Basket,Bilbao Basket,Spain - Liga ACB,Bet365,Player Points Milestones,Justin Jaworski,,,,1.34,,,,10,"{""label"": ""Justin Jaworski"", ""hdp"": 10, ""over"": ""1.34""}",2026-06-02T16:34:25.465Z
71844430,Basketball,2026-06-03 19:00,Valencia Basket,Bilbao Basket,Spain - Liga ACB,Bet365,Player Points Milestones,Darrun Hilliard,,,,1.38,,,,10,"{""label"": ""Darrun Hilliard"", ""hdp"": 10, ""over"": ""1.38""}",2026-06-02T16:34:25.465Z
71844430,Basketball,2026-06-03 19:00,Valencia Basket,Bilbao Basket,Spain - Liga ACB,Bet365,Player Points Milestones,Melwin Pantzar,,,,1.47,,,,10,"{""label"": ""Melwin Pantzar"", ""hdp"": 10, ""over"": ""1.47""}",2026-06-02T16:34:25.465Z
71844430,Basketball,2026-06-03 19:00,Valencia Basket,Bilbao Basket,Spain - Liga ACB,Bet365,Player Points Milestones,Kameron Taylor,,,,1.52,,,,10,"{""label"": ""Kameron Taylor"", ""hdp"": 10, ""over"": ""1.52""}",2026-06-02T16:34:25.465Z
71844430,Basketball,2026-06-03 19:00,Valencia Basket,Bilbao Basket,Spain - Liga ACB,Bet365,Player Points Milestones,Brancou Badio,,,,1.64,,,,10,"{""label"": ""Brancou Badio"", ""hdp"": 10, ""over"": ""1.64""}",2026-06-02T16:34:25.465Z
71844430,Basketball,2026-06-03 19:00,Valencia Basket,Bilbao Basket,Spain - Liga ACB,Bet365,Player Points Milestones,Tryggvi Hlinason,,,,1.64,,,,10,"{""label"": ""Tryggvi Hlinason"", ""hdp"": 10, ""over"": ""1.64""}",2026-06-02T16:34:25.465Z
71844430,Basketball,2026-06-03 19:00,Valencia Basket,Bilbao Basket,Spain - Liga ACB,Bet365,Player Points Milestones,Jaime Pradilla,,,,1.76,,,,10,"{""label"": ""Jaime Pradilla"", ""hdp"": 10, ""over"": ""1.76""}",2026-06-02T16:34:25.465Z
71844430,Basketball,2026-06-03 19:00,Valencia Basket,Bilbao Basket,Spain - Liga ACB,Bet365,Player Points Milestones,Omari Moore,,,,1.89,,,,10,"{""label"": ""Omari Moore"", ""hdp"": 10, ""over"": ""1.89""}",2026-06-02T16:34:25.465Z
71844430,Basketball,2026-06-03 19:00,Valencia Basket,Bilbao Basket,Spain - Liga ACB,Bet365,Player Points Milestones,Luke Petrasek,,,,2.72,,,,10,"{""label"": ""Luke Petrasek"", ""hdp"": 10, ""over"": ""2.72""}",2026-06-02T16:34:25.465Z
71844430,Basketball,2026-06-03 19:00,Valencia Basket,Bilbao Basket,Spain - Liga ACB,Bet365,Player Points Milestones,Matt Costello,,,,3.75,,,,10,"{""label"": ""Matt Costello"", ""hdp"": 10, ""over"": ""3.75""}",2026-06-02T16:34:25.465Z
71844430,Basketball,2026-06-03 19:00,Valencia Basket,Bilbao Basket,Spain - Liga ACB,Bet365,Player Points Milestones,Jean Montero,,,,1.89,,,,15,"{""label"": ""Jean Montero"", ""hdp"": 15, ""over"": ""1.89""}",2026-06-02T16:34:25.465Z
71844430,Basketball,2026-06-03 19:00,Valencia Basket,Bilbao Basket,Spain - Liga ACB,Bet365,Player Points Milestones,Justin Jaworski,,,,2.55,,,,15,"{""label"": ""Justin Jaworski"", ""hdp"": 15, ""over"": ""2.55""}",2026-06-02T16:34:25.465Z
71844430,Basketball,2026-06-03 19:00,Valencia Basket,Bilbao Basket,Spain - Liga ACB,Bet365,Player Points Milestones,Darrun Hilliard,,,,2.72,,,,15,"{""label"": ""Darrun Hilliard"", ""hdp"": 15, ""over"": ""2.72""}",2026-06-02T16:34:25.465Z
71844430,Basketball,2026-06-03 19:00,Valencia Basket,Bilbao Basket,Spain - Liga ACB,Bet365,Player Points Milestones,Melwin Pantzar,,,,3.05,,,,15,"{""label"": ""Melwin Pantzar"", ""hdp"": 15, ""over"": ""3.05""}",2026-06-02T16:34:25.465Z
71844430,Basketball,2026-06-03 19:00,Valencia Basket,Bilbao Basket,Spain - Liga ACB,Bet365,Player Points Milestones,Kameron Taylor,,,,3.35,,,,15,"{""label"": ""Kameron Taylor"", ""hdp"": 15, ""over"": ""3.35""}",2026-06-02T16:34:25.465Z
71844430,Basketball,2026-06-03 19:00,Valencia Basket,Bilbao Basket,Spain - Liga ACB,Bet365,Player Points Milestones,Brancou Badio,,,,3.90,,,,15,"{""label"": ""Brancou Badio"", ""hdp"": 15, ""over"": ""3.90""}",2026-06-02T16:34:25.465Z
71844430,Basketball,2026-06-03 19:00,Valencia Basket,Bilbao Basket,Spain - Liga ACB,Bet365,Player Points Milestones,Tryggvi Hlinason,,,,3.90,,,,15,"{""label"": ""Tryggvi Hlinason"", ""hdp"": 15, ""over"": ""3.90""}",2026-06-02T16:34:25.465Z
71844430,Basketball,2026-06-03 19:00,Valencia Basket,Bilbao Basket,Spain - Liga ACB,Bet365,Player Points Milestones,Jaime Pradilla,,,,4.50,,,,15,"{""label"": ""Jaime Pradilla"", ""hdp"": 15, ""over"": ""4.50""}",2026-06-02T16:34:25.465Z
71844430,Basketball,2026-06-03 19:00,Valencia Basket,Bilbao Basket,Spain - Liga ACB,Bet365,Player Points Milestones,Omari Moore,,,,5.00,,,,15,"{""label"": ""Omari Moore"", ""hdp"": 15, ""over"": ""5.00""}",2026-06-02T16:34:25.465Z
71844430,Basketball,2026-06-03 19:00,Valencia Basket,Bilbao Basket,Spain - Liga ACB,Bet365,Player Points Milestones,Luke Petrasek,,,,9.00,,,,15,"{""label"": ""Luke Petrasek"", ""hdp"": 15, ""over"": ""9.00""}",2026-06-02T16:34:25.465Z
71844430,Basketball,2026-06-03 19:00,Valencia Basket,Bilbao Basket,Spain - Liga ACB,Bet365,Player Points Milestones,Matt Costello,,,,12.00,,,,15,"{""label"": ""Matt Costello"", ""hdp"": 15, ""over"": ""12.00""}",2026-06-02T16:34:25.465Z
71844430,Basketball,2026-06-03 19:00,Valencia Basket,Bilbao Basket,Spain - Liga ACB,Bet365,Player Points Milestones,Jean Montero,,,,4.10,,,,20,"{""label"": ""Jean Montero"", ""hdp"": 20, ""over"": ""4.10""}",2026-06-02T16:34:25.465Z
71844430,Basketball,2026-06-03 19:00,Valencia Basket,Bilbao Basket,Spain - Liga ACB,Bet365,Player Points Milestones,Justin Jaworski,,,,6.75,,,,20,"{""label"": ""Justin Jaworski"", ""hdp"": 20, ""over"": ""6.75""}",2026-06-02T16:34:25.465Z
71844430,Basketball,2026-06-03 19:00,Valencia Basket,Bilbao Basket,Spain - Liga ACB,Bet365,Player Points Milestones,Darrun Hilliard,,,,7.25,,,,20,"{""label"": ""Darrun Hilliard"", ""hdp"": 20, ""over"": ""7.25""}",2026-06-02T16:34:25.465Z
71844430,Basketball,2026-06-03 19:00,Valencia Basket,Bilbao Basket,Spain - Liga ACB,Bet365,Player Points Milestones,Melwin Pantzar,,,,8.25,,,,20,"{""label"": ""Melwin Pantzar"", ""hdp"": 20, ""over"": ""8.25""}",2026-06-02T16:34:25.465Z
71844430,Basketball,2026-06-03 19:00,Valencia Basket,Bilbao Basket,Spain - Liga ACB,Bet365,Player Points Milestones,Kameron Taylor,,,,9.50,,,,20,"{""label"": ""Kameron Taylor"", ""hdp"": 20, ""over"": ""9.50""}",2026-06-02T16:34:25.465Z
71844430,Basketball,2026-06-03 19:00,Valencia Basket,Bilbao Basket,Spain - Liga ACB,Bet365,Player Points Milestones,Brancou Badio,,,,10.50,,,,20,"{""label"": ""Brancou Badio"", ""hdp"": 20, ""over"": ""10.50""}",2026-06-02T16:34:25.465Z
71844430,Basketball,2026-06-03 19:00,Valencia Basket,Bilbao Basket,Spain - Liga ACB,Bet365,Player Points Milestones,Tryggvi Hlinason,,,,10.50,,,,20,"{""label"": ""Tryggvi Hlinason"", ""hdp"": 20, ""over"": ""10.50""}",2026-06-02T16:34:25.465Z
71844430,Basketball,2026-06-03 19:00,Valencia Basket,Bilbao Basket,Spain - Liga ACB,Bet365,Player Points Milestones,Jaime Pradilla,,,,12.00,,,,20,"{""label"": ""Jaime Pradilla"", ""hdp"": 20, ""over"": ""12.00""}",2026-06-02T16:34:25.465Z
71844430,Basketball,2026-06-03 19:00,Valencia Basket,Bilbao Basket,Spain - Liga ACB,Bet365,Player Points Milestones,Omari Moore,,,,13.00,,,,20,"{""label"": ""Omari Moore"", ""hdp"": 20, ""over"": ""13.00""}",2026-06-02T16:34:25.465Z
71844430,Basketball,2026-06-03 19:00,Valencia Basket,Bilbao Basket,Spain - Liga ACB,Bet365,Player Points Milestones,Luke Petrasek,,,,20.00,,,,20,"{""label"": ""Luke Petrasek"", ""hdp"": 20, ""over"": ""20.00""}",2026-06-02T16:34:25.465Z
71844430,Basketball,2026-06-03 19:00,Valencia Basket,Bilbao Basket,Spain - Liga ACB,Bet365,Player Points Milestones,Matt Costello,,,,29.00,,,,20,"{""label"": ""Matt Costello"", ""hdp"": 20, ""over"": ""29.00""}",2026-06-02T16:34:25.465Z
71844430,Basketball,2026-06-03 19:00,Valencia Basket,Bilbao Basket,Spain - Liga ACB,Bet365,Player Points Milestones,Jean Montero,,,,10.00,,,,25,"{""label"": ""Jean Montero"", ""hdp"": 25, ""over"": ""10.00""}",2026-06-02T16:34:25.465Z
71844430,Basketball,2026-06-03 19:00,Valencia Basket,Bilbao Basket,Spain - Liga ACB,Bet365,Player Points Milestones,Justin Jaworski,,,,16.00,,,,25,"{""label"": ""Justin Jaworski"", ""hdp"": 25, ""over"": ""16.00""}",2026-06-02T16:34:25.465Z
71844430,Basketball,2026-06-03 19:00,Valencia Basket,Bilbao Basket,Spain - Liga ACB,Bet365,Player Points Milestones,Darrun Hilliard,,,,17.00,,,,25,"{""label"": ""Darrun Hilliard"", ""hdp"": 25, ""over"": ""17.00""}",2026-06-02T16:34:25.465Z
71844430,Basketball,2026-06-03 19:00,Valencia Basket,Bilbao Basket,Spain - Liga ACB,Bet365,Player Points Milestones,Melwin Pantzar,,,,18.00,,,,25,"{""label"": ""Melwin Pantzar"", ""hdp"": 25, ""over"": ""18.00""}",2026-06-02T16:34:25.465Z
71844430,Basketball,2026-06-03 19:00,Valencia Basket,Bilbao Basket,Spain - Liga ACB,Bet365,Player Points Milestones,Kameron Taylor,,,,19.00,,,,25,"{""label"": ""Kameron Taylor"", ""hdp"": 25, ""over"": ""19.00""}",2026-06-02T16:34:25.465Z
71844430,Basketball,2026-06-03 19:00,Valencia Basket,Bilbao Basket,Spain - Liga ACB,Bet365,Player Points Milestones,Brancou Badio,,,,21.00,,,,25,"{""label"": ""Brancou Badio"", ""hdp"": 25, ""over"": ""21.00""}",2026-06-02T16:34:25.465Z
71844430,Basketball,2026-06-03 19:00,Valencia Basket,Bilbao Basket,Spain - Liga ACB,Bet365,Player Points Milestones,Tryggvi Hlinason,,,,21.00,,,,25,"{""label"": ""Tryggvi Hlinason"", ""hdp"": 25, ""over"": ""21.00""}",2026-06-02T16:34:25.465Z
71844430,Basketball,2026-06-03 19:00,Valencia Basket,Bilbao Basket,Spain - Liga ACB,Bet365,Player Points Milestones,Jaime Pradilla,,,,26.00,,,,25,"{""label"": ""Jaime Pradilla"", ""hdp"": 25, ""over"": ""26.00""}",2026-06-02T16:34:25.465Z
71844430,Basketball,2026-06-03 19:00,Valencia Basket,Bilbao Basket,Spain - Liga ACB,Bet365,Player Points Milestones,Omari Moore,,,,29.00,,,,25,"{""label"": ""Omari Moore"", ""hdp"": 25, ""over"": ""29.00""}",2026-06-02T16:34:25.465Z
71844430,Basketball,2026-06-03 19:00,Valencia Basket,Bilbao Basket,Spain - Liga ACB,Bet365,Player Points Milestones,Luke Petrasek,,,,36.00,,,,25,"{""label"": ""Luke Petrasek"", ""hdp"": 25, ""over"": ""36.00""}",2026-06-02T16:34:25.465Z
71844430,Basketball,2026-06-03 19:00,Valencia Basket,Bilbao Basket,Spain - Liga ACB,Bet365,Player Points Milestones,Jean Montero,,,,19.00,,,,30,"{""label"": ""Jean Montero"", ""hdp"": 30, ""over"": ""19.00""}",2026-06-02T16:34:25.465Z
71844430,Basketball,2026-06-03 19:00,Valencia Basket,Bilbao Basket,Spain - Liga ACB,Bet365,Player Points Milestones,Justin Jaworski,,,,29.00,,,,30,"{""label"": ""Justin Jaworski"", ""hdp"": 30, ""over"": ""29.00""}",2026-06-02T16:34:25.465Z
71844430,Basketball,2026-06-03 19:00,Valencia Basket,Bilbao Basket,Spain - Liga ACB,Bet365,Player Points Milestones,Darrun Hilliard,,,,36.00,,,,30,"{""label"": ""Darrun Hilliard"", ""hdp"": 30, ""over"": ""36.00""}",2026-06-02T16:34:25.465Z
71844430,Basketball,2026-06-03 19:00,Valencia Basket,Bilbao Basket,Spain - Liga ACB,Bet365,Player Points Milestones,Melwin Pantzar,,,,36.00,,,,30,"{""label"": ""Melwin Pantzar"", ""hdp"": 30, ""over"": ""36.00""}",2026-06-02T16:34:25.465Z
71844430,Basketball,2026-06-03 19:00,Valencia Basket,Bilbao Basket,Spain - Liga ACB,Bet365,Player Points Milestones,Kameron Taylor,,,,36.00,,,,30,"{""label"": ""Kameron Taylor"", ""hdp"": 30, ""over"": ""36.00""}",2026-06-02T16:34:25.465Z
71844430,Basketball,2026-06-03 19:00,Valencia Basket,Bilbao Basket,Spain - Liga ACB,Bet365,Player Points Milestones,Brancou Badio,,,,36.00,,,,30,"{""label"": ""Brancou Badio"", ""hdp"": 30, ""over"": ""36.00""}",2026-06-02T16:34:25.465Z
71844430,Basketball,2026-06-03 19:00,Valencia Basket,Bilbao Basket,Spain - Liga ACB,Bet365,Player Points Milestones,Tryggvi Hlinason,,,,36.00,,,,30,"{""label"": ""Tryggvi Hlinason"", ""hdp"": 30, ""over"": ""36.00""}",2026-06-02T16:34:25.465Z
71844430,Basketball,2026-06-03 19:00,Valencia Basket,Bilbao Basket,Spain - Liga ACB,Bet365,Player Points Milestones,Jaime Pradilla,,,,36.00,,,,30,"{""label"": ""Jaime Pradilla"", ""hdp"": 30, ""over"": ""36.00""}",2026-06-02T16:34:25.465Z
71844430,Basketball,2026-06-03 19:00,Valencia Basket,Bilbao Basket,Spain - Liga ACB,Bet365,Player Points Milestones,Jean Montero,,,,36.00,,,,35,"{""label"": ""Jean Montero"", ""hdp"": 35, ""over"": ""36.00""}",2026-06-02T16:34:25.465Z
71844430,Basketball,2026-06-03 19:00,Valencia Basket,Bilbao Basket,Spain - Liga ACB,Bet365,Alternative Spread,,3.60,,1.26,,,,,-19.5,"{""hdp"": -19.5, ""home"": ""3.60"", ""away"": ""1.26""}",2026-06-03T08:38:31.152Z
71844430,Basketball,2026-06-03 19:00,Valencia Basket,Bilbao Basket,Spain - Liga ACB,Bet365,Alternative Spread,,3.45,,1.27,,,,,-19,"{""hdp"": -19, ""home"": ""3.45"", ""away"": ""1.27""}",2026-06-03T08:38:31.152Z
71844430,Basketball,2026-06-03 19:00,Valencia Basket,Bilbao Basket,Spain - Liga ACB,Bet365,Alternative Spread,,3.25,,1.30,,,,,-18.5,"{""hdp"": -18.5, ""home"": ""3.25"", ""away"": ""1.30""}",2026-06-03T08:38:31.152Z
71844430,Basketball,2026-06-03 19:00,Valencia Basket,Bilbao Basket,Spain - Liga ACB,Bet365,Alternative Spread,,3.15,,1.32,,,,,-18,"{""hdp"": -18, ""home"": ""3.15"", ""away"": ""1.32""}",2026-06-03T08:38:31.152Z
71844430,Basketball,2026-06-03 19:00,Valencia Basket,Bilbao Basket,Spain - Liga ACB,Bet365,Alternative Spread,,3.00,,1.35,,,,,-17.5,"{""hdp"": -17.5, ""home"": ""3.00"", ""away"": ""1.35""}",2026-06-03T08:38:31.152Z
71844430,Basketball,2026-06-03 19:00,Valencia Basket,Bilbao Basket,Spain - Liga ACB,Bet365,Alternative Spread,,2.85,,1.37,,,,,-17,"{""hdp"": -17, ""home"": ""2.85"", ""away"": ""1.37""}",2026-06-03T08:38:31.152Z
71844430,Basketball,2026-06-03 19:00,Valencia Basket,Bilbao Basket,Spain - Liga ACB,Bet365,Alternative Spread,,2.70,,1.41,,,,,-16.5,"{""hdp"": -16.5, ""home"": ""2.70"", ""away"": ""1.41""}",2026-06-03T08:38:31.152Z
71844430,Basketball,2026-06-03 19:00,Valencia Basket,Bilbao Basket,Spain - Liga ACB,Bet365,Alternative Spread,,2.62,,1.44,,,,,-16,"{""hdp"": -16, ""home"": ""2.62"", ""away"": ""1.44""}",2026-06-03T08:38:31.152Z
71844430,Basketball,2026-06-03 19:00,Valencia Basket,Bilbao Basket,Spain - Liga ACB,Bet365,Alternative Spread,,2.50,,1.50,,,,,-15.5,"{""hdp"": -15.5, ""home"": ""2.50"", ""away"": ""1.50""}",2026-06-03T08:38:31.152Z
71844430,Basketball,2026-06-03 19:00,Valencia Basket,Bilbao Basket,Spain - Liga ACB,Bet365,Alternative Spread,,2.40,,1.52,,,,,-15,"{""hdp"": -15, ""home"": ""2.40"", ""away"": ""1.52""}",2026-06-03T08:38:31.152Z
71844430,Basketball,2026-06-03 19:00,Valencia Basket,Bilbao Basket,Spain - Liga ACB,Bet365,Alternative Spread,,2.30,,1.55,,,,,-14.5,"{""hdp"": -14.5, ""home"": ""2.30"", ""away"": ""1.55""}",2026-06-03T08:38:31.152Z
71844430,Basketball,2026-06-03 19:00,Valencia Basket,Bilbao Basket,Spain - Liga ACB,Bet365,Alternative Spread,,2.22,,1.58,,,,,-14,"{""hdp"": -14, ""home"": ""2.22"", ""away"": ""1.58""}",2026-06-03T08:38:31.152Z
71844430,Basketball,2026-06-03 19:00,Valencia Basket,Bilbao Basket,Spain - Liga ACB,Bet365,Alternative Spread,,2.12,,1.64,,,,,-13.5,"{""hdp"": -13.5, ""home"": ""2.12"", ""away"": ""1.64""}",2026-06-03T08:38:31.152Z
71844430,Basketball,2026-06-03 19:00,Valencia Basket,Bilbao Basket,Spain - Liga ACB,Bet365,Alternative Spread,,2.05,,1.68,,,,,-13,"{""hdp"": -13, ""home"": ""2.05"", ""away"": ""1.68""}",2026-06-03T08:38:31.152Z
71844430,Basketball,2026-06-03 19:00,Valencia Basket,Bilbao Basket,Spain - Liga ACB,Bet365,Alternative Spread,,1.95,,1.74,,,,,-12.5,"{""hdp"": -12.5, ""home"": ""1.95"", ""away"": ""1.74""}",2026-06-03T08:38:31.152Z
71844430,Basketball,2026-06-03 19:00,Valencia Basket,Bilbao Basket,Spain - Liga ACB,Bet365,Alternative Spread,,1.90,,1.80,,,,,-12,"{""hdp"": -12, ""home"": ""1.90"", ""away"": ""1.80""}",2026-06-03T08:38:31.152Z
71844430,Basketball,2026-06-03 19:00,Valencia Basket,Bilbao Basket,Spain - Liga ACB,Bet365,Alternative Spread,,1.80,,1.90,,,,,-11,"{""hdp"": -11, ""home"": ""1.80"", ""away"": ""1.90""}",2026-06-03T08:38:31.152Z
71844430,Basketball,2026-06-03 19:00,Valencia Basket,Bilbao Basket,Spain - Liga ACB,Bet365,Alternative Spread,,1.74,,1.95,,,,,-10.5,"{""hdp"": -10.5, ""home"": ""1.74"", ""away"": ""1.95""}",2026-06-03T08:38:31.152Z
71844430,Basketball,2026-06-03 19:00,Valencia Basket,Bilbao Basket,Spain - Liga ACB,Bet365,Alternative Spread,,1.68,,2.05,,,,,-10,"{""hdp"": -10, ""home"": ""1.68"", ""away"": ""2.05""}",2026-06-03T08:38:31.152Z
71844430,Basketball,2026-06-03 19:00,Valencia Basket,Bilbao Basket,Spain - Liga ACB,Bet365,Alternative Spread,,1.64,,2.12,,,,,-9.5,"{""hdp"": -9.5, ""home"": ""1.64"", ""away"": ""2.12""}",2026-06-03T08:38:31.152Z
71844430,Basketball,2026-06-03 19:00,Valencia Basket,Bilbao Basket,Spain - Liga ACB,Bet365,Alternative Spread,,1.58,,2.22,,,,,-9,"{""hdp"": -9, ""home"": ""1.58"", ""away"": ""2.22""}",2026-06-03T08:38:31.152Z
71844430,Basketball,2026-06-03 19:00,Valencia Basket,Bilbao Basket,Spain - Liga ACB,Bet365,Alternative Spread,,1.55,,2.30,,,,,-8.5,"{""hdp"": -8.5, ""home"": ""1.55"", ""away"": ""2.30""}",2026-06-03T08:38:31.152Z
71844430,Basketball,2026-06-03 19:00,Valencia Basket,Bilbao Basket,Spain - Liga ACB,Bet365,Alternative Spread,,1.50,,2.50,,,,,-8,"{""hdp"": -8, ""home"": ""1.50"", ""away"": ""2.50""}",2026-06-03T08:38:31.152Z
71844430,Basketball,2026-06-03 19:00,Valencia Basket,Bilbao Basket,Spain - Liga ACB,Bet365,Alternative Spread,,1.47,,2.55,,,,,-7.5,"{""hdp"": -7.5, ""home"": ""1.47"", ""away"": ""2.55""}",2026-06-03T08:38:31.152Z
71844430,Basketball,2026-06-03 19:00,Valencia Basket,Bilbao Basket,Spain - Liga ACB,Bet365,Alternative Spread,,1.43,,2.65,,,,,-7,"{""hdp"": -7, ""home"": ""1.43"", ""away"": ""2.65""}",2026-06-03T08:38:31.152Z
71844430,Basketball,2026-06-03 19:00,Valencia Basket,Bilbao Basket,Spain - Liga ACB,Bet365,Alternative Spread,,1.40,,2.72,,,,,-6.5,"{""hdp"": -6.5, ""home"": ""1.40"", ""away"": ""2.72""}",2026-06-03T08:38:31.152Z
71844430,Basketball,2026-06-03 19:00,Valencia Basket,Bilbao Basket,Spain - Liga ACB,Bet365,Alternative Spread,,1.36,,2.90,,,,,-6,"{""hdp"": -6, ""home"": ""1.36"", ""away"": ""2.90""}",2026-06-03T08:38:31.152Z
71844430,Basketball,2026-06-03 19:00,Valencia Basket,Bilbao Basket,Spain - Liga ACB,Bet365,Alternative Spread,,1.34,,3.05,,,,,-5.5,"{""hdp"": -5.5, ""home"": ""1.34"", ""away"": ""3.05""}",2026-06-03T08:38:31.152Z
71844430,Basketball,2026-06-03 19:00,Valencia Basket,Bilbao Basket,Spain - Liga ACB,Bet365,Alternative Spread,,1.30,,3.25,,,,,-5,"{""hdp"": -5, ""home"": ""1.30"", ""away"": ""3.25""}",2026-06-03T08:38:31.152Z
71844430,Basketball,2026-06-03 19:00,Valencia Basket,Bilbao Basket,Spain - Liga ACB,Bet365,Alternative Spread,,1.28,,3.35,,,,,-4.5,"{""hdp"": -4.5, ""home"": ""1.28"", ""away"": ""3.35""}",2026-06-03T08:38:31.152Z
71844430,Basketball,2026-06-03 19:00,Valencia Basket,Bilbao Basket,Spain - Liga ACB,Bet365,Alternative Spread,,1.25,,3.70,,,,,-4,"{""hdp"": -4, ""home"": ""1.25"", ""away"": ""3.70""}",2026-06-03T08:38:31.152Z
71844430,Basketball,2026-06-03 19:00,Valencia Basket,Bilbao Basket,Spain - Liga ACB,Bet365,Alternative Spread,,1.23,,3.75,,,,,-3.5,"{""hdp"": -3.5, ""home"": ""1.23"", ""away"": ""3.75""}",2026-06-03T08:38:31.152Z
71844430,Basketball,2026-06-03 19:00,Valencia Basket,Bilbao Basket,Spain - Liga ACB,Bet365,Alternative Totals,,,,,2.12,1.64,,,180.5,"{""hdp"": 180.5, ""over"": ""2.12"", ""under"": ""1.64""}",2026-06-02T18:14:34.68Z
71844430,Basketball,2026-06-03 19:00,Valencia Basket,Bilbao Basket,Spain - Liga ACB,Bet365,Alternative Totals,,,,,2.30,1.55,,,182,"{""hdp"": 182, ""over"": ""2.30"", ""under"": ""1.55""}",2026-06-02T18:14:34.68Z
71844430,Basketball,2026-06-03 19:00,Valencia Basket,Bilbao Basket,Spain - Liga ACB,Bet365,Alternative Totals,,,,,2.65,1.43,,,184.5,"{""hdp"": 184.5, ""over"": ""2.65"", ""under"": ""1.43""}",2026-06-02T18:14:34.68Z
71844430,Basketball,2026-06-03 19:00,Valencia Basket,Bilbao Basket,Spain - Liga ACB,Bet365,Alternative Totals,,,,,1.38,2.80,,,169.5,"{""hdp"": 169.5, ""over"": ""1.38"", ""under"": ""2.80""}",2026-06-02T18:14:34.68Z
71844430,Basketball,2026-06-03 19:00,Valencia Basket,Bilbao Basket,Spain - Liga ACB,Bet365,Alternative Totals,,,,,1.40,2.72,,,170,"{""hdp"": 170, ""over"": ""1.40"", ""under"": ""2.72""}",2026-06-02T18:14:34.68Z
71844430,Basketball,2026-06-03 19:00,Valencia Basket,Bilbao Basket,Spain - Liga ACB,Bet365,Alternative Totals,,,,,1.43,2.65,,,170.5,"{""hdp"": 170.5, ""over"": ""1.43"", ""under"": ""2.65""}",2026-06-02T18:14:34.68Z
71844430,Basketball,2026-06-03 19:00,Valencia Basket,Bilbao Basket,Spain - Liga ACB,Bet365,Alternative Totals,,,,,1.45,2.60,,,171,"{""hdp"": 171, ""over"": ""1.45"", ""under"": ""2.60""}",2026-06-02T18:14:34.68Z
71844430,Basketball,2026-06-03 19:00,Valencia Basket,Bilbao Basket,Spain - Liga ACB,Bet365,Alternative Totals,,,,,1.47,2.55,,,171.5,"{""hdp"": 171.5, ""over"": ""1.47"", ""under"": ""2.55""}",2026-06-02T18:14:34.68Z
71844430,Basketball,2026-06-03 19:00,Valencia Basket,Bilbao Basket,Spain - Liga ACB,Bet365,Alternative Totals,,,,,1.50,2.50,,,172,"{""hdp"": 172, ""over"": ""1.50"", ""under"": ""2.50""}",2026-06-02T18:14:34.68Z
71844430,Basketball,2026-06-03 19:00,Valencia Basket,Bilbao Basket,Spain - Liga ACB,Bet365,Alternative Totals,,,,,1.52,2.40,,,172.5,"{""hdp"": 172.5, ""over"": ""1.52"", ""under"": ""2.40""}",2026-06-02T18:14:34.68Z
71844430,Basketball,2026-06-03 19:00,Valencia Basket,Bilbao Basket,Spain - Liga ACB,Bet365,Alternative Totals,,,,,1.55,2.30,,,173,"{""hdp"": 173, ""over"": ""1.55"", ""under"": ""2.30""}",2026-06-02T18:14:34.68Z
71844430,Basketball,2026-06-03 19:00,Valencia Basket,Bilbao Basket,Spain - Liga ACB,Bet365,Alternative Totals,,,,,1.57,2.25,,,173.5,"{""hdp"": 173.5, ""over"": ""1.57"", ""under"": ""2.25""}",2026-06-02T18:14:34.68Z
71844430,Basketball,2026-06-03 19:00,Valencia Basket,Bilbao Basket,Spain - Liga ACB,Bet365,Alternative Totals,,,,,1.60,2.20,,,174,"{""hdp"": 174, ""over"": ""1.60"", ""under"": ""2.20""}",2026-06-02T18:14:34.68Z
71844430,Basketball,2026-06-03 19:00,Valencia Basket,Bilbao Basket,Spain - Liga ACB,Bet365,Alternative Totals,,,,,1.64,2.12,,,174.5,"{""hdp"": 174.5, ""over"": ""1.64"", ""under"": ""2.12""}",2026-06-02T18:14:34.68Z
71844430,Basketball,2026-06-03 19:00,Valencia Basket,Bilbao Basket,Spain - Liga ACB,Bet365,Alternative Totals,,,,,1.66,2.10,,,175,"{""hdp"": 175, ""over"": ""1.66"", ""under"": ""2.10""}",2026-06-02T18:14:34.68Z
71844430,Basketball,2026-06-03 19:00,Valencia Basket,Bilbao Basket,Spain - Liga ACB,Bet365,Alternative Totals,,,,,1.71,2.00,,,176,"{""hdp"": 176, ""over"": ""1.71"", ""under"": ""2.00""}",2026-06-02T18:14:34.68Z
71844430,Basketball,2026-06-03 19:00,Valencia Basket,Bilbao Basket,Spain - Liga ACB,Bet365,Alternative Totals,,,,,1.74,1.95,,,176.5,"{""hdp"": 176.5, ""over"": ""1.74"", ""under"": ""1.95""}",2026-06-02T18:14:34.68Z
71844430,Basketball,2026-06-03 19:00,Valencia Basket,Bilbao Basket,Spain - Liga ACB,Bet365,Alternative Totals,,,,,1.80,1.90,,,177,"{""hdp"": 177, ""over"": ""1.80"", ""under"": ""1.90""}",2026-06-02T18:14:34.68Z
71844430,Basketball,2026-06-03 19:00,Valencia Basket,Bilbao Basket,Spain - Liga ACB,Bet365,Alternative Totals,,,,,1.90,1.80,,,178,"{""hdp"": 178, ""over"": ""1.90"", ""under"": ""1.80""}",2026-06-02T18:14:34.68Z
71844430,Basketball,2026-06-03 19:00,Valencia Basket,Bilbao Basket,Spain - Liga ACB,Bet365,Alternative Totals,,,,,1.95,1.74,,,178.5,"{""hdp"": 178.5, ""over"": ""1.95"", ""under"": ""1.74""}",2026-06-02T18:14:34.68Z
71844430,Basketball,2026-06-03 19:00,Valencia Basket,Bilbao Basket,Spain - Liga ACB,Bet365,Alternative Totals,,,,,2.00,1.71,,,179,"{""hdp"": 179, ""over"": ""2.00"", ""under"": ""1.71""}",2026-06-02T18:14:34.68Z
71844430,Basketball,2026-06-03 19:00,Valencia Basket,Bilbao Basket,Spain - Liga ACB,Bet365,Alternative Totals,,,,,2.05,1.68,,,179.5,"{""hdp"": 179.5, ""over"": ""2.05"", ""under"": ""1.68""}",2026-06-02T18:14:34.68Z
71844430,Basketball,2026-06-03 19:00,Valencia Basket,Bilbao Basket,Spain - Liga ACB,Bet365,Alternative Totals,,,,,2.10,1.66,,,180,"{""hdp"": 180, ""over"": ""2.10"", ""under"": ""1.66""}",2026-06-02T18:14:34.68Z
71844430,Basketball,2026-06-03 19:00,Valencia Basket,Bilbao Basket,Spain - Liga ACB,Bet365,Alternative Totals,,,,,2.20,1.60,,,181,"{""hdp"": 181, ""over"": ""2.20"", ""under"": ""1.60""}",2026-06-02T18:14:34.68Z
71844430,Basketball,2026-06-03 19:00,Valencia Basket,Bilbao Basket,Spain - Liga ACB,Bet365,Alternative Totals,,,,,2.25,1.57,,,181.5,"{""hdp"": 181.5, ""over"": ""2.25"", ""under"": ""1.57""}",2026-06-02T18:14:34.68Z
71844430,Basketball,2026-06-03 19:00,Valencia Basket,Bilbao Basket,Spain - Liga ACB,Bet365,Alternative Totals,,,,,2.40,1.52,,,182.5,"{""hdp"": 182.5, ""over"": ""2.40"", ""under"": ""1.52""}",2026-06-02T18:14:34.68Z
71844430,Basketball,2026-06-03 19:00,Valencia Basket,Bilbao Basket,Spain - Liga ACB,Bet365,Alternative Totals,,,,,2.50,1.50,,,183,"{""hdp"": 183, ""over"": ""2.50"", ""under"": ""1.50""}",2026-06-02T18:14:34.68Z
71844430,Basketball,2026-06-03 19:00,Valencia Basket,Bilbao Basket,Spain - Liga ACB,Bet365,Alternative Totals,,,,,2.55,1.47,,,183.5,"{""hdp"": 183.5, ""over"": ""2.55"", ""under"": ""1.47""}",2026-06-02T18:14:34.68Z
71844430,Basketball,2026-06-03 19:00,Valencia Basket,Bilbao Basket,Spain - Liga ACB,Bet365,Alternative Totals,,,,,2.60,1.45,,,184,"{""hdp"": 184, ""over"": ""2.60"", ""under"": ""1.45""}",2026-06-02T18:14:34.68Z
71844430,Basketball,2026-06-03 19:00,Valencia Basket,Bilbao Basket,Spain - Liga ACB,Bet365,Alternative Totals,,,,,2.72,1.40,,,185,"{""hdp"": 185, ""over"": ""2.72"", ""under"": ""1.40""}",2026-06-02T18:14:34.68Z
71844430,Basketball,2026-06-03 19:00,Valencia Basket,Bilbao Basket,Spain - Liga ACB,Bet365,Alternative Totals,,,,,2.80,1.38,,,185.5,"{""hdp"": 185.5, ""over"": ""2.80"", ""under"": ""1.38""}",2026-06-02T18:14:34.68Z
71844430,Basketball,2026-06-03 19:00,Valencia Basket,Bilbao Basket,Spain - Liga ACB,Bet365,Alternative Totals,,,,,1.74,2.05,,,175.5,"{""hdp"": 175.5, ""over"": ""1.74"", ""under"": ""2.05""}",2026-06-02T18:14:34.68Z
71844430,Basketball,2026-06-03 19:00,Valencia Basket,Bilbao Basket,Spain - Liga ACB,Bet365,Player Assists Milestones,Jean Montero,,,,1.26,,,,3,"{""label"": ""Jean Montero"", ""hdp"": 3, ""over"": ""1.26""}",2026-06-02T16:40:58.957Z
71844430,Basketball,2026-06-03 19:00,Valencia Basket,Bilbao Basket,Spain - Liga ACB,Bet365,Player Assists Milestones,Melwin Pantzar,,,,1.27,,,,3,"{""label"": ""Melwin Pantzar"", ""hdp"": 3, ""over"": ""1.27""}",2026-06-02T16:40:58.957Z
71844430,Basketball,2026-06-03 19:00,Valencia Basket,Bilbao Basket,Spain - Liga ACB,Bet365,Player Assists Milestones,Jean Montero,,,,2.40,,,,5,"{""label"": ""Jean Montero"", ""hdp"": 5, ""over"": ""2.40""}",2026-06-02T16:40:58.957Z
71844430,Basketball,2026-06-03 19:00,Valencia Basket,Bilbao Basket,Spain - Liga ACB,Bet365,Player Assists Milestones,Melwin Pantzar,,,,2.50,,,,5,"{""label"": ""Melwin Pantzar"", ""hdp"": 5, ""over"": ""2.50""}",2026-06-02T16:40:58.957Z
71844430,Basketball,2026-06-03 19:00,Valencia Basket,Bilbao Basket,Spain - Liga ACB,Bet365,Player Assists Milestones,Jean Montero,,,,6.75,,,,7,"{""label"": ""Jean Montero"", ""hdp"": 7, ""over"": ""6.75""}",2026-06-02T16:40:58.957Z
71844430,Basketball,2026-06-03 19:00,Valencia Basket,Bilbao Basket,Spain - Liga ACB,Bet365,Player Assists Milestones,Melwin Pantzar,,,,7.00,,,,7,"{""label"": ""Melwin Pantzar"", ""hdp"": 7, ""over"": ""7.00""}",2026-06-02T16:40:58.957Z
71844430,Basketball,2026-06-03 19:00,Valencia Basket,Bilbao Basket,Spain - Liga ACB,Bet365,Player Assists Milestones,Jean Montero,,,,21.00,,,,10,"{""label"": ""Jean Montero"", ""hdp"": 10, ""over"": ""21.00""}",2026-06-02T16:40:58.957Z
71844430,Basketball,2026-06-03 19:00,Valencia Basket,Bilbao Basket,Spain - Liga ACB,Bet365,Player Assists Milestones,Melwin Pantzar,,,,23.00,,,,10,"{""label"": ""Melwin Pantzar"", ""hdp"": 10, ""over"": ""23.00""}",2026-06-02T16:40:58.957Z
71844430,Basketball,2026-06-03 19:00,Valencia Basket,Bilbao Basket,Spain - Liga ACB,Bet365,Spread Q1,,1.74,,1.95,,,,,-2.5,"{""hdp"": -2.5, ""home"": ""1.74"", ""away"": ""1.95""}",2026-06-02T19:13:05.196Z
71844430,Basketball,2026-06-03 19:00,Valencia Basket,Bilbao Basket,Spain - Liga ACB,Bet365,Rebounds O/U,Matt Costello (1) (3.5),,,,1.66,2.20,,,3.5,"{""label"": ""Matt Costello (1) (3.5)"", ""hdp"": 3.5, ""over"": ""1.66"", ""under"": ""2.20""}",2026-06-02T17:13:22.066Z
71844430,Basketball,2026-06-03 19:00,Valencia Basket,Bilbao Basket,Spain - Liga ACB,Bet365,Rebounds O/U,Jaime Pradilla (1) (6.5),,,,2.10,1.71,,,6.5,"{""label"": ""Jaime Pradilla (1) (6.5)"", ""hdp"": 6.5, ""over"": ""2.10"", ""under"": ""1.71""}",2026-06-02T17:13:22.066Z
71844430,Basketball,2026-06-03 19:00,Valencia Basket,Bilbao Basket,Spain - Liga ACB,Bet365,Rebounds O/U,Kameron Taylor (1) (3.5),,,,1.71,2.10,,,3.5,"{""label"": ""Kameron Taylor (1) (3.5)"", ""hdp"": 3.5, ""over"": ""1.71"", ""under"": ""2.10""}",2026-06-02T17:13:22.066Z
71844430,Basketball,2026-06-03 19:00,Valencia Basket,Bilbao Basket,Spain - Liga ACB,Bet365,Rebounds O/U,Darrun Hilliard (2) (2.5),,,,1.66,2.20,,,2.5,"{""label"": ""Darrun Hilliard (2) (2.5)"", ""hdp"": 2.5, ""over"": ""1.66"", ""under"": ""2.20""}",2026-06-02T17:13:22.066Z
71844430,Basketball,2026-06-03 19:00,Valencia Basket,Bilbao Basket,Spain - Liga ACB,Bet365,Rebounds O/U,Tryggvi Hlinason (2) (7.5),,,,2.00,1.80,,,7.5,"{""label"": ""Tryggvi Hlinason (2) (7.5)"", ""hdp"": 7.5, ""over"": ""2.00"", ""under"": ""1.80""}",2026-06-02T17:13:22.066Z
71844430,Basketball,2026-06-03 19:00,Valencia Basket,Bilbao Basket,Spain - Liga ACB,Bet365,Rebounds O/U,Melwin Pantzar (2) (4.5),,,,2.20,1.66,,,4.5,"{""label"": ""Melwin Pantzar (2) (4.5)"", ""hdp"": 4.5, ""over"": ""2.20"", ""under"": ""1.66""}",2026-06-02T17:13:22.066Z
71844430,Basketball,2026-06-03 19:00,Valencia Basket,Bilbao Basket,Spain - Liga ACB,Bet365,Rebounds O/U,Luke Petrasek (2) (3.5),,,,1.86,1.90,,,3.5,"{""label"": ""Luke Petrasek (2) (3.5)"", ""hdp"": 3.5, ""over"": ""1.86"", ""under"": ""1.90""}",2026-06-02T17:13:22.066Z
71844430,Basketball,2026-06-03 19:00,Valencia Basket,Bilbao Basket,Spain - Liga ACB,Bet365,Player Rebounds Milestones,Tryggvi Hlinason,,,,1.01,,,,3,"{""label"": ""Tryggvi Hlinason"", ""hdp"": 3, ""over"": ""1.01""}",2026-06-02T16:41:30.388Z
71844430,Basketball,2026-06-03 19:00,Valencia Basket,Bilbao Basket,Spain - Liga ACB,Bet365,Player Rebounds Milestones,Jaime Pradilla,,,,1.04,,,,3,"{""label"": ""Jaime Pradilla"", ""hdp"": 3, ""over"": ""1.04""}",2026-06-02T16:41:30.388Z
71844430,Basketball,2026-06-03 19:00,Valencia Basket,Bilbao Basket,Spain - Liga ACB,Bet365,Player Rebounds Milestones,Melwin Pantzar,,,,1.22,,,,3,"{""label"": ""Melwin Pantzar"", ""hdp"": 3, ""over"": ""1.22""}",2026-06-02T16:41:30.388Z
71844430,Basketball,2026-06-03 19:00,Valencia Basket,Bilbao Basket,Spain - Liga ACB,Bet365,Player Rebounds Milestones,Matt Costello,,,,1.27,,,,3,"{""label"": ""Matt Costello"", ""hdp"": 3, ""over"": ""1.27""}",2026-06-02T16:41:30.388Z
71844430,Basketball,2026-06-03 19:00,Valencia Basket,Bilbao Basket,Spain - Liga ACB,Bet365,Player Rebounds Milestones,Kameron Taylor,,,,1.28,,,,3,"{""label"": ""Kameron Taylor"", ""hdp"": 3, ""over"": ""1.28""}",2026-06-02T16:41:30.388Z
71844430,Basketball,2026-06-03 19:00,Valencia Basket,Bilbao Basket,Spain - Liga ACB,Bet365,Player Rebounds Milestones,Luke Petrasek,,,,1.35,,,,3,"{""label"": ""Luke Petrasek"", ""hdp"": 3, ""over"": ""1.35""}",2026-06-02T16:41:30.388Z
71844430,Basketball,2026-06-03 19:00,Valencia Basket,Bilbao Basket,Spain - Liga ACB,Bet365,Player Rebounds Milestones,Darrun Hilliard,,,,1.66,,,,3,"{""label"": ""Darrun Hilliard"", ""hdp"": 3, ""over"": ""1.66""}",2026-06-02T16:41:30.388Z
71844430,Basketball,2026-06-03 19:00,Valencia Basket,Bilbao Basket,Spain - Liga ACB,Bet365,Player Rebounds Milestones,Tryggvi Hlinason,,,,1.13,,,,5,"{""label"": ""Tryggvi Hlinason"", ""hdp"": 5, ""over"": ""1.13""}",2026-06-02T16:41:30.388Z
71844430,Basketball,2026-06-03 19:00,Valencia Basket,Bilbao Basket,Spain - Liga ACB,Bet365,Player Rebounds Milestones,Jaime Pradilla,,,,1.29,,,,5,"{""label"": ""Jaime Pradilla"", ""hdp"": 5, ""over"": ""1.29""}",2026-06-02T16:41:30.388Z
71844430,Basketball,2026-06-03 19:00,Valencia Basket,Bilbao Basket,Spain - Liga ACB,Bet365,Player Rebounds Milestones,Melwin Pantzar,,,,2.20,,,,5,"{""label"": ""Melwin Pantzar"", ""hdp"": 5, ""over"": ""2.20""}",2026-06-02T16:41:30.388Z
71844430,Basketball,2026-06-03 19:00,Valencia Basket,Bilbao Basket,Spain - Liga ACB,Bet365,Player Rebounds Milestones,Matt Costello,,,,2.40,,,,5,"{""label"": ""Matt Costello"", ""hdp"": 5, ""over"": ""2.40""}",2026-06-02T16:41:30.388Z
71844430,Basketball,2026-06-03 19:00,Valencia Basket,Bilbao Basket,Spain - Liga ACB,Bet365,Player Rebounds Milestones,Kameron Taylor,,,,2.50,,,,5,"{""label"": ""Kameron Taylor"", ""hdp"": 5, ""over"": ""2.50""}",2026-06-02T16:41:30.388Z
71844430,Basketball,2026-06-03 19:00,Valencia Basket,Bilbao Basket,Spain - Liga ACB,Bet365,Player Rebounds Milestones,Luke Petrasek,,,,2.80,,,,5,"{""label"": ""Luke Petrasek"", ""hdp"": 5, ""over"": ""2.80""}",2026-06-02T16:41:30.388Z
71844430,Basketball,2026-06-03 19:00,Valencia Basket,Bilbao Basket,Spain - Liga ACB,Bet365,Player Rebounds Milestones,Darrun Hilliard,,,,4.50,,,,5,"{""label"": ""Darrun Hilliard"", ""hdp"": 5, ""over"": ""4.50""}",2026-06-02T16:41:30.388Z
71844430,Basketball,2026-06-03 19:00,Valencia Basket,Bilbao Basket,Spain - Liga ACB,Bet365,Player Rebounds Milestones,Tryggvi Hlinason,,,,1.55,,,,7,"{""label"": ""Tryggvi Hlinason"", ""hdp"": 7, ""over"": ""1.55""}",2026-06-02T16:41:30.388Z
71844430,Basketball,2026-06-03 19:00,Valencia Basket,Bilbao Basket,Spain - Liga ACB,Bet365,Player Rebounds Milestones,Jaime Pradilla,,,,2.10,,,,7,"{""label"": ""Jaime Pradilla"", ""hdp"": 7, ""over"": ""2.10""}",2026-06-02T16:41:30.388Z
71844430,Basketball,2026-06-03 19:00,Valencia Basket,Bilbao Basket,Spain - Liga ACB,Bet365,Player Rebounds Milestones,Melwin Pantzar,,,,5.50,,,,7,"{""label"": ""Melwin Pantzar"", ""hdp"": 7, ""over"": ""5.50""}",2026-06-02T16:41:30.388Z
71844430,Basketball,2026-06-03 19:00,Valencia Basket,Bilbao Basket,Spain - Liga ACB,Bet365,Player Rebounds Milestones,Matt Costello,,,,6.25,,,,7,"{""label"": ""Matt Costello"", ""hdp"": 7, ""over"": ""6.25""}",2026-06-02T16:41:30.388Z
71844430,Basketball,2026-06-03 19:00,Valencia Basket,Bilbao Basket,Spain - Liga ACB,Bet365,Player Rebounds Milestones,Kameron Taylor,,,,6.75,,,,7,"{""label"": ""Kameron Taylor"", ""hdp"": 7, ""over"": ""6.75""}",2026-06-02T16:41:30.388Z
71844430,Basketball,2026-06-03 19:00,Valencia Basket,Bilbao Basket,Spain - Liga ACB,Bet365,Player Rebounds Milestones,Luke Petrasek,,,,7.75,,,,7,"{""label"": ""Luke Petrasek"", ""hdp"": 7, ""over"": ""7.75""}",2026-06-02T16:41:30.388Z
71844430,Basketball,2026-06-03 19:00,Valencia Basket,Bilbao Basket,Spain - Liga ACB,Bet365,Player Rebounds Milestones,Darrun Hilliard,,,,12.00,,,,7,"{""label"": ""Darrun Hilliard"", ""hdp"": 7, ""over"": ""12.00""}",2026-06-02T16:41:30.388Z
71844430,Basketball,2026-06-03 19:00,Valencia Basket,Bilbao Basket,Spain - Liga ACB,Bet365,Player Rebounds Milestones,Tryggvi Hlinason,,,,3.90,,,,10,"{""label"": ""Tryggvi Hlinason"", ""hdp"": 10, ""over"": ""3.90""}",2026-06-02T16:41:30.388Z
71844430,Basketball,2026-06-03 19:00,Valencia Basket,Bilbao Basket,Spain - Liga ACB,Bet365,Player Rebounds Milestones,Jaime Pradilla,,,,6.75,,,,10,"{""label"": ""Jaime Pradilla"", ""hdp"": 10, ""over"": ""6.75""}",2026-06-02T16:41:30.388Z
71844430,Basketball,2026-06-03 19:00,Valencia Basket,Bilbao Basket,Spain - Liga ACB,Bet365,Player Rebounds Milestones,Melwin Pantzar,,,,19.00,,,,10,"{""label"": ""Melwin Pantzar"", ""hdp"": 10, ""over"": ""19.00""}",2026-06-02T16:41:30.388Z
71844430,Basketball,2026-06-03 19:00,Valencia Basket,Bilbao Basket,Spain - Liga ACB,Bet365,Player Rebounds Milestones,Matt Costello,,,,20.00,,,,10,"{""label"": ""Matt Costello"", ""hdp"": 10, ""over"": ""20.00""}",2026-06-02T16:41:30.388Z
71844430,Basketball,2026-06-03 19:00,Valencia Basket,Bilbao Basket,Spain - Liga ACB,Bet365,Player Rebounds Milestones,Kameron Taylor,,,,21.00,,,,10,"{""label"": ""Kameron Taylor"", ""hdp"": 10, ""over"": ""21.00""}",2026-06-02T16:41:30.388Z
71844430,Basketball,2026-06-03 19:00,Valencia Basket,Bilbao Basket,Spain - Liga ACB,Bet365,Player Rebounds Milestones,Luke Petrasek,,,,26.00,,,,10,"{""label"": ""Luke Petrasek"", ""hdp"": 10, ""over"": ""26.00""}",2026-06-02T16:41:30.388Z
71844430,Basketball,2026-06-03 19:00,Valencia Basket,Bilbao Basket,Spain - Liga ACB,Bet365,Player Rebounds Milestones,Darrun Hilliard,,,,36.00,,,,10,"{""label"": ""Darrun Hilliard"", ""hdp"": 10, ""over"": ""36.00""}",2026-06-02T16:41:30.388Z
71844430,Basketball,2026-06-03 19:00,Valencia Basket,Bilbao Basket,Spain - Liga ACB,Bet365,Player Rebounds Milestones,Tryggvi Hlinason,,,,11.50,,,,13,"{""label"": ""Tryggvi Hlinason"", ""hdp"": 13, ""over"": ""11.50""}",2026-06-02T16:41:30.388Z
71844430,Basketball,2026-06-03 19:00,Valencia Basket,Bilbao Basket,Spain - Liga ACB,Bet365,Player Rebounds Milestones,Jaime Pradilla,,,,19.00,,,,13,"{""label"": ""Jaime Pradilla"", ""hdp"": 13, ""over"": ""19.00""}",2026-06-02T16:41:30.388Z
71844430,Basketball,2026-06-03 19:00,Valencia Basket,Bilbao Basket,Spain - Liga ACB,Bet365,Player Rebounds Milestones,Melwin Pantzar,,,,36.00,,,,13,"{""label"": ""Melwin Pantzar"", ""hdp"": 13, ""over"": ""36.00""}",2026-06-02T16:41:30.388Z
71844430,Basketball,2026-06-03 19:00,Valencia Basket,Bilbao Basket,Spain - Liga ACB,Bet365,Player Rebounds Milestones,Tryggvi Hlinason,,,,20.00,,,,15,"{""label"": ""Tryggvi Hlinason"", ""hdp"": 15, ""over"": ""20.00""}",2026-06-02T16:41:30.388Z
71844430,Basketball,2026-06-03 19:00,Valencia Basket,Bilbao Basket,Spain - Liga ACB,Bet365,Player Rebounds Milestones,Jaime Pradilla,,,,36.00,,,,15,"{""label"": ""Jaime Pradilla"", ""hdp"": 15, ""over"": ""36.00""}",2026-06-02T16:41:30.388Z
71844430,Basketball,2026-06-03 19:00,Valencia Basket,Bilbao Basket,Spain - Liga ACB,Bet365,Player Rebounds Milestones,Tryggvi Hlinason,,,,36.00,,,,17,"{""label"": ""Tryggvi Hlinason"", ""hdp"": 17, ""over"": ""36.00""}",2026-06-02T16:41:30.388Z
71828846,Basketball,2026-06-03 19:00,Fenerbahce Istanbul,Anadolu Efes SK,Turkiye - Super Lig,Bet365,ML,,1.28,,3.35,,,,,,"{""home"": ""1.28"", ""away"": ""3.35""}",2026-06-02T13:57:03.37Z
71828846,Basketball,2026-06-03 19:00,Fenerbahce Istanbul,Anadolu Efes SK,Turkiye - Super Lig,Bet365,Spread,,1.83,,1.83,,,,,-7.5,"{""hdp"": -7.5, ""home"": ""1.83"", ""away"": ""1.83""}",2026-06-02T13:57:03.37Z
71828846,Basketball,2026-06-03 19:00,Fenerbahce Istanbul,Anadolu Efes SK,Turkiye - Super Lig,Bet365,Totals,,,,,1.83,1.83,,,161.5,"{""hdp"": 161.5, ""over"": ""1.83"", ""under"": ""1.83""}",2026-06-02T20:11:27.547Z
71828846,Basketball,2026-06-03 19:00,Fenerbahce Istanbul,Anadolu Efes SK,Turkiye - Super Lig,Bet365,ML HT,,1.41,,2.70,,,,,,"{""home"": ""1.41"", ""away"": ""2.70""}",2026-06-02T16:32:25.751Z
71828846,Basketball,2026-06-03 19:00,Fenerbahce Istanbul,Anadolu Efes SK,Turkiye - Super Lig,Bet365,Spread HT,,1.80,,1.86,,,,,-3.5,"{""hdp"": -3.5, ""home"": ""1.80"", ""away"": ""1.86""}",2026-06-02T15:06:32.29Z
71828846,Basketball,2026-06-03 19:00,Fenerbahce Istanbul,Anadolu Efes SK,Turkiye - Super Lig,Bet365,Totals HT,,,,,1.80,1.86,,,80.5,"{""hdp"": 80.5, ""over"": ""1.80"", ""under"": ""1.86""}",2026-06-02T20:01:21.36Z
71828846,Basketball,2026-06-03 19:00,Fenerbahce Istanbul,Anadolu Efes SK,Turkiye - Super Lig,Bet365,Totals 1Q,,,,,1.80,1.86,,,40.5,"{""hdp"": 40.5, ""over"": ""1.80"", ""under"": ""1.86""}",2026-06-02T20:11:27.547Z
71828846,Basketball,2026-06-03 19:00,Fenerbahce Istanbul,Anadolu Efes SK,Turkiye - Super Lig,Bet365,Team Total Home,,,,,1.83,1.83,,,84.5,"{""hdp"": 84.5, ""over"": ""1.83"", ""under"": ""1.83""}",2026-06-02T20:11:27.547Z
71828846,Basketball,2026-06-03 19:00,Fenerbahce Istanbul,Anadolu Efes SK,Turkiye - Super Lig,Bet365,Team Total Away,,,,,1.86,1.80,,,77.5,"{""hdp"": 77.5, ""over"": ""1.86"", ""under"": ""1.80""}",2026-06-02T20:11:27.547Z
71828846,Basketball,2026-06-03 19:00,Fenerbahce Istanbul,Anadolu Efes SK,Turkiye - Super Lig,Bet365,Spread Q1,,1.74,,1.95,,,,,-1.5,"{""hdp"": -1.5, ""home"": ""1.74"", ""away"": ""1.95""}",2026-06-02T16:02:52.896Z
71828846,Basketball,2026-06-03 19:00,Fenerbahce Istanbul,Anadolu Efes SK,Turkiye - Super Lig,Bet365,Alternative Spread,,3.40,,1.27,,,,,-15.5,"{""hdp"": -15.5, ""home"": ""3.40"", ""away"": ""1.27""}",2026-06-02T16:07:17.525Z
71828846,Basketball,2026-06-03 19:00,Fenerbahce Istanbul,Anadolu Efes SK,Turkiye - Super Lig,Bet365,Alternative Spread,,3.35,,1.28,,,,,-15,"{""hdp"": -15, ""home"": ""3.35"", ""away"": ""1.28""}",2026-06-02T16:07:17.525Z
71828846,Basketball,2026-06-03 19:00,Fenerbahce Istanbul,Anadolu Efes SK,Turkiye - Super Lig,Bet365,Alternative Spread,,3.15,,1.32,,,,,-14.5,"{""hdp"": -14.5, ""home"": ""3.15"", ""away"": ""1.32""}",2026-06-02T16:07:17.525Z
71828846,Basketball,2026-06-03 19:00,Fenerbahce Istanbul,Anadolu Efes SK,Turkiye - Super Lig,Bet365,Alternative Spread,,3.10,,1.33,,,,,-14,"{""hdp"": -14, ""home"": ""3.10"", ""away"": ""1.33""}",2026-06-02T16:07:17.525Z
71828846,Basketball,2026-06-03 19:00,Fenerbahce Istanbul,Anadolu Efes SK,Turkiye - Super Lig,Bet365,Alternative Spread,,2.85,,1.37,,,,,-13.5,"{""hdp"": -13.5, ""home"": ""2.85"", ""away"": ""1.37""}",2026-06-02T16:07:17.525Z
71828846,Basketball,2026-06-03 19:00,Fenerbahce Istanbul,Anadolu Efes SK,Turkiye - Super Lig,Bet365,Alternative Spread,,2.80,,1.38,,,,,-13,"{""hdp"": -13, ""home"": ""2.80"", ""away"": ""1.38""}",2026-06-02T16:07:17.525Z
71828846,Basketball,2026-06-03 19:00,Fenerbahce Istanbul,Anadolu Efes SK,Turkiye - Super Lig,Bet365,Alternative Spread,,2.65,,1.43,,,,,-12.5,"{""hdp"": -12.5, ""home"": ""2.65"", ""away"": ""1.43""}",2026-06-02T16:07:17.525Z
71828846,Basketball,2026-06-03 19:00,Fenerbahce Istanbul,Anadolu Efes SK,Turkiye - Super Lig,Bet365,Alternative Spread,,2.60,,1.45,,,,,-12,"{""hdp"": -12, ""home"": ""2.60"", ""away"": ""1.45""}",2026-06-02T16:07:17.525Z
71828846,Basketball,2026-06-03 19:00,Fenerbahce Istanbul,Anadolu Efes SK,Turkiye - Super Lig,Bet365,Alternative Spread,,2.50,,1.50,,,,,-11.5,"{""hdp"": -11.5, ""home"": ""2.50"", ""away"": ""1.50""}",2026-06-02T16:07:17.525Z
71828846,Basketball,2026-06-03 19:00,Fenerbahce Istanbul,Anadolu Efes SK,Turkiye - Super Lig,Bet365,Alternative Spread,,2.40,,1.52,,,,,-11,"{""hdp"": -11, ""home"": ""2.40"", ""away"": ""1.52""}",2026-06-02T16:07:17.525Z
71828846,Basketball,2026-06-03 19:00,Fenerbahce Istanbul,Anadolu Efes SK,Turkiye - Super Lig,Bet365,Alternative Spread,,2.25,,1.57,,,,,-10.5,"{""hdp"": -10.5, ""home"": ""2.25"", ""away"": ""1.57""}",2026-06-02T16:07:17.525Z
71828846,Basketball,2026-06-03 19:00,Fenerbahce Istanbul,Anadolu Efes SK,Turkiye - Super Lig,Bet365,Alternative Spread,,2.27,,1.58,,,,,-10,"{""hdp"": -10, ""home"": ""2.27"", ""away"": ""1.58""}",2026-06-02T16:07:17.525Z
71828846,Basketball,2026-06-03 19:00,Fenerbahce Istanbul,Anadolu Efes SK,Turkiye - Super Lig,Bet365,Alternative Spread,,2.17,,1.64,,,,,-9.5,"{""hdp"": -9.5, ""home"": ""2.17"", ""away"": ""1.64""}",2026-06-02T16:07:17.525Z
71828846,Basketball,2026-06-03 19:00,Fenerbahce Istanbul,Anadolu Efes SK,Turkiye - Super Lig,Bet365,Alternative Spread,,2.10,,1.68,,,,,-9,"{""hdp"": -9, ""home"": ""2.10"", ""away"": ""1.68""}",2026-06-02T16:07:17.525Z
71828846,Basketball,2026-06-03 19:00,Fenerbahce Istanbul,Anadolu Efes SK,Turkiye - Super Lig,Bet365,Alternative Spread,,2.00,,1.74,,,,,-8.5,"{""hdp"": -8.5, ""home"": ""2.00"", ""away"": ""1.74""}",2026-06-02T16:07:17.525Z
71828846,Basketball,2026-06-03 19:00,Fenerbahce Istanbul,Anadolu Efes SK,Turkiye - Super Lig,Bet365,Alternative Spread,,1.90,,1.80,,,,,-8,"{""hdp"": -8, ""home"": ""1.90"", ""away"": ""1.80""}",2026-06-02T16:07:17.525Z
71828846,Basketball,2026-06-03 19:00,Fenerbahce Istanbul,Anadolu Efes SK,Turkiye - Super Lig,Bet365,Alternative Spread,,1.71,,2.05,,,,,-6,"{""hdp"": -6, ""home"": ""1.71"", ""away"": ""2.05""}",2026-06-02T16:07:17.525Z
71828846,Basketball,2026-06-03 19:00,Fenerbahce Istanbul,Anadolu Efes SK,Turkiye - Super Lig,Bet365,Alternative Spread,,1.66,,2.12,,,,,-5.5,"{""hdp"": -5.5, ""home"": ""1.66"", ""away"": ""2.12""}",2026-06-02T16:07:17.525Z
71828846,Basketball,2026-06-03 19:00,Fenerbahce Istanbul,Anadolu Efes SK,Turkiye - Super Lig,Bet365,Alternative Spread,,1.60,,2.22,,,,,-5,"{""hdp"": -5, ""home"": ""1.60"", ""away"": ""2.22""}",2026-06-02T16:07:17.525Z
71828846,Basketball,2026-06-03 19:00,Fenerbahce Istanbul,Anadolu Efes SK,Turkiye - Super Lig,Bet365,Alternative Spread,,1.57,,2.30,,,,,-4.5,"{""hdp"": -4.5, ""home"": ""1.57"", ""away"": ""2.30""}",2026-06-02T16:07:17.525Z
71828846,Basketball,2026-06-03 19:00,Fenerbahce Istanbul,Anadolu Efes SK,Turkiye - Super Lig,Bet365,Alternative Spread,,1.51,,2.50,,,,,-4,"{""hdp"": -4, ""home"": ""1.51"", ""away"": ""2.50""}",2026-06-02T16:07:17.525Z
71828846,Basketball,2026-06-03 19:00,Fenerbahce Istanbul,Anadolu Efes SK,Turkiye - Super Lig,Bet365,Alternative Spread,,1.48,,2.55,,,,,-3.5,"{""hdp"": -3.5, ""home"": ""1.48"", ""away"": ""2.55""}",2026-06-02T16:07:17.525Z
71828846,Basketball,2026-06-03 19:00,Fenerbahce Istanbul,Anadolu Efes SK,Turkiye - Super Lig,Bet365,Alternative Spread,,1.44,,2.65,,,,,-3,"{""hdp"": -3, ""home"": ""1.44"", ""away"": ""2.65""}",2026-06-02T16:07:17.525Z
71828846,Basketball,2026-06-03 19:00,Fenerbahce Istanbul,Anadolu Efes SK,Turkiye - Super Lig,Bet365,Alternative Spread,,1.41,,2.72,,,,,-2.5,"{""hdp"": -2.5, ""home"": ""1.41"", ""away"": ""2.72""}",2026-06-02T16:07:17.525Z
71828846,Basketball,2026-06-03 19:00,Fenerbahce Istanbul,Anadolu Efes SK,Turkiye - Super Lig,Bet365,Alternative Spread,,1.37,,2.90,,,,,-2,"{""hdp"": -2, ""home"": ""1.37"", ""away"": ""2.90""}",2026-06-02T16:07:17.525Z
71828846,Basketball,2026-06-03 19:00,Fenerbahce Istanbul,Anadolu Efes SK,Turkiye - Super Lig,Bet365,Alternative Spread,,1.35,,3.05,,,,,-1.5,"{""hdp"": -1.5, ""home"": ""1.35"", ""away"": ""3.05""}",2026-06-02T16:07:17.525Z
71828846,Basketball,2026-06-03 19:00,Fenerbahce Istanbul,Anadolu Efes SK,Turkiye - Super Lig,Bet365,Alternative Spread,,1.30,,3.25,,,,,-1,"{""hdp"": -1, ""home"": ""1.30"", ""away"": ""3.25""}",2026-06-02T16:07:17.525Z
71828846,Basketball,2026-06-03 19:00,Fenerbahce Istanbul,Anadolu Efes SK,Turkiye - Super Lig,Bet365,Alternative Spread,,1.83,,1.86,,,,,-7,"{""hdp"": -7, ""home"": ""1.83"", ""away"": ""1.86""}",2026-06-02T16:07:17.525Z
71828846,Basketball,2026-06-03 19:00,Fenerbahce Istanbul,Anadolu Efes SK,Turkiye - Super Lig,Bet365,Alternative Spread,,1.76,,1.95,,,,,-6.5,"{""hdp"": -6.5, ""home"": ""1.76"", ""away"": ""1.95""}",2026-06-02T16:07:17.525Z
71828846,Basketball,2026-06-03 19:00,Fenerbahce Istanbul,Anadolu Efes SK,Turkiye - Super Lig,Bet365,Alternative Totals,,,,,1.37,2.85,,,153.5,"{""hdp"": 153.5, ""over"": ""1.37"", ""under"": ""2.85""}",2026-06-02T20:03:55.901Z
71828846,Basketball,2026-06-03 19:00,Fenerbahce Istanbul,Anadolu Efes SK,Turkiye - Super Lig,Bet365,Alternative Totals,,,,,1.38,2.80,,,154,"{""hdp"": 154, ""over"": ""1.38"", ""under"": ""2.80""}",2026-06-02T20:03:55.901Z
71828846,Basketball,2026-06-03 19:00,Fenerbahce Istanbul,Anadolu Efes SK,Turkiye - Super Lig,Bet365,Alternative Totals,,,,,1.40,2.72,,,154.5,"{""hdp"": 154.5, ""over"": ""1.40"", ""under"": ""2.72""}",2026-06-02T20:03:55.901Z
71828846,Basketball,2026-06-03 19:00,Fenerbahce Istanbul,Anadolu Efes SK,Turkiye - Super Lig,Bet365,Alternative Totals,,,,,1.43,2.65,,,155,"{""hdp"": 155, ""over"": ""1.43"", ""under"": ""2.65""}",2026-06-02T20:03:55.901Z
71828846,Basketball,2026-06-03 19:00,Fenerbahce Istanbul,Anadolu Efes SK,Turkiye - Super Lig,Bet365,Alternative Totals,,,,,1.45,2.60,,,155.5,"{""hdp"": 155.5, ""over"": ""1.45"", ""under"": ""2.60""}",2026-06-02T20:03:55.901Z
71828846,Basketball,2026-06-03 19:00,Fenerbahce Istanbul,Anadolu Efes SK,Turkiye - Super Lig,Bet365,Alternative Totals,,,,,1.50,2.50,,,156,"{""hdp"": 156, ""over"": ""1.50"", ""under"": ""2.50""}",2026-06-02T20:03:55.901Z
71828846,Basketball,2026-06-03 19:00,Fenerbahce Istanbul,Anadolu Efes SK,Turkiye - Super Lig,Bet365,Alternative Totals,,,,,1.52,2.40,,,156.5,"{""hdp"": 156.5, ""over"": ""1.52"", ""under"": ""2.40""}",2026-06-02T20:03:55.901Z
71828846,Basketball,2026-06-03 19:00,Fenerbahce Istanbul,Anadolu Efes SK,Turkiye - Super Lig,Bet365,Alternative Totals,,,,,1.54,2.35,,,157,"{""hdp"": 157, ""over"": ""1.54"", ""under"": ""2.35""}",2026-06-02T20:03:55.901Z
71828846,Basketball,2026-06-03 19:00,Fenerbahce Istanbul,Anadolu Efes SK,Turkiye - Super Lig,Bet365,Alternative Totals,,,,,1.57,2.25,,,157.5,"{""hdp"": 157.5, ""over"": ""1.57"", ""under"": ""2.25""}",2026-06-02T20:03:55.901Z
71828846,Basketball,2026-06-03 19:00,Fenerbahce Istanbul,Anadolu Efes SK,Turkiye - Super Lig,Bet365,Alternative Totals,,,,,1.58,2.22,,,158,"{""hdp"": 158, ""over"": ""1.58"", ""under"": ""2.22""}",2026-06-02T20:03:55.901Z
71828846,Basketball,2026-06-03 19:00,Fenerbahce Istanbul,Anadolu Efes SK,Turkiye - Super Lig,Bet365,Alternative Totals,,,,,1.62,2.15,,,158.5,"{""hdp"": 158.5, ""over"": ""1.62"", ""under"": ""2.15""}",2026-06-02T20:03:55.901Z
71828846,Basketball,2026-06-03 19:00,Fenerbahce Istanbul,Anadolu Efes SK,Turkiye - Super Lig,Bet365,Alternative Totals,,,,,1.66,2.10,,,159,"{""hdp"": 159, ""over"": ""1.66"", ""under"": ""2.10""}",2026-06-02T20:03:55.901Z
71828846,Basketball,2026-06-03 19:00,Fenerbahce Istanbul,Anadolu Efes SK,Turkiye - Super Lig,Bet365,Alternative Totals,,,,,1.68,2.05,,,159.5,"{""hdp"": 159.5, ""over"": ""1.68"", ""under"": ""2.05""}",2026-06-02T20:03:55.901Z
71828846,Basketball,2026-06-03 19:00,Fenerbahce Istanbul,Anadolu Efes SK,Turkiye - Super Lig,Bet365,Alternative Totals,,,,,1.71,2.00,,,160,"{""hdp"": 160, ""over"": ""1.71"", ""under"": ""2.00""}",2026-06-02T20:03:55.901Z
71828846,Basketball,2026-06-03 19:00,Fenerbahce Istanbul,Anadolu Efes SK,Turkiye - Super Lig,Bet365,Alternative Totals,,,,,1.74,1.95,,,160.5,"{""hdp"": 160.5, ""over"": ""1.74"", ""under"": ""1.95""}",2026-06-02T20:03:55.901Z
71828846,Basketball,2026-06-03 19:00,Fenerbahce Istanbul,Anadolu Efes SK,Turkiye - Super Lig,Bet365,Alternative Totals,,,,,1.80,1.86,,,161,"{""hdp"": 161, ""over"": ""1.80"", ""under"": ""1.86""}",2026-06-02T20:03:55.901Z
71828846,Basketball,2026-06-03 19:00,Fenerbahce Istanbul,Anadolu Efes SK,Turkiye - Super Lig,Bet365,Alternative Totals,,,,,1.86,1.80,,,162,"{""hdp"": 162, ""over"": ""1.86"", ""under"": ""1.80""}",2026-06-02T20:03:55.901Z
71828846,Basketball,2026-06-03 19:00,Fenerbahce Istanbul,Anadolu Efes SK,Turkiye - Super Lig,Bet365,Alternative Totals,,,,,1.95,1.74,,,162.5,"{""hdp"": 162.5, ""over"": ""1.95"", ""under"": ""1.74""}",2026-06-02T20:03:55.901Z
71828846,Basketball,2026-06-03 19:00,Fenerbahce Istanbul,Anadolu Efes SK,Turkiye - Super Lig,Bet365,Alternative Totals,,,,,2.00,1.71,,,163,"{""hdp"": 163, ""over"": ""2.00"", ""under"": ""1.71""}",2026-06-02T20:03:55.901Z
71828846,Basketball,2026-06-03 19:00,Fenerbahce Istanbul,Anadolu Efes SK,Turkiye - Super Lig,Bet365,Alternative Totals,,,,,2.05,1.68,,,163.5,"{""hdp"": 163.5, ""over"": ""2.05"", ""under"": ""1.68""}",2026-06-02T20:03:55.901Z
71828846,Basketball,2026-06-03 19:00,Fenerbahce Istanbul,Anadolu Efes SK,Turkiye - Super Lig,Bet365,Alternative Totals,,,,,2.10,1.66,,,164,"{""hdp"": 164, ""over"": ""2.10"", ""under"": ""1.66""}",2026-06-02T20:03:55.901Z
71828846,Basketball,2026-06-03 19:00,Fenerbahce Istanbul,Anadolu Efes SK,Turkiye - Super Lig,Bet365,Alternative Totals,,,,,2.15,1.62,,,164.5,"{""hdp"": 164.5, ""over"": ""2.15"", ""under"": ""1.62""}",2026-06-02T20:03:55.901Z
71828846,Basketball,2026-06-03 19:00,Fenerbahce Istanbul,Anadolu Efes SK,Turkiye - Super Lig,Bet365,Alternative Totals,,,,,2.20,1.60,,,165,"{""hdp"": 165, ""over"": ""2.20"", ""under"": ""1.60""}",2026-06-02T20:03:55.901Z
71828846,Basketball,2026-06-03 19:00,Fenerbahce Istanbul,Anadolu Efes SK,Turkiye - Super Lig,Bet365,Alternative Totals,,,,,2.25,1.57,,,165.5,"{""hdp"": 165.5, ""over"": ""2.25"", ""under"": ""1.57""}",2026-06-02T20:03:55.901Z
71828846,Basketball,2026-06-03 19:00,Fenerbahce Istanbul,Anadolu Efes SK,Turkiye - Super Lig,Bet365,Alternative Totals,,,,,2.35,1.54,,,166,"{""hdp"": 166, ""over"": ""2.35"", ""under"": ""1.54""}",2026-06-02T20:03:55.901Z
71828846,Basketball,2026-06-03 19:00,Fenerbahce Istanbul,Anadolu Efes SK,Turkiye - Super Lig,Bet365,Alternative Totals,,,,,2.40,1.52,,,166.5,"{""hdp"": 166.5, ""over"": ""2.40"", ""under"": ""1.52""}",2026-06-02T20:03:55.901Z
71828846,Basketball,2026-06-03 19:00,Fenerbahce Istanbul,Anadolu Efes SK,Turkiye - Super Lig,Bet365,Alternative Totals,,,,,2.50,1.50,,,167,"{""hdp"": 167, ""over"": ""2.50"", ""under"": ""1.50""}",2026-06-02T20:03:55.901Z
71828846,Basketball,2026-06-03 19:00,Fenerbahce Istanbul,Anadolu Efes SK,Turkiye - Super Lig,Bet365,Alternative Totals,,,,,2.60,1.45,,,167.5,"{""hdp"": 167.5, ""over"": ""2.60"", ""under"": ""1.45""}",2026-06-02T20:03:55.901Z
71828846,Basketball,2026-06-03 19:00,Fenerbahce Istanbul,Anadolu Efes SK,Turkiye - Super Lig,Bet365,Alternative Totals,,,,,2.62,1.44,,,168,"{""hdp"": 168, ""over"": ""2.62"", ""under"": ""1.44""}",2026-06-02T20:03:55.901Z
71828846,Basketball,2026-06-03 19:00,Fenerbahce Istanbul,Anadolu Efes SK,Turkiye - Super Lig,Bet365,Alternative Totals,,,,,2.70,1.41,,,168.5,"{""hdp"": 168.5, ""over"": ""2.70"", ""under"": ""1.41""}",2026-06-02T20:03:55.901Z
71828846,Basketball,2026-06-03 19:00,Fenerbahce Istanbul,Anadolu Efes SK,Turkiye - Super Lig,Bet365,Alternative Totals,,,,,2.75,1.40,,,169,"{""hdp"": 169, ""over"": ""2.75"", ""under"": ""1.40""}",2026-06-02T20:03:55.901Z
71828846,Basketball,2026-06-03 19:00,Fenerbahce Istanbul,Anadolu Efes SK,Turkiye - Super Lig,Bet365,Alternative Totals,,,,,2.85,1.37,,,169.5,"{""hdp"": 169.5, ""over"": ""2.85"", ""under"": ""1.37""}",2026-06-02T20:03:55.901Z
71828846,Basketball,2026-06-03 19:00,Fenerbahce Istanbul,Anadolu Efes SK,Turkiye - Super Lig,Bet365,ML Q1,,1.50,,2.50,,,,,,"{""home"": ""1.50"", ""away"": ""2.50""}",2026-06-02T16:02:52.896Z
71781788,Basketball,2026-06-03 19:30,Hapoel Holon BC,Bnei Herzliya Basket,Israel - Super League,Bet365,ML,,1.44,,2.62,,,,,,"{""home"": ""1.44"", ""away"": ""2.62""}",2026-06-02T14:09:23.809Z
71781788,Basketball,2026-06-03 19:30,Hapoel Holon BC,Bnei Herzliya Basket,Israel - Super League,Bet365,Spread,,1.86,,1.80,,,,,-5.5,"{""hdp"": -5.5, ""home"": ""1.86"", ""away"": ""1.80""}",2026-06-02T14:09:23.809Z
71781788,Basketball,2026-06-03 19:30,Hapoel Holon BC,Bnei Herzliya Basket,Israel - Super League,Bet365,Totals,,,,,1.83,1.83,,,185.5,"{""hdp"": 185.5, ""over"": ""1.83"", ""under"": ""1.83""}",2026-06-02T14:09:23.809Z
71781788,Basketball,2026-06-03 19:30,Hapoel Holon BC,Bnei Herzliya Basket,Israel - Super League,Bet365,ML HT,,1.54,,2.35,,,,,,"{""home"": ""1.54"", ""away"": ""2.35""}",2026-06-02T14:09:23.809Z
71781788,Basketball,2026-06-03 19:30,Hapoel Holon BC,Bnei Herzliya Basket,Israel - Super League,Bet365,Spread HT,,1.83,,1.83,,,,,-2.5,"{""hdp"": -2.5, ""home"": ""1.83"", ""away"": ""1.83""}",2026-06-02T14:09:23.809Z
71781788,Basketball,2026-06-03 19:30,Hapoel Holon BC,Bnei Herzliya Basket,Israel - Super League,Bet365,Totals HT,,,,,1.83,1.83,,,93.5,"{""hdp"": 93.5, ""over"": ""1.83"", ""under"": ""1.83""}",2026-06-02T14:09:23.809Z
71781788,Basketball,2026-06-03 19:30,Hapoel Holon BC,Bnei Herzliya Basket,Israel - Super League,Bet365,Totals 1Q,,,,,1.80,1.86,,,46.5,"{""hdp"": 46.5, ""over"": ""1.80"", ""under"": ""1.86""}",2026-06-02T14:09:23.809Z
71781788,Basketball,2026-06-03 19:30,Hapoel Holon BC,Bnei Herzliya Basket,Israel - Super League,Bet365,Team Total Home,,,,,1.83,1.83,,,95.5,"{""hdp"": 95.5, ""over"": ""1.83"", ""under"": ""1.83""}",2026-06-02T14:09:23.809Z
71781788,Basketball,2026-06-03 19:30,Hapoel Holon BC,Bnei Herzliya Basket,Israel - Super League,Bet365,Team Total Away,,,,,1.83,1.83,,,90.5,"{""hdp"": 90.5, ""over"": ""1.83"", ""under"": ""1.83""}",2026-06-02T14:09:23.809Z
71781788,Basketball,2026-06-03 19:30,Hapoel Holon BC,Bnei Herzliya Basket,Israel - Super League,Bet365,Alternative Totals,,,,,1.38,2.80,,,177.5,"{""hdp"": 177.5, ""over"": ""1.38"", ""under"": ""2.80""}",2026-06-02T14:21:36.913Z
71781788,Basketball,2026-06-03 19:30,Hapoel Holon BC,Bnei Herzliya Basket,Israel - Super League,Bet365,Alternative Totals,,,,,1.41,2.70,,,178,"{""hdp"": 178, ""over"": ""1.41"", ""under"": ""2.70""}",2026-06-02T14:21:36.913Z
71781788,Basketball,2026-06-03 19:30,Hapoel Holon BC,Bnei Herzliya Basket,Israel - Super League,Bet365,Alternative Totals,,,,,1.43,2.65,,,178.5,"{""hdp"": 178.5, ""over"": ""1.43"", ""under"": ""2.65""}",2026-06-02T14:21:36.913Z
71781788,Basketball,2026-06-03 19:30,Hapoel Holon BC,Bnei Herzliya Basket,Israel - Super League,Bet365,Alternative Totals,,,,,1.45,2.60,,,179,"{""hdp"": 179, ""over"": ""1.45"", ""under"": ""2.60""}",2026-06-02T14:21:36.913Z
71781788,Basketball,2026-06-03 19:30,Hapoel Holon BC,Bnei Herzliya Basket,Israel - Super League,Bet365,Alternative Totals,,,,,1.50,2.50,,,179.5,"{""hdp"": 179.5, ""over"": ""1.50"", ""under"": ""2.50""}",2026-06-02T14:21:36.913Z
71781788,Basketball,2026-06-03 19:30,Hapoel Holon BC,Bnei Herzliya Basket,Israel - Super League,Bet365,Alternative Totals,,,,,1.52,2.40,,,180,"{""hdp"": 180, ""over"": ""1.52"", ""under"": ""2.40""}",2026-06-02T14:21:36.913Z
71781788,Basketball,2026-06-03 19:30,Hapoel Holon BC,Bnei Herzliya Basket,Israel - Super League,Bet365,Alternative Totals,,,,,1.54,2.35,,,180.5,"{""hdp"": 180.5, ""over"": ""1.54"", ""under"": ""2.35""}",2026-06-02T14:21:36.913Z
71781788,Basketball,2026-06-03 19:30,Hapoel Holon BC,Bnei Herzliya Basket,Israel - Super League,Bet365,Alternative Totals,,,,,1.55,2.30,,,181,"{""hdp"": 181, ""over"": ""1.55"", ""under"": ""2.30""}",2026-06-02T14:21:36.913Z
71781788,Basketball,2026-06-03 19:30,Hapoel Holon BC,Bnei Herzliya Basket,Israel - Super League,Bet365,Alternative Totals,,,,,1.58,2.22,,,181.5,"{""hdp"": 181.5, ""over"": ""1.58"", ""under"": ""2.22""}",2026-06-02T14:21:36.913Z
71781788,Basketball,2026-06-03 19:30,Hapoel Holon BC,Bnei Herzliya Basket,Israel - Super League,Bet365,Alternative Totals,,,,,1.60,2.20,,,182,"{""hdp"": 182, ""over"": ""1.60"", ""under"": ""2.20""}",2026-06-02T14:21:36.913Z
71781788,Basketball,2026-06-03 19:30,Hapoel Holon BC,Bnei Herzliya Basket,Israel - Super League,Bet365,Alternative Totals,,,,,1.64,2.12,,,182.5,"{""hdp"": 182.5, ""over"": ""1.64"", ""under"": ""2.12""}",2026-06-02T14:21:36.913Z
71781788,Basketball,2026-06-03 19:30,Hapoel Holon BC,Bnei Herzliya Basket,Israel - Super League,Bet365,Alternative Totals,,,,,1.66,2.10,,,183,"{""hdp"": 183, ""over"": ""1.66"", ""under"": ""2.10""}",2026-06-02T14:21:36.913Z
71781788,Basketball,2026-06-03 19:30,Hapoel Holon BC,Bnei Herzliya Basket,Israel - Super League,Bet365,Alternative Totals,,,,,1.68,2.05,,,183.5,"{""hdp"": 183.5, ""over"": ""1.68"", ""under"": ""2.05""}",2026-06-02T14:21:36.913Z
71781788,Basketball,2026-06-03 19:30,Hapoel Holon BC,Bnei Herzliya Basket,Israel - Super League,Bet365,Alternative Totals,,,,,1.71,2.00,,,184,"{""hdp"": 184, ""over"": ""1.71"", ""under"": ""2.00""}",2026-06-02T14:21:36.913Z
71781788,Basketball,2026-06-03 19:30,Hapoel Holon BC,Bnei Herzliya Basket,Israel - Super League,Bet365,Alternative Totals,,,,,1.74,1.95,,,184.5,"{""hdp"": 184.5, ""over"": ""1.74"", ""under"": ""1.95""}",2026-06-02T14:21:36.913Z
71781788,Basketball,2026-06-03 19:30,Hapoel Holon BC,Bnei Herzliya Basket,Israel - Super League,Bet365,Alternative Totals,,,,,1.80,1.86,,,185,"{""hdp"": 185, ""over"": ""1.80"", ""under"": ""1.86""}",2026-06-02T14:21:36.913Z
71781788,Basketball,2026-06-03 19:30,Hapoel Holon BC,Bnei Herzliya Basket,Israel - Super League,Bet365,Alternative Totals,,,,,1.86,1.80,,,186,"{""hdp"": 186, ""over"": ""1.86"", ""under"": ""1.80""}",2026-06-02T14:21:36.913Z
71781788,Basketball,2026-06-03 19:30,Hapoel Holon BC,Bnei Herzliya Basket,Israel - Super League,Bet365,Alternative Totals,,,,,1.95,1.74,,,186.5,"{""hdp"": 186.5, ""over"": ""1.95"", ""under"": ""1.74""}",2026-06-02T14:21:36.913Z
71781788,Basketball,2026-06-03 19:30,Hapoel Holon BC,Bnei Herzliya Basket,Israel - Super League,Bet365,Alternative Totals,,,,,2.00,1.71,,,187,"{""hdp"": 187, ""over"": ""2.00"", ""under"": ""1.71""}",2026-06-02T14:21:36.913Z
71781788,Basketball,2026-06-03 19:30,Hapoel Holon BC,Bnei Herzliya Basket,Israel - Super League,Bet365,Alternative Totals,,,,,2.05,1.68,,,187.5,"{""hdp"": 187.5, ""over"": ""2.05"", ""under"": ""1.68""}",2026-06-02T14:21:36.913Z
71781788,Basketball,2026-06-03 19:30,Hapoel Holon BC,Bnei Herzliya Basket,Israel - Super League,Bet365,Alternative Totals,,,,,2.10,1.66,,,188,"{""hdp"": 188, ""over"": ""2.10"", ""under"": ""1.66""}",2026-06-02T14:21:36.913Z
71781788,Basketball,2026-06-03 19:30,Hapoel Holon BC,Bnei Herzliya Basket,Israel - Super League,Bet365,Alternative Totals,,,,,2.12,1.64,,,188.5,"{""hdp"": 188.5, ""over"": ""2.12"", ""under"": ""1.64""}",2026-06-02T14:21:36.913Z
71781788,Basketball,2026-06-03 19:30,Hapoel Holon BC,Bnei Herzliya Basket,Israel - Super League,Bet365,Alternative Totals,,,,,2.20,1.60,,,189,"{""hdp"": 189, ""over"": ""2.20"", ""under"": ""1.60""}",2026-06-02T14:21:36.913Z
71781788,Basketball,2026-06-03 19:30,Hapoel Holon BC,Bnei Herzliya Basket,Israel - Super League,Bet365,Alternative Totals,,,,,2.22,1.58,,,189.5,"{""hdp"": 189.5, ""over"": ""2.22"", ""under"": ""1.58""}",2026-06-02T14:21:36.913Z
71781788,Basketball,2026-06-03 19:30,Hapoel Holon BC,Bnei Herzliya Basket,Israel - Super League,Bet365,Alternative Totals,,,,,2.30,1.55,,,190,"{""hdp"": 190, ""over"": ""2.30"", ""under"": ""1.55""}",2026-06-02T14:21:36.913Z
71781788,Basketball,2026-06-03 19:30,Hapoel Holon BC,Bnei Herzliya Basket,Israel - Super League,Bet365,Alternative Totals,,,,,2.35,1.54,,,190.5,"{""hdp"": 190.5, ""over"": ""2.35"", ""under"": ""1.54""}",2026-06-02T14:21:36.913Z
71781788,Basketball,2026-06-03 19:30,Hapoel Holon BC,Bnei Herzliya Basket,Israel - Super League,Bet365,Alternative Totals,,,,,2.40,1.52,,,191,"{""hdp"": 191, ""over"": ""2.40"", ""under"": ""1.52""}",2026-06-02T14:21:36.913Z
71781788,Basketball,2026-06-03 19:30,Hapoel Holon BC,Bnei Herzliya Basket,Israel - Super League,Bet365,Alternative Totals,,,,,2.50,1.50,,,191.5,"{""hdp"": 191.5, ""over"": ""2.50"", ""under"": ""1.50""}",2026-06-02T14:21:36.913Z
71781788,Basketball,2026-06-03 19:30,Hapoel Holon BC,Bnei Herzliya Basket,Israel - Super League,Bet365,Alternative Totals,,,,,2.55,1.47,,,192,"{""hdp"": 192, ""over"": ""2.55"", ""under"": ""1.47""}",2026-06-02T14:21:36.913Z
71781788,Basketball,2026-06-03 19:30,Hapoel Holon BC,Bnei Herzliya Basket,Israel - Super League,Bet365,Alternative Totals,,,,,2.62,1.44,,,192.5,"{""hdp"": 192.5, ""over"": ""2.62"", ""under"": ""1.44""}",2026-06-02T14:21:36.913Z
71781788,Basketball,2026-06-03 19:30,Hapoel Holon BC,Bnei Herzliya Basket,Israel - Super League,Bet365,Alternative Totals,,,,,2.70,1.41,,,193,"{""hdp"": 193, ""over"": ""2.70"", ""under"": ""1.41""}",2026-06-02T14:21:36.913Z
71781788,Basketball,2026-06-03 19:30,Hapoel Holon BC,Bnei Herzliya Basket,Israel - Super League,Bet365,Alternative Totals,,,,,2.75,1.40,,,193.5,"{""hdp"": 193.5, ""over"": ""2.75"", ""under"": ""1.40""}",2026-06-02T14:21:36.913Z
71781788,Basketball,2026-06-03 19:30,Hapoel Holon BC,Bnei Herzliya Basket,Israel - Super League,Bet365,ML Q1,,1.62,,2.15,,,,,,"{""home"": ""1.62"", ""away"": ""2.15""}",2026-06-02T14:09:23.809Z
71781788,Basketball,2026-06-03 19:30,Hapoel Holon BC,Bnei Herzliya Basket,Israel - Super League,Bet365,Spread Q1,,1.83,,1.83,,,,,-1.5,"{""hdp"": -1.5, ""home"": ""1.83"", ""away"": ""1.83""}",2026-06-02T14:09:23.809Z
71781788,Basketball,2026-06-03 19:30,Hapoel Holon BC,Bnei Herzliya Basket,Israel - Super League,Bet365,Alternative Spread,,3.65,,1.26,,,,,-13.5,"{""hdp"": -13.5, ""home"": ""3.65"", ""away"": ""1.26""}",2026-06-02T14:19:53.801Z
71781788,Basketball,2026-06-03 19:30,Hapoel Holon BC,Bnei Herzliya Basket,Israel - Super League,Bet365,Alternative Spread,,3.50,,1.27,,,,,-13,"{""hdp"": -13, ""home"": ""3.50"", ""away"": ""1.27""}",2026-06-02T14:19:53.801Z
71781788,Basketball,2026-06-03 19:30,Hapoel Holon BC,Bnei Herzliya Basket,Israel - Super League,Bet365,Alternative Spread,,3.30,,1.30,,,,,-12.5,"{""hdp"": -12.5, ""home"": ""3.30"", ""away"": ""1.30""}",2026-06-02T14:19:53.801Z
71781788,Basketball,2026-06-03 19:30,Hapoel Holon BC,Bnei Herzliya Basket,Israel - Super League,Bet365,Alternative Spread,,3.25,,1.31,,,,,-12,"{""hdp"": -12, ""home"": ""3.25"", ""away"": ""1.31""}",2026-06-02T14:19:53.801Z
71781788,Basketball,2026-06-03 19:30,Hapoel Holon BC,Bnei Herzliya Basket,Israel - Super League,Bet365,Alternative Spread,,3.10,,1.34,,,,,-11.5,"{""hdp"": -11.5, ""home"": ""3.10"", ""away"": ""1.34""}",2026-06-02T14:19:53.801Z
71781788,Basketball,2026-06-03 19:30,Hapoel Holon BC,Bnei Herzliya Basket,Israel - Super League,Bet365,Alternative Spread,,2.95,,1.36,,,,,-11,"{""hdp"": -11, ""home"": ""2.95"", ""away"": ""1.36""}",2026-06-02T14:19:53.801Z
71781788,Basketball,2026-06-03 19:30,Hapoel Holon BC,Bnei Herzliya Basket,Israel - Super League,Bet365,Alternative Spread,,2.80,,1.40,,,,,-10.5,"{""hdp"": -10.5, ""home"": ""2.80"", ""away"": ""1.40""}",2026-06-02T14:19:53.801Z
71781788,Basketball,2026-06-03 19:30,Hapoel Holon BC,Bnei Herzliya Basket,Israel - Super League,Bet365,Alternative Spread,,2.75,,1.41,,,,,-10,"{""hdp"": -10, ""home"": ""2.75"", ""away"": ""1.41""}",2026-06-02T14:19:53.801Z
71781788,Basketball,2026-06-03 19:30,Hapoel Holon BC,Bnei Herzliya Basket,Israel - Super League,Bet365,Alternative Spread,,2.65,,1.45,,,,,-9.5,"{""hdp"": -9.5, ""home"": ""2.65"", ""away"": ""1.45""}",2026-06-02T14:19:53.801Z
71781788,Basketball,2026-06-03 19:30,Hapoel Holon BC,Bnei Herzliya Basket,Israel - Super League,Bet365,Alternative Spread,,2.55,,1.50,,,,,-9,"{""hdp"": -9, ""home"": ""2.55"", ""away"": ""1.50""}",2026-06-02T14:19:53.801Z
71781788,Basketball,2026-06-03 19:30,Hapoel Holon BC,Bnei Herzliya Basket,Israel - Super League,Bet365,Alternative Spread,,2.40,,1.54,,,,,-8.5,"{""hdp"": -8.5, ""home"": ""2.40"", ""away"": ""1.54""}",2026-06-02T14:19:53.801Z
71781788,Basketball,2026-06-03 19:30,Hapoel Holon BC,Bnei Herzliya Basket,Israel - Super League,Bet365,Alternative Spread,,2.35,,1.55,,,,,-8,"{""hdp"": -8, ""home"": ""2.35"", ""away"": ""1.55""}",2026-06-02T14:19:53.801Z
71781788,Basketball,2026-06-03 19:30,Hapoel Holon BC,Bnei Herzliya Basket,Israel - Super League,Bet365,Alternative Spread,,2.25,,1.60,,,,,-7.5,"{""hdp"": -7.5, ""home"": ""2.25"", ""away"": ""1.60""}",2026-06-02T14:19:53.801Z
71781788,Basketball,2026-06-03 19:30,Hapoel Holon BC,Bnei Herzliya Basket,Israel - Super League,Bet365,Alternative Spread,,2.17,,1.64,,,,,-7,"{""hdp"": -7, ""home"": ""2.17"", ""away"": ""1.64""}",2026-06-02T14:19:53.801Z
71781788,Basketball,2026-06-03 19:30,Hapoel Holon BC,Bnei Herzliya Basket,Israel - Super League,Bet365,Alternative Spread,,2.10,,1.68,,,,,-6.5,"{""hdp"": -6.5, ""home"": ""2.10"", ""away"": ""1.68""}",2026-06-02T14:19:53.801Z
71781788,Basketball,2026-06-03 19:30,Hapoel Holon BC,Bnei Herzliya Basket,Israel - Super League,Bet365,Alternative Spread,,2.00,,1.74,,,,,-6,"{""hdp"": -6, ""home"": ""2.00"", ""away"": ""1.74""}",2026-06-02T14:19:53.801Z
71781788,Basketball,2026-06-03 19:30,Hapoel Holon BC,Bnei Herzliya Basket,Israel - Super League,Bet365,Alternative Spread,,1.86,,1.83,,,,,-5,"{""hdp"": -5, ""home"": ""1.86"", ""away"": ""1.83""}",2026-06-02T14:19:53.801Z
71781788,Basketball,2026-06-03 19:30,Hapoel Holon BC,Bnei Herzliya Basket,Israel - Super League,Bet365,Alternative Spread,,1.83,,1.86,,,,,-4.5,"{""hdp"": -4.5, ""home"": ""1.83"", ""away"": ""1.86""}",2026-06-02T14:19:53.801Z
71781788,Basketball,2026-06-03 19:30,Hapoel Holon BC,Bnei Herzliya Basket,Israel - Super League,Bet365,Alternative Spread,,1.76,,1.95,,,,,-4,"{""hdp"": -4, ""home"": ""1.76"", ""away"": ""1.95""}",2026-06-02T14:19:53.801Z
71781788,Basketball,2026-06-03 19:30,Hapoel Holon BC,Bnei Herzliya Basket,Israel - Super League,Bet365,Alternative Spread,,1.71,,2.05,,,,,-3.5,"{""hdp"": -3.5, ""home"": ""1.71"", ""away"": ""2.05""}",2026-06-02T14:19:53.801Z
71781788,Basketball,2026-06-03 19:30,Hapoel Holon BC,Bnei Herzliya Basket,Israel - Super League,Bet365,Alternative Spread,,1.66,,2.12,,,,,-3,"{""hdp"": -3, ""home"": ""1.66"", ""away"": ""2.12""}",2026-06-02T14:19:53.801Z
71781788,Basketball,2026-06-03 19:30,Hapoel Holon BC,Bnei Herzliya Basket,Israel - Super League,Bet365,Alternative Spread,,1.62,,2.20,,,,,-2.5,"{""hdp"": -2.5, ""home"": ""1.62"", ""away"": ""2.20""}",2026-06-02T14:19:53.801Z
71781788,Basketball,2026-06-03 19:30,Hapoel Holon BC,Bnei Herzliya Basket,Israel - Super League,Bet365,Alternative Spread,,1.57,,2.30,,,,,-2,"{""hdp"": -2, ""home"": ""1.57"", ""away"": ""2.30""}",2026-06-02T14:19:53.801Z
71781788,Basketball,2026-06-03 19:30,Hapoel Holon BC,Bnei Herzliya Basket,Israel - Super League,Bet365,Alternative Spread,,1.54,,2.40,,,,,-1.5,"{""hdp"": -1.5, ""home"": ""1.54"", ""away"": ""2.40""}",2026-06-02T14:19:53.801Z
71781788,Basketball,2026-06-03 19:30,Hapoel Holon BC,Bnei Herzliya Basket,Israel - Super League,Bet365,Alternative Spread,,1.47,,2.55,,,,,-1,"{""hdp"": -1, ""home"": ""1.47"", ""away"": ""2.55""}",2026-06-02T14:19:53.801Z
71781788,Basketball,2026-06-03 19:30,Hapoel Holon BC,Bnei Herzliya Basket,Israel - Super League,Bet365,Alternative Spread,,1.40,,2.72,,,,,1,"{""hdp"": 1, ""home"": ""1.40"", ""away"": ""2.72""}",2026-06-02T14:19:53.801Z
71781788,Basketball,2026-06-03 19:30,Hapoel Holon BC,Bnei Herzliya Basket,Israel - Super League,Bet365,Alternative Spread,,1.38,,2.80,,,,,1.5,"{""hdp"": 1.5, ""home"": ""1.38"", ""away"": ""2.80""}",2026-06-02T14:19:53.801Z
71781788,Basketball,2026-06-03 19:30,Hapoel Holon BC,Bnei Herzliya Basket,Israel - Super League,Bet365,Alternative Spread,,1.34,,3.05,,,,,2,"{""hdp"": 2, ""home"": ""1.34"", ""away"": ""3.05""}",2026-06-02T14:19:53.801Z
71781788,Basketball,2026-06-03 19:30,Hapoel Holon BC,Bnei Herzliya Basket,Israel - Super League,Bet365,Alternative Spread,,1.33,,3.10,,,,,2.5,"{""hdp"": 2.5, ""home"": ""1.33"", ""away"": ""3.10""}",2026-06-02T14:19:53.801Z
62090350,Handball,2026-06-03 19:00,Rhein-Neckar Lowen,TSV Hannover-Burgdorf,Germany - Bundesliga,Bet365,ML,,1.50,,2.50,,,,,,"{""home"": ""1.50"", ""away"": ""2.50""}",2026-06-03T00:08:17.432Z
62090350,Handball,2026-06-03 19:00,Rhein-Neckar Lowen,TSV Hannover-Burgdorf,Germany - Bundesliga,Bet365,Double Chance,Rhein Neckar Lowen or Tie,,,,,1.37,,,,"{""label"": ""Rhein Neckar Lowen or Tie"", ""under"": ""1.37""}",2026-06-03T02:26:31.064Z
62090350,Handball,2026-06-03 19:00,Rhein-Neckar Lowen,TSV Hannover-Burgdorf,Germany - Bundesliga,Bet365,Double Chance,TSV Hannover Burgdorf or Tie,,,,,2.10,,,,"{""label"": ""TSV Hannover Burgdorf or Tie"", ""under"": ""2.10""}",2026-06-03T02:26:31.064Z
62090350,Handball,2026-06-03 19:00,Rhein-Neckar Lowen,TSV Hannover-Burgdorf,Germany - Bundesliga,Bet365,Double Chance,Rhein Neckar Lowen or TSV Hannover Burgdorf,,,,,1.05,,,,"{""label"": ""Rhein Neckar Lowen or TSV Hannover Burgdorf"", ""under"": ""1.05""}",2026-06-03T02:26:31.064Z
62090350,Handball,2026-06-03 19:00,Rhein-Neckar Lowen,TSV Hannover-Burgdorf,Germany - Bundesliga,Bet365,Spread,,1.72,,2.10,,,,,-0.5,"{""hdp"": -0.5, ""home"": ""1.72"", ""away"": ""2.10""}",2026-06-03T00:08:17.432Z
62090350,Handball,2026-06-03 19:00,Rhein-Neckar Lowen,TSV Hannover-Burgdorf,Germany - Bundesliga,Bet365,Totals,,,,,2.00,1.78,,,61.5,"{""hdp"": 61.5, ""over"": ""2.00"", ""under"": ""1.78""}",2026-06-01T14:29:43.385Z
62090350,Handball,2026-06-03 19:00,Rhein-Neckar Lowen,TSV Hannover-Burgdorf,Germany - Bundesliga,Bet365,Team Total Home,,,,,2.00,1.72,,,31.5,"{""hdp"": 31.5, ""over"": ""2.00"", ""under"": ""1.72""}",2026-06-03T00:10:01.832Z
62090350,Handball,2026-06-03 19:00,Rhein-Neckar Lowen,TSV Hannover-Burgdorf,Germany - Bundesliga,Bet365,Team Total Away,,,,,1.80,1.90,,,29.5,"{""hdp"": 29.5, ""over"": ""1.80"", ""under"": ""1.90""}",2026-06-03T00:10:01.832Z
62090350,Handball,2026-06-03 19:00,Rhein-Neckar Lowen,TSV Hannover-Burgdorf,Germany - Bundesliga,Bet365,Game Lines 3-Way,Result (Tie),,,8.00,,,,,,"{""label"": ""Result (Tie)"", ""away"": ""8.00""}",2026-06-03T00:08:17.432Z
62090350,Handball,2026-06-03 19:00,Rhein-Neckar Lowen,TSV Hannover-Burgdorf,Germany - Bundesliga,Bet365,Game Lines 3-Way,Handicap (1) (-1),1.90,,,,,,,-1,"{""label"": ""Handicap (1) (-1)"", ""hdp"": -1, ""home"": ""1.90""}",2026-06-03T00:08:17.432Z
62090350,Handball,2026-06-03 19:00,Rhein-Neckar Lowen,TSV Hannover-Burgdorf,Germany - Bundesliga,Bet365,Game Lines 3-Way,Result (1),1.72,,,,,,,,"{""label"": ""Result (1)"", ""home"": ""1.72""}",2026-06-03T00:08:17.432Z
62090350,Handball,2026-06-03 19:00,Rhein-Neckar Lowen,TSV Hannover-Burgdorf,Germany - Bundesliga,Bet365,Game Lines 3-Way,Handicap (Tie) (1),,,2.10,,,,,1,"{""label"": ""Handicap (Tie) (1)"", ""hdp"": 1, ""away"": ""2.10""}",2026-06-03T00:08:17.432Z
62090350,Handball,2026-06-03 19:00,Rhein-Neckar Lowen,TSV Hannover-Burgdorf,Germany - Bundesliga,Bet365,Game Lines 3-Way,Result (2),,,2.90,,,,,,"{""label"": ""Result (2)"", ""away"": ""2.90""}",2026-06-03T00:08:17.432Z
62090356,Handball,2026-06-03 19:00,GWD Minden,THW Kiel,Germany - Bundesliga,Bet365,ML,,3.75,,1.22,,,,,,"{""home"": ""3.75"", ""away"": ""1.22""}",2026-05-31T19:20:36.396Z
62090356,Handball,2026-06-03 19:00,GWD Minden,THW Kiel,Germany - Bundesliga,Bet365,Double Chance,TSV GWD Minden or THW Kiel,,,,,1.04,,,,"{""label"": ""TSV GWD Minden or THW Kiel"", ""under"": ""1.04""}",2026-05-31T19:42:48.26Z
62090356,Handball,2026-06-03 19:00,GWD Minden,THW Kiel,Germany - Bundesliga,Bet365,Double Chance,TSV GWD Minden or Tie,,,,,2.90,,,,"{""label"": ""TSV GWD Minden or Tie"", ""under"": ""2.90""}",2026-05-31T19:42:48.26Z
62090356,Handball,2026-06-03 19:00,GWD Minden,THW Kiel,Germany - Bundesliga,Bet365,Double Chance,THW Kiel or Tie,,,,,1.18,,,,"{""label"": ""THW Kiel or Tie"", ""under"": ""1.18""}",2026-05-31T19:42:48.26Z
62090356,Handball,2026-06-03 19:00,GWD Minden,THW Kiel,Germany - Bundesliga,Bet365,Spread,,1.78,,2.00,,,,,3.5,"{""hdp"": 3.5, ""home"": ""1.78"", ""away"": ""2.00""}",2026-05-31T19:20:36.396Z
62090356,Handball,2026-06-03 19:00,GWD Minden,THW Kiel,Germany - Bundesliga,Bet365,Totals,,,,,1.88,1.88,,,60.5,"{""hdp"": 60.5, ""over"": ""1.88"", ""under"": ""1.88""}",2026-05-31T09:57:25.163Z
62090356,Handball,2026-06-03 19:00,GWD Minden,THW Kiel,Germany - Bundesliga,Bet365,Team Total Home,,,,,1.80,1.90,,,28.5,"{""hdp"": 28.5, ""over"": ""1.80"", ""under"": ""1.90""}",2026-05-31T20:18:33.723Z
62090356,Handball,2026-06-03 19:00,GWD Minden,THW Kiel,Germany - Bundesliga,Bet365,Team Total Away,,,,,1.85,1.85,,,31.5,"{""hdp"": 31.5, ""over"": ""1.85"", ""under"": ""1.85""}",2026-05-31T20:18:33.723Z
62090356,Handball,2026-06-03 19:00,GWD Minden,THW Kiel,Germany - Bundesliga,Bet365,Game Lines 3-Way,Handicap (1) (3),2.00,,,,,,,3,"{""label"": ""Handicap (1) (3)"", ""hdp"": 3, ""home"": ""2.00""}",2026-05-31T19:20:36.396Z
62090356,Handball,2026-06-03 19:00,GWD Minden,THW Kiel,Germany - Bundesliga,Bet365,Game Lines 3-Way,Result (1),4.50,,,,,,,,"{""label"": ""Result (1)"", ""home"": ""4.50""}",2026-05-31T19:20:36.396Z
62090356,Handball,2026-06-03 19:00,GWD Minden,THW Kiel,Germany - Bundesliga,Bet365,Game Lines 3-Way,Handicap (Tie) (-3),,,2.00,,,,,-3,"{""label"": ""Handicap (Tie) (-3)"", ""hdp"": -3, ""away"": ""2.00""}",2026-05-31T19:20:36.396Z
62090356,Handball,2026-06-03 19:00,GWD Minden,THW Kiel,Germany - Bundesliga,Bet365,Game Lines 3-Way,Result (Tie),,,9.50,,,,,,"{""label"": ""Result (Tie)"", ""away"": ""9.50""}",2026-05-31T19:20:36.396Z
62090356,Handball,2026-06-03 19:00,GWD Minden,THW Kiel,Germany - Bundesliga,Bet365,Game Lines 3-Way,Result (2),,,1.37,,,,,,"{""label"": ""Result (2)"", ""away"": ""1.37""}",2026-05-31T19:20:36.396Z
62090358,Handball,2026-06-03 19:00,FRISCH AUF! Goppingen,TVB Stuttgart,Germany - Bundesliga,Bet365,ML,,1.35,,2.95,,,,,,"{""home"": ""1.35"", ""away"": ""2.95""}",2026-05-31T09:57:08.945Z
62090358,Handball,2026-06-03 19:00,FRISCH AUF! Goppingen,TVB Stuttgart,Germany - Bundesliga,Bet365,Double Chance,Frisch Auf Goppingen or TVB Stuttgart,,,,,1.05,,,,"{""label"": ""Frisch Auf Goppingen or TVB Stuttgart"", ""under"": ""1.05""}",2026-05-31T10:34:21.294Z
62090358,Handball,2026-06-03 19:00,FRISCH AUF! Goppingen,TVB Stuttgart,Germany - Bundesliga,Bet365,Double Chance,Frisch Auf Goppingen or Tie,,,,,1.27,,,,"{""label"": ""Frisch Auf Goppingen or Tie"", ""under"": ""1.27""}",2026-05-31T10:34:21.294Z
62090358,Handball,2026-06-03 19:00,FRISCH AUF! Goppingen,TVB Stuttgart,Germany - Bundesliga,Bet365,Double Chance,TVB Stuttgart or Tie,,,,,2.40,,,,"{""label"": ""TVB Stuttgart or Tie"", ""under"": ""2.40""}",2026-05-31T10:34:21.294Z
62090358,Handball,2026-06-03 19:00,FRISCH AUF! Goppingen,TVB Stuttgart,Germany - Bundesliga,Bet365,Spread,,1.78,,2.00,,,,,-1.5,"{""hdp"": -1.5, ""home"": ""1.78"", ""away"": ""2.00""}",2026-05-31T09:57:08.945Z
62090358,Handball,2026-06-03 19:00,FRISCH AUF! Goppingen,TVB Stuttgart,Germany - Bundesliga,Bet365,Totals,,,,,1.88,1.88,,,58.5,"{""hdp"": 58.5, ""over"": ""1.88"", ""under"": ""1.88""}",2026-06-02T19:10:49.789Z
62090358,Handball,2026-06-03 19:00,FRISCH AUF! Goppingen,TVB Stuttgart,Germany - Bundesliga,Bet365,Team Total Home,,,,,2.00,1.72,,,30.5,"{""hdp"": 30.5, ""over"": ""2.00"", ""under"": ""1.72""}",2026-06-02T18:05:36.255Z
62090358,Handball,2026-06-03 19:00,FRISCH AUF! Goppingen,TVB Stuttgart,Germany - Bundesliga,Bet365,Team Total Away,,,,,1.95,1.75,,,28.5,"{""hdp"": 28.5, ""over"": ""1.95"", ""under"": ""1.75""}",2026-06-02T18:05:36.255Z
62090358,Handball,2026-06-03 19:00,FRISCH AUF! Goppingen,TVB Stuttgart,Germany - Bundesliga,Bet365,Game Lines 3-Way,Handicap (1) (-2),2.00,,,,,,,-2,"{""label"": ""Handicap (1) (-2)"", ""hdp"": -2, ""home"": ""2.00""}",2026-06-02T19:10:49.789Z
62090358,Handball,2026-06-03 19:00,FRISCH AUF! Goppingen,TVB Stuttgart,Germany - Bundesliga,Bet365,Game Lines 3-Way,Result (1),1.52,,,,,,,,"{""label"": ""Result (1)"", ""home"": ""1.52""}",2026-06-02T19:10:49.789Z
62090358,Handball,2026-06-03 19:00,FRISCH AUF! Goppingen,TVB Stuttgart,Germany - Bundesliga,Bet365,Game Lines 3-Way,Handicap (Tie) (2),,,2.00,,,,,2,"{""label"": ""Handicap (Tie) (2)"", ""hdp"": 2, ""away"": ""2.00""}",2026-06-02T19:10:49.789Z
62090358,Handball,2026-06-03 19:00,FRISCH AUF! Goppingen,TVB Stuttgart,Germany - Bundesliga,Bet365,Game Lines 3-Way,Result (2),,,3.50,,,,,,"{""label"": ""Result (2)"", ""away"": ""3.50""}",2026-06-02T19:10:49.789Z
62090358,Handball,2026-06-03 19:00,FRISCH AUF! Goppingen,TVB Stuttgart,Germany - Bundesliga,Bet365,Game Lines 3-Way,Result (Tie),,,8.50,,,,,,"{""label"": ""Result (Tie)"", ""away"": ""8.50""}",2026-06-02T19:10:49.789Z
62090348,Handball,2026-06-03 20:00,SC Magdeburg,VfL Gummersbach,Germany - Bundesliga,Bet365,ML,,1.13,,5.25,,,,,,"{""home"": ""1.13"", ""away"": ""5.25""}",2026-05-31T09:57:25.163Z
62090348,Handball,2026-06-03 20:00,SC Magdeburg,VfL Gummersbach,Germany - Bundesliga,Bet365,Double Chance,SC Magdeburg or Vfl Gummersbach,,,,,1.02,,,,"{""label"": ""SC Magdeburg or Vfl Gummersbach"", ""under"": ""1.02""}",2026-05-31T10:34:21.294Z
62090348,Handball,2026-06-03 20:00,SC Magdeburg,VfL Gummersbach,Germany - Bundesliga,Bet365,Double Chance,SC Magdeburg or Tie,,,,,1.10,,,,"{""label"": ""SC Magdeburg or Tie"", ""under"": ""1.10""}",2026-05-31T10:34:21.294Z
62090348,Handball,2026-06-03 20:00,SC Magdeburg,VfL Gummersbach,Germany - Bundesliga,Bet365,Double Chance,Vfl Gummersbach or Tie,,,,,3.80,,,,"{""label"": ""Vfl Gummersbach or Tie"", ""under"": ""3.80""}",2026-05-31T10:34:21.294Z
62090348,Handball,2026-06-03 20:00,SC Magdeburg,VfL Gummersbach,Germany - Bundesliga,Bet365,Spread,,1.88,,1.88,,,,,-4.5,"{""hdp"": -4.5, ""home"": ""1.88"", ""away"": ""1.88""}",2026-05-31T09:57:25.163Z
62090348,Handball,2026-06-03 20:00,SC Magdeburg,VfL Gummersbach,Germany - Bundesliga,Bet365,Totals,,,,,1.88,1.88,,,61.5,"{""hdp"": 61.5, ""over"": ""1.88"", ""under"": ""1.88""}",2026-05-31T09:57:25.163Z
62090348,Handball,2026-06-03 20:00,SC Magdeburg,VfL Gummersbach,Germany - Bundesliga,Bet365,Team Total Home,,,,,1.80,1.90,,,32.5,"{""hdp"": 32.5, ""over"": ""1.80"", ""under"": ""1.90""}",2026-05-31T12:18:56.102Z
62090348,Handball,2026-06-03 20:00,SC Magdeburg,VfL Gummersbach,Germany - Bundesliga,Bet365,Team Total Away,,,,,1.80,1.90,,,28.5,"{""hdp"": 28.5, ""over"": ""1.80"", ""under"": ""1.90""}",2026-05-31T12:18:56.102Z
62090348,Handball,2026-06-03 20:00,SC Magdeburg,VfL Gummersbach,Germany - Bundesliga,Bet365,Game Lines 3-Way,Handicap (1) (-4),1.88,,,,,,,-4,"{""label"": ""Handicap (1) (-4)"", ""hdp"": -4, ""home"": ""1.88""}",2026-05-31T09:57:25.163Z
62090348,Handball,2026-06-03 20:00,SC Magdeburg,VfL Gummersbach,Germany - Bundesliga,Bet365,Game Lines 3-Way,Result (1),1.22,,,,,,,,"{""label"": ""Result (1)"", ""home"": ""1.22""}",2026-05-31T09:57:25.163Z
62090348,Handball,2026-06-03 20:00,SC Magdeburg,VfL Gummersbach,Germany - Bundesliga,Bet365,Game Lines 3-Way,Handicap (Tie) (4),,,2.15,,,,,4,"{""label"": ""Handicap (Tie) (4)"", ""hdp"": 4, ""away"": ""2.15""}",2026-05-31T09:57:25.163Z
62090348,Handball,2026-06-03 20:00,SC Magdeburg,VfL Gummersbach,Germany - Bundesliga,Bet365,Game Lines 3-Way,Result (Tie),,,11.00,,,,,,"{""label"": ""Result (Tie)"", ""away"": ""11.00""}",2026-05-31T09:57:25.163Z
62090348,Handball,2026-06-03 20:00,SC Magdeburg,VfL Gummersbach,Germany - Bundesliga,Bet365,Game Lines 3-Way,Result (2),,,6.50,,,,,,"{""label"": ""Result (2)"", ""away"": ""6.50""}",2026-05-31T09:57:25.163Z
62090352,Handball,2026-06-03 20:00,TBV Lemgo Lippe,SC DHfK Leipzig,Germany - Bundesliga,Bet365,ML,,1.11,,6.00,,,,,,"{""home"": ""1.11"", ""away"": ""6.00""}",2026-06-02T23:02:36.944Z
62090352,Handball,2026-06-03 20:00,TBV Lemgo Lippe,SC DHfK Leipzig,Germany - Bundesliga,Bet365,Double Chance,TBV Lemgo Lippe or Tie,,,,,1.08,,,,"{""label"": ""TBV Lemgo Lippe or Tie"", ""under"": ""1.08""}",2026-06-02T23:26:07.984Z
62090352,Handball,2026-06-03 20:00,TBV Lemgo Lippe,SC DHfK Leipzig,Germany - Bundesliga,Bet365,Double Chance,TBV Lemgo Lippe or SC DHFK Leipzig,,,,,1.02,,,,"{""label"": ""TBV Lemgo Lippe or SC DHFK Leipzig"", ""under"": ""1.02""}",2026-06-02T23:26:07.984Z
62090352,Handball,2026-06-03 20:00,TBV Lemgo Lippe,SC DHfK Leipzig,Germany - Bundesliga,Bet365,Double Chance,SC DHFK Leipzig or Tie,,,,,4.25,,,,"{""label"": ""SC DHFK Leipzig or Tie"", ""under"": ""4.25""}",2026-06-02T23:26:07.984Z
62090352,Handball,2026-06-03 20:00,TBV Lemgo Lippe,SC DHfK Leipzig,Germany - Bundesliga,Bet365,Spread,,1.85,,1.90,,,,,-4.5,"{""hdp"": -4.5, ""home"": ""1.85"", ""away"": ""1.90""}",2026-05-31T09:56:22.515Z
62090352,Handball,2026-06-03 20:00,TBV Lemgo Lippe,SC DHfK Leipzig,Germany - Bundesliga,Bet365,Totals,,,,,1.88,1.88,,,60.5,"{""hdp"": 60.5, ""over"": ""1.88"", ""under"": ""1.88""}",2026-06-02T23:02:36.944Z
62090352,Handball,2026-06-03 20:00,TBV Lemgo Lippe,SC DHfK Leipzig,Germany - Bundesliga,Bet365,Team Total Home,,,,,1.90,1.80,,,32.5,"{""hdp"": 32.5, ""over"": ""1.90"", ""under"": ""1.80""}",2026-06-02T22:42:22.634Z
62090352,Handball,2026-06-03 20:00,TBV Lemgo Lippe,SC DHfK Leipzig,Germany - Bundesliga,Bet365,Team Total Away,,,,,1.72,2.00,,,27.5,"{""hdp"": 27.5, ""over"": ""1.72"", ""under"": ""2.00""}",2026-06-02T22:42:22.634Z
62090352,Handball,2026-06-03 20:00,TBV Lemgo Lippe,SC DHfK Leipzig,Germany - Bundesliga,Bet365,Game Lines 3-Way,Handicap (1) (-5),2.10,,,,,,,-5,"{""label"": ""Handicap (1) (-5)"", ""hdp"": -5, ""home"": ""2.10""}",2026-06-02T23:02:36.944Z
62090352,Handball,2026-06-03 20:00,TBV Lemgo Lippe,SC DHfK Leipzig,Germany - Bundesliga,Bet365,Game Lines 3-Way,Result (1),1.20,,,,,,,,"{""label"": ""Result (1)"", ""home"": ""1.20""}",2026-06-02T23:02:36.944Z
62090352,Handball,2026-06-03 20:00,TBV Lemgo Lippe,SC DHfK Leipzig,Germany - Bundesliga,Bet365,Game Lines 3-Way,Handicap (Tie) (5),,,1.90,,,,,5,"{""label"": ""Handicap (Tie) (5)"", ""hdp"": 5, ""away"": ""1.90""}",2026-06-02T23:02:36.944Z
62090352,Handball,2026-06-03 20:00,TBV Lemgo Lippe,SC DHfK Leipzig,Germany - Bundesliga,Bet365,Game Lines 3-Way,Result (Tie),,,12.00,,,,,,"{""label"": ""Result (Tie)"", ""away"": ""12.00""}",2026-06-02T23:02:36.944Z
62090352,Handball,2026-06-03 20:00,TBV Lemgo Lippe,SC DHfK Leipzig,Germany - Bundesliga,Bet365,Game Lines 3-Way,Result (2),,,7.00,,,,,,"{""label"": ""Result (2)"", ""away"": ""7.00""}",2026-06-02T23:02:36.944Z
68858882,Cricket,2026-06-03 19:30,Surrey,Middlesex,England - T20 Blast,Bet365,ML,,1.40,,3.00,,,,,,"{""home"": ""1.40"", ""away"": ""3.00""}",2026-06-01T09:28:33.308Z
68858882,Cricket,2026-06-03 19:30,Surrey,Middlesex,England - T20 Blast,Bet365,Totals,,,,,1.72,2.00,,,29.5,"{""hdp"": 29.5, ""over"": ""1.72"", ""under"": ""2.00""}",2026-06-01T12:00:14.822Z
68858882,Cricket,2026-06-03 19:30,Surrey,Middlesex,England - T20 Blast,Bet365,Match - Runs in 1st x Overs - Team,6 Overs,,,,1.83,1.83,,,54.5,"{""label"": ""6 Overs"", ""hdp"": 54.5, ""over"": ""1.83"", ""under"": ""1.83""}",2026-06-02T23:22:15.346Z
68858882,Cricket,2026-06-03 19:30,Surrey,Middlesex,England - T20 Blast,Bet365,Match - Runs in 1st x Overs - Team,15 Overs,,,,1.83,1.83,,,136.5,"{""label"": ""15 Overs"", ""hdp"": 136.5, ""over"": ""1.83"", ""under"": ""1.83""}",2026-06-02T23:22:15.346Z
68858882,Cricket,2026-06-03 19:30,Surrey,Middlesex,England - T20 Blast,Bet365,Match - Runs in 1st x Overs - Team,15 Overs,,,,1.83,1.83,,,126.5,"{""label"": ""15 Overs"", ""hdp"": 126.5, ""over"": ""1.83"", ""under"": ""1.83""}",2026-06-02T23:22:15.346Z
68858882,Cricket,2026-06-03 19:30,Surrey,Middlesex,England - T20 Blast,Bet365,Match - Runs in 1st x Overs - Team,10 Overs,,,,1.83,1.83,,,88.5,"{""label"": ""10 Overs"", ""hdp"": 88.5, ""over"": ""1.83"", ""under"": ""1.83""}",2026-06-02T23:22:15.346Z
68858882,Cricket,2026-06-03 19:30,Surrey,Middlesex,England - T20 Blast,Bet365,Match - Runs in 1st x Overs - Team,6 Overs,,,,1.83,1.83,,,50.5,"{""label"": ""6 Overs"", ""hdp"": 50.5, ""over"": ""1.83"", ""under"": ""1.83""}",2026-06-02T23:22:15.346Z
68858882,Cricket,2026-06-03 19:30,Surrey,Middlesex,England - T20 Blast,Bet365,Match - Runs in 1st x Overs - Team,10 Overs,,,,1.83,1.83,,,82.5,"{""label"": ""10 Overs"", ""hdp"": 82.5, ""over"": ""1.83"", ""under"": ""1.83""}",2026-06-02T23:22:15.346Z
68858882,Cricket,2026-06-03 19:30,Surrey,Middlesex,England - T20 Blast,Bet365,Team - Top Batter,WG Jacks,,,,4.33,,,,,"{""label"": ""WG Jacks"", ""over"": ""4.33""}",2026-06-01T12:08:55.035Z
68858882,Cricket,2026-06-03 19:30,Surrey,Middlesex,England - T20 Blast,Bet365,Team - Top Batter,JJ Roy,,,,4.33,,,,,"{""label"": ""JJ Roy"", ""over"": ""4.33""}",2026-06-01T12:08:55.035Z
68858882,Cricket,2026-06-03 19:30,Surrey,Middlesex,England - T20 Blast,Bet365,Team - Top Batter,S Curran,,,,5.50,,,,,"{""label"": ""S Curran"", ""over"": ""5.50""}",2026-06-01T12:08:55.035Z
68858882,Cricket,2026-06-03 19:30,Surrey,Middlesex,England - T20 Blast,Bet365,Team - Top Batter,OJD Pope,,,,5.50,,,,,"{""label"": ""OJD Pope"", ""over"": ""5.50""}",2026-06-01T12:08:55.035Z
68858882,Cricket,2026-06-03 19:30,Surrey,Middlesex,England - T20 Blast,Bet365,Team - Top Batter,D Lawrence,,,,6.00,,,,,"{""label"": ""D Lawrence"", ""over"": ""6.00""}",2026-06-01T12:08:55.035Z
68858882,Cricket,2026-06-03 19:30,Surrey,Middlesex,England - T20 Blast,Bet365,Team - Top Batter,A Thomas,,,,6.50,,,,,"{""label"": ""A Thomas"", ""over"": ""6.50""}",2026-06-01T12:08:55.035Z
68858882,Cricket,2026-06-03 19:30,Surrey,Middlesex,England - T20 Blast,Bet365,Team - Top Batter,LJ Evans,,,,7.00,,,,,"{""label"": ""LJ Evans"", ""over"": ""7.00""}",2026-06-01T12:08:55.035Z
68858882,Cricket,2026-06-03 19:30,Surrey,Middlesex,England - T20 Blast,Bet365,Team - Top Batter,TK Curran,,,,19.00,,,,,"{""label"": ""TK Curran"", ""over"": ""19.00""}",2026-06-01T12:08:55.035Z
68858882,Cricket,2026-06-03 19:30,Surrey,Middlesex,England - T20 Blast,Bet365,Team - Top Batter,J Clark,,,,29.00,,,,,"{""label"": ""J Clark"", ""over"": ""29.00""}",2026-06-01T12:08:55.035Z
68858882,Cricket,2026-06-03 19:30,Surrey,Middlesex,England - T20 Blast,Bet365,Team - Top Batter,SA Abbott,,,,41.00,,,,,"{""label"": ""SA Abbott"", ""over"": ""41.00""}",2026-06-01T12:08:55.035Z
68858882,Cricket,2026-06-03 19:30,Surrey,Middlesex,England - T20 Blast,Bet365,Team - Top Batter,TE Lawes,,,,251.00,,,,,"{""label"": ""TE Lawes"", ""over"": ""251.00""}",2026-06-01T12:08:55.035Z
68858882,Cricket,2026-06-03 19:30,Surrey,Middlesex,England - T20 Blast,Bet365,Team - Top Batter,Y Majid,,,,251.00,,,,,"{""label"": ""Y Majid"", ""over"": ""251.00""}",2026-06-01T12:08:55.035Z
68858882,Cricket,2026-06-03 19:30,Surrey,Middlesex,England - T20 Blast,Bet365,Team - Top Batter,RJW Topley,,,,251.00,,,,,"{""label"": ""RJW Topley"", ""over"": ""251.00""}",2026-06-01T12:08:55.035Z
68858882,Cricket,2026-06-03 19:30,Surrey,Middlesex,England - T20 Blast,Bet365,Team - Top Batter,DJ Worrall,,,,251.00,,,,,"{""label"": ""DJ Worrall"", ""over"": ""251.00""}",2026-06-01T12:08:55.035Z
68858882,Cricket,2026-06-03 19:30,Surrey,Middlesex,England - T20 Blast,Bet365,Team - Top Batter,MWT Boyle,,,,3.75,,,,,"{""label"": ""MWT Boyle"", ""over"": ""3.75""}",2026-06-01T12:08:55.035Z
68858882,Cricket,2026-06-03 19:30,Surrey,Middlesex,England - T20 Blast,Bet365,Team - Top Batter,MDE Holden,,,,4.00,,,,,"{""label"": ""MDE Holden"", ""over"": ""4.00""}",2026-06-01T12:08:55.035Z
68858882,Cricket,2026-06-03 19:30,Surrey,Middlesex,England - T20 Blast,Bet365,Team - Top Batter,JL du Plooy,,,,4.33,,,,,"{""label"": ""JL du Plooy"", ""over"": ""4.33""}",2026-06-01T12:08:55.035Z
68858882,Cricket,2026-06-03 19:30,Surrey,Middlesex,England - T20 Blast,Bet365,Team - Top Batter,AM Rossington,,,,4.50,,,,,"{""label"": ""AM Rossington"", ""over"": ""4.50""}",2026-06-01T12:08:55.035Z
68858882,Cricket,2026-06-03 19:30,Surrey,Middlesex,England - T20 Blast,Bet365,Team - Top Batter,J de Caires,,,,7.00,,,,,"{""label"": ""J de Caires"", ""over"": ""7.00""}",2026-06-01T12:08:55.035Z
68858882,Cricket,2026-06-03 19:30,Surrey,Middlesex,England - T20 Blast,Bet365,Team - Top Batter,CM Falconer,,,,8.00,,,,,"{""label"": ""CM Falconer"", ""over"": ""8.00""}",2026-06-01T12:08:55.035Z
68858882,Cricket,2026-06-03 19:30,Surrey,Middlesex,England - T20 Blast,Bet365,Team - Top Batter,RF Higgins,,,,8.00,,,,,"{""label"": ""RF Higgins"", ""over"": ""8.00""}",2026-06-01T12:08:55.035Z
68858882,Cricket,2026-06-03 19:30,Surrey,Middlesex,England - T20 Blast,Bet365,Team - Top Batter,L Hollman,,,,15.00,,,,,"{""label"": ""L Hollman"", ""over"": ""15.00""}",2026-06-01T12:08:55.035Z
68858882,Cricket,2026-06-03 19:30,Surrey,Middlesex,England - T20 Blast,Bet365,Team - Top Batter,E Bosch,,,,23.00,,,,,"{""label"": ""E Bosch"", ""over"": ""23.00""}",2026-06-01T12:08:55.035Z
68858882,Cricket,2026-06-03 19:30,Surrey,Middlesex,England - T20 Blast,Bet365,Team - Top Batter,SHB Morgan,,,,29.00,,,,,"{""label"": ""SHB Morgan"", ""over"": ""29.00""}",2026-06-01T12:08:55.035Z
68858882,Cricket,2026-06-03 19:30,Surrey,Middlesex,England - T20 Blast,Bet365,Team - Top Batter,Zafar Gohar,,,,41.00,,,,,"{""label"": ""Zafar Gohar"", ""over"": ""41.00""}",2026-06-01T12:08:55.035Z
68858882,Cricket,2026-06-03 19:30,Surrey,Middlesex,England - T20 Blast,Bet365,Team - Top Batter,TG Helm,,,,101.00,,,,,"{""label"": ""TG Helm"", ""over"": ""101.00""}",2026-06-01T12:08:55.035Z
68858882,Cricket,2026-06-03 19:30,Surrey,Middlesex,England - T20 Blast,Bet365,Team - Top Batter,NB Cornwell,,,,251.00,,,,,"{""label"": ""NB Cornwell"", ""over"": ""251.00""}",2026-06-01T12:08:55.035Z
68858882,Cricket,2026-06-03 19:30,Surrey,Middlesex,England - T20 Blast,Bet365,Top Match Batter,WG Jacks,,,,5.50,,,,,"{""label"": ""WG Jacks"", ""over"": ""5.50""}",2026-06-01T13:13:55.636Z
68858882,Cricket,2026-06-03 19:30,Surrey,Middlesex,England - T20 Blast,Bet365,Top Match Batter,JJ Roy,,,,6.00,,,,,"{""label"": ""JJ Roy"", ""over"": ""6.00""}",2026-06-01T13:13:55.636Z
68858882,Cricket,2026-06-03 19:30,Surrey,Middlesex,England - T20 Blast,Bet365,Top Match Batter,MWT Boyle,,,,6.50,,,,,"{""label"": ""MWT Boyle"", ""over"": ""6.50""}",2026-06-01T13:13:55.636Z
68858882,Cricket,2026-06-03 19:30,Surrey,Middlesex,England - T20 Blast,Bet365,Top Match Batter,MDE Holden,,,,6.50,,,,,"{""label"": ""MDE Holden"", ""over"": ""6.50""}",2026-06-01T13:13:55.636Z
68858882,Cricket,2026-06-03 19:30,Surrey,Middlesex,England - T20 Blast,Bet365,Top Match Batter,AM Rossington,,,,7.50,,,,,"{""label"": ""AM Rossington"", ""over"": ""7.50""}",2026-06-01T13:13:55.636Z
68858882,Cricket,2026-06-03 19:30,Surrey,Middlesex,England - T20 Blast,Bet365,Top Match Batter,OJD Pope,,,,8.00,,,,,"{""label"": ""OJD Pope"", ""over"": ""8.00""}",2026-06-01T13:13:55.636Z
68858882,Cricket,2026-06-03 19:30,Surrey,Middlesex,England - T20 Blast,Bet365,Top Match Batter,JL du Plooy,,,,8.00,,,,,"{""label"": ""JL du Plooy"", ""over"": ""8.00""}",2026-06-01T13:13:55.636Z
68858882,Cricket,2026-06-03 19:30,Surrey,Middlesex,England - T20 Blast,Bet365,Top Match Batter,S Curran,,,,8.50,,,,,"{""label"": ""S Curran"", ""over"": ""8.50""}",2026-06-01T13:13:55.636Z
68858882,Cricket,2026-06-03 19:30,Surrey,Middlesex,England - T20 Blast,Bet365,Top Match Batter,D Lawrence,,,,9.50,,,,,"{""label"": ""D Lawrence"", ""over"": ""9.50""}",2026-06-01T13:13:55.636Z
68858882,Cricket,2026-06-03 19:30,Surrey,Middlesex,England - T20 Blast,Bet365,Top Match Batter,A Thomas,,,,9.50,,,,,"{""label"": ""A Thomas"", ""over"": ""9.50""}",2026-06-01T13:13:55.636Z
68858882,Cricket,2026-06-03 19:30,Surrey,Middlesex,England - T20 Blast,Bet365,Top Match Batter,LJ Evans,,,,13.00,,,,,"{""label"": ""LJ Evans"", ""over"": ""13.00""}",2026-06-01T13:13:55.636Z
68858882,Cricket,2026-06-03 19:30,Surrey,Middlesex,England - T20 Blast,Bet365,Top Match Batter,J de Caires,,,,13.00,,,,,"{""label"": ""J de Caires"", ""over"": ""13.00""}",2026-06-01T13:13:55.636Z
68858882,Cricket,2026-06-03 19:30,Surrey,Middlesex,England - T20 Blast,Bet365,Top Match Batter,CM Falconer,,,,19.00,,,,,"{""label"": ""CM Falconer"", ""over"": ""19.00""}",2026-06-01T13:13:55.636Z
68858882,Cricket,2026-06-03 19:30,Surrey,Middlesex,England - T20 Blast,Bet365,Top Match Batter,RF Higgins,,,,21.00,,,,,"{""label"": ""RF Higgins"", ""over"": ""21.00""}",2026-06-01T13:13:55.636Z
68858882,Cricket,2026-06-03 19:30,Surrey,Middlesex,England - T20 Blast,Bet365,Top Match Batter,TK Curran,,,,41.00,,,,,"{""label"": ""TK Curran"", ""over"": ""41.00""}",2026-06-01T13:13:55.636Z
68858882,Cricket,2026-06-03 19:30,Surrey,Middlesex,England - T20 Blast,Bet365,Top Match Batter,L Hollman,,,,41.00,,,,,"{""label"": ""L Hollman"", ""over"": ""41.00""}",2026-06-01T13:13:55.636Z
68858882,Cricket,2026-06-03 19:30,Surrey,Middlesex,England - T20 Blast,Bet365,Top Match Batter,J Clark,,,,51.00,,,,,"{""label"": ""J Clark"", ""over"": ""51.00""}",2026-06-01T13:13:55.636Z
68858882,Cricket,2026-06-03 19:30,Surrey,Middlesex,England - T20 Blast,Bet365,Top Match Batter,E Bosch,,,,51.00,,,,,"{""label"": ""E Bosch"", ""over"": ""51.00""}",2026-06-01T13:13:55.636Z
68858882,Cricket,2026-06-03 19:30,Surrey,Middlesex,England - T20 Blast,Bet365,Top Match Batter,SHB Morgan,,,,51.00,,,,,"{""label"": ""SHB Morgan"", ""over"": ""51.00""}",2026-06-01T13:13:55.636Z
68858882,Cricket,2026-06-03 19:30,Surrey,Middlesex,England - T20 Blast,Bet365,Top Match Batter,SA Abbott,,,,81.00,,,,,"{""label"": ""SA Abbott"", ""over"": ""81.00""}",2026-06-01T13:13:55.636Z
68858882,Cricket,2026-06-03 19:30,Surrey,Middlesex,England - T20 Blast,Bet365,Top Match Batter,Zafar Gohar,,,,81.00,,,,,"{""label"": ""Zafar Gohar"", ""over"": ""81.00""}",2026-06-01T13:13:55.636Z
68858882,Cricket,2026-06-03 19:30,Surrey,Middlesex,England - T20 Blast,Bet365,Top Match Batter,TG Helm,,,,301.00,,,,,"{""label"": ""TG Helm"", ""over"": ""301.00""}",2026-06-01T13:13:55.636Z
68858882,Cricket,2026-06-03 19:30,Surrey,Middlesex,England - T20 Blast,Bet365,Top Match Batter,TE Lawes,,,,501.00,,,,,"{""label"": ""TE Lawes"", ""over"": ""501.00""}",2026-06-01T13:13:55.636Z
68858882,Cricket,2026-06-03 19:30,Surrey,Middlesex,England - T20 Blast,Bet365,Top Match Batter,Y Majid,,,,501.00,,,,,"{""label"": ""Y Majid"", ""over"": ""501.00""}",2026-06-01T13:13:55.636Z
68858882,Cricket,2026-06-03 19:30,Surrey,Middlesex,England - T20 Blast,Bet365,Top Match Batter,RJW Topley,,,,501.00,,,,,"{""label"": ""RJW Topley"", ""over"": ""501.00""}",2026-06-01T13:13:55.636Z
68858882,Cricket,2026-06-03 19:30,Surrey,Middlesex,England - T20 Blast,Bet365,Top Match Batter,DJ Worrall,,,,501.00,,,,,"{""label"": ""DJ Worrall"", ""over"": ""501.00""}",2026-06-01T13:13:55.636Z
68858882,Cricket,2026-06-03 19:30,Surrey,Middlesex,England - T20 Blast,Bet365,Top Match Batter,NB Cornwell,,,,501.00,,,,,"{""label"": ""NB Cornwell"", ""over"": ""501.00""}",2026-06-01T13:13:55.636Z
68858882,Cricket,2026-06-03 19:30,Surrey,Middlesex,England - T20 Blast,Bet365,Top Match Bowler,RJW Topley,,,,5.00,,,,,"{""label"": ""RJW Topley"", ""over"": ""5.00""}",2026-06-02T21:16:20.323Z
68858882,Cricket,2026-06-03 19:30,Surrey,Middlesex,England - T20 Blast,Bet365,Top Match Bowler,TK Curran,,,,5.50,,,,,"{""label"": ""TK Curran"", ""over"": ""5.50""}",2026-06-02T21:16:20.323Z
68858882,Cricket,2026-06-03 19:30,Surrey,Middlesex,England - T20 Blast,Bet365,Top Match Bowler,DJ Worrall,,,,6.50,,,,,"{""label"": ""DJ Worrall"", ""over"": ""6.50""}",2026-06-02T21:16:20.323Z
68858882,Cricket,2026-06-03 19:30,Surrey,Middlesex,England - T20 Blast,Bet365,Top Match Bowler,Y Majid,,,,6.50,,,,,"{""label"": ""Y Majid"", ""over"": ""6.50""}",2026-06-02T21:16:20.323Z
68858882,Cricket,2026-06-03 19:30,Surrey,Middlesex,England - T20 Blast,Bet365,Top Match Bowler,J Clark,,,,7.50,,,,,"{""label"": ""J Clark"", ""over"": ""7.50""}",2026-06-02T21:16:20.323Z
68858882,Cricket,2026-06-03 19:30,Surrey,Middlesex,England - T20 Blast,Bet365,Top Match Bowler,TG Helm,,,,8.50,,,,,"{""label"": ""TG Helm"", ""over"": ""8.50""}",2026-06-02T21:16:20.323Z
68858882,Cricket,2026-06-03 19:30,Surrey,Middlesex,England - T20 Blast,Bet365,Top Match Bowler,TE Lawes,,,,9.50,,,,,"{""label"": ""TE Lawes"", ""over"": ""9.50""}",2026-06-02T21:16:20.323Z
68858882,Cricket,2026-06-03 19:30,Surrey,Middlesex,England - T20 Blast,Bet365,Top Match Bowler,L Hollman,,,,9.50,,,,,"{""label"": ""L Hollman"", ""over"": ""9.50""}",2026-06-02T21:16:20.323Z
68858882,Cricket,2026-06-03 19:30,Surrey,Middlesex,England - T20 Blast,Bet365,Top Match Bowler,D Lawrence,,,,10.00,,,,,"{""label"": ""D Lawrence"", ""over"": ""10.00""}",2026-06-02T21:16:20.323Z
68858882,Cricket,2026-06-03 19:30,Surrey,Middlesex,England - T20 Blast,Bet365,Top Match Bowler,WG Jacks,,,,10.00,,,,,"{""label"": ""WG Jacks"", ""over"": ""10.00""}",2026-06-02T21:16:20.323Z
68858882,Cricket,2026-06-03 19:30,Surrey,Middlesex,England - T20 Blast,Bet365,Top Match Bowler,E Bosch,,,,12.00,,,,,"{""label"": ""E Bosch"", ""over"": ""12.00""}",2026-06-02T21:16:20.323Z
68858882,Cricket,2026-06-03 19:30,Surrey,Middlesex,England - T20 Blast,Bet365,Top Match Bowler,NB Cornwell,,,,12.00,,,,,"{""label"": ""NB Cornwell"", ""over"": ""12.00""}",2026-06-02T21:16:20.323Z
68858882,Cricket,2026-06-03 19:30,Surrey,Middlesex,England - T20 Blast,Bet365,Top Match Bowler,Zafar Gohar,,,,12.00,,,,,"{""label"": ""Zafar Gohar"", ""over"": ""12.00""}",2026-06-02T21:16:20.323Z
68858882,Cricket,2026-06-03 19:30,Surrey,Middlesex,England - T20 Blast,Bet365,Top Match Bowler,SHB Morgan,,,,13.00,,,,,"{""label"": ""SHB Morgan"", ""over"": ""13.00""}",2026-06-02T21:16:20.323Z
68858882,Cricket,2026-06-03 19:30,Surrey,Middlesex,England - T20 Blast,Bet365,Top Match Bowler,RF Higgins,,,,17.00,,,,,"{""label"": ""RF Higgins"", ""over"": ""17.00""}",2026-06-02T21:16:20.323Z
68858882,Cricket,2026-06-03 19:30,Surrey,Middlesex,England - T20 Blast,Bet365,Top Match Bowler,J de Caires,,,,21.00,,,,,"{""label"": ""J de Caires"", ""over"": ""21.00""}",2026-06-02T21:16:20.323Z
68858882,Cricket,2026-06-03 19:30,Surrey,Middlesex,England - T20 Blast,Bet365,Top Match Bowler,SA Abbott,,,,4.50,,,,,"{""label"": ""SA Abbott"", ""over"": ""4.50""}",2026-06-02T21:16:20.323Z
68858882,Cricket,2026-06-03 19:30,Surrey,Middlesex,England - T20 Blast,Bet365,Total Match Runs,,,,,1.83,1.83,,,348.5,"{""hdp"": 348.5, ""over"": ""1.83"", ""under"": ""1.83""}",2026-06-01T11:20:54.661Z
68858882,Cricket,2026-06-03 19:30,Surrey,Middlesex,England - T20 Blast,Bet365,To Win the Toss,1,,,,,1.90,,,,"{""label"": ""1"", ""under"": ""1.90""}",2026-06-01T11:14:40.358Z
68858882,Cricket,2026-06-03 19:30,Surrey,Middlesex,England - T20 Blast,Bet365,To Win the Toss,2,,,,,1.90,,,,"{""label"": ""2"", ""under"": ""1.90""}",2026-06-01T11:14:40.358Z
68858882,Cricket,2026-06-03 19:30,Surrey,Middlesex,England - T20 Blast,Bet365,Batter Match Runs,JJ Roy (Over) (1) (23.5),,,,1.83,1.83,,,23.5,"{""label"": ""JJ Roy (Over) (1) (23.5)"", ""hdp"": 23.5, ""over"": ""1.83"", ""under"": ""1.83""}",2026-06-01T12:13:39.8Z
68858882,Cricket,2026-06-03 19:30,Surrey,Middlesex,England - T20 Blast,Bet365,Batter Match Runs,OJD Pope (Over) (1) (20.5),,,,1.83,1.83,,,20.5,"{""label"": ""OJD Pope (Over) (1) (20.5)"", ""hdp"": 20.5, ""over"": ""1.83"", ""under"": ""1.83""}",2026-06-01T12:13:39.8Z
68858882,Cricket,2026-06-03 19:30,Surrey,Middlesex,England - T20 Blast,Bet365,Batter Match Runs,S Curran (Over) (1) (21.5),,,,1.83,1.83,,,21.5,"{""label"": ""S Curran (Over) (1) (21.5)"", ""hdp"": 21.5, ""over"": ""1.83"", ""under"": ""1.83""}",2026-06-01T12:13:39.8Z
68858882,Cricket,2026-06-03 19:30,Surrey,Middlesex,England - T20 Blast,Bet365,Batter Match Runs,WG Jacks (Over) (1) (24.5),,,,1.83,1.83,,,24.5,"{""label"": ""WG Jacks (Over) (1) (24.5)"", ""hdp"": 24.5, ""over"": ""1.83"", ""under"": ""1.83""}",2026-06-01T12:13:39.8Z
68858882,Cricket,2026-06-03 19:30,Surrey,Middlesex,England - T20 Blast,Bet365,Batter Match Runs,J de Caires (Over) (2) (16.5),,,,1.83,1.83,,,16.5,"{""label"": ""J de Caires (Over) (2) (16.5)"", ""hdp"": 16.5, ""over"": ""1.83"", ""under"": ""1.83""}",2026-06-01T12:13:39.8Z
68858882,Cricket,2026-06-03 19:30,Surrey,Middlesex,England - T20 Blast,Bet365,Batter Match Runs,MDE Holden (Over) (2) (22.5),,,,1.83,1.83,,,22.5,"{""label"": ""MDE Holden (Over) (2) (22.5)"", ""hdp"": 22.5, ""over"": ""1.83"", ""under"": ""1.83""}",2026-06-01T12:13:39.8Z
68858882,Cricket,2026-06-03 19:30,Surrey,Middlesex,England - T20 Blast,Bet365,Match - Runs in 1st x Overs,,,,,1.83,,,,52.5,"{""hdp"": 52.5, ""over"": ""1.83""}",2026-06-01T12:13:54.567Z
68858882,Cricket,2026-06-03 19:30,Surrey,Middlesex,England - T20 Blast,Bet365,Match - Runs in 1st x Overs,,,,,1.83,,,,85.5,"{""hdp"": 85.5, ""over"": ""1.83""}",2026-06-01T12:13:54.567Z
68858882,Cricket,2026-06-03 19:30,Surrey,Middlesex,England - T20 Blast,Bet365,Match - Runs in 1st x Overs,,,,,1.83,,,,130.5,"{""hdp"": 130.5, ""over"": ""1.83""}",2026-06-01T12:13:54.567Z
68858882,Cricket,2026-06-03 19:30,Surrey,Middlesex,England - T20 Blast,Bet365,Team - Top Bowler,SA Abbott,,,,3.75,,,,,"{""label"": ""SA Abbott"", ""over"": ""3.75""}",2026-06-01T12:23:13.635Z
68858882,Cricket,2026-06-03 19:30,Surrey,Middlesex,England - T20 Blast,Bet365,Team - Top Bowler,RJW Topley,,,,4.00,,,,,"{""label"": ""RJW Topley"", ""over"": ""4.00""}",2026-06-01T12:23:13.635Z
68858882,Cricket,2026-06-03 19:30,Surrey,Middlesex,England - T20 Blast,Bet365,Team - Top Bowler,TK Curran,,,,4.33,,,,,"{""label"": ""TK Curran"", ""over"": ""4.33""}",2026-06-01T12:23:13.635Z
68858882,Cricket,2026-06-03 19:30,Surrey,Middlesex,England - T20 Blast,Bet365,Team - Top Bowler,DJ Worrall,,,,4.75,,,,,"{""label"": ""DJ Worrall"", ""over"": ""4.75""}",2026-06-01T12:23:13.635Z
68858882,Cricket,2026-06-03 19:30,Surrey,Middlesex,England - T20 Blast,Bet365,Team - Top Bowler,Y Majid,,,,5.00,,,,,"{""label"": ""Y Majid"", ""over"": ""5.00""}",2026-06-01T12:23:13.635Z
68858882,Cricket,2026-06-03 19:30,Surrey,Middlesex,England - T20 Blast,Bet365,Team - Top Bowler,J Clark,,,,6.00,,,,,"{""label"": ""J Clark"", ""over"": ""6.00""}",2026-06-01T12:23:13.635Z
68858882,Cricket,2026-06-03 19:30,Surrey,Middlesex,England - T20 Blast,Bet365,Team - Top Bowler,TE Lawes,,,,7.00,,,,,"{""label"": ""TE Lawes"", ""over"": ""7.00""}",2026-06-01T12:23:13.635Z
68858882,Cricket,2026-06-03 19:30,Surrey,Middlesex,England - T20 Blast,Bet365,Team - Top Bowler,WG Jacks,,,,7.50,,,,,"{""label"": ""WG Jacks"", ""over"": ""7.50""}",2026-06-01T12:23:13.635Z
68858882,Cricket,2026-06-03 19:30,Surrey,Middlesex,England - T20 Blast,Bet365,Team - Top Bowler,D Lawrence,,,,7.50,,,,,"{""label"": ""D Lawrence"", ""over"": ""7.50""}",2026-06-01T12:23:13.635Z
68858882,Cricket,2026-06-03 19:30,Surrey,Middlesex,England - T20 Blast,Bet365,Team - Top Bowler,TG Helm,,,,4.00,,,,,"{""label"": ""TG Helm"", ""over"": ""4.00""}",2026-06-01T12:23:13.635Z
68858882,Cricket,2026-06-03 19:30,Surrey,Middlesex,England - T20 Blast,Bet365,Team - Top Bowler,L Hollman,,,,4.50,,,,,"{""label"": ""L Hollman"", ""over"": ""4.50""}",2026-06-01T12:23:13.635Z
68858882,Cricket,2026-06-03 19:30,Surrey,Middlesex,England - T20 Blast,Bet365,Team - Top Bowler,E Bosch,,,,5.50,,,,,"{""label"": ""E Bosch"", ""over"": ""5.50""}",2026-06-01T12:23:13.635Z
68858882,Cricket,2026-06-03 19:30,Surrey,Middlesex,England - T20 Blast,Bet365,Team - Top Bowler,NB Cornwell,,,,5.50,,,,,"{""label"": ""NB Cornwell"", ""over"": ""5.50""}",2026-06-01T12:23:13.635Z
68858882,Cricket,2026-06-03 19:30,Surrey,Middlesex,England - T20 Blast,Bet365,Team - Top Bowler,Zafar Gohar,,,,5.50,,,,,"{""label"": ""Zafar Gohar"", ""over"": ""5.50""}",2026-06-01T12:23:13.635Z
68858882,Cricket,2026-06-03 19:30,Surrey,Middlesex,England - T20 Blast,Bet365,Team - Top Bowler,SHB Morgan,,,,6.00,,,,,"{""label"": ""SHB Morgan"", ""over"": ""6.00""}",2026-06-01T12:23:13.635Z
68858882,Cricket,2026-06-03 19:30,Surrey,Middlesex,England - T20 Blast,Bet365,Team - Top Bowler,RF Higgins,,,,7.00,,,,,"{""label"": ""RF Higgins"", ""over"": ""7.00""}",2026-06-01T12:23:13.635Z
68858882,Cricket,2026-06-03 19:30,Surrey,Middlesex,England - T20 Blast,Bet365,Team - Top Bowler,J de Caires,,,,8.50,,,,,"{""label"": ""J de Caires"", ""over"": ""8.50""}",2026-06-01T12:23:13.635Z
