event_id,date_denmark,home,away,league,bookmaker,market,label,home_odds,draw_odds,away_odds,over,under,yes,no,hdp,raw_odds,updated_at
71240276,2026-05-12 13:00,Gwelup Croatia SC Reserves,Cockburn City SC Reserves,"Australia - Western Australia State League 1, Reserves",Bet365,ML,,1.450,4.500,4.750,,,,,,"{""home"": ""1.450"", ""draw"": ""4.500"", ""away"": ""4.750""}",2026-05-11T23:31:31.987Z
71240276,2026-05-12 13:00,Gwelup Croatia SC Reserves,Cockburn City SC Reserves,"Australia - Western Australia State League 1, Reserves",Bet365,Draw No Bet,,1.250,,3.750,,,,,,"{""home"": ""1.250"", ""away"": ""3.750""}",2026-05-12T01:01:58.215Z
71240276,2026-05-12 13:00,Gwelup Croatia SC Reserves,Cockburn City SC Reserves,"Australia - Western Australia State League 1, Reserves",Bet365,Double Chance,Gwelup Croatia SC Reserves or Draw,,,,,1.125,,,,"{""label"": ""Gwelup Croatia SC Reserves or Draw"", ""under"": ""1.125""}",2026-05-12T02:28:02.091Z
71240276,2026-05-12 13:00,Gwelup Croatia SC Reserves,Cockburn City SC Reserves,"Australia - Western Australia State League 1, Reserves",Bet365,Double Chance,Draw or Cockburn City Reserves,,,,,2.400,,,,"{""label"": ""Draw or Cockburn City Reserves"", ""under"": ""2.400""}",2026-05-12T02:28:02.091Z
71240276,2026-05-12 13:00,Gwelup Croatia SC Reserves,Cockburn City SC Reserves,"Australia - Western Australia State League 1, Reserves",Bet365,Double Chance,Gwelup Croatia SC Reserves or Cockburn City Reserves,,,,,1.125,,,,"{""label"": ""Gwelup Croatia SC Reserves or Cockburn City Reserves"", ""under"": ""1.125""}",2026-05-12T02:28:02.091Z
71240276,2026-05-12 13:00,Gwelup Croatia SC Reserves,Cockburn City SC Reserves,"Australia - Western Australia State League 1, Reserves",Bet365,Spread,,1.925,,1.875,,,,,-1.25,"{""hdp"": -1.25, ""home"": ""1.925"", ""away"": ""1.875""}",2026-05-11T23:31:31.987Z
71240276,2026-05-12 13:00,Gwelup Croatia SC Reserves,Cockburn City SC Reserves,"Australia - Western Australia State League 1, Reserves",Bet365,Totals,,,,,1.925,1.875,,,4.25,"{""hdp"": 4.25, ""over"": ""1.925"", ""under"": ""1.875""}",2026-05-11T23:13:30.179Z
71240276,2026-05-12 13:00,Gwelup Croatia SC Reserves,Cockburn City SC Reserves,"Australia - Western Australia State League 1, Reserves",Bet365,Goals Over/Under,,,,,1.200,4.333,,,2.5,"{""hdp"": 2.5, ""over"": ""1.200"", ""under"": ""4.333""}",2026-05-11T22:15:51.899Z
71240276,2026-05-12 13:00,Gwelup Croatia SC Reserves,Cockburn City SC Reserves,"Australia - Western Australia State League 1, Reserves",Bet365,Spread HT,,1.900,,1.900,,,,,-0.5,"{""hdp"": -0.5, ""home"": ""1.900"", ""away"": ""1.900""}",2026-05-12T01:27:12.398Z
71240276,2026-05-12 13:00,Gwelup Croatia SC Reserves,Cockburn City SC Reserves,"Australia - Western Australia State League 1, Reserves",Bet365,Totals HT,,,,,1.850,1.950,,,1.75,"{""hdp"": 1.75, ""over"": ""1.850"", ""under"": ""1.950""}",2026-05-12T01:52:41.886Z
71240276,2026-05-12 13:00,Gwelup Croatia SC Reserves,Cockburn City SC Reserves,"Australia - Western Australia State League 1, Reserves",Bet365,Corners Totals,,,,,1.975,1.825,,,9,"{""hdp"": 9, ""over"": ""1.975"", ""under"": ""1.825""}",2026-05-12T01:13:43.011Z
71240276,2026-05-12 13:00,Gwelup Croatia SC Reserves,Cockburn City SC Reserves,"Australia - Western Australia State League 1, Reserves",Bet365,Corners Totals HT,,,,,1.825,1.975,,,4,"{""hdp"": 4, ""over"": ""1.825"", ""under"": ""1.975""}",2026-05-12T00:58:08.548Z
71240276,2026-05-12 13:00,Gwelup Croatia SC Reserves,Cockburn City SC Reserves,"Australia - Western Australia State League 1, Reserves",Bet365,Correct Score,0-0,,,,,,,,,"{""label"": ""0-0"", ""odds"": ""34.000""}",2026-05-12T01:01:58.215Z
71240276,2026-05-12 13:00,Gwelup Croatia SC Reserves,Cockburn City SC Reserves,"Australia - Western Australia State League 1, Reserves",Bet365,Correct Score,1-1,,,,,,,,,"{""label"": ""1-1"", ""odds"": ""13.000""}",2026-05-12T01:01:58.215Z
71240276,2026-05-12 13:00,Gwelup Croatia SC Reserves,Cockburn City SC Reserves,"Australia - Western Australia State League 1, Reserves",Bet365,Correct Score,3-2,,,,,,,,,"{""label"": ""3-2"", ""odds"": ""15.000""}",2026-05-12T01:01:58.215Z
71240276,2026-05-12 13:00,Gwelup Croatia SC Reserves,Cockburn City SC Reserves,"Australia - Western Australia State League 1, Reserves",Bet365,Correct Score,4-1,,,,,,,,,"{""label"": ""4-1"", ""odds"": ""17.000""}",2026-05-12T01:01:58.215Z
71240276,2026-05-12 13:00,Gwelup Croatia SC Reserves,Cockburn City SC Reserves,"Australia - Western Australia State League 1, Reserves",Bet365,Correct Score,4-2,,,,,,,,,"{""label"": ""4-2"", ""odds"": ""21.000""}",2026-05-12T01:01:58.215Z
71240276,2026-05-12 13:00,Gwelup Croatia SC Reserves,Cockburn City SC Reserves,"Australia - Western Australia State League 1, Reserves",Bet365,Correct Score,4-3,,,,,,,,,"{""label"": ""4-3"", ""odds"": ""34.000""}",2026-05-12T01:01:58.215Z
71240276,2026-05-12 13:00,Gwelup Croatia SC Reserves,Cockburn City SC Reserves,"Australia - Western Australia State League 1, Reserves",Bet365,Correct Score,5-2,,,,,,,,,"{""label"": ""5-2"", ""odds"": ""34.000""}",2026-05-12T01:01:58.215Z
71240276,2026-05-12 13:00,Gwelup Croatia SC Reserves,Cockburn City SC Reserves,"Australia - Western Australia State League 1, Reserves",Bet365,Correct Score,5-4,,,,,,,,,"{""label"": ""5-4"", ""odds"": ""81.000""}",2026-05-12T01:01:58.215Z
71240276,2026-05-12 13:00,Gwelup Croatia SC Reserves,Cockburn City SC Reserves,"Australia - Western Australia State League 1, Reserves",Bet365,Correct Score,6-0,,,,,,,,,"{""label"": ""6-0"", ""odds"": ""41.000""}",2026-05-12T01:01:58.215Z
71240276,2026-05-12 13:00,Gwelup Croatia SC Reserves,Cockburn City SC Reserves,"Australia - Western Australia State League 1, Reserves",Bet365,Correct Score,6-1,,,,,,,,,"{""label"": ""6-1"", ""odds"": ""41.000""}",2026-05-12T01:01:58.215Z
71240276,2026-05-12 13:00,Gwelup Croatia SC Reserves,Cockburn City SC Reserves,"Australia - Western Australia State League 1, Reserves",Bet365,Correct Score,6-3,,,,,,,,,"{""label"": ""6-3"", ""odds"": ""67.000""}",2026-05-12T01:01:58.215Z
71240276,2026-05-12 13:00,Gwelup Croatia SC Reserves,Cockburn City SC Reserves,"Australia - Western Australia State League 1, Reserves",Bet365,Correct Score,7-0,,,,,,,,,"{""label"": ""7-0"", ""odds"": ""67.000""}",2026-05-12T01:01:58.215Z
71240276,2026-05-12 13:00,Gwelup Croatia SC Reserves,Cockburn City SC Reserves,"Australia - Western Australia State League 1, Reserves",Bet365,Correct Score,7-1,,,,,,,,,"{""label"": ""7-1"", ""odds"": ""51.000""}",2026-05-12T01:01:58.215Z
71240276,2026-05-12 13:00,Gwelup Croatia SC Reserves,Cockburn City SC Reserves,"Australia - Western Australia State League 1, Reserves",Bet365,Correct Score,4-4,,,,,,,,,"{""label"": ""4-4"", ""odds"": ""51.000""}",2026-05-12T01:01:58.215Z
71240276,2026-05-12 13:00,Gwelup Croatia SC Reserves,Cockburn City SC Reserves,"Australia - Western Australia State League 1, Reserves",Bet365,Correct Score,6-2,,,,,,,,,"{""label"": ""6-2"", ""odds"": ""51.000""}",2026-05-12T01:01:58.215Z
71240276,2026-05-12 13:00,Gwelup Croatia SC Reserves,Cockburn City SC Reserves,"Australia - Western Australia State League 1, Reserves",Bet365,Correct Score,7-2,,,,,,,,,"{""label"": ""7-2"", ""odds"": ""81.000""}",2026-05-12T01:01:58.215Z
71240276,2026-05-12 13:00,Gwelup Croatia SC Reserves,Cockburn City SC Reserves,"Australia - Western Australia State League 1, Reserves",Bet365,Correct Score,1-0,,,,,,,,,"{""label"": ""1-0"", ""odds"": ""21.000""}",2026-05-12T01:01:58.215Z
71240276,2026-05-12 13:00,Gwelup Croatia SC Reserves,Cockburn City SC Reserves,"Australia - Western Australia State League 1, Reserves",Bet365,Correct Score,2-0,,,,,,,,,"{""label"": ""2-0"", ""odds"": ""15.000""}",2026-05-12T01:01:58.215Z
71240276,2026-05-12 13:00,Gwelup Croatia SC Reserves,Cockburn City SC Reserves,"Australia - Western Australia State League 1, Reserves",Bet365,Correct Score,2-1,,,,,,,,,"{""label"": ""2-1"", ""odds"": ""11.000""}",2026-05-12T01:01:58.215Z
71240276,2026-05-12 13:00,Gwelup Croatia SC Reserves,Cockburn City SC Reserves,"Australia - Western Australia State League 1, Reserves",Bet365,Correct Score,2-2,,,,,,,,,"{""label"": ""2-2"", ""odds"": ""13.000""}",2026-05-12T01:01:58.215Z
71240276,2026-05-12 13:00,Gwelup Croatia SC Reserves,Cockburn City SC Reserves,"Australia - Western Australia State League 1, Reserves",Bet365,Correct Score,3-0,,,,,,,,,"{""label"": ""3-0"", ""odds"": ""17.000""}",2026-05-12T01:01:58.215Z
71240276,2026-05-12 13:00,Gwelup Croatia SC Reserves,Cockburn City SC Reserves,"Australia - Western Australia State League 1, Reserves",Bet365,Correct Score,3-1,,,,,,,,,"{""label"": ""3-1"", ""odds"": ""12.000""}",2026-05-12T01:01:58.215Z
71240276,2026-05-12 13:00,Gwelup Croatia SC Reserves,Cockburn City SC Reserves,"Australia - Western Australia State League 1, Reserves",Bet365,Correct Score,3-3,,,,,,,,,"{""label"": ""3-3"", ""odds"": ""23.000""}",2026-05-12T01:01:58.215Z
71240276,2026-05-12 13:00,Gwelup Croatia SC Reserves,Cockburn City SC Reserves,"Australia - Western Australia State League 1, Reserves",Bet365,Correct Score,4-0,,,,,,,,,"{""label"": ""4-0"", ""odds"": ""21.000""}",2026-05-12T01:01:58.215Z
71240276,2026-05-12 13:00,Gwelup Croatia SC Reserves,Cockburn City SC Reserves,"Australia - Western Australia State League 1, Reserves",Bet365,Correct Score,5-0,,,,,,,,,"{""label"": ""5-0"", ""odds"": ""29.000""}",2026-05-12T01:01:58.215Z
71240276,2026-05-12 13:00,Gwelup Croatia SC Reserves,Cockburn City SC Reserves,"Australia - Western Australia State League 1, Reserves",Bet365,Correct Score,5-1,,,,,,,,,"{""label"": ""5-1"", ""odds"": ""23.000""}",2026-05-12T01:01:58.215Z
71240276,2026-05-12 13:00,Gwelup Croatia SC Reserves,Cockburn City SC Reserves,"Australia - Western Australia State League 1, Reserves",Bet365,Correct Score,5-3,,,,,,,,,"{""label"": ""5-3"", ""odds"": ""51.000""}",2026-05-12T01:01:58.215Z
71240276,2026-05-12 13:00,Gwelup Croatia SC Reserves,Cockburn City SC Reserves,"Australia - Western Australia State League 1, Reserves",Bet365,Half Time Result,1,,,,,1.833,,,1,"{""label"": ""1"", ""hdp"": 1, ""under"": ""1.833""}",2026-05-12T02:21:55.211Z
71240276,2026-05-12 13:00,Gwelup Croatia SC Reserves,Cockburn City SC Reserves,"Australia - Western Australia State League 1, Reserves",Bet365,Half Time Result,Draw,,,,,3.100,,,,"{""label"": ""Draw"", ""under"": ""3.100""}",2026-05-12T02:21:55.211Z
71240276,2026-05-12 13:00,Gwelup Croatia SC Reserves,Cockburn City SC Reserves,"Australia - Western Australia State League 1, Reserves",Bet365,Half Time Result,2,,,,,4.000,,,2,"{""label"": ""2"", ""hdp"": 2, ""under"": ""4.000""}",2026-05-12T02:21:55.211Z
71240276,2026-05-12 13:00,Gwelup Croatia SC Reserves,Cockburn City SC Reserves,"Australia - Western Australia State League 1, Reserves",Bet365,Corners 2-Way,,,,,1.727,2.000,,,8.5,"{""hdp"": 8.5, ""over"": ""1.727"", ""under"": ""2.000""}",2026-05-11T22:23:29.604Z
71240276,2026-05-12 13:00,Gwelup Croatia SC Reserves,Cockburn City SC Reserves,"Australia - Western Australia State League 1, Reserves",Bet365,Corners,,,,,2.200,2.000,,,9,"{""hdp"": 9, ""over"": ""2.200"", ""under"": ""2.000""}",2026-05-11T22:15:22.326Z
70478154,2026-05-12 13:00,Singida Black Stars SC,Namungo FC,Tanzania - Premier League,Bet365,ML,,1.420,3.800,6.500,,,,,,"{""home"": ""1.420"", ""draw"": ""3.800"", ""away"": ""6.500""}",2026-05-12T10:52:05.741Z
70478154,2026-05-12 13:00,Singida Black Stars SC,Namungo FC,Tanzania - Premier League,Bet365,Draw No Bet,,1.142,,5.000,,,,,,"{""home"": ""1.142"", ""away"": ""5.000""}",2026-05-12T10:52:05.741Z
70478154,2026-05-12 13:00,Singida Black Stars SC,Namungo FC,Tanzania - Premier League,Bet365,Double Chance,Singida Black Stars or Draw,,,,,1.055,,,,"{""label"": ""Singida Black Stars or Draw"", ""under"": ""1.055""}",2026-05-12T05:19:52.989Z
70478154,2026-05-12 13:00,Singida Black Stars SC,Namungo FC,Tanzania - Premier League,Bet365,Double Chance,Draw or Namungo FC,,,,,2.600,,,,"{""label"": ""Draw or Namungo FC"", ""under"": ""2.600""}",2026-05-12T05:19:52.989Z
70478154,2026-05-12 13:00,Singida Black Stars SC,Namungo FC,Tanzania - Premier League,Bet365,Double Chance,Singida Black Stars or Namungo FC,,,,,1.181,,,,"{""label"": ""Singida Black Stars or Namungo FC"", ""under"": ""1.181""}",2026-05-12T05:19:52.989Z
70478154,2026-05-12 13:00,Singida Black Stars SC,Namungo FC,Tanzania - Premier League,Bet365,Spread,,1.800,,2.000,,,,,-1.25,"{""hdp"": -1.25, ""home"": ""1.800"", ""away"": ""2.000""}",2026-05-12T10:53:14.341Z
70478154,2026-05-12 13:00,Singida Black Stars SC,Namungo FC,Tanzania - Premier League,Bet365,Totals,,,,,1.975,1.825,,,2.5,"{""hdp"": 2.5, ""over"": ""1.975"", ""under"": ""1.825""}",2026-05-12T10:45:47.795Z
70478154,2026-05-12 13:00,Singida Black Stars SC,Namungo FC,Tanzania - Premier League,Bet365,Goals Over/Under,,,,,2.100,1.700,,,2.5,"{""hdp"": 2.5, ""over"": ""2.100"", ""under"": ""1.700""}",2026-05-12T05:11:16.19Z
70478154,2026-05-12 13:00,Singida Black Stars SC,Namungo FC,Tanzania - Premier League,Bet365,Spread HT,,2.000,,1.800,,,,,-0.5,"{""hdp"": -0.5, ""home"": ""2.000"", ""away"": ""1.800""}",2026-05-12T05:11:38.184Z
70478154,2026-05-12 13:00,Singida Black Stars SC,Namungo FC,Tanzania - Premier League,Bet365,Totals HT,,,,,2.025,1.775,,,1,"{""hdp"": 1, ""over"": ""2.025"", ""under"": ""1.775""}",2026-05-12T05:30:17.222Z
70478154,2026-05-12 13:00,Singida Black Stars SC,Namungo FC,Tanzania - Premier League,Bet365,Alternative Asian Handicap,,6.800,,1.105,,,,,-3,"{""hdp"": -3, ""home"": ""6.800"", ""away"": ""1.105""}",2026-05-12T09:33:19.567Z
70478154,2026-05-12 13:00,Singida Black Stars SC,Namungo FC,Tanzania - Premier League,Bet365,Alternative Asian Handicap,,4.800,,1.175,,,,,-2.75,"{""hdp"": -2.75, ""home"": ""4.800"", ""away"": ""1.175""}",2026-05-12T09:33:19.567Z
70478154,2026-05-12 13:00,Singida Black Stars SC,Namungo FC,Tanzania - Premier League,Bet365,Alternative Asian Handicap,,3.900,,1.240,,,,,-2.5,"{""hdp"": -2.5, ""home"": ""3.900"", ""away"": ""1.240""}",2026-05-12T09:33:19.567Z
70478154,2026-05-12 13:00,Singida Black Stars SC,Namungo FC,Tanzania - Premier League,Bet365,Alternative Asian Handicap,,3.550,,1.275,,,,,-2.25,"{""hdp"": -2.25, ""home"": ""3.550"", ""away"": ""1.275""}",2026-05-12T09:33:19.567Z
70478154,2026-05-12 13:00,Singida Black Stars SC,Namungo FC,Tanzania - Premier League,Bet365,Alternative Asian Handicap,,3.300,,1.325,,,,,-2,"{""hdp"": -2, ""home"": ""3.300"", ""away"": ""1.325""}",2026-05-12T09:33:19.567Z
70478154,2026-05-12 13:00,Singida Black Stars SC,Namungo FC,Tanzania - Premier League,Bet365,Alternative Asian Handicap,,2.500,,1.500,,,,,-1.75,"{""hdp"": -1.75, ""home"": ""2.500"", ""away"": ""1.500""}",2026-05-12T09:33:19.567Z
70478154,2026-05-12 13:00,Singida Black Stars SC,Namungo FC,Tanzania - Premier League,Bet365,Alternative Asian Handicap,,2.200,,1.650,,,,,-1.5,"{""hdp"": -1.5, ""home"": ""2.200"", ""away"": ""1.650""}",2026-05-12T09:33:19.567Z
70478154,2026-05-12 13:00,Singida Black Stars SC,Namungo FC,Tanzania - Premier League,Bet365,Alternative Asian Handicap,,1.700,,2.100,,,,,-1,"{""hdp"": -1, ""home"": ""1.700"", ""away"": ""2.100""}",2026-05-12T09:33:19.567Z
70478154,2026-05-12 13:00,Singida Black Stars SC,Namungo FC,Tanzania - Premier League,Bet365,Alternative Asian Handicap,,1.525,,2.425,,,,,-0.75,"{""hdp"": -0.75, ""home"": ""1.525"", ""away"": ""2.425""}",2026-05-12T09:33:19.567Z
70478154,2026-05-12 13:00,Singida Black Stars SC,Namungo FC,Tanzania - Premier League,Bet365,Alternative Asian Handicap,,1.425,,2.750,,,,,-0.5,"{""hdp"": -0.5, ""home"": ""1.425"", ""away"": ""2.750""}",2026-05-12T09:33:19.567Z
70478154,2026-05-12 13:00,Singida Black Stars SC,Namungo FC,Tanzania - Premier League,Bet365,Alternative Asian Handicap,,1.275,,6.600,,,,,-0.25,"{""hdp"": -0.25, ""home"": ""1.275"", ""away"": ""6.600""}",2026-05-12T09:33:19.567Z
70478154,2026-05-12 13:00,Singida Black Stars SC,Namungo FC,Tanzania - Premier League,Bet365,Alternative Asian Handicap,,1.130,,5.900,,,,,0,"{""hdp"": 0, ""home"": ""1.130"", ""away"": ""5.900""}",2026-05-12T09:33:19.567Z
70478154,2026-05-12 13:00,Singida Black Stars SC,Namungo FC,Tanzania - Premier League,Bet365,Alternative Asian Handicap,,1.110,,3.550,,,,,0.25,"{""hdp"": 0.25, ""home"": ""1.110"", ""away"": ""3.550""}",2026-05-12T09:33:19.567Z
70478154,2026-05-12 13:00,Singida Black Stars SC,Namungo FC,Tanzania - Premier League,Bet365,Alternative Goal Line,,,,,1.105,6.800,,,1,"{""hdp"": 1, ""over"": ""1.105"", ""under"": ""6.800""}",2026-05-12T09:23:55.229Z
70478154,2026-05-12 13:00,Singida Black Stars SC,Namungo FC,Tanzania - Premier League,Bet365,Alternative Goal Line,,,,,1.240,3.900,,,1.25,"{""hdp"": 1.25, ""over"": ""1.240"", ""under"": ""3.900""}",2026-05-12T09:23:55.229Z
70478154,2026-05-12 13:00,Singida Black Stars SC,Namungo FC,Tanzania - Premier League,Bet365,Alternative Goal Line,,,,,1.375,3.000,,,1.5,"{""hdp"": 1.5, ""over"": ""1.375"", ""under"": ""3.000""}",2026-05-12T09:23:55.229Z
70478154,2026-05-12 13:00,Singida Black Stars SC,Namungo FC,Tanzania - Premier League,Bet365,Alternative Goal Line,,,,,1.450,2.675,,,1.75,"{""hdp"": 1.75, ""over"": ""1.450"", ""under"": ""2.675""}",2026-05-12T09:23:55.229Z
70478154,2026-05-12 13:00,Singida Black Stars SC,Namungo FC,Tanzania - Premier League,Bet365,Alternative Goal Line,,,,,1.600,2.300,,,2,"{""hdp"": 2, ""over"": ""1.600"", ""under"": ""2.300""}",2026-05-12T09:23:55.229Z
70478154,2026-05-12 13:00,Singida Black Stars SC,Namungo FC,Tanzania - Premier League,Bet365,Alternative Goal Line,,,,,2.100,1.700,,,2.5,"{""hdp"": 2.5, ""over"": ""2.100"", ""under"": ""1.700""}",2026-05-12T09:23:55.229Z
70478154,2026-05-12 13:00,Singida Black Stars SC,Namungo FC,Tanzania - Premier League,Bet365,Alternative Goal Line,,,,,2.375,1.550,,,2.75,"{""hdp"": 2.75, ""over"": ""2.375"", ""under"": ""1.550""}",2026-05-12T09:23:55.229Z
70478154,2026-05-12 13:00,Singida Black Stars SC,Namungo FC,Tanzania - Premier League,Bet365,Alternative Goal Line,,,,,3.000,1.375,,,3,"{""hdp"": 3, ""over"": ""3.000"", ""under"": ""1.375""}",2026-05-12T09:23:55.229Z
70478154,2026-05-12 13:00,Singida Black Stars SC,Namungo FC,Tanzania - Premier League,Bet365,Alternative Goal Line,,,,,3.300,1.325,,,3.25,"{""hdp"": 3.25, ""over"": ""3.300"", ""under"": ""1.325""}",2026-05-12T09:23:55.229Z
70478154,2026-05-12 13:00,Singida Black Stars SC,Namungo FC,Tanzania - Premier League,Bet365,Alternative Goal Line,,,,,3.550,1.275,,,3.5,"{""hdp"": 3.5, ""over"": ""3.550"", ""under"": ""1.275""}",2026-05-12T09:23:55.229Z
70478154,2026-05-12 13:00,Singida Black Stars SC,Namungo FC,Tanzania - Premier League,Bet365,Alternative Goal Line,,,,,4.500,1.190,,,3.75,"{""hdp"": 3.75, ""over"": ""4.500"", ""under"": ""1.190""}",2026-05-12T09:23:55.229Z
70478154,2026-05-12 13:00,Singida Black Stars SC,Namungo FC,Tanzania - Premier League,Bet365,Alternative Goal Line,,,,,6.250,1.120,,,4,"{""hdp"": 4, ""over"": ""6.250"", ""under"": ""1.120""}",2026-05-12T09:23:55.229Z
70478154,2026-05-12 13:00,Singida Black Stars SC,Namungo FC,Tanzania - Premier League,Bet365,Alternative Goal Line,,,,,6.800,1.105,,,4.25,"{""hdp"": 4.25, ""over"": ""6.800"", ""under"": ""1.105""}",2026-05-12T09:23:55.229Z
70478154,2026-05-12 13:00,Singida Black Stars SC,Namungo FC,Tanzania - Premier League,Bet365,Correct Score,0-0,,,,,,,,,"{""label"": ""0-0"", ""odds"": ""9.000""}",2026-05-12T10:52:05.741Z
70478154,2026-05-12 13:00,Singida Black Stars SC,Namungo FC,Tanzania - Premier League,Bet365,Correct Score,1-0,,,,,,,,,"{""label"": ""1-0"", ""odds"": ""6.000""}",2026-05-12T10:52:05.741Z
70478154,2026-05-12 13:00,Singida Black Stars SC,Namungo FC,Tanzania - Premier League,Bet365,Correct Score,2-0,,,,,,,,,"{""label"": ""2-0"", ""odds"": ""6.500""}",2026-05-12T10:52:05.741Z
70478154,2026-05-12 13:00,Singida Black Stars SC,Namungo FC,Tanzania - Premier League,Bet365,Correct Score,2-1,,,,,,,,,"{""label"": ""2-1"", ""odds"": ""10.000""}",2026-05-12T10:52:05.741Z
70478154,2026-05-12 13:00,Singida Black Stars SC,Namungo FC,Tanzania - Premier League,Bet365,Correct Score,2-2,,,,,,,,,"{""label"": ""2-2"", ""odds"": ""23.000""}",2026-05-12T10:52:05.741Z
70478154,2026-05-12 13:00,Singida Black Stars SC,Namungo FC,Tanzania - Premier League,Bet365,Correct Score,3-0,,,,,,,,,"{""label"": ""3-0"", ""odds"": ""9.000""}",2026-05-12T10:52:05.741Z
70478154,2026-05-12 13:00,Singida Black Stars SC,Namungo FC,Tanzania - Premier League,Bet365,Correct Score,3-1,,,,,,,,,"{""label"": ""3-1"", ""odds"": ""15.000""}",2026-05-12T10:52:05.741Z
70478154,2026-05-12 13:00,Singida Black Stars SC,Namungo FC,Tanzania - Premier League,Bet365,Correct Score,4-1,,,,,,,,,"{""label"": ""4-1"", ""odds"": ""26.000""}",2026-05-12T10:52:05.741Z
70478154,2026-05-12 13:00,Singida Black Stars SC,Namungo FC,Tanzania - Premier League,Bet365,Correct Score,4-2,,,,,,,,,"{""label"": ""4-2"", ""odds"": ""51.000""}",2026-05-12T10:52:05.741Z
70478154,2026-05-12 13:00,Singida Black Stars SC,Namungo FC,Tanzania - Premier League,Bet365,Correct Score,5-1,,,,,,,,,"{""label"": ""5-1"", ""odds"": ""41.000""}",2026-05-12T10:52:05.741Z
70478154,2026-05-12 13:00,Singida Black Stars SC,Namungo FC,Tanzania - Premier League,Bet365,Correct Score,7-0,,,,,,,,,"{""label"": ""7-0"", ""odds"": ""81.000""}",2026-05-12T10:52:05.741Z
70478154,2026-05-12 13:00,Singida Black Stars SC,Namungo FC,Tanzania - Premier League,Bet365,Correct Score,3-3,,,,,,,,,"{""label"": ""3-3"", ""odds"": ""81.000""}",2026-05-12T10:52:05.741Z
70478154,2026-05-12 13:00,Singida Black Stars SC,Namungo FC,Tanzania - Premier League,Bet365,Correct Score,4-0,,,,,,,,,"{""label"": ""4-0"", ""odds"": ""15.000""}",2026-05-12T10:52:05.741Z
70478154,2026-05-12 13:00,Singida Black Stars SC,Namungo FC,Tanzania - Premier League,Bet365,Correct Score,5-0,,,,,,,,,"{""label"": ""5-0"", ""odds"": ""29.000""}",2026-05-12T10:52:05.741Z
70478154,2026-05-12 13:00,Singida Black Stars SC,Namungo FC,Tanzania - Premier League,Bet365,Correct Score,6-1,,,,,,,,,"{""label"": ""6-1"", ""odds"": ""81.000""}",2026-05-12T10:52:05.741Z
70478154,2026-05-12 13:00,Singida Black Stars SC,Namungo FC,Tanzania - Premier League,Bet365,Correct Score,3-2,,,,,,,,,"{""label"": ""3-2"", ""odds"": ""41.000""}",2026-05-12T10:52:05.741Z
70478154,2026-05-12 13:00,Singida Black Stars SC,Namungo FC,Tanzania - Premier League,Bet365,Correct Score,1-1,,,,,,,,,"{""label"": ""1-1"", ""odds"": ""8.500""}",2026-05-12T10:52:05.741Z
70478154,2026-05-12 13:00,Singida Black Stars SC,Namungo FC,Tanzania - Premier League,Bet365,Correct Score,6-0,,,,,,,,,"{""label"": ""6-0"", ""odds"": ""51.000""}",2026-05-12T10:52:05.741Z
70478154,2026-05-12 13:00,Singida Black Stars SC,Namungo FC,Tanzania - Premier League,Bet365,Half Time Result,1,,,,,1.952,,,1,"{""label"": ""1"", ""hdp"": 1, ""under"": ""1.952""}",2026-05-12T05:08:29.607Z
70478154,2026-05-12 13:00,Singida Black Stars SC,Namungo FC,Tanzania - Premier League,Bet365,Half Time Result,Draw,,,,,2.200,,,,"{""label"": ""Draw"", ""under"": ""2.200""}",2026-05-12T05:08:29.607Z
70478154,2026-05-12 13:00,Singida Black Stars SC,Namungo FC,Tanzania - Premier League,Bet365,Half Time Result,2,,,,,7.500,,,2,"{""label"": ""2"", ""hdp"": 2, ""under"": ""7.500""}",2026-05-12T05:08:29.607Z
71161224,2026-05-12 13:15,Murdoch University Melville FC Reserves,Joondalup City FC Reserve,"Australia - Western Australia State League 1, Reserves",Bet365,ML,,2.400,4.333,2.150,,,,,,"{""home"": ""2.400"", ""draw"": ""4.333"", ""away"": ""2.150""}",2026-05-11T14:06:52.321Z
71161224,2026-05-12 13:15,Murdoch University Melville FC Reserves,Joondalup City FC Reserve,"Australia - Western Australia State League 1, Reserves",Bet365,Draw No Bet,,2.000,,1.727,,,,,,"{""home"": ""2.000"", ""away"": ""1.727""}",2026-05-11T14:06:52.321Z
71161224,2026-05-12 13:15,Murdoch University Melville FC Reserves,Joondalup City FC Reserve,"Australia - Western Australia State League 1, Reserves",Bet365,Double Chance,Murdoch University Melville FC Reserves or Draw,,,,,1.571,,,,"{""label"": ""Murdoch University Melville FC Reserves or Draw"", ""under"": ""1.571""}",2026-05-11T14:24:11.58Z
71161224,2026-05-12 13:15,Murdoch University Melville FC Reserves,Joondalup City FC Reserve,"Australia - Western Australia State League 1, Reserves",Bet365,Double Chance,Draw or Joondalup City Reserves,,,,,1.444,,,,"{""label"": ""Draw or Joondalup City Reserves"", ""under"": ""1.444""}",2026-05-11T14:24:11.58Z
71161224,2026-05-12 13:15,Murdoch University Melville FC Reserves,Joondalup City FC Reserve,"Australia - Western Australia State League 1, Reserves",Bet365,Double Chance,Murdoch University Melville FC Reserves or Joondalup City Reserves,,,,,1.142,,,,"{""label"": ""Murdoch University Melville FC Reserves or Joondalup City Reserves"", ""under"": ""1.142""}",2026-05-11T14:24:11.58Z
71161224,2026-05-12 13:15,Murdoch University Melville FC Reserves,Joondalup City FC Reserve,"Australia - Western Australia State League 1, Reserves",Bet365,Spread,,1.900,,N/A,,,,,0,"{""hdp"": 0, ""home"": ""1.900"", ""away"": ""N/A""}",2026-05-12T10:52:42.859Z
71161224,2026-05-12 13:15,Murdoch University Melville FC Reserves,Joondalup City FC Reserve,"Australia - Western Australia State League 1, Reserves",Bet365,Totals,,,,,2.000,1.800,,,4,"{""hdp"": 4, ""over"": ""2.000"", ""under"": ""1.800""}",2026-05-12T10:52:42.859Z
71161224,2026-05-12 13:15,Murdoch University Melville FC Reserves,Joondalup City FC Reserve,"Australia - Western Australia State League 1, Reserves",Bet365,Goals Over/Under,,,,,1.285,3.500,,,2.5,"{""hdp"": 2.5, ""over"": ""1.285"", ""under"": ""3.500""}",2026-05-12T10:56:07.275Z
71161224,2026-05-12 13:15,Murdoch University Melville FC Reserves,Joondalup City FC Reserve,"Australia - Western Australia State League 1, Reserves",Bet365,Spread HT,,2.000,,1.800,,,,,0,"{""hdp"": 0, ""home"": ""2.000"", ""away"": ""1.800""}",2026-05-11T15:15:49.296Z
71161224,2026-05-12 13:15,Murdoch University Melville FC Reserves,Joondalup City FC Reserve,"Australia - Western Australia State League 1, Reserves",Bet365,Corners Totals,,,,,1.925,1.875,,,8,"{""hdp"": 8, ""over"": ""1.925"", ""under"": ""1.875""}",2026-05-11T22:29:19.48Z
71161224,2026-05-12 13:15,Murdoch University Melville FC Reserves,Joondalup City FC Reserve,"Australia - Western Australia State League 1, Reserves",Bet365,Corners Totals HT,,,,,1.825,1.975,,,3.5,"{""hdp"": 3.5, ""over"": ""1.825"", ""under"": ""1.975""}",2026-05-11T23:21:21.472Z
71161224,2026-05-12 13:15,Murdoch University Melville FC Reserves,Joondalup City FC Reserve,"Australia - Western Australia State League 1, Reserves",Bet365,Half Time Result,1,,,,,2.750,,,1,"{""label"": ""1"", ""hdp"": 1, ""under"": ""2.750""}",2026-05-11T14:19:58.726Z
71161224,2026-05-12 13:15,Murdoch University Melville FC Reserves,Joondalup City FC Reserve,"Australia - Western Australia State League 1, Reserves",Bet365,Half Time Result,Draw,,,,,2.875,,,,"{""label"": ""Draw"", ""under"": ""2.875""}",2026-05-11T14:19:58.726Z
71161224,2026-05-12 13:15,Murdoch University Melville FC Reserves,Joondalup City FC Reserve,"Australia - Western Australia State League 1, Reserves",Bet365,Half Time Result,2,,,,,2.500,,,2,"{""label"": ""2"", ""hdp"": 2, ""under"": ""2.500""}",2026-05-11T14:19:58.726Z
71161224,2026-05-12 13:15,Murdoch University Melville FC Reserves,Joondalup City FC Reserve,"Australia - Western Australia State League 1, Reserves",Bet365,1st Half Goal Line,,,,,1.800,2.000,,,1.5,"{""hdp"": 1.5, ""over"": ""1.800"", ""under"": ""2.000""}",2026-05-11T15:59:23.071Z
71161224,2026-05-12 13:15,Murdoch University Melville FC Reserves,Joondalup City FC Reserve,"Australia - Western Australia State League 1, Reserves",Bet365,Correct Score,0-0,,,,,,,,,"{""label"": ""0-0"", ""odds"": ""34.000""}",2026-05-11T14:06:52.321Z
71161224,2026-05-12 13:15,Murdoch University Melville FC Reserves,Joondalup City FC Reserve,"Australia - Western Australia State League 1, Reserves",Bet365,Correct Score,1-0,,,,,,,,,"{""label"": ""1-0"", ""odds"": ""21.000""}",2026-05-11T14:06:52.321Z
71161224,2026-05-12 13:15,Murdoch University Melville FC Reserves,Joondalup City FC Reserve,"Australia - Western Australia State League 1, Reserves",Bet365,Correct Score,1-1,,,,,,,,,"{""label"": ""1-1"", ""odds"": ""11.000""}",2026-05-11T14:06:52.321Z
71161224,2026-05-12 13:15,Murdoch University Melville FC Reserves,Joondalup City FC Reserve,"Australia - Western Australia State League 1, Reserves",Bet365,Correct Score,2-0,,,,,,,,,"{""label"": ""2-0"", ""odds"": ""21.000""}",2026-05-11T14:06:52.321Z
71161224,2026-05-12 13:15,Murdoch University Melville FC Reserves,Joondalup City FC Reserve,"Australia - Western Australia State League 1, Reserves",Bet365,Correct Score,2-1,,,,,,,,,"{""label"": ""2-1"", ""odds"": ""13.000""}",2026-05-11T14:06:52.321Z
71161224,2026-05-12 13:15,Murdoch University Melville FC Reserves,Joondalup City FC Reserve,"Australia - Western Australia State League 1, Reserves",Bet365,Correct Score,2-2,,,,,,,,,"{""label"": ""2-2"", ""odds"": ""12.000""}",2026-05-11T14:06:52.321Z
71161224,2026-05-12 13:15,Murdoch University Melville FC Reserves,Joondalup City FC Reserve,"Australia - Western Australia State League 1, Reserves",Bet365,Correct Score,3-0,,,,,,,,,"{""label"": ""3-0"", ""odds"": ""29.000""}",2026-05-11T14:06:52.321Z
71161224,2026-05-12 13:15,Murdoch University Melville FC Reserves,Joondalup City FC Reserve,"Australia - Western Australia State League 1, Reserves",Bet365,Correct Score,3-1,,,,,,,,,"{""label"": ""3-1"", ""odds"": ""19.000""}",2026-05-11T14:06:52.321Z
71161224,2026-05-12 13:15,Murdoch University Melville FC Reserves,Joondalup City FC Reserve,"Australia - Western Australia State League 1, Reserves",Bet365,Correct Score,3-2,,,,,,,,,"{""label"": ""3-2"", ""odds"": ""19.000""}",2026-05-11T14:06:52.321Z
71161224,2026-05-12 13:15,Murdoch University Melville FC Reserves,Joondalup City FC Reserve,"Australia - Western Australia State League 1, Reserves",Bet365,Correct Score,3-3,,,,,,,,,"{""label"": ""3-3"", ""odds"": ""23.000""}",2026-05-11T14:06:52.321Z
71161224,2026-05-12 13:15,Murdoch University Melville FC Reserves,Joondalup City FC Reserve,"Australia - Western Australia State League 1, Reserves",Bet365,Correct Score,4-0,,,,,,,,,"{""label"": ""4-0"", ""odds"": ""41.000""}",2026-05-11T14:06:52.321Z
71161224,2026-05-12 13:15,Murdoch University Melville FC Reserves,Joondalup City FC Reserve,"Australia - Western Australia State League 1, Reserves",Bet365,Correct Score,4-1,,,,,,,,,"{""label"": ""4-1"", ""odds"": ""29.000""}",2026-05-11T14:06:52.321Z
71161224,2026-05-12 13:15,Murdoch University Melville FC Reserves,Joondalup City FC Reserve,"Australia - Western Australia State League 1, Reserves",Bet365,Correct Score,4-2,,,,,,,,,"{""label"": ""4-2"", ""odds"": ""34.000""}",2026-05-11T14:06:52.321Z
71161224,2026-05-12 13:15,Murdoch University Melville FC Reserves,Joondalup City FC Reserve,"Australia - Western Australia State League 1, Reserves",Bet365,Correct Score,4-3,,,,,,,,,"{""label"": ""4-3"", ""odds"": ""41.000""}",2026-05-11T14:06:52.321Z
71161224,2026-05-12 13:15,Murdoch University Melville FC Reserves,Joondalup City FC Reserve,"Australia - Western Australia State League 1, Reserves",Bet365,Correct Score,4-4,,,,,,,,,"{""label"": ""4-4"", ""odds"": ""51.000""}",2026-05-11T14:06:52.321Z
71161224,2026-05-12 13:15,Murdoch University Melville FC Reserves,Joondalup City FC Reserve,"Australia - Western Australia State League 1, Reserves",Bet365,Correct Score,5-0,,,,,,,,,"{""label"": ""5-0"", ""odds"": ""67.000""}",2026-05-11T14:06:52.321Z
71161224,2026-05-12 13:15,Murdoch University Melville FC Reserves,Joondalup City FC Reserve,"Australia - Western Australia State League 1, Reserves",Bet365,Correct Score,5-1,,,,,,,,,"{""label"": ""5-1"", ""odds"": ""51.000""}",2026-05-11T14:06:52.321Z
71161224,2026-05-12 13:15,Murdoch University Melville FC Reserves,Joondalup City FC Reserve,"Australia - Western Australia State League 1, Reserves",Bet365,Correct Score,5-2,,,,,,,,,"{""label"": ""5-2"", ""odds"": ""51.000""}",2026-05-11T14:06:52.321Z
71161224,2026-05-12 13:15,Murdoch University Melville FC Reserves,Joondalup City FC Reserve,"Australia - Western Australia State League 1, Reserves",Bet365,Correct Score,5-3,,,,,,,,,"{""label"": ""5-3"", ""odds"": ""67.000""}",2026-05-11T14:06:52.321Z
71161224,2026-05-12 13:15,Murdoch University Melville FC Reserves,Joondalup City FC Reserve,"Australia - Western Australia State League 1, Reserves",Bet365,Correct Score,6-0,,,,,,,,,"{""label"": ""6-0"", ""odds"": ""81.000""}",2026-05-11T14:06:52.321Z
71161224,2026-05-12 13:15,Murdoch University Melville FC Reserves,Joondalup City FC Reserve,"Australia - Western Australia State League 1, Reserves",Bet365,Correct Score,6-1,,,,,,,,,"{""label"": ""6-1"", ""odds"": ""81.000""}",2026-05-11T14:06:52.321Z
71161224,2026-05-12 13:15,Murdoch University Melville FC Reserves,Joondalup City FC Reserve,"Australia - Western Australia State League 1, Reserves",Bet365,Correct Score,6-2,,,,,,,,,"{""label"": ""6-2"", ""odds"": ""81.000""}",2026-05-11T14:06:52.321Z
71161224,2026-05-12 13:15,Murdoch University Melville FC Reserves,Joondalup City FC Reserve,"Australia - Western Australia State League 1, Reserves",Bet365,Corners 2-Way,,,,,1.666,2.100,,,7.5,"{""hdp"": 7.5, ""over"": ""1.666"", ""under"": ""2.100""}",2026-05-11T21:27:27.737Z
71161224,2026-05-12 13:15,Murdoch University Melville FC Reserves,Joondalup City FC Reserve,"Australia - Western Australia State League 1, Reserves",Bet365,Corners,,,,,2.100,2.100,,,8,"{""hdp"": 8, ""over"": ""2.100"", ""under"": ""2.100""}",2026-05-11T21:19:24.972Z
71436762,2026-05-12 14:00,Fardu Ferghana,Xorazm Fk Urganch,Uzbekistan - Cup,Bet365,ML,,2.400,3.200,2.625,,,,,,"{""home"": ""2.400"", ""draw"": ""3.200"", ""away"": ""2.625""}",2026-05-12T10:32:02.717Z
71436762,2026-05-12 14:00,Fardu Ferghana,Xorazm Fk Urganch,Uzbekistan - Cup,Bet365,Draw No Bet,,1.833,,1.833,,,,,,"{""home"": ""1.833"", ""away"": ""1.833""}",2026-05-11T14:37:35.794Z
71436762,2026-05-12 14:00,Fardu Ferghana,Xorazm Fk Urganch,Uzbekistan - Cup,Bet365,Double Chance,Fardu Ferghana or Draw,,,,,1.444,,,,"{""label"": ""Fardu Ferghana or Draw"", ""under"": ""1.444""}",2026-05-11T15:57:55.032Z
71436762,2026-05-12 14:00,Fardu Ferghana,Xorazm Fk Urganch,Uzbekistan - Cup,Bet365,Double Chance,Draw or Xorazm FK Urganch,,,,,1.444,,,,"{""label"": ""Draw or Xorazm FK Urganch"", ""under"": ""1.444""}",2026-05-11T15:57:55.032Z
71436762,2026-05-12 14:00,Fardu Ferghana,Xorazm Fk Urganch,Uzbekistan - Cup,Bet365,Double Chance,Fardu Ferghana or Xorazm FK Urganch,,,,,1.285,,,,"{""label"": ""Fardu Ferghana or Xorazm FK Urganch"", ""under"": ""1.285""}",2026-05-11T15:57:55.032Z
71436762,2026-05-12 14:00,Fardu Ferghana,Xorazm Fk Urganch,Uzbekistan - Cup,Bet365,Spread,,1.775,,N/A,,,,,0,"{""hdp"": 0, ""home"": ""1.775"", ""away"": ""N/A""}",2026-05-12T10:33:20.756Z
71436762,2026-05-12 14:00,Fardu Ferghana,Xorazm Fk Urganch,Uzbekistan - Cup,Bet365,Totals,,,,,1.825,1.975,,,2.75,"{""hdp"": 2.75, ""over"": ""1.825"", ""under"": ""1.975""}",2026-05-12T10:21:59.35Z
71436762,2026-05-12 14:00,Fardu Ferghana,Xorazm Fk Urganch,Uzbekistan - Cup,Bet365,Goals Over/Under,,,,,1.650,2.200,,,2.5,"{""hdp"": 2.5, ""over"": ""1.650"", ""under"": ""2.200""}",2026-05-11T13:27:05.249Z
71436762,2026-05-12 14:00,Fardu Ferghana,Xorazm Fk Urganch,Uzbekistan - Cup,Bet365,Spread HT,,1.900,,1.900,,,,,0,"{""hdp"": 0, ""home"": ""1.900"", ""away"": ""1.900""}",2026-05-11T14:45:22.414Z
71436762,2026-05-12 14:00,Fardu Ferghana,Xorazm Fk Urganch,Uzbekistan - Cup,Bet365,Totals HT,,,,,2.025,1.775,,,1.25,"{""hdp"": 1.25, ""over"": ""2.025"", ""under"": ""1.775""}",2026-05-11T16:48:28.427Z
71436762,2026-05-12 14:00,Fardu Ferghana,Xorazm Fk Urganch,Uzbekistan - Cup,Bet365,Correct Score,0-0,,,,,,,,,"{""label"": ""0-0"", ""odds"": ""12.000""}",2026-05-11T14:37:35.794Z
71436762,2026-05-12 14:00,Fardu Ferghana,Xorazm Fk Urganch,Uzbekistan - Cup,Bet365,Correct Score,1-0,,,,,,,,,"{""label"": ""1-0"", ""odds"": ""12.000""}",2026-05-11T14:37:35.794Z
71436762,2026-05-12 14:00,Fardu Ferghana,Xorazm Fk Urganch,Uzbekistan - Cup,Bet365,Correct Score,1-1,,,,,,,,,"{""label"": ""1-1"", ""odds"": ""7.000""}",2026-05-11T14:37:35.794Z
71436762,2026-05-12 14:00,Fardu Ferghana,Xorazm Fk Urganch,Uzbekistan - Cup,Bet365,Correct Score,2-0,,,,,,,,,"{""label"": ""2-0"", ""odds"": ""15.000""}",2026-05-11T14:37:35.794Z
71436762,2026-05-12 14:00,Fardu Ferghana,Xorazm Fk Urganch,Uzbekistan - Cup,Bet365,Correct Score,2-1,,,,,,,,,"{""label"": ""2-1"", ""odds"": ""12.000""}",2026-05-11T14:37:35.794Z
71436762,2026-05-12 14:00,Fardu Ferghana,Xorazm Fk Urganch,Uzbekistan - Cup,Bet365,Correct Score,2-2,,,,,,,,,"{""label"": ""2-2"", ""odds"": ""12.000""}",2026-05-11T14:37:35.794Z
71436762,2026-05-12 14:00,Fardu Ferghana,Xorazm Fk Urganch,Uzbekistan - Cup,Bet365,Correct Score,3-0,,,,,,,,,"{""label"": ""3-0"", ""odds"": ""23.000""}",2026-05-11T14:37:35.794Z
71436762,2026-05-12 14:00,Fardu Ferghana,Xorazm Fk Urganch,Uzbekistan - Cup,Bet365,Correct Score,3-1,,,,,,,,,"{""label"": ""3-1"", ""odds"": ""21.000""}",2026-05-11T14:37:35.794Z
71436762,2026-05-12 14:00,Fardu Ferghana,Xorazm Fk Urganch,Uzbekistan - Cup,Bet365,Correct Score,3-2,,,,,,,,,"{""label"": ""3-2"", ""odds"": ""26.000""}",2026-05-11T14:37:35.794Z
71436762,2026-05-12 14:00,Fardu Ferghana,Xorazm Fk Urganch,Uzbekistan - Cup,Bet365,Correct Score,3-3,,,,,,,,,"{""label"": ""3-3"", ""odds"": ""34.000""}",2026-05-11T14:37:35.794Z
71436762,2026-05-12 14:00,Fardu Ferghana,Xorazm Fk Urganch,Uzbekistan - Cup,Bet365,Correct Score,4-0,,,,,,,,,"{""label"": ""4-0"", ""odds"": ""41.000""}",2026-05-11T14:37:35.794Z
71436762,2026-05-12 14:00,Fardu Ferghana,Xorazm Fk Urganch,Uzbekistan - Cup,Bet365,Correct Score,4-1,,,,,,,,,"{""label"": ""4-1"", ""odds"": ""41.000""}",2026-05-11T14:37:35.794Z
71436762,2026-05-12 14:00,Fardu Ferghana,Xorazm Fk Urganch,Uzbekistan - Cup,Bet365,Correct Score,4-2,,,,,,,,,"{""label"": ""4-2"", ""odds"": ""41.000""}",2026-05-11T14:37:35.794Z
71436762,2026-05-12 14:00,Fardu Ferghana,Xorazm Fk Urganch,Uzbekistan - Cup,Bet365,Correct Score,4-3,,,,,,,,,"{""label"": ""4-3"", ""odds"": ""67.000""}",2026-05-11T14:37:35.794Z
71436762,2026-05-12 14:00,Fardu Ferghana,Xorazm Fk Urganch,Uzbekistan - Cup,Bet365,Correct Score,5-0,,,,,,,,,"{""label"": ""5-0"", ""odds"": ""67.000""}",2026-05-11T14:37:35.794Z
71436762,2026-05-12 14:00,Fardu Ferghana,Xorazm Fk Urganch,Uzbekistan - Cup,Bet365,Correct Score,5-1,,,,,,,,,"{""label"": ""5-1"", ""odds"": ""67.000""}",2026-05-11T14:37:35.794Z
71436762,2026-05-12 14:00,Fardu Ferghana,Xorazm Fk Urganch,Uzbekistan - Cup,Bet365,Correct Score,5-2,,,,,,,,,"{""label"": ""5-2"", ""odds"": ""81.000""}",2026-05-11T14:37:35.794Z
71436762,2026-05-12 14:00,Fardu Ferghana,Xorazm Fk Urganch,Uzbekistan - Cup,Bet365,Half Time Result,1,,,,,2.875,,,1,"{""label"": ""1"", ""hdp"": 1, ""under"": ""2.875""}",2026-05-11T13:34:19.121Z
71436762,2026-05-12 14:00,Fardu Ferghana,Xorazm Fk Urganch,Uzbekistan - Cup,Bet365,Half Time Result,Draw,,,,,2.375,,,,"{""label"": ""Draw"", ""under"": ""2.375""}",2026-05-11T13:34:19.121Z
71436762,2026-05-12 14:00,Fardu Ferghana,Xorazm Fk Urganch,Uzbekistan - Cup,Bet365,Half Time Result,2,,,,,2.875,,,2,"{""label"": ""2"", ""hdp"": 2, ""under"": ""2.875""}",2026-05-11T13:34:19.121Z
71338142,2026-05-12 15:00,Namdhari FC,Gokulam Kerala FC,India - I-League,Bet365,ML,,2.625,3.400,2.300,,,,,,"{""home"": ""2.625"", ""draw"": ""3.400"", ""away"": ""2.300""}",2026-05-11T11:54:55.396Z
71338142,2026-05-12 15:00,Namdhari FC,Gokulam Kerala FC,India - I-League,Bet365,Draw No Bet,,2.000,,1.727,,,,,,"{""home"": ""2.000"", ""away"": ""1.727""}",2026-05-11T11:54:55.396Z
71338142,2026-05-12 15:00,Namdhari FC,Gokulam Kerala FC,India - I-League,Bet365,Double Chance,Namdhari FC or Draw,,,,,1.500,,,,"{""label"": ""Namdhari FC or Draw"", ""under"": ""1.500""}",2026-05-11T12:15:12.836Z
71338142,2026-05-12 15:00,Namdhari FC,Gokulam Kerala FC,India - I-League,Bet365,Double Chance,Draw or Gokulam FC,,,,,1.400,,,,"{""label"": ""Draw or Gokulam FC"", ""under"": ""1.400""}",2026-05-11T12:15:12.836Z
71338142,2026-05-12 15:00,Namdhari FC,Gokulam Kerala FC,India - I-League,Bet365,Double Chance,Namdhari FC or Gokulam FC,,,,,1.250,,,,"{""label"": ""Namdhari FC or Gokulam FC"", ""under"": ""1.250""}",2026-05-11T12:15:12.836Z
71338142,2026-05-12 15:00,Namdhari FC,Gokulam Kerala FC,India - I-League,Bet365,Spread,,2.025,,N/A,,,,,0,"{""hdp"": 0, ""home"": ""2.025"", ""away"": ""N/A""}",2026-05-11T12:04:41.804Z
71338142,2026-05-12 15:00,Namdhari FC,Gokulam Kerala FC,India - I-League,Bet365,Totals,,,,,1.800,2.000,,,2.75,"{""hdp"": 2.75, ""over"": ""1.800"", ""under"": ""2.000""}",2026-05-11T12:04:41.804Z
71338142,2026-05-12 15:00,Namdhari FC,Gokulam Kerala FC,India - I-League,Bet365,Goals Over/Under,,,,,1.650,2.200,,,2.5,"{""hdp"": 2.5, ""over"": ""1.650"", ""under"": ""2.200""}",2026-05-11T11:54:55.396Z
71338142,2026-05-12 15:00,Namdhari FC,Gokulam Kerala FC,India - I-League,Bet365,Both Teams To Score,,,,,,,1.571,2.250,,"{""yes"": ""1.571"", ""no"": ""2.250""}",2026-05-11T11:54:55.396Z
71338142,2026-05-12 15:00,Namdhari FC,Gokulam Kerala FC,India - I-League,Bet365,Spread HT,,2.000,,1.800,,,,,0,"{""hdp"": 0, ""home"": ""2.000"", ""away"": ""1.800""}",2026-05-11T13:21:38.449Z
71338142,2026-05-12 15:00,Namdhari FC,Gokulam Kerala FC,India - I-League,Bet365,Totals HT,,,,,2.025,1.775,,,1.25,"{""hdp"": 1.25, ""over"": ""2.025"", ""under"": ""1.775""}",2026-05-11T12:43:30.38Z
71338142,2026-05-12 15:00,Namdhari FC,Gokulam Kerala FC,India - I-League,Bet365,European Handicap,,1.500,,,,,,,1,"{""hdp"": 1, ""home"": ""1.500""}",2026-05-12T10:56:07.275Z
71338142,2026-05-12 15:00,Namdhari FC,Gokulam Kerala FC,India - I-League,Bet365,European Handicap,,,4.333,4.333,,,,,-1,"{""hdp"": -1, ""draw"": ""4.333"", ""away"": ""4.333""}",2026-05-12T10:56:07.275Z
71338142,2026-05-12 15:00,Namdhari FC,Gokulam Kerala FC,India - I-League,Bet365,Alternative Total Goals,,,,,1.010,15.000,,,0.5,"{""hdp"": 0.5, ""over"": ""1.010"", ""under"": ""15.000""}",2026-05-11T12:02:52.8Z
71338142,2026-05-12 15:00,Namdhari FC,Gokulam Kerala FC,India - I-League,Bet365,Alternative Total Goals,,,,,1.200,4.333,,,1.5,"{""hdp"": 1.5, ""over"": ""1.200"", ""under"": ""4.333""}",2026-05-11T12:02:52.8Z
71338142,2026-05-12 15:00,Namdhari FC,Gokulam Kerala FC,India - I-League,Bet365,Alternative Total Goals,,,,,2.500,1.500,,,3.5,"{""hdp"": 3.5, ""over"": ""2.500"", ""under"": ""1.500""}",2026-05-11T12:02:52.8Z
71338142,2026-05-12 15:00,Namdhari FC,Gokulam Kerala FC,India - I-League,Bet365,Alternative Total Goals,,,,,4.500,1.166,,,4.5,"{""hdp"": 4.5, ""over"": ""4.500"", ""under"": ""1.166""}",2026-05-11T12:02:52.8Z
71338142,2026-05-12 15:00,Namdhari FC,Gokulam Kerala FC,India - I-League,Bet365,Alternative Total Goals,,,,,8.000,1.062,,,5.5,"{""hdp"": 5.5, ""over"": ""8.000"", ""under"": ""1.062""}",2026-05-11T12:02:52.8Z
71338142,2026-05-12 15:00,Namdhari FC,Gokulam Kerala FC,India - I-League,Bet365,Alternative Total Goals,,,,,11.000,1.020,,,6.5,"{""hdp"": 6.5, ""over"": ""11.000"", ""under"": ""1.020""}",2026-05-11T12:02:52.8Z
71338142,2026-05-12 15:00,Namdhari FC,Gokulam Kerala FC,India - I-League,Bet365,Alternative Total Goals,,,,,17.000,1.005,,,7.5,"{""hdp"": 7.5, ""over"": ""17.000"", ""under"": ""1.005""}",2026-05-11T12:02:52.8Z
71338142,2026-05-12 15:00,Namdhari FC,Gokulam Kerala FC,India - I-League,Bet365,Exact Total Goals,0 Goals,,,,,15.000,,,,"{""label"": ""0 Goals"", ""under"": ""15.000""}",2026-05-11T12:48:00.094Z
71338142,2026-05-12 15:00,Namdhari FC,Gokulam Kerala FC,India - I-League,Bet365,Exact Total Goals,1 Goal,,,,,6.000,,,,"{""label"": ""1 Goal"", ""under"": ""6.000""}",2026-05-11T12:48:00.094Z
71338142,2026-05-12 15:00,Namdhari FC,Gokulam Kerala FC,India - I-League,Bet365,Exact Total Goals,2 Goals,,,,,4.000,,,,"{""label"": ""2 Goals"", ""under"": ""4.000""}",2026-05-11T12:48:00.094Z
71338142,2026-05-12 15:00,Namdhari FC,Gokulam Kerala FC,India - I-League,Bet365,Exact Total Goals,3 Goals,,,,,4.333,,,,"{""label"": ""3 Goals"", ""under"": ""4.333""}",2026-05-11T12:48:00.094Z
71338142,2026-05-12 15:00,Namdhari FC,Gokulam Kerala FC,India - I-League,Bet365,Exact Total Goals,4 Goals,,,,,5.000,,,,"{""label"": ""4 Goals"", ""under"": ""5.000""}",2026-05-11T12:48:00.094Z
71338142,2026-05-12 15:00,Namdhari FC,Gokulam Kerala FC,India - I-League,Bet365,Exact Total Goals,5 Goals,,,,,8.500,,,,"{""label"": ""5 Goals"", ""under"": ""8.500""}",2026-05-11T12:48:00.094Z
71338142,2026-05-12 15:00,Namdhari FC,Gokulam Kerala FC,India - I-League,Bet365,Exact Total Goals,6 Goals,,,,,15.000,,,,"{""label"": ""6 Goals"", ""under"": ""15.000""}",2026-05-11T12:48:00.094Z
71338142,2026-05-12 15:00,Namdhari FC,Gokulam Kerala FC,India - I-League,Bet365,Exact Total Goals,7+ Goals,,,,,11.000,,,,"{""label"": ""7+ Goals"", ""under"": ""11.000""}",2026-05-11T12:48:00.094Z
71338142,2026-05-12 15:00,Namdhari FC,Gokulam Kerala FC,India - I-League,Bet365,Both Teams To Score 2H,,,,,,,2.750,1.400,,"{""yes"": ""2.750"", ""no"": ""1.400""}",2026-05-11T12:02:52.8Z
71338142,2026-05-12 15:00,Namdhari FC,Gokulam Kerala FC,India - I-League,Bet365,Correct Score,0-0,,,,,,,,,"{""label"": ""0-0"", ""odds"": ""15.000""}",2026-05-11T11:54:55.396Z
71338142,2026-05-12 15:00,Namdhari FC,Gokulam Kerala FC,India - I-League,Bet365,Correct Score,1-0,,,,,,,,,"{""label"": ""1-0"", ""odds"": ""12.000""}",2026-05-11T11:54:55.396Z
71338142,2026-05-12 15:00,Namdhari FC,Gokulam Kerala FC,India - I-League,Bet365,Correct Score,1-1,,,,,,,,,"{""label"": ""1-1"", ""odds"": ""7.000""}",2026-05-11T11:54:55.396Z
71338142,2026-05-12 15:00,Namdhari FC,Gokulam Kerala FC,India - I-League,Bet365,Correct Score,2-0,,,,,,,,,"{""label"": ""2-0"", ""odds"": ""15.000""}",2026-05-11T11:54:55.396Z
71338142,2026-05-12 15:00,Namdhari FC,Gokulam Kerala FC,India - I-League,Bet365,Correct Score,2-1,,,,,,,,,"{""label"": ""2-1"", ""odds"": ""11.000""}",2026-05-11T11:54:55.396Z
71338142,2026-05-12 15:00,Namdhari FC,Gokulam Kerala FC,India - I-League,Bet365,Correct Score,2-2,,,,,,,,,"{""label"": ""2-2"", ""odds"": ""12.000""}",2026-05-11T11:54:55.396Z
71338142,2026-05-12 15:00,Namdhari FC,Gokulam Kerala FC,India - I-League,Bet365,Correct Score,3-0,,,,,,,,,"{""label"": ""3-0"", ""odds"": ""26.000""}",2026-05-11T11:54:55.396Z
71338142,2026-05-12 15:00,Namdhari FC,Gokulam Kerala FC,India - I-League,Bet365,Correct Score,3-1,,,,,,,,,"{""label"": ""3-1"", ""odds"": ""21.000""}",2026-05-11T11:54:55.396Z
71338142,2026-05-12 15:00,Namdhari FC,Gokulam Kerala FC,India - I-League,Bet365,Correct Score,3-2,,,,,,,,,"{""label"": ""3-2"", ""odds"": ""26.000""}",2026-05-11T11:54:55.396Z
71338142,2026-05-12 15:00,Namdhari FC,Gokulam Kerala FC,India - I-League,Bet365,Correct Score,3-3,,,,,,,,,"{""label"": ""3-3"", ""odds"": ""41.000""}",2026-05-11T11:54:55.396Z
71338142,2026-05-12 15:00,Namdhari FC,Gokulam Kerala FC,India - I-League,Bet365,Correct Score,4-0,,,,,,,,,"{""label"": ""4-0"", ""odds"": ""51.000""}",2026-05-11T11:54:55.396Z
71338142,2026-05-12 15:00,Namdhari FC,Gokulam Kerala FC,India - I-League,Bet365,Correct Score,4-1,,,,,,,,,"{""label"": ""4-1"", ""odds"": ""41.000""}",2026-05-11T11:54:55.396Z
71338142,2026-05-12 15:00,Namdhari FC,Gokulam Kerala FC,India - I-League,Bet365,Correct Score,4-2,,,,,,,,,"{""label"": ""4-2"", ""odds"": ""51.000""}",2026-05-11T11:54:55.396Z
71338142,2026-05-12 15:00,Namdhari FC,Gokulam Kerala FC,India - I-League,Bet365,Correct Score,4-3,,,,,,,,,"{""label"": ""4-3"", ""odds"": ""67.000""}",2026-05-11T11:54:55.396Z
71338142,2026-05-12 15:00,Namdhari FC,Gokulam Kerala FC,India - I-League,Bet365,Correct Score,4-4,,,,,,,,,"{""label"": ""4-4"", ""odds"": ""126.000""}",2026-05-11T11:54:55.396Z
71338142,2026-05-12 15:00,Namdhari FC,Gokulam Kerala FC,India - I-League,Bet365,Correct Score,5-0,,,,,,,,,"{""label"": ""5-0"", ""odds"": ""101.000""}",2026-05-11T11:54:55.396Z
71338142,2026-05-12 15:00,Namdhari FC,Gokulam Kerala FC,India - I-League,Bet365,Correct Score,5-1,,,,,,,,,"{""label"": ""5-1"", ""odds"": ""81.000""}",2026-05-11T11:54:55.396Z
71338142,2026-05-12 15:00,Namdhari FC,Gokulam Kerala FC,India - I-League,Bet365,Correct Score,5-2,,,,,,,,,"{""label"": ""5-2"", ""odds"": ""101.000""}",2026-05-11T11:54:55.396Z
71338142,2026-05-12 15:00,Namdhari FC,Gokulam Kerala FC,India - I-League,Bet365,Correct Score,5-3,,,,,,,,,"{""label"": ""5-3"", ""odds"": ""151.000""}",2026-05-11T11:54:55.396Z
71338142,2026-05-12 15:00,Namdhari FC,Gokulam Kerala FC,India - I-League,Bet365,Correct Score,6-1,,,,,,,,,"{""label"": ""6-1"", ""odds"": ""151.000""}",2026-05-11T11:54:55.396Z
71338142,2026-05-12 15:00,Namdhari FC,Gokulam Kerala FC,India - I-League,Bet365,Alternative Goal Line,,,,,1.120,6.250,,,1.25,"{""hdp"": 1.25, ""over"": ""1.120"", ""under"": ""6.250""}",2026-05-11T12:19:49.373Z
71338142,2026-05-12 15:00,Namdhari FC,Gokulam Kerala FC,India - I-League,Bet365,Alternative Goal Line,,,,,1.200,4.400,,,1.5,"{""hdp"": 1.5, ""over"": ""1.200"", ""under"": ""4.400""}",2026-05-11T12:19:49.373Z
71338142,2026-05-12 15:00,Namdhari FC,Gokulam Kerala FC,India - I-League,Bet365,Alternative Goal Line,,,,,1.230,4.000,,,1.75,"{""hdp"": 1.75, ""over"": ""1.230"", ""under"": ""4.000""}",2026-05-11T12:19:49.373Z
71338142,2026-05-12 15:00,Namdhari FC,Gokulam Kerala FC,India - I-League,Bet365,Alternative Goal Line,,,,,1.275,3.550,,,2,"{""hdp"": 2, ""over"": ""1.275"", ""under"": ""3.550""}",2026-05-11T12:19:49.373Z
71338142,2026-05-12 15:00,Namdhari FC,Gokulam Kerala FC,India - I-League,Bet365,Alternative Goal Line,,,,,1.475,2.600,,,2.25,"{""hdp"": 2.25, ""over"": ""1.475"", ""under"": ""2.600""}",2026-05-11T12:19:49.373Z
71338142,2026-05-12 15:00,Namdhari FC,Gokulam Kerala FC,India - I-League,Bet365,Alternative Goal Line,,,,,1.650,2.200,,,2.5,"{""hdp"": 2.5, ""over"": ""1.650"", ""under"": ""2.200""}",2026-05-11T12:19:49.373Z
71338142,2026-05-12 15:00,Namdhari FC,Gokulam Kerala FC,India - I-League,Bet365,Alternative Goal Line,,,,,2.050,1.750,,,3,"{""hdp"": 3, ""over"": ""2.050"", ""under"": ""1.750""}",2026-05-11T12:19:49.373Z
71338142,2026-05-12 15:00,Namdhari FC,Gokulam Kerala FC,India - I-League,Bet365,Alternative Goal Line,,,,,2.300,1.600,,,3.25,"{""hdp"": 3.25, ""over"": ""2.300"", ""under"": ""1.600""}",2026-05-11T12:19:49.373Z
71338142,2026-05-12 15:00,Namdhari FC,Gokulam Kerala FC,India - I-League,Bet365,Alternative Goal Line,,,,,2.500,1.500,,,3.5,"{""hdp"": 3.5, ""over"": ""2.500"", ""under"": ""1.500""}",2026-05-11T12:19:49.373Z
71338142,2026-05-12 15:00,Namdhari FC,Gokulam Kerala FC,India - I-League,Bet365,Alternative Goal Line,,,,,3.000,1.375,,,3.75,"{""hdp"": 3.75, ""over"": ""3.000"", ""under"": ""1.375""}",2026-05-11T12:19:49.373Z
71338142,2026-05-12 15:00,Namdhari FC,Gokulam Kerala FC,India - I-League,Bet365,Alternative Goal Line,,,,,3.800,1.250,,,4,"{""hdp"": 4, ""over"": ""3.800"", ""under"": ""1.250""}",2026-05-11T12:19:49.373Z
71338142,2026-05-12 15:00,Namdhari FC,Gokulam Kerala FC,India - I-League,Bet365,Alternative Goal Line,,,,,4.250,1.210,,,4.25,"{""hdp"": 4.25, ""over"": ""4.250"", ""under"": ""1.210""}",2026-05-11T12:19:49.373Z
71338142,2026-05-12 15:00,Namdhari FC,Gokulam Kerala FC,India - I-League,Bet365,Alternative Goal Line,,,,,4.500,1.190,,,4.5,"{""hdp"": 4.5, ""over"": ""4.500"", ""under"": ""1.190""}",2026-05-11T12:19:49.373Z
71338142,2026-05-12 15:00,Namdhari FC,Gokulam Kerala FC,India - I-League,Bet365,Alternative Goal Line,,,,,5.900,1.130,,,4.75,"{""hdp"": 4.75, ""over"": ""5.900"", ""under"": ""1.130""}",2026-05-11T12:19:49.373Z
71338142,2026-05-12 15:00,Namdhari FC,Gokulam Kerala FC,India - I-League,Bet365,Alternative Asian Handicap,,6.800,,5.750,,,,,-1.75,"{""hdp"": -1.75, ""home"": ""6.800"", ""away"": ""5.750""}",2026-05-11T12:16:09.738Z
71338142,2026-05-12 15:00,Namdhari FC,Gokulam Kerala FC,India - I-League,Bet365,Alternative Asian Handicap,,5.250,,4.400,,,,,-1.5,"{""hdp"": -1.5, ""home"": ""5.250"", ""away"": ""4.400""}",2026-05-11T12:16:09.738Z
71338142,2026-05-12 15:00,Namdhari FC,Gokulam Kerala FC,India - I-League,Bet365,Alternative Asian Handicap,,4.650,,4.000,,,,,-1.25,"{""hdp"": -1.25, ""home"": ""4.650"", ""away"": ""4.000""}",2026-05-11T12:16:09.738Z
71338142,2026-05-12 15:00,Namdhari FC,Gokulam Kerala FC,India - I-League,Bet365,Alternative Asian Handicap,,4.250,,3.550,,,,,-1,"{""hdp"": -1, ""home"": ""4.250"", ""away"": ""3.550""}",2026-05-11T12:16:09.738Z
71338142,2026-05-12 15:00,Namdhari FC,Gokulam Kerala FC,India - I-League,Bet365,Alternative Asian Handicap,,3.300,,2.750,,,,,-0.75,"{""hdp"": -0.75, ""home"": ""3.300"", ""away"": ""2.750""}",2026-05-11T12:16:09.738Z
71338142,2026-05-12 15:00,Namdhari FC,Gokulam Kerala FC,India - I-League,Bet365,Alternative Asian Handicap,,2.675,,2.350,,,,,-0.5,"{""hdp"": -0.5, ""home"": ""2.675"", ""away"": ""2.350""}",2026-05-11T12:16:09.738Z
71338142,2026-05-12 15:00,Namdhari FC,Gokulam Kerala FC,India - I-League,Bet365,Alternative Asian Handicap,,2.350,,2.075,,,,,-0.25,"{""hdp"": -0.25, ""home"": ""2.350"", ""away"": ""2.075""}",2026-05-11T12:16:09.738Z
71338142,2026-05-12 15:00,Namdhari FC,Gokulam Kerala FC,India - I-League,Bet365,Alternative Asian Handicap,,1.725,,1.575,,,,,0.25,"{""hdp"": 0.25, ""home"": ""1.725"", ""away"": ""1.575""}",2026-05-11T12:16:09.738Z
71338142,2026-05-12 15:00,Namdhari FC,Gokulam Kerala FC,India - I-League,Bet365,Alternative Asian Handicap,,1.575,,1.450,,,,,0.5,"{""hdp"": 0.5, ""home"": ""1.575"", ""away"": ""1.450""}",2026-05-11T12:16:09.738Z
71338142,2026-05-12 15:00,Namdhari FC,Gokulam Kerala FC,India - I-League,Bet365,Alternative Asian Handicap,,1.425,,1.325,,,,,0.75,"{""hdp"": 0.75, ""home"": ""1.425"", ""away"": ""1.325""}",2026-05-11T12:16:09.738Z
71338142,2026-05-12 15:00,Namdhari FC,Gokulam Kerala FC,India - I-League,Bet365,Alternative Asian Handicap,,1.275,,1.210,,,,,1,"{""hdp"": 1, ""home"": ""1.275"", ""away"": ""1.210""}",2026-05-11T12:16:09.738Z
71338142,2026-05-12 15:00,Namdhari FC,Gokulam Kerala FC,India - I-League,Bet365,Alternative Asian Handicap,,1.230,,1.180,,,,,1.25,"{""hdp"": 1.25, ""home"": ""1.230"", ""away"": ""1.180""}",2026-05-11T12:16:09.738Z
71338142,2026-05-12 15:00,Namdhari FC,Gokulam Kerala FC,India - I-League,Bet365,Alternative Asian Handicap,,1.200,,1.160,,,,,1.5,"{""hdp"": 1.5, ""home"": ""1.200"", ""away"": ""1.160""}",2026-05-11T12:16:09.738Z
71338142,2026-05-12 15:00,Namdhari FC,Gokulam Kerala FC,India - I-League,Bet365,Alternative Asian Handicap,,1.140,,1.105,,,,,1.75,"{""hdp"": 1.75, ""home"": ""1.140"", ""away"": ""1.105""}",2026-05-11T12:16:09.738Z
71338142,2026-05-12 15:00,Namdhari FC,Gokulam Kerala FC,India - I-League,Bet365,1st Half Handicap,1 (1),1.400,,,,,,,1,"{""label"": ""1 (1)"", ""hdp"": 1, ""home"": ""1.400""}",2026-05-11T12:04:41.804Z
71338142,2026-05-12 15:00,Namdhari FC,Gokulam Kerala FC,India - I-League,Bet365,1st Half Handicap,Tie (-1),,,8.500,,,,,-1,"{""label"": ""Tie (-1)"", ""hdp"": -1, ""away"": ""8.500""}",2026-05-11T12:04:41.804Z
71338142,2026-05-12 15:00,Namdhari FC,Gokulam Kerala FC,India - I-League,Bet365,Specials,To Win From Behind (1),3.500,,,,,,,1,"{""label"": ""To Win From Behind (1)"", ""hdp"": 1, ""home"": ""3.500""}",2026-05-11T12:02:52.8Z
71338142,2026-05-12 15:00,Namdhari FC,Gokulam Kerala FC,India - I-League,Bet365,Specials,To Win From Behind (2),,,3.250,,,,,2,"{""label"": ""To Win From Behind (2)"", ""hdp"": 2, ""away"": ""3.250""}",2026-05-11T12:02:52.8Z
71338142,2026-05-12 15:00,Namdhari FC,Gokulam Kerala FC,India - I-League,Bet365,Half Time Result,1,,,,,3.100,,,1,"{""label"": ""1"", ""hdp"": 1, ""under"": ""3.100""}",2026-05-11T12:04:41.804Z
71338142,2026-05-12 15:00,Namdhari FC,Gokulam Kerala FC,India - I-League,Bet365,Half Time Result,Draw,,,,,2.300,,,,"{""label"": ""Draw"", ""under"": ""2.300""}",2026-05-11T12:04:41.804Z
71338142,2026-05-12 15:00,Namdhari FC,Gokulam Kerala FC,India - I-League,Bet365,Half Time Result,2,,,,,2.875,,,2,"{""label"": ""2"", ""hdp"": 2, ""under"": ""2.875""}",2026-05-11T12:04:41.804Z
71338142,2026-05-12 15:00,Namdhari FC,Gokulam Kerala FC,India - I-League,Bet365,Number of Goals In Match,Under 2 goals,,,,,4.333,,,,"{""label"": ""Under 2 goals"", ""under"": ""4.333""}",2026-05-11T12:53:23.752Z
71338142,2026-05-12 15:00,Namdhari FC,Gokulam Kerala FC,India - I-League,Bet365,Number of Goals In Match,2 or 3 goals,,,,,2.100,,,,"{""label"": ""2 or 3 goals"", ""under"": ""2.100""}",2026-05-11T12:53:23.752Z
71338142,2026-05-12 15:00,Namdhari FC,Gokulam Kerala FC,India - I-League,Bet365,Number of Goals In Match,Over 3 goals,,,,2.500,,,,,"{""label"": ""Over 3 goals"", ""over"": ""2.500""}",2026-05-11T12:53:23.752Z
71338142,2026-05-12 15:00,Namdhari FC,Gokulam Kerala FC,India - I-League,Bet365,Team Total Goals Away,,,,,1.222,4.000,,,0.5,"{""hdp"": 0.5, ""over"": ""1.222"", ""under"": ""4.000""}",2026-05-11T13:27:05.249Z
71338142,2026-05-12 15:00,Namdhari FC,Gokulam Kerala FC,India - I-League,Bet365,Team Total Goals Away,,,,,2.000,1.727,,,1.5,"{""hdp"": 1.5, ""over"": ""2.000"", ""under"": ""1.727""}",2026-05-11T13:27:05.249Z
71338142,2026-05-12 15:00,Namdhari FC,Gokulam Kerala FC,India - I-League,Bet365,Team Total Goals Away,,,,,4.333,1.200,,,2.5,"{""hdp"": 2.5, ""over"": ""4.333"", ""under"": ""1.200""}",2026-05-11T13:27:05.249Z
71338142,2026-05-12 15:00,Namdhari FC,Gokulam Kerala FC,India - I-League,Bet365,Team Total Goals Away,,,,,8.500,1.050,,,3.5,"{""hdp"": 3.5, ""over"": ""8.500"", ""under"": ""1.050""}",2026-05-11T13:27:05.249Z
71338142,2026-05-12 15:00,Namdhari FC,Gokulam Kerala FC,India - I-League,Bet365,Team Total Goals Away,,,,,15.000,1.010,,,4.5,"{""hdp"": 4.5, ""over"": ""15.000"", ""under"": ""1.010""}",2026-05-11T13:27:05.249Z
71338142,2026-05-12 15:00,Namdhari FC,Gokulam Kerala FC,India - I-League,Bet365,Team Total Goals Away,,,,,21.000,1.002,,,5.5,"{""hdp"": 5.5, ""over"": ""21.000"", ""under"": ""1.002""}",2026-05-11T13:27:05.249Z
71338142,2026-05-12 15:00,Namdhari FC,Gokulam Kerala FC,India - I-League,Bet365,Both Teams To Score HT,,,,,,,3.750,1.250,,"{""yes"": ""3.750"", ""no"": ""1.250""}",2026-05-11T12:02:52.8Z
71338142,2026-05-12 15:00,Namdhari FC,Gokulam Kerala FC,India - I-League,Bet365,Team Total Goals Home,,,,,1.250,3.750,,,0.5,"{""hdp"": 0.5, ""over"": ""1.250"", ""under"": ""3.750""}",2026-05-11T13:27:05.249Z
71338142,2026-05-12 15:00,Namdhari FC,Gokulam Kerala FC,India - I-League,Bet365,Team Total Goals Home,,,,,2.200,1.615,,,1.5,"{""hdp"": 1.5, ""over"": ""2.200"", ""under"": ""1.615""}",2026-05-11T13:27:05.249Z
71338142,2026-05-12 15:00,Namdhari FC,Gokulam Kerala FC,India - I-League,Bet365,Team Total Goals Home,,,,,4.500,1.166,,,2.5,"{""hdp"": 2.5, ""over"": ""4.500"", ""under"": ""1.166""}",2026-05-11T13:27:05.249Z
71338142,2026-05-12 15:00,Namdhari FC,Gokulam Kerala FC,India - I-League,Bet365,Team Total Goals Home,,,,,9.000,1.040,,,3.5,"{""hdp"": 3.5, ""over"": ""9.000"", ""under"": ""1.040""}",2026-05-11T13:27:05.249Z
71338142,2026-05-12 15:00,Namdhari FC,Gokulam Kerala FC,India - I-League,Bet365,Team Total Goals Home,,,,,17.000,1.005,,,4.5,"{""hdp"": 4.5, ""over"": ""17.000"", ""under"": ""1.005""}",2026-05-11T13:27:05.249Z
71378880,2026-05-12 15:00,Deportivo Maldonado Reserve,Racing Club Montevideo,"Uruguay - Tercera Division, Reserves",Bet365,ML,,2.450,3.250,2.550,,,,,,"{""home"": ""2.450"", ""draw"": ""3.250"", ""away"": ""2.550""}",2026-05-12T09:56:40.727Z
71378880,2026-05-12 15:00,Deportivo Maldonado Reserve,Racing Club Montevideo,"Uruguay - Tercera Division, Reserves",Bet365,Draw No Bet,,1.800,,1.909,,,,,,"{""home"": ""1.800"", ""away"": ""1.909""}",2026-05-12T10:08:18.786Z
71378880,2026-05-12 15:00,Deportivo Maldonado Reserve,Racing Club Montevideo,"Uruguay - Tercera Division, Reserves",Bet365,Double Chance,Deportivo Maldonado Reserves or Racing Club de Montevideo Reserves,,,,,1.250,,,,"{""label"": ""Deportivo Maldonado Reserves or Racing Club de Montevideo Reserves"", ""under"": ""1.250""}",2026-05-12T10:40:57.662Z
71378880,2026-05-12 15:00,Deportivo Maldonado Reserve,Racing Club Montevideo,"Uruguay - Tercera Division, Reserves",Bet365,Double Chance,Deportivo Maldonado Reserves or Draw,,,,,1.444,,,,"{""label"": ""Deportivo Maldonado Reserves or Draw"", ""under"": ""1.444""}",2026-05-12T10:40:57.662Z
71378880,2026-05-12 15:00,Deportivo Maldonado Reserve,Racing Club Montevideo,"Uruguay - Tercera Division, Reserves",Bet365,Double Chance,Draw or Racing Club de Montevideo Reserves,,,,,1.400,,,,"{""label"": ""Draw or Racing Club de Montevideo Reserves"", ""under"": ""1.400""}",2026-05-12T10:40:57.662Z
71378880,2026-05-12 15:00,Deportivo Maldonado Reserve,Racing Club Montevideo,"Uruguay - Tercera Division, Reserves",Bet365,Spread,,1.850,,N/A,,,,,0,"{""hdp"": 0, ""home"": ""1.850"", ""away"": ""N/A""}",2026-05-12T09:51:27.284Z
71378880,2026-05-12 15:00,Deportivo Maldonado Reserve,Racing Club Montevideo,"Uruguay - Tercera Division, Reserves",Bet365,Totals,,,,,1.825,1.975,,,2.5,"{""hdp"": 2.5, ""over"": ""1.825"", ""under"": ""1.975""}",2026-05-12T06:55:27.466Z
71378880,2026-05-12 15:00,Deportivo Maldonado Reserve,Racing Club Montevideo,"Uruguay - Tercera Division, Reserves",Bet365,Goals Over/Under,,,,,1.850,1.950,,,2.5,"{""hdp"": 2.5, ""over"": ""1.850"", ""under"": ""1.950""}",2026-05-12T09:35:31.782Z
71378880,2026-05-12 15:00,Deportivo Maldonado Reserve,Racing Club Montevideo,"Uruguay - Tercera Division, Reserves",Bet365,Spread HT,,2.000,,1.800,,,,,0,"{""hdp"": 0, ""home"": ""2.000"", ""away"": ""1.800""}",2026-05-12T08:19:46.393Z
71378880,2026-05-12 15:00,Deportivo Maldonado Reserve,Racing Club Montevideo,"Uruguay - Tercera Division, Reserves",Bet365,Totals HT,,,,,1.775,2.025,,,1,"{""hdp"": 1, ""over"": ""1.775"", ""under"": ""2.025""}",2026-05-12T09:37:47.882Z
71378880,2026-05-12 15:00,Deportivo Maldonado Reserve,Racing Club Montevideo,"Uruguay - Tercera Division, Reserves",Bet365,Correct Score,0-0,,,,,,,,,"{""label"": ""0-0"", ""odds"": ""10.000""}",2026-05-12T10:08:18.786Z
71378880,2026-05-12 15:00,Deportivo Maldonado Reserve,Racing Club Montevideo,"Uruguay - Tercera Division, Reserves",Bet365,Correct Score,1-0,,,,,,,,,"{""label"": ""1-0"", ""odds"": ""9.500""}",2026-05-12T10:08:18.786Z
71378880,2026-05-12 15:00,Deportivo Maldonado Reserve,Racing Club Montevideo,"Uruguay - Tercera Division, Reserves",Bet365,Correct Score,2-0,,,,,,,,,"{""label"": ""2-0"", ""odds"": ""13.000""}",2026-05-12T10:08:18.786Z
71378880,2026-05-12 15:00,Deportivo Maldonado Reserve,Racing Club Montevideo,"Uruguay - Tercera Division, Reserves",Bet365,Correct Score,2-1,,,,,,,,,"{""label"": ""2-1"", ""odds"": ""11.000""}",2026-05-12T10:08:18.786Z
71378880,2026-05-12 15:00,Deportivo Maldonado Reserve,Racing Club Montevideo,"Uruguay - Tercera Division, Reserves",Bet365,Correct Score,3-0,,,,,,,,,"{""label"": ""3-0"", ""odds"": ""21.000""}",2026-05-12T10:08:18.786Z
71378880,2026-05-12 15:00,Deportivo Maldonado Reserve,Racing Club Montevideo,"Uruguay - Tercera Division, Reserves",Bet365,Correct Score,5-0,,,,,,,,,"{""label"": ""5-0"", ""odds"": ""67.000""}",2026-05-12T10:08:18.786Z
71378880,2026-05-12 15:00,Deportivo Maldonado Reserve,Racing Club Montevideo,"Uruguay - Tercera Division, Reserves",Bet365,Correct Score,5-1,,,,,,,,,"{""label"": ""5-1"", ""odds"": ""67.000""}",2026-05-12T10:08:18.786Z
71378880,2026-05-12 15:00,Deportivo Maldonado Reserve,Racing Club Montevideo,"Uruguay - Tercera Division, Reserves",Bet365,Correct Score,2-2,,,,,,,,,"{""label"": ""2-2"", ""odds"": ""13.000""}",2026-05-12T10:08:18.786Z
71378880,2026-05-12 15:00,Deportivo Maldonado Reserve,Racing Club Montevideo,"Uruguay - Tercera Division, Reserves",Bet365,Correct Score,3-1,,,,,,,,,"{""label"": ""3-1"", ""odds"": ""21.000""}",2026-05-12T10:08:18.786Z
71378880,2026-05-12 15:00,Deportivo Maldonado Reserve,Racing Club Montevideo,"Uruguay - Tercera Division, Reserves",Bet365,Correct Score,3-2,,,,,,,,,"{""label"": ""3-2"", ""odds"": ""29.000""}",2026-05-12T10:08:18.786Z
71378880,2026-05-12 15:00,Deportivo Maldonado Reserve,Racing Club Montevideo,"Uruguay - Tercera Division, Reserves",Bet365,Correct Score,3-3,,,,,,,,,"{""label"": ""3-3"", ""odds"": ""41.000""}",2026-05-12T10:08:18.786Z
71378880,2026-05-12 15:00,Deportivo Maldonado Reserve,Racing Club Montevideo,"Uruguay - Tercera Division, Reserves",Bet365,Correct Score,4-3,,,,,,,,,"{""label"": ""4-3"", ""odds"": ""81.000""}",2026-05-12T10:08:18.786Z
71378880,2026-05-12 15:00,Deportivo Maldonado Reserve,Racing Club Montevideo,"Uruguay - Tercera Division, Reserves",Bet365,Correct Score,1-1,,,,,,,,,"{""label"": ""1-1"", ""odds"": ""7.000""}",2026-05-12T10:08:18.786Z
71378880,2026-05-12 15:00,Deportivo Maldonado Reserve,Racing Club Montevideo,"Uruguay - Tercera Division, Reserves",Bet365,Correct Score,4-0,,,,,,,,,"{""label"": ""4-0"", ""odds"": ""41.000""}",2026-05-12T10:08:18.786Z
71378880,2026-05-12 15:00,Deportivo Maldonado Reserve,Racing Club Montevideo,"Uruguay - Tercera Division, Reserves",Bet365,Correct Score,4-1,,,,,,,,,"{""label"": ""4-1"", ""odds"": ""41.000""}",2026-05-12T10:08:18.786Z
71378880,2026-05-12 15:00,Deportivo Maldonado Reserve,Racing Club Montevideo,"Uruguay - Tercera Division, Reserves",Bet365,Correct Score,4-2,,,,,,,,,"{""label"": ""4-2"", ""odds"": ""51.000""}",2026-05-12T10:08:18.786Z
71378880,2026-05-12 15:00,Deportivo Maldonado Reserve,Racing Club Montevideo,"Uruguay - Tercera Division, Reserves",Bet365,Half Time Result,1,,,,,3.000,,,1,"{""label"": ""1"", ""hdp"": 1, ""under"": ""3.000""}",2026-05-12T10:07:41.876Z
71378880,2026-05-12 15:00,Deportivo Maldonado Reserve,Racing Club Montevideo,"Uruguay - Tercera Division, Reserves",Bet365,Half Time Result,Draw,,,,,2.200,,,,"{""label"": ""Draw"", ""under"": ""2.200""}",2026-05-12T10:07:41.876Z
71378880,2026-05-12 15:00,Deportivo Maldonado Reserve,Racing Club Montevideo,"Uruguay - Tercera Division, Reserves",Bet365,Half Time Result,2,,,,,3.100,,,2,"{""label"": ""2"", ""hdp"": 2, ""under"": ""3.100""}",2026-05-12T10:07:41.876Z
61651656,2026-05-12 14:30,FC Epitsentr Kamianets-Podilskyi,FC Polissya Zhytomyr,Ukraine - Premier League,Bet365,ML,,6.250,3.600,1.480,,,,,,"{""home"": ""6.250"", ""draw"": ""3.600"", ""away"": ""1.480""}",2026-05-12T08:09:51.031Z
61651656,2026-05-12 14:30,FC Epitsentr Kamianets-Podilskyi,FC Polissya Zhytomyr,Ukraine - Premier League,Bet365,Draw No Bet,,4.500,,1.166,,,,,,"{""home"": ""4.500"", ""away"": ""1.166""}",2026-05-12T10:09:09.742Z
61651656,2026-05-12 14:30,FC Epitsentr Kamianets-Podilskyi,FC Polissya Zhytomyr,Ukraine - Premier League,Bet365,Double Chance,Epitsentr Kamianets-Podilskyi or Draw,,,,,2.400,,,,"{""label"": ""Epitsentr Kamianets-Podilskyi or Draw"", ""under"": ""2.400""}",2026-05-12T09:41:31.156Z
61651656,2026-05-12 14:30,FC Epitsentr Kamianets-Podilskyi,FC Polissya Zhytomyr,Ukraine - Premier League,Bet365,Double Chance,Draw or Polissya Zhytomyr,,,,,1.083,,,,"{""label"": ""Draw or Polissya Zhytomyr"", ""under"": ""1.083""}",2026-05-12T09:41:31.156Z
61651656,2026-05-12 14:30,FC Epitsentr Kamianets-Podilskyi,FC Polissya Zhytomyr,Ukraine - Premier League,Bet365,Double Chance,Epitsentr Kamianets-Podilskyi or Polissya Zhytomyr,,,,,1.222,,,,"{""label"": ""Epitsentr Kamianets-Podilskyi or Polissya Zhytomyr"", ""under"": ""1.222""}",2026-05-12T09:41:31.156Z
61651656,2026-05-12 14:30,FC Epitsentr Kamianets-Podilskyi,FC Polissya Zhytomyr,Ukraine - Premier League,Bet365,Spread,,1.900,,1.900,,,,,1,"{""hdp"": 1, ""home"": ""1.900"", ""away"": ""1.900""}",2026-05-12T10:54:44.469Z
61651656,2026-05-12 14:30,FC Epitsentr Kamianets-Podilskyi,FC Polissya Zhytomyr,Ukraine - Premier League,Bet365,Totals,,,,,1.900,1.900,,,2.25,"{""hdp"": 2.25, ""over"": ""1.900"", ""under"": ""1.900""}",2026-05-12T09:55:22.939Z
61651656,2026-05-12 14:30,FC Epitsentr Kamianets-Podilskyi,FC Polissya Zhytomyr,Ukraine - Premier League,Bet365,Goals Over/Under,,,,,2.075,1.727,,,2.5,"{""hdp"": 2.5, ""over"": ""2.075"", ""under"": ""1.727""}",2026-05-12T09:16:06.342Z
61651656,2026-05-12 14:30,FC Epitsentr Kamianets-Podilskyi,FC Polissya Zhytomyr,Ukraine - Premier League,Bet365,Both Teams To Score,,,,,,,2.200,1.615,,"{""yes"": ""2.200"", ""no"": ""1.615""}",2026-05-12T10:21:33.835Z
61651656,2026-05-12 14:30,FC Epitsentr Kamianets-Podilskyi,FC Polissya Zhytomyr,Ukraine - Premier League,Bet365,Spread HT,,1.800,,2.000,,,,,0.5,"{""hdp"": 0.5, ""home"": ""1.800"", ""away"": ""2.000""}",2026-05-12T07:39:27.995Z
61651656,2026-05-12 14:30,FC Epitsentr Kamianets-Podilskyi,FC Polissya Zhytomyr,Ukraine - Premier League,Bet365,Totals HT,,,,,2.050,1.750,,,1,"{""hdp"": 1, ""over"": ""2.050"", ""under"": ""1.750""}",2026-05-12T10:36:29.612Z
61651656,2026-05-12 14:30,FC Epitsentr Kamianets-Podilskyi,FC Polissya Zhytomyr,Ukraine - Premier League,Bet365,European Handicap,,15.000,,,,,,,-1,"{""hdp"": -1, ""home"": ""15.000""}",2026-05-12T10:56:39.888Z
61651656,2026-05-12 14:30,FC Epitsentr Kamianets-Podilskyi,FC Polissya Zhytomyr,Ukraine - Premier League,Bet365,European Handicap,,,7.500,1.083,,,,,1,"{""hdp"": 1, ""draw"": ""7.500"", ""away"": ""1.083""}",2026-05-12T10:56:39.888Z
61651656,2026-05-12 14:30,FC Epitsentr Kamianets-Podilskyi,FC Polissya Zhytomyr,Ukraine - Premier League,Bet365,Corners Totals,,,,,1.925,1.875,,,9.5,"{""hdp"": 9.5, ""over"": ""1.925"", ""under"": ""1.875""}",2026-05-11T19:38:08.567Z
61651656,2026-05-12 14:30,FC Epitsentr Kamianets-Podilskyi,FC Polissya Zhytomyr,Ukraine - Premier League,Bet365,Corners Totals HT,,,,,1.975,1.825,,,4.5,"{""hdp"": 4.5, ""over"": ""1.975"", ""under"": ""1.825""}",2026-05-12T07:38:19.012Z
61651656,2026-05-12 14:30,FC Epitsentr Kamianets-Podilskyi,FC Polissya Zhytomyr,Ukraine - Premier League,Bet365,1st Half Handicap,1 (1),1.727,,,,,,,1,"{""label"": ""1 (1)"", ""hdp"": 1, ""home"": ""1.727""}",2026-05-12T10:11:34.344Z
61651656,2026-05-12 14:30,FC Epitsentr Kamianets-Podilskyi,FC Polissya Zhytomyr,Ukraine - Premier League,Bet365,1st Half Handicap,Tie (-1),,,5.500,,,,,-1,"{""label"": ""Tie (-1)"", ""hdp"": -1, ""away"": ""5.500""}",2026-05-12T10:11:34.344Z
61651656,2026-05-12 14:30,FC Epitsentr Kamianets-Podilskyi,FC Polissya Zhytomyr,Ukraine - Premier League,Bet365,Number of Goals In Match,Over 3 goals,,,,3.400,,,,,"{""label"": ""Over 3 goals"", ""over"": ""3.400""}",2026-05-12T08:14:07.143Z
61651656,2026-05-12 14:30,FC Epitsentr Kamianets-Podilskyi,FC Polissya Zhytomyr,Ukraine - Premier League,Bet365,Number of Goals In Match,Under 2 goals,,,,,3.400,,,,"{""label"": ""Under 2 goals"", ""under"": ""3.400""}",2026-05-12T08:14:07.143Z
61651656,2026-05-12 14:30,FC Epitsentr Kamianets-Podilskyi,FC Polissya Zhytomyr,Ukraine - Premier League,Bet365,Number of Goals In Match,2 or 3 goals,,,,,1.952,,,,"{""label"": ""2 or 3 goals"", ""under"": ""1.952""}",2026-05-12T08:14:07.143Z
61651656,2026-05-12 14:30,FC Epitsentr Kamianets-Podilskyi,FC Polissya Zhytomyr,Ukraine - Premier League,Bet365,Exact Total Goals,3 Goals,,,,,4.333,,,,"{""label"": ""3 Goals"", ""under"": ""4.333""}",2026-05-12T08:16:17.229Z
61651656,2026-05-12 14:30,FC Epitsentr Kamianets-Podilskyi,FC Polissya Zhytomyr,Ukraine - Premier League,Bet365,Exact Total Goals,6 Goals,,,,,23.000,,,,"{""label"": ""6 Goals"", ""under"": ""23.000""}",2026-05-12T08:16:17.229Z
61651656,2026-05-12 14:30,FC Epitsentr Kamianets-Podilskyi,FC Polissya Zhytomyr,Ukraine - Premier League,Bet365,Exact Total Goals,0 Goals,,,,,9.000,,,,"{""label"": ""0 Goals"", ""under"": ""9.000""}",2026-05-12T08:16:17.229Z
61651656,2026-05-12 14:30,FC Epitsentr Kamianets-Podilskyi,FC Polissya Zhytomyr,Ukraine - Premier League,Bet365,Exact Total Goals,1 Goal,,,,,4.500,,,,"{""label"": ""1 Goal"", ""under"": ""4.500""}",2026-05-12T08:16:17.229Z
61651656,2026-05-12 14:30,FC Epitsentr Kamianets-Podilskyi,FC Polissya Zhytomyr,Ukraine - Premier League,Bet365,Exact Total Goals,2 Goals,,,,,3.500,,,,"{""label"": ""2 Goals"", ""under"": ""3.500""}",2026-05-12T08:16:17.229Z
61651656,2026-05-12 14:30,FC Epitsentr Kamianets-Podilskyi,FC Polissya Zhytomyr,Ukraine - Premier League,Bet365,Exact Total Goals,4 Goals,,,,,6.500,,,,"{""label"": ""4 Goals"", ""under"": ""6.500""}",2026-05-12T08:16:17.229Z
61651656,2026-05-12 14:30,FC Epitsentr Kamianets-Podilskyi,FC Polissya Zhytomyr,Ukraine - Premier League,Bet365,Exact Total Goals,5 Goals,,,,,12.000,,,,"{""label"": ""5 Goals"", ""under"": ""12.000""}",2026-05-12T08:16:17.229Z
61651656,2026-05-12 14:30,FC Epitsentr Kamianets-Podilskyi,FC Polissya Zhytomyr,Ukraine - Premier League,Bet365,Exact Total Goals,7+ Goals,,,,,17.000,,,,"{""label"": ""7+ Goals"", ""under"": ""17.000""}",2026-05-12T08:16:17.229Z
61651656,2026-05-12 14:30,FC Epitsentr Kamianets-Podilskyi,FC Polissya Zhytomyr,Ukraine - Premier League,Bet365,Correct Score,0-0,,,,,,,,,"{""label"": ""0-0"", ""odds"": ""8.500""}",2026-05-12T10:54:16.893Z
61651656,2026-05-12 14:30,FC Epitsentr Kamianets-Podilskyi,FC Polissya Zhytomyr,Ukraine - Premier League,Bet365,Correct Score,1-0,,,,,,,,,"{""label"": ""1-0"", ""odds"": ""15.000""}",2026-05-12T10:54:16.893Z
61651656,2026-05-12 14:30,FC Epitsentr Kamianets-Podilskyi,FC Polissya Zhytomyr,Ukraine - Premier League,Bet365,Correct Score,1-1,,,,,,,,,"{""label"": ""1-1"", ""odds"": ""7.500""}",2026-05-12T10:54:16.893Z
61651656,2026-05-12 14:30,FC Epitsentr Kamianets-Podilskyi,FC Polissya Zhytomyr,Ukraine - Premier League,Bet365,Correct Score,2-1,,,,,,,,,"{""label"": ""2-1"", ""odds"": ""21.000""}",2026-05-12T10:54:16.893Z
61651656,2026-05-12 14:30,FC Epitsentr Kamianets-Podilskyi,FC Polissya Zhytomyr,Ukraine - Premier League,Bet365,Correct Score,3-0,,,,,,,,,"{""label"": ""3-0"", ""odds"": ""67.000""}",2026-05-12T10:54:16.893Z
61651656,2026-05-12 14:30,FC Epitsentr Kamianets-Podilskyi,FC Polissya Zhytomyr,Ukraine - Premier League,Bet365,Correct Score,4-0,,,,,,,,,"{""label"": ""4-0"", ""odds"": ""21.000""}",2026-05-12T10:54:16.893Z
61651656,2026-05-12 14:30,FC Epitsentr Kamianets-Podilskyi,FC Polissya Zhytomyr,Ukraine - Premier League,Bet365,Correct Score,4-2,,,,,,,,,"{""label"": ""4-2"", ""odds"": ""151.000""}",2026-05-12T10:54:16.893Z
61651656,2026-05-12 14:30,FC Epitsentr Kamianets-Podilskyi,FC Polissya Zhytomyr,Ukraine - Premier League,Bet365,Correct Score,5-0,,,,,,,,,"{""label"": ""5-0"", ""odds"": ""41.000""}",2026-05-12T10:54:16.893Z
61651656,2026-05-12 14:30,FC Epitsentr Kamianets-Podilskyi,FC Polissya Zhytomyr,Ukraine - Premier League,Bet365,Correct Score,5-1,,,,,,,,,"{""label"": ""5-1"", ""odds"": ""51.000""}",2026-05-12T10:54:16.893Z
61651656,2026-05-12 14:30,FC Epitsentr Kamianets-Podilskyi,FC Polissya Zhytomyr,Ukraine - Premier League,Bet365,Correct Score,5-2,,,,,,,,,"{""label"": ""5-2"", ""odds"": ""101.000""}",2026-05-12T10:54:16.893Z
61651656,2026-05-12 14:30,FC Epitsentr Kamianets-Podilskyi,FC Polissya Zhytomyr,Ukraine - Premier League,Bet365,Correct Score,6-0,,,,,,,,,"{""label"": ""6-0"", ""odds"": ""81.000""}",2026-05-12T10:54:16.893Z
61651656,2026-05-12 14:30,FC Epitsentr Kamianets-Podilskyi,FC Polissya Zhytomyr,Ukraine - Premier League,Bet365,Correct Score,6-1,,,,,,,,,"{""label"": ""6-1"", ""odds"": ""101.000""}",2026-05-12T10:54:16.893Z
61651656,2026-05-12 14:30,FC Epitsentr Kamianets-Podilskyi,FC Polissya Zhytomyr,Ukraine - Premier League,Bet365,Correct Score,3-1,,,,,,,,,"{""label"": ""3-1"", ""odds"": ""51.000""}",2026-05-12T10:54:16.893Z
61651656,2026-05-12 14:30,FC Epitsentr Kamianets-Podilskyi,FC Polissya Zhytomyr,Ukraine - Premier League,Bet365,Correct Score,4-3,,,,,,,,,"{""label"": ""4-3"", ""odds"": ""126.000""}",2026-05-12T10:54:16.893Z
61651656,2026-05-12 14:30,FC Epitsentr Kamianets-Podilskyi,FC Polissya Zhytomyr,Ukraine - Premier League,Bet365,Correct Score,2-2,,,,,,,,,"{""label"": ""2-2"", ""odds"": ""21.000""}",2026-05-12T10:54:16.893Z
61651656,2026-05-12 14:30,FC Epitsentr Kamianets-Podilskyi,FC Polissya Zhytomyr,Ukraine - Premier League,Bet365,Correct Score,3-2,,,,,,,,,"{""label"": ""3-2"", ""odds"": ""51.000""}",2026-05-12T10:54:16.893Z
61651656,2026-05-12 14:30,FC Epitsentr Kamianets-Podilskyi,FC Polissya Zhytomyr,Ukraine - Premier League,Bet365,Correct Score,3-3,,,,,,,,,"{""label"": ""3-3"", ""odds"": ""67.000""}",2026-05-12T10:54:16.893Z
61651656,2026-05-12 14:30,FC Epitsentr Kamianets-Podilskyi,FC Polissya Zhytomyr,Ukraine - Premier League,Bet365,Correct Score,4-1,,,,,,,,,"{""label"": ""4-1"", ""odds"": ""151.000""}",2026-05-12T10:54:16.893Z
61651656,2026-05-12 14:30,FC Epitsentr Kamianets-Podilskyi,FC Polissya Zhytomyr,Ukraine - Premier League,Bet365,Correct Score,2-0,,,,,,,,,"{""label"": ""2-0"", ""odds"": ""29.000""}",2026-05-12T10:54:16.893Z
61651656,2026-05-12 14:30,FC Epitsentr Kamianets-Podilskyi,FC Polissya Zhytomyr,Ukraine - Premier League,Bet365,Corners 2-Way,,,,,1.833,1.833,,,9.5,"{""hdp"": 9.5, ""over"": ""1.833"", ""under"": ""1.833""}",2026-05-11T19:21:30.12Z
61651656,2026-05-12 14:30,FC Epitsentr Kamianets-Podilskyi,FC Polissya Zhytomyr,Ukraine - Premier League,Bet365,Alternative Goal Line,,,,,1.100,7.000,,,1,"{""hdp"": 1, ""over"": ""1.100"", ""under"": ""7.000""}",2026-05-12T10:15:30.142Z
61651656,2026-05-12 14:30,FC Epitsentr Kamianets-Podilskyi,FC Polissya Zhytomyr,Ukraine - Premier League,Bet365,Alternative Goal Line,,,,,1.230,4.000,,,1.25,"{""hdp"": 1.25, ""over"": ""1.230"", ""under"": ""4.000""}",2026-05-12T10:15:30.142Z
61651656,2026-05-12 14:30,FC Epitsentr Kamianets-Podilskyi,FC Polissya Zhytomyr,Ukraine - Premier League,Bet365,Alternative Goal Line,,,,,1.375,3.000,,,1.5,"{""hdp"": 1.5, ""over"": ""1.375"", ""under"": ""3.000""}",2026-05-12T10:15:30.142Z
61651656,2026-05-12 14:30,FC Epitsentr Kamianets-Podilskyi,FC Polissya Zhytomyr,Ukraine - Premier League,Bet365,Alternative Goal Line,,,,,1.450,2.675,,,1.75,"{""hdp"": 1.75, ""over"": ""1.450"", ""under"": ""2.675""}",2026-05-12T10:15:30.142Z
61651656,2026-05-12 14:30,FC Epitsentr Kamianets-Podilskyi,FC Polissya Zhytomyr,Ukraine - Premier League,Bet365,Alternative Goal Line,,,,,1.600,2.300,,,2,"{""hdp"": 2, ""over"": ""1.600"", ""under"": ""2.300""}",2026-05-12T10:15:30.142Z
61651656,2026-05-12 14:30,FC Epitsentr Kamianets-Podilskyi,FC Polissya Zhytomyr,Ukraine - Premier League,Bet365,Alternative Goal Line,,,,,2.100,1.700,,,2.5,"{""hdp"": 2.5, ""over"": ""2.100"", ""under"": ""1.700""}",2026-05-12T10:15:30.142Z
61651656,2026-05-12 14:30,FC Epitsentr Kamianets-Podilskyi,FC Polissya Zhytomyr,Ukraine - Premier League,Bet365,Alternative Goal Line,,,,,2.425,1.525,,,2.75,"{""hdp"": 2.75, ""over"": ""2.425"", ""under"": ""1.525""}",2026-05-12T10:15:30.142Z
61651656,2026-05-12 14:30,FC Epitsentr Kamianets-Podilskyi,FC Polissya Zhytomyr,Ukraine - Premier League,Bet365,Alternative Goal Line,,,,,3.100,1.350,,,3,"{""hdp"": 3, ""over"": ""3.100"", ""under"": ""1.350""}",2026-05-12T10:15:30.142Z
61651656,2026-05-12 14:30,FC Epitsentr Kamianets-Podilskyi,FC Polissya Zhytomyr,Ukraine - Premier League,Bet365,Alternative Goal Line,,,,,3.450,1.300,,,3.25,"{""hdp"": 3.25, ""over"": ""3.450"", ""under"": ""1.300""}",2026-05-12T10:15:30.142Z
61651656,2026-05-12 14:30,FC Epitsentr Kamianets-Podilskyi,FC Polissya Zhytomyr,Ukraine - Premier League,Bet365,Alternative Goal Line,,,,,3.800,1.250,,,3.5,"{""hdp"": 3.5, ""over"": ""3.800"", ""under"": ""1.250""}",2026-05-12T10:15:30.142Z
61651656,2026-05-12 14:30,FC Epitsentr Kamianets-Podilskyi,FC Polissya Zhytomyr,Ukraine - Premier League,Bet365,Alternative Goal Line,,,,,4.800,1.175,,,3.75,"{""hdp"": 3.75, ""over"": ""4.800"", ""under"": ""1.175""}",2026-05-12T10:15:30.142Z
61651656,2026-05-12 14:30,FC Epitsentr Kamianets-Podilskyi,FC Polissya Zhytomyr,Ukraine - Premier League,Bet365,Alternative Goal Line,,,,,7.000,1.100,,,4,"{""hdp"": 4, ""over"": ""7.000"", ""under"": ""1.100""}",2026-05-12T10:15:30.142Z
61651656,2026-05-12 14:30,FC Epitsentr Kamianets-Podilskyi,FC Polissya Zhytomyr,Ukraine - Premier League,Bet365,Alternative Asian Handicap,,6.000,,1.550,,,,,-0.5,"{""hdp"": -0.5, ""home"": ""6.000"", ""away"": ""1.550""}",2026-05-12T10:17:01.503Z
61651656,2026-05-12 14:30,FC Epitsentr Kamianets-Podilskyi,FC Polissya Zhytomyr,Ukraine - Premier League,Bet365,Alternative Asian Handicap,,5.500,,1.375,,,,,-0.25,"{""hdp"": -0.25, ""home"": ""5.500"", ""away"": ""1.375""}",2026-05-12T10:17:01.503Z
61651656,2026-05-12 14:30,FC Epitsentr Kamianets-Podilskyi,FC Polissya Zhytomyr,Ukraine - Premier League,Bet365,Alternative Asian Handicap,,4.500,,1.190,,,,,0,"{""hdp"": 0, ""home"": ""4.500"", ""away"": ""1.190""}",2026-05-12T10:17:01.503Z
61651656,2026-05-12 14:30,FC Epitsentr Kamianets-Podilskyi,FC Polissya Zhytomyr,Ukraine - Premier League,Bet365,Alternative Asian Handicap,,3.000,,1.150,,,,,0.25,"{""hdp"": 0.25, ""home"": ""3.000"", ""away"": ""1.150""}",2026-05-12T10:17:01.503Z
61651656,2026-05-12 14:30,FC Epitsentr Kamianets-Podilskyi,FC Polissya Zhytomyr,Ukraine - Premier League,Bet365,Alternative Asian Handicap,,2.375,,1.125,,,,,0.5,"{""hdp"": 0.5, ""home"": ""2.375"", ""away"": ""1.125""}",2026-05-12T10:17:01.503Z
61651656,2026-05-12 14:30,FC Epitsentr Kamianets-Podilskyi,FC Polissya Zhytomyr,Ukraine - Premier League,Bet365,Alternative Asian Handicap,,2.100,,1.700,,,,,0.75,"{""hdp"": 0.75, ""home"": ""2.100"", ""away"": ""1.700""}",2026-05-12T10:17:01.503Z
61651656,2026-05-12 14:30,FC Epitsentr Kamianets-Podilskyi,FC Polissya Zhytomyr,Ukraine - Premier League,Bet365,Alternative Asian Handicap,,1.625,,2.250,,,,,1.25,"{""hdp"": 1.25, ""home"": ""1.625"", ""away"": ""2.250""}",2026-05-12T10:17:01.503Z
61651656,2026-05-12 14:30,FC Epitsentr Kamianets-Podilskyi,FC Polissya Zhytomyr,Ukraine - Premier League,Bet365,Alternative Asian Handicap,,1.500,,2.500,,,,,1.5,"{""hdp"": 1.5, ""home"": ""1.500"", ""away"": ""2.500""}",2026-05-12T10:17:01.503Z
61651656,2026-05-12 14:30,FC Epitsentr Kamianets-Podilskyi,FC Polissya Zhytomyr,Ukraine - Premier League,Bet365,Alternative Asian Handicap,,1.350,,3.100,,,,,1.75,"{""hdp"": 1.75, ""home"": ""1.350"", ""away"": ""3.100""}",2026-05-12T10:17:01.503Z
61651656,2026-05-12 14:30,FC Epitsentr Kamianets-Podilskyi,FC Polissya Zhytomyr,Ukraine - Premier League,Bet365,Alternative Asian Handicap,,1.220,,4.150,,,,,2,"{""hdp"": 2, ""home"": ""1.220"", ""away"": ""4.150""}",2026-05-12T10:17:01.503Z
61651656,2026-05-12 14:30,FC Epitsentr Kamianets-Podilskyi,FC Polissya Zhytomyr,Ukraine - Premier League,Bet365,Alternative Asian Handicap,,1.190,,4.500,,,,,2.25,"{""hdp"": 2.25, ""home"": ""1.190"", ""away"": ""4.500""}",2026-05-12T10:17:01.503Z
61651656,2026-05-12 14:30,FC Epitsentr Kamianets-Podilskyi,FC Polissya Zhytomyr,Ukraine - Premier League,Bet365,Alternative Asian Handicap,,1.160,,5.250,,,,,2.5,"{""hdp"": 2.5, ""home"": ""1.160"", ""away"": ""5.250""}",2026-05-12T10:17:01.503Z
61651656,2026-05-12 14:30,FC Epitsentr Kamianets-Podilskyi,FC Polissya Zhytomyr,Ukraine - Premier League,Bet365,Alternative Asian Handicap,,1.110,,6.600,,,,,2.75,"{""hdp"": 2.75, ""home"": ""1.110"", ""away"": ""6.600""}",2026-05-12T10:17:01.503Z
61651656,2026-05-12 14:30,FC Epitsentr Kamianets-Podilskyi,FC Polissya Zhytomyr,Ukraine - Premier League,Bet365,Alternative Corners,,,,,1.025,26.000,,,4,"{""hdp"": 4, ""over"": ""1.025"", ""under"": ""26.000""}",2026-05-11T19:41:58.606Z
61651656,2026-05-12 14:30,FC Epitsentr Kamianets-Podilskyi,FC Polissya Zhytomyr,Ukraine - Premier League,Bet365,Alternative Corners,,,,,1.071,17.000,,,5,"{""hdp"": 5, ""over"": ""1.071"", ""under"": ""17.000""}",2026-05-11T19:41:58.606Z
61651656,2026-05-12 14:30,FC Epitsentr Kamianets-Podilskyi,FC Polissya Zhytomyr,Ukraine - Premier League,Bet365,Alternative Corners,,,,,1.142,9.000,,,6,"{""hdp"": 6, ""over"": ""1.142"", ""under"": ""9.000""}",2026-05-11T19:41:58.606Z
61651656,2026-05-12 14:30,FC Epitsentr Kamianets-Podilskyi,FC Polissya Zhytomyr,Ukraine - Premier League,Bet365,Alternative Corners,,,,,1.300,5.500,,,7,"{""hdp"": 7, ""over"": ""1.300"", ""under"": ""5.500""}",2026-05-11T19:41:58.606Z
61651656,2026-05-12 14:30,FC Epitsentr Kamianets-Podilskyi,FC Polissya Zhytomyr,Ukraine - Premier League,Bet365,Alternative Corners,,,,,1.533,3.400,,,8,"{""hdp"": 8, ""over"": ""1.533"", ""under"": ""3.400""}",2026-05-11T19:41:58.606Z
61651656,2026-05-12 14:30,FC Epitsentr Kamianets-Podilskyi,FC Polissya Zhytomyr,Ukraine - Premier League,Bet365,Alternative Corners,,,,,2.500,1.833,,,10,"{""hdp"": 10, ""over"": ""2.500"", ""under"": ""1.833""}",2026-05-11T19:41:58.606Z
61651656,2026-05-12 14:30,FC Epitsentr Kamianets-Podilskyi,FC Polissya Zhytomyr,Ukraine - Premier League,Bet365,Alternative Corners,,,,,3.400,1.500,,,11,"{""hdp"": 11, ""over"": ""3.400"", ""under"": ""1.500""}",2026-05-11T19:41:58.606Z
61651656,2026-05-12 14:30,FC Epitsentr Kamianets-Podilskyi,FC Polissya Zhytomyr,Ukraine - Premier League,Bet365,Alternative Corners,,,,,4.500,1.300,,,12,"{""hdp"": 12, ""over"": ""4.500"", ""under"": ""1.300""}",2026-05-11T19:41:58.606Z
61651656,2026-05-12 14:30,FC Epitsentr Kamianets-Podilskyi,FC Polissya Zhytomyr,Ukraine - Premier League,Bet365,Alternative Corners,,,,,7.000,1.181,,,13,"{""hdp"": 13, ""over"": ""7.000"", ""under"": ""1.181""}",2026-05-11T19:41:58.606Z
61651656,2026-05-12 14:30,FC Epitsentr Kamianets-Podilskyi,FC Polissya Zhytomyr,Ukraine - Premier League,Bet365,Alternative Corners,,,,,11.000,1.100,,,14,"{""hdp"": 14, ""over"": ""11.000"", ""under"": ""1.100""}",2026-05-11T19:41:58.606Z
61651656,2026-05-12 14:30,FC Epitsentr Kamianets-Podilskyi,FC Polissya Zhytomyr,Ukraine - Premier League,Bet365,Alternative Corners,,,,,13.000,1.050,,,15,"{""hdp"": 15, ""over"": ""13.000"", ""under"": ""1.050""}",2026-05-11T19:41:58.606Z
61651656,2026-05-12 14:30,FC Epitsentr Kamianets-Podilskyi,FC Polissya Zhytomyr,Ukraine - Premier League,Bet365,Alternative Corners,,,,,19.000,1.030,,,16,"{""hdp"": 16, ""over"": ""19.000"", ""under"": ""1.030""}",2026-05-11T19:41:58.606Z
61651656,2026-05-12 14:30,FC Epitsentr Kamianets-Podilskyi,FC Polissya Zhytomyr,Ukraine - Premier League,Bet365,Team Total Goals Home,,,,,1.800,1.909,,,0.5,"{""hdp"": 0.5, ""over"": ""1.800"", ""under"": ""1.909""}",2026-05-12T09:23:55.229Z
61651656,2026-05-12 14:30,FC Epitsentr Kamianets-Podilskyi,FC Polissya Zhytomyr,Ukraine - Premier League,Bet365,Team Total Goals Home,,,,,5.000,1.142,,,1.5,"{""hdp"": 1.5, ""over"": ""5.000"", ""under"": ""1.142""}",2026-05-12T09:23:55.229Z
61651656,2026-05-12 14:30,FC Epitsentr Kamianets-Podilskyi,FC Polissya Zhytomyr,Ukraine - Premier League,Bet365,Team Total Goals Home,,,,,10.500,1.025,,,2.5,"{""hdp"": 2.5, ""over"": ""10.500"", ""under"": ""1.025""}",2026-05-12T09:23:55.229Z
61651656,2026-05-12 14:30,FC Epitsentr Kamianets-Podilskyi,FC Polissya Zhytomyr,Ukraine - Premier League,Bet365,Team Total Goals Home,,,,,21.000,1.002,,,3.5,"{""hdp"": 3.5, ""over"": ""21.000"", ""under"": ""1.002""}",2026-05-12T09:23:55.229Z
61651656,2026-05-12 14:30,FC Epitsentr Kamianets-Podilskyi,FC Polissya Zhytomyr,Ukraine - Premier League,Bet365,Corners,,,,,1.833,2.375,,,9,"{""hdp"": 9, ""over"": ""1.833"", ""under"": ""2.375""}",2026-05-11T19:11:20.933Z
61651656,2026-05-12 14:30,FC Epitsentr Kamianets-Podilskyi,FC Polissya Zhytomyr,Ukraine - Premier League,Bet365,Alternative Total Goals,,,,,1.071,7.500,,,0.5,"{""hdp"": 0.5, ""over"": ""1.071"", ""under"": ""7.500""}",2026-05-12T10:21:33.835Z
61651656,2026-05-12 14:30,FC Epitsentr Kamianets-Podilskyi,FC Polissya Zhytomyr,Ukraine - Premier League,Bet365,Alternative Total Goals,,,,,1.333,3.250,,,1.5,"{""hdp"": 1.5, ""over"": ""1.333"", ""under"": ""3.250""}",2026-05-12T10:21:33.835Z
61651656,2026-05-12 14:30,FC Epitsentr Kamianets-Podilskyi,FC Polissya Zhytomyr,Ukraine - Premier League,Bet365,Alternative Total Goals,,,,,3.750,1.250,,,3.5,"{""hdp"": 3.5, ""over"": ""3.750"", ""under"": ""1.250""}",2026-05-12T10:21:33.835Z
61651656,2026-05-12 14:30,FC Epitsentr Kamianets-Podilskyi,FC Polissya Zhytomyr,Ukraine - Premier League,Bet365,Alternative Total Goals,,,,,7.000,1.083,,,4.5,"{""hdp"": 4.5, ""over"": ""7.000"", ""under"": ""1.083""}",2026-05-12T10:21:33.835Z
61651656,2026-05-12 14:30,FC Epitsentr Kamianets-Podilskyi,FC Polissya Zhytomyr,Ukraine - Premier League,Bet365,Alternative Total Goals,,,,,10.500,1.025,,,5.5,"{""hdp"": 5.5, ""over"": ""10.500"", ""under"": ""1.025""}",2026-05-12T10:21:33.835Z
61651656,2026-05-12 14:30,FC Epitsentr Kamianets-Podilskyi,FC Polissya Zhytomyr,Ukraine - Premier League,Bet365,Alternative Total Goals,,,,,17.000,1.005,,,6.5,"{""hdp"": 6.5, ""over"": ""17.000"", ""under"": ""1.005""}",2026-05-12T10:21:33.835Z
61651656,2026-05-12 14:30,FC Epitsentr Kamianets-Podilskyi,FC Polissya Zhytomyr,Ukraine - Premier League,Bet365,Team Total Goals Away,,,,,1.166,4.500,,,0.5,"{""hdp"": 0.5, ""over"": ""1.166"", ""under"": ""4.500""}",2026-05-12T09:23:55.229Z
61651656,2026-05-12 14:30,FC Epitsentr Kamianets-Podilskyi,FC Polissya Zhytomyr,Ukraine - Premier League,Bet365,Team Total Goals Away,,,,,1.800,1.909,,,1.5,"{""hdp"": 1.5, ""over"": ""1.800"", ""under"": ""1.909""}",2026-05-12T09:23:55.229Z
61651656,2026-05-12 14:30,FC Epitsentr Kamianets-Podilskyi,FC Polissya Zhytomyr,Ukraine - Premier League,Bet365,Team Total Goals Away,,,,,3.500,1.285,,,2.5,"{""hdp"": 2.5, ""over"": ""3.500"", ""under"": ""1.285""}",2026-05-12T09:23:55.229Z
61651656,2026-05-12 14:30,FC Epitsentr Kamianets-Podilskyi,FC Polissya Zhytomyr,Ukraine - Premier League,Bet365,Team Total Goals Away,,,,,7.000,1.083,,,3.5,"{""hdp"": 3.5, ""over"": ""7.000"", ""under"": ""1.083""}",2026-05-12T09:23:55.229Z
61651656,2026-05-12 14:30,FC Epitsentr Kamianets-Podilskyi,FC Polissya Zhytomyr,Ukraine - Premier League,Bet365,Team Total Goals Away,,,,,11.000,1.020,,,4.5,"{""hdp"": 4.5, ""over"": ""11.000"", ""under"": ""1.020""}",2026-05-12T09:23:55.229Z
61651656,2026-05-12 14:30,FC Epitsentr Kamianets-Podilskyi,FC Polissya Zhytomyr,Ukraine - Premier League,Bet365,Team Total Goals Away,,,,,21.000,1.002,,,5.5,"{""hdp"": 5.5, ""over"": ""21.000"", ""under"": ""1.002""}",2026-05-12T09:23:55.229Z
61651656,2026-05-12 14:30,FC Epitsentr Kamianets-Podilskyi,FC Polissya Zhytomyr,Ukraine - Premier League,Bet365,Total Corners,Under 6,,,,,9.000,,,,"{""label"": ""Under 6"", ""under"": ""9.000""}",2026-05-11T19:21:30.12Z
61651656,2026-05-12 14:30,FC Epitsentr Kamianets-Podilskyi,FC Polissya Zhytomyr,Ukraine - Premier League,Bet365,Total Corners,6 - 8,,,,,3.100,,,,"{""label"": ""6 - 8"", ""under"": ""3.100""}",2026-05-11T19:21:30.12Z
61651656,2026-05-12 14:30,FC Epitsentr Kamianets-Podilskyi,FC Polissya Zhytomyr,Ukraine - Premier League,Bet365,Total Corners,9 - 11,,,,,2.625,,,,"{""label"": ""9 - 11"", ""under"": ""2.625""}",2026-05-11T19:21:30.12Z
61651656,2026-05-12 14:30,FC Epitsentr Kamianets-Podilskyi,FC Polissya Zhytomyr,Ukraine - Premier League,Bet365,Total Corners,12 - 14,,,,,4.500,,,,"{""label"": ""12 - 14"", ""under"": ""4.500""}",2026-05-11T19:21:30.12Z
61651656,2026-05-12 14:30,FC Epitsentr Kamianets-Podilskyi,FC Polissya Zhytomyr,Ukraine - Premier League,Bet365,Total Corners,Over 14,,,,11.000,,,,,"{""label"": ""Over 14"", ""over"": ""11.000""}",2026-05-11T19:21:30.12Z
61651656,2026-05-12 14:30,FC Epitsentr Kamianets-Podilskyi,FC Polissya Zhytomyr,Ukraine - Premier League,Bet365,Both Teams To Score HT,,,,,,,6.000,1.125,,"{""yes"": ""6.000"", ""no"": ""1.125""}",2026-05-11T19:19:14.919Z
61651656,2026-05-12 14:30,FC Epitsentr Kamianets-Podilskyi,FC Polissya Zhytomyr,Ukraine - Premier League,Bet365,Both Teams To Score 2H,,,,,,,4.333,1.200,,"{""yes"": ""4.333"", ""no"": ""1.200""}",2026-05-12T07:10:22.202Z
61651656,2026-05-12 14:30,FC Epitsentr Kamianets-Podilskyi,FC Polissya Zhytomyr,Ukraine - Premier League,Bet365,Half Time Result,Draw,,,,,2.200,,,,"{""label"": ""Draw"", ""under"": ""2.200""}",2026-05-12T10:11:34.344Z
61651656,2026-05-12 14:30,FC Epitsentr Kamianets-Podilskyi,FC Polissya Zhytomyr,Ukraine - Premier League,Bet365,Half Time Result,1,,,,,6.500,,,1,"{""label"": ""1"", ""hdp"": 1, ""under"": ""6.500""}",2026-05-12T10:11:34.344Z
61651656,2026-05-12 14:30,FC Epitsentr Kamianets-Podilskyi,FC Polissya Zhytomyr,Ukraine - Premier League,Bet365,Half Time Result,2,,,,,2.050,,,2,"{""label"": ""2"", ""hdp"": 2, ""under"": ""2.050""}",2026-05-12T10:11:34.344Z
61651656,2026-05-12 14:30,FC Epitsentr Kamianets-Podilskyi,FC Polissya Zhytomyr,Ukraine - Premier League,Bet365,Specials,To Win From Behind (1),10.000,,,,,,,1,"{""label"": ""To Win From Behind (1)"", ""hdp"": 1, ""home"": ""10.000""}",2026-05-12T09:59:43.187Z
61651656,2026-05-12 14:30,FC Epitsentr Kamianets-Podilskyi,FC Polissya Zhytomyr,Ukraine - Premier League,Bet365,Specials,To Win From Behind (2),,,2.625,,,,,2,"{""label"": ""To Win From Behind (2)"", ""hdp"": 2, ""away"": ""2.625""}",2026-05-12T09:59:43.187Z
70478164,2026-05-12 15:15,TRA United,Jkt Tanzania,Tanzania - Premier League,Bet365,ML,,2.050,2.900,3.500,,,,,,"{""home"": ""2.050"", ""draw"": ""2.900"", ""away"": ""3.500""}",2026-05-12T03:56:07.941Z
70478164,2026-05-12 15:15,TRA United,Jkt Tanzania,Tanzania - Premier League,Bet365,Draw No Bet,,1.500,,2.500,,,,,,"{""home"": ""1.500"", ""away"": ""2.500""}",2026-05-12T06:06:01.136Z
70478164,2026-05-12 15:15,TRA United,Jkt Tanzania,Tanzania - Premier League,Bet365,Double Chance,TRA United or Draw,,,,,1.222,,,,"{""label"": ""TRA United or Draw"", ""under"": ""1.222""}",2026-05-12T06:43:38.95Z
70478164,2026-05-12 15:15,TRA United,Jkt Tanzania,Tanzania - Premier League,Bet365,Double Chance,Draw or JKT Tanzania,,,,,1.615,,,,"{""label"": ""Draw or JKT Tanzania"", ""under"": ""1.615""}",2026-05-12T06:43:38.95Z
70478164,2026-05-12 15:15,TRA United,Jkt Tanzania,Tanzania - Premier League,Bet365,Double Chance,TRA United or JKT Tanzania,,,,,1.300,,,,"{""label"": ""TRA United or JKT Tanzania"", ""under"": ""1.300""}",2026-05-12T06:43:38.95Z
70478164,2026-05-12 15:15,TRA United,Jkt Tanzania,Tanzania - Premier League,Bet365,Spread,,1.825,,1.975,,,,,-0.25,"{""hdp"": -0.25, ""home"": ""1.825"", ""away"": ""1.975""}",2026-05-12T03:55:04.967Z
70478164,2026-05-12 15:15,TRA United,Jkt Tanzania,Tanzania - Premier League,Bet365,Totals,,,,,1.800,2.000,,,2,"{""hdp"": 2, ""over"": ""1.800"", ""under"": ""2.000""}",2026-05-11T13:18:58.251Z
70478164,2026-05-12 15:15,TRA United,Jkt Tanzania,Tanzania - Premier League,Bet365,Goals Over/Under,,,,,2.375,1.533,,,2.5,"{""hdp"": 2.5, ""over"": ""2.375"", ""under"": ""1.533""}",2026-05-11T13:09:32.501Z
70478164,2026-05-12 15:15,TRA United,Jkt Tanzania,Tanzania - Premier League,Bet365,Spread HT,,2.250,,1.625,,,,,-0.25,"{""hdp"": -0.25, ""home"": ""2.250"", ""away"": ""1.625""}",2026-05-12T07:25:22.665Z
70478164,2026-05-12 15:15,TRA United,Jkt Tanzania,Tanzania - Premier League,Bet365,Totals HT,,,,,1.750,2.050,,,0.75,"{""hdp"": 0.75, ""over"": ""1.750"", ""under"": ""2.050""}",2026-05-11T14:02:29.866Z
70478164,2026-05-12 15:15,TRA United,Jkt Tanzania,Tanzania - Premier League,Bet365,Alternative Asian Handicap,,5.250,,1.160,,,,,-1.75,"{""hdp"": -1.75, ""home"": ""5.250"", ""away"": ""1.160""}",2026-05-12T10:39:24.72Z
70478164,2026-05-12 15:15,TRA United,Jkt Tanzania,Tanzania - Premier League,Bet365,Alternative Asian Handicap,,4.000,,1.230,,,,,-1.5,"{""hdp"": -1.5, ""home"": ""4.000"", ""away"": ""1.230""}",2026-05-12T10:39:24.72Z
70478164,2026-05-12 15:15,TRA United,Jkt Tanzania,Tanzania - Premier League,Bet365,Alternative Asian Handicap,,3.550,,1.275,,,,,-1.25,"{""hdp"": -1.25, ""home"": ""3.550"", ""away"": ""1.275""}",2026-05-12T10:39:24.72Z
70478164,2026-05-12 15:15,TRA United,Jkt Tanzania,Tanzania - Premier League,Bet365,Alternative Asian Handicap,,3.300,,6.600,,,,,-1,"{""hdp"": -1, ""home"": ""3.300"", ""away"": ""6.600""}",2026-05-12T10:39:24.72Z
70478164,2026-05-12 15:15,TRA United,Jkt Tanzania,Tanzania - Premier League,Bet365,Alternative Asian Handicap,,2.425,,4.400,,,,,-0.75,"{""hdp"": -0.75, ""home"": ""2.425"", ""away"": ""4.400""}",2026-05-12T10:39:24.72Z
70478164,2026-05-12 15:15,TRA United,Jkt Tanzania,Tanzania - Premier League,Bet365,Alternative Asian Handicap,,2.100,,3.450,,,,,-0.5,"{""hdp"": -0.5, ""home"": ""2.100"", ""away"": ""3.450""}",2026-05-12T10:39:24.72Z
70478164,2026-05-12 15:15,TRA United,Jkt Tanzania,Tanzania - Premier League,Bet365,Alternative Asian Handicap,,1.525,,2.425,,,,,0,"{""hdp"": 0, ""home"": ""1.525"", ""away"": ""2.425""}",2026-05-12T10:39:24.72Z
70478164,2026-05-12 15:15,TRA United,Jkt Tanzania,Tanzania - Premier League,Bet365,Alternative Asian Handicap,,1.375,,3.000,,,,,0.25,"{""hdp"": 0.25, ""home"": ""1.375"", ""away"": ""3.000""}",2026-05-12T10:39:24.72Z
70478164,2026-05-12 15:15,TRA United,Jkt Tanzania,Tanzania - Premier League,Bet365,Alternative Asian Handicap,,1.300,,1.700,,,,,0.5,"{""hdp"": 0.5, ""home"": ""1.300"", ""away"": ""1.700""}",2026-05-12T10:39:24.72Z
70478164,2026-05-12 15:15,TRA United,Jkt Tanzania,Tanzania - Premier League,Bet365,Alternative Asian Handicap,,1.200,,1.525,,,,,0.75,"{""hdp"": 0.75, ""home"": ""1.200"", ""away"": ""1.525""}",2026-05-12T10:39:24.72Z
70478164,2026-05-12 15:15,TRA United,Jkt Tanzania,Tanzania - Premier League,Bet365,Alternative Asian Handicap,,1.110,,1.325,,,,,1,"{""hdp"": 1, ""home"": ""1.110"", ""away"": ""1.325""}",2026-05-12T10:39:24.72Z
70478164,2026-05-12 15:15,TRA United,Jkt Tanzania,Tanzania - Premier League,Bet365,Correct Score,2-2,,,,,,,,,"{""label"": ""2-2"", ""odds"": ""19.000""}",2026-05-12T06:06:01.136Z
70478164,2026-05-12 15:15,TRA United,Jkt Tanzania,Tanzania - Premier League,Bet365,Correct Score,3-2,,,,,,,,,"{""label"": ""3-2"", ""odds"": ""41.000""}",2026-05-12T06:06:01.136Z
70478164,2026-05-12 15:15,TRA United,Jkt Tanzania,Tanzania - Premier League,Bet365,Correct Score,3-3,,,,,,,,,"{""label"": ""3-3"", ""odds"": ""67.000""}",2026-05-12T06:06:01.136Z
70478164,2026-05-12 15:15,TRA United,Jkt Tanzania,Tanzania - Premier League,Bet365,Correct Score,0-0,,,,,,,,,"{""label"": ""0-0"", ""odds"": ""6.500""}",2026-05-12T06:06:01.136Z
70478164,2026-05-12 15:15,TRA United,Jkt Tanzania,Tanzania - Premier League,Bet365,Correct Score,1-0,,,,,,,,,"{""label"": ""1-0"", ""odds"": ""6.500""}",2026-05-12T06:06:01.136Z
70478164,2026-05-12 15:15,TRA United,Jkt Tanzania,Tanzania - Premier League,Bet365,Correct Score,1-1,,,,,,,,,"{""label"": ""1-1"", ""odds"": ""6.500""}",2026-05-12T06:06:01.136Z
70478164,2026-05-12 15:15,TRA United,Jkt Tanzania,Tanzania - Premier League,Bet365,Correct Score,2-0,,,,,,,,,"{""label"": ""2-0"", ""odds"": ""9.000""}",2026-05-12T06:06:01.136Z
70478164,2026-05-12 15:15,TRA United,Jkt Tanzania,Tanzania - Premier League,Bet365,Correct Score,2-1,,,,,,,,,"{""label"": ""2-1"", ""odds"": ""11.000""}",2026-05-12T06:06:01.136Z
70478164,2026-05-12 15:15,TRA United,Jkt Tanzania,Tanzania - Premier League,Bet365,Correct Score,3-0,,,,,,,,,"{""label"": ""3-0"", ""odds"": ""17.000""}",2026-05-12T06:06:01.136Z
70478164,2026-05-12 15:15,TRA United,Jkt Tanzania,Tanzania - Premier League,Bet365,Correct Score,3-1,,,,,,,,,"{""label"": ""3-1"", ""odds"": ""21.000""}",2026-05-12T06:06:01.136Z
70478164,2026-05-12 15:15,TRA United,Jkt Tanzania,Tanzania - Premier League,Bet365,Correct Score,4-0,,,,,,,,,"{""label"": ""4-0"", ""odds"": ""34.000""}",2026-05-12T06:06:01.136Z
70478164,2026-05-12 15:15,TRA United,Jkt Tanzania,Tanzania - Premier League,Bet365,Correct Score,5-0,,,,,,,,,"{""label"": ""5-0"", ""odds"": ""67.000""}",2026-05-12T06:06:01.136Z
70478164,2026-05-12 15:15,TRA United,Jkt Tanzania,Tanzania - Premier League,Bet365,Correct Score,5-1,,,,,,,,,"{""label"": ""5-1"", ""odds"": ""81.000""}",2026-05-12T06:06:01.136Z
70478164,2026-05-12 15:15,TRA United,Jkt Tanzania,Tanzania - Premier League,Bet365,Correct Score,4-1,,,,,,,,,"{""label"": ""4-1"", ""odds"": ""41.000""}",2026-05-12T06:06:01.136Z
70478164,2026-05-12 15:15,TRA United,Jkt Tanzania,Tanzania - Premier League,Bet365,Correct Score,4-2,,,,,,,,,"{""label"": ""4-2"", ""odds"": ""67.000""}",2026-05-12T06:06:01.136Z
70478164,2026-05-12 15:15,TRA United,Jkt Tanzania,Tanzania - Premier League,Bet365,Half Time Result,1,,,,,2.750,,,1,"{""label"": ""1"", ""hdp"": 1, ""under"": ""2.750""}",2026-05-12T06:34:00.129Z
70478164,2026-05-12 15:15,TRA United,Jkt Tanzania,Tanzania - Premier League,Bet365,Half Time Result,Draw,,,,,2.000,,,,"{""label"": ""Draw"", ""under"": ""2.000""}",2026-05-12T06:34:00.129Z
70478164,2026-05-12 15:15,TRA United,Jkt Tanzania,Tanzania - Premier League,Bet365,Half Time Result,2,,,,,4.000,,,2,"{""label"": ""2"", ""hdp"": 2, ""under"": ""4.000""}",2026-05-12T06:34:00.129Z
71336688,2026-05-12 15:50,Sur SC,Al-Khaboora,Oman - Omani League,Bet365,ML,,1.950,2.875,4.000,,,,,,"{""home"": ""1.950"", ""draw"": ""2.875"", ""away"": ""4.000""}",2026-05-12T07:59:26.594Z
71336688,2026-05-12 15:50,Sur SC,Al-Khaboora,Oman - Omani League,Bet365,Draw No Bet,,1.363,,3.000,,,,,,"{""home"": ""1.363"", ""away"": ""3.000""}",2026-05-12T09:04:43.994Z
71336688,2026-05-12 15:50,Sur SC,Al-Khaboora,Oman - Omani League,Bet365,Double Chance,Sur SC or Draw,,,,,1.166,,,,"{""label"": ""Sur SC or Draw"", ""under"": ""1.166""}",2026-05-12T10:23:35.252Z
71336688,2026-05-12 15:50,Sur SC,Al-Khaboora,Oman - Omani League,Bet365,Double Chance,Draw or Al Khaburah,,,,,1.700,,,,"{""label"": ""Draw or Al Khaburah"", ""under"": ""1.700""}",2026-05-12T10:23:35.252Z
71336688,2026-05-12 15:50,Sur SC,Al-Khaboora,Oman - Omani League,Bet365,Double Chance,Sur SC or Al Khaburah,,,,,1.333,,,,"{""label"": ""Sur SC or Al Khaburah"", ""under"": ""1.333""}",2026-05-12T10:23:35.252Z
71336688,2026-05-12 15:50,Sur SC,Al-Khaboora,Oman - Omani League,Bet365,Spread,,2.000,,1.800,,,,,-0.5,"{""hdp"": -0.5, ""home"": ""2.000"", ""away"": ""1.800""}",2026-05-12T07:59:56.055Z
71336688,2026-05-12 15:50,Sur SC,Al-Khaboora,Oman - Omani League,Bet365,Totals,,,,,1.850,1.950,,,2,"{""hdp"": 2, ""over"": ""1.850"", ""under"": ""1.950""}",2026-05-12T10:27:29.313Z
71336688,2026-05-12 15:50,Sur SC,Al-Khaboora,Oman - Omani League,Bet365,Goals Over/Under,,,,,2.500,1.500,,,2.5,"{""hdp"": 2.5, ""over"": ""2.500"", ""under"": ""1.500""}",2026-05-12T06:06:01.136Z
71336688,2026-05-12 15:50,Sur SC,Al-Khaboora,Oman - Omani League,Bet365,Both Teams To Score,,,,,,,2.200,1.615,,"{""yes"": ""2.200"", ""no"": ""1.615""}",2026-05-12T09:23:55.229Z
71336688,2026-05-12 15:50,Sur SC,Al-Khaboora,Oman - Omani League,Bet365,Spread HT,,2.100,,1.700,,,,,-0.25,"{""hdp"": -0.25, ""home"": ""2.100"", ""away"": ""1.700""}",2026-05-12T09:33:19.567Z
71336688,2026-05-12 15:50,Sur SC,Al-Khaboora,Oman - Omani League,Bet365,Totals HT,,,,,1.800,2.000,,,0.75,"{""hdp"": 0.75, ""over"": ""1.800"", ""under"": ""2.000""}",2026-05-12T07:04:27.896Z
71336688,2026-05-12 15:50,Sur SC,Al-Khaboora,Oman - Omani League,Bet365,European Handicap,,3.750,,,,,,,-1,"{""hdp"": -1, ""home"": ""3.750""}",2026-05-12T10:56:39.888Z
71336688,2026-05-12 15:50,Sur SC,Al-Khaboora,Oman - Omani League,Bet365,European Handicap,,,3.600,1.700,,,,,1,"{""hdp"": 1, ""draw"": ""3.600"", ""away"": ""1.700""}",2026-05-12T10:56:39.888Z
71336688,2026-05-12 15:50,Sur SC,Al-Khaboora,Oman - Omani League,Bet365,European Handicap,,23.000,,,,,,,-3,"{""hdp"": -3, ""home"": ""23.000""}",2026-05-12T10:56:39.888Z
71336688,2026-05-12 15:50,Sur SC,Al-Khaboora,Oman - Omani League,Bet365,European Handicap,,8.500,13.000,29.000,,,,,-2,"{""hdp"": -2, ""home"": ""8.500"", ""draw"": ""13.000"", ""away"": ""29.000""}",2026-05-12T10:56:39.888Z
71336688,2026-05-12 15:50,Sur SC,Al-Khaboora,Oman - Omani League,Bet365,European Handicap,,1.045,5.500,1.222,,,,,2,"{""hdp"": 2, ""home"": ""1.045"", ""draw"": ""5.500"", ""away"": ""1.222""}",2026-05-12T10:56:39.888Z
71336688,2026-05-12 15:50,Sur SC,Al-Khaboora,Oman - Omani League,Bet365,European Handicap,,,13.000,1.055,,,,,3,"{""hdp"": 3, ""draw"": ""13.000"", ""away"": ""1.055""}",2026-05-12T10:56:39.888Z
71336688,2026-05-12 15:50,Sur SC,Al-Khaboora,Oman - Omani League,Bet365,Alternative Goal Line,,,,,3.000,1.375,,,2.75,"{""hdp"": 2.75, ""over"": ""3.000"", ""under"": ""1.375""}",2026-05-12T10:41:55.795Z
71336688,2026-05-12 15:50,Sur SC,Al-Khaboora,Oman - Omani League,Bet365,Alternative Goal Line,,,,,1.475,2.600,,,1.5,"{""hdp"": 1.5, ""over"": ""1.475"", ""under"": ""2.600""}",2026-05-12T10:41:55.795Z
71336688,2026-05-12 15:50,Sur SC,Al-Khaboora,Oman - Omani League,Bet365,Alternative Goal Line,,,,,1.625,2.250,,,1.75,"{""hdp"": 1.75, ""over"": ""1.625"", ""under"": ""2.250""}",2026-05-12T10:41:55.795Z
71336688,2026-05-12 15:50,Sur SC,Al-Khaboora,Oman - Omani League,Bet365,Alternative Goal Line,,,,,3.900,1.240,,,3,"{""hdp"": 3, ""over"": ""3.900"", ""under"": ""1.240""}",2026-05-12T10:41:55.795Z
71336688,2026-05-12 15:50,Sur SC,Al-Khaboora,Oman - Omani League,Bet365,Alternative Goal Line,,,,,4.650,1.180,,,3.5,"{""hdp"": 3.5, ""over"": ""4.650"", ""under"": ""1.180""}",2026-05-12T10:41:55.795Z
71336688,2026-05-12 15:50,Sur SC,Al-Khaboora,Oman - Omani League,Bet365,Alternative Goal Line,,,,,6.250,1.120,,,3.75,"{""hdp"": 3.75, ""over"": ""6.250"", ""under"": ""1.120""}",2026-05-12T10:41:55.795Z
71336688,2026-05-12 15:50,Sur SC,Al-Khaboora,Oman - Omani League,Bet365,Alternative Goal Line,,,,,1.110,6.600,,,0.5,"{""hdp"": 0.5, ""over"": ""1.110"", ""under"": ""6.600""}",2026-05-12T10:41:55.795Z
71336688,2026-05-12 15:50,Sur SC,Al-Khaboora,Oman - Omani League,Bet365,Alternative Goal Line,,,,,1.130,5.900,,,0.75,"{""hdp"": 0.75, ""over"": ""1.130"", ""under"": ""5.900""}",2026-05-12T10:41:55.795Z
71336688,2026-05-12 15:50,Sur SC,Al-Khaboora,Oman - Omani League,Bet365,Alternative Goal Line,,,,,1.160,5.250,,,1,"{""hdp"": 1, ""over"": ""1.160"", ""under"": ""5.250""}",2026-05-12T10:41:55.795Z
71336688,2026-05-12 15:50,Sur SC,Al-Khaboora,Oman - Omani League,Bet365,Alternative Goal Line,,,,,1.325,3.300,,,1.25,"{""hdp"": 1.25, ""over"": ""1.325"", ""under"": ""3.300""}",2026-05-12T10:41:55.795Z
71336688,2026-05-12 15:50,Sur SC,Al-Khaboora,Oman - Omani League,Bet365,Alternative Goal Line,,,,,2.200,1.650,,,2.25,"{""hdp"": 2.25, ""over"": ""2.200"", ""under"": ""1.650""}",2026-05-12T10:41:55.795Z
71336688,2026-05-12 15:50,Sur SC,Al-Khaboora,Oman - Omani League,Bet365,Alternative Goal Line,,,,,2.500,1.500,,,2.5,"{""hdp"": 2.5, ""over"": ""2.500"", ""under"": ""1.500""}",2026-05-12T10:41:55.795Z
71336688,2026-05-12 15:50,Sur SC,Al-Khaboora,Oman - Omani League,Bet365,Alternative Goal Line,,,,,4.400,1.200,,,3.25,"{""hdp"": 3.25, ""over"": ""4.400"", ""under"": ""1.200""}",2026-05-12T10:41:55.795Z
71336688,2026-05-12 15:50,Sur SC,Al-Khaboora,Oman - Omani League,Bet365,Team Total Goals Home,,,,,1.285,3.500,,,0.5,"{""hdp"": 0.5, ""over"": ""1.285"", ""under"": ""3.500""}",2026-05-12T08:45:16.339Z
71336688,2026-05-12 15:50,Sur SC,Al-Khaboora,Oman - Omani League,Bet365,Team Total Goals Home,,,,,2.375,1.533,,,1.5,"{""hdp"": 1.5, ""over"": ""2.375"", ""under"": ""1.533""}",2026-05-12T08:45:16.339Z
71336688,2026-05-12 15:50,Sur SC,Al-Khaboora,Oman - Omani League,Bet365,Team Total Goals Home,,,,,5.000,1.142,,,2.5,"{""hdp"": 2.5, ""over"": ""5.000"", ""under"": ""1.142""}",2026-05-12T08:45:16.339Z
71336688,2026-05-12 15:50,Sur SC,Al-Khaboora,Oman - Omani League,Bet365,Team Total Goals Home,,,,,10.000,1.030,,,3.5,"{""hdp"": 3.5, ""over"": ""10.000"", ""under"": ""1.030""}",2026-05-12T08:45:16.339Z
71336688,2026-05-12 15:50,Sur SC,Al-Khaboora,Oman - Omani League,Bet365,Team Total Goals Home,,,,,17.000,1.005,,,4.5,"{""hdp"": 4.5, ""over"": ""17.000"", ""under"": ""1.005""}",2026-05-12T08:45:16.339Z
71336688,2026-05-12 15:50,Sur SC,Al-Khaboora,Oman - Omani League,Bet365,Team Total Goals Away,,,,,1.727,2.000,,,0.5,"{""hdp"": 0.5, ""over"": ""1.727"", ""under"": ""2.000""}",2026-05-12T08:45:16.339Z
71336688,2026-05-12 15:50,Sur SC,Al-Khaboora,Oman - Omani League,Bet365,Team Total Goals Away,,,,,4.333,1.200,,,1.5,"{""hdp"": 1.5, ""over"": ""4.333"", ""under"": ""1.200""}",2026-05-12T08:45:16.339Z
71336688,2026-05-12 15:50,Sur SC,Al-Khaboora,Oman - Omani League,Bet365,Team Total Goals Away,,,,,10.000,1.030,,,2.5,"{""hdp"": 2.5, ""over"": ""10.000"", ""under"": ""1.030""}",2026-05-12T08:45:16.339Z
71336688,2026-05-12 15:50,Sur SC,Al-Khaboora,Oman - Omani League,Bet365,Team Total Goals Away,,,,,21.000,1.002,,,3.5,"{""hdp"": 3.5, ""over"": ""21.000"", ""under"": ""1.002""}",2026-05-12T08:45:16.339Z
71336688,2026-05-12 15:50,Sur SC,Al-Khaboora,Oman - Omani League,Bet365,Both Teams To Score HT,,,,,,,6.500,1.111,,"{""yes"": ""6.500"", ""no"": ""1.111""}",2026-05-12T09:23:55.229Z
71336688,2026-05-12 15:50,Sur SC,Al-Khaboora,Oman - Omani League,Bet365,Correct Score,4-3,,,,,,,,,"{""label"": ""4-3"", ""odds"": ""151.000""}",2026-05-12T10:08:47.938Z
71336688,2026-05-12 15:50,Sur SC,Al-Khaboora,Oman - Omani League,Bet365,Correct Score,2-1,,,,,,,,,"{""label"": ""2-1"", ""odds"": ""10.000""}",2026-05-12T10:08:47.938Z
71336688,2026-05-12 15:50,Sur SC,Al-Khaboora,Oman - Omani League,Bet365,Correct Score,4-1,,,,,,,,,"{""label"": ""4-1"", ""odds"": ""41.000""}",2026-05-12T10:08:47.938Z
71336688,2026-05-12 15:50,Sur SC,Al-Khaboora,Oman - Omani League,Bet365,Correct Score,4-2,,,,,,,,,"{""label"": ""4-2"", ""odds"": ""67.000""}",2026-05-12T10:08:47.938Z
71336688,2026-05-12 15:50,Sur SC,Al-Khaboora,Oman - Omani League,Bet365,Correct Score,5-2,,,,,,,,,"{""label"": ""5-2"", ""odds"": ""151.000""}",2026-05-12T10:08:47.938Z
71336688,2026-05-12 15:50,Sur SC,Al-Khaboora,Oman - Omani League,Bet365,Correct Score,1-1,,,,,,,,,"{""label"": ""1-1"", ""odds"": ""6.000""}",2026-05-12T10:08:47.938Z
71336688,2026-05-12 15:50,Sur SC,Al-Khaboora,Oman - Omani League,Bet365,Correct Score,0-0,,,,,,,,,"{""label"": ""0-0"", ""odds"": ""6.500""}",2026-05-12T10:08:47.938Z
71336688,2026-05-12 15:50,Sur SC,Al-Khaboora,Oman - Omani League,Bet365,Correct Score,1-0,,,,,,,,,"{""label"": ""1-0"", ""odds"": ""5.500""}",2026-05-12T10:08:47.938Z
71336688,2026-05-12 15:50,Sur SC,Al-Khaboora,Oman - Omani League,Bet365,Correct Score,2-0,,,,,,,,,"{""label"": ""2-0"", ""odds"": ""8.000""}",2026-05-12T10:08:47.938Z
71336688,2026-05-12 15:50,Sur SC,Al-Khaboora,Oman - Omani League,Bet365,Correct Score,3-2,,,,,,,,,"{""label"": ""3-2"", ""odds"": ""41.000""}",2026-05-12T10:08:47.938Z
71336688,2026-05-12 15:50,Sur SC,Al-Khaboora,Oman - Omani League,Bet365,Correct Score,5-1,,,,,,,,,"{""label"": ""5-1"", ""odds"": ""81.000""}",2026-05-12T10:08:47.938Z
71336688,2026-05-12 15:50,Sur SC,Al-Khaboora,Oman - Omani League,Bet365,Correct Score,2-2,,,,,,,,,"{""label"": ""2-2"", ""odds"": ""19.000""}",2026-05-12T10:08:47.938Z
71336688,2026-05-12 15:50,Sur SC,Al-Khaboora,Oman - Omani League,Bet365,Correct Score,3-0,,,,,,,,,"{""label"": ""3-0"", ""odds"": ""17.000""}",2026-05-12T10:08:47.938Z
71336688,2026-05-12 15:50,Sur SC,Al-Khaboora,Oman - Omani League,Bet365,Correct Score,3-1,,,,,,,,,"{""label"": ""3-1"", ""odds"": ""21.000""}",2026-05-12T10:08:47.938Z
71336688,2026-05-12 15:50,Sur SC,Al-Khaboora,Oman - Omani League,Bet365,Correct Score,3-3,,,,,,,,,"{""label"": ""3-3"", ""odds"": ""67.000""}",2026-05-12T10:08:47.938Z
71336688,2026-05-12 15:50,Sur SC,Al-Khaboora,Oman - Omani League,Bet365,Correct Score,4-0,,,,,,,,,"{""label"": ""4-0"", ""odds"": ""41.000""}",2026-05-12T10:08:47.938Z
71336688,2026-05-12 15:50,Sur SC,Al-Khaboora,Oman - Omani League,Bet365,Correct Score,5-0,,,,,,,,,"{""label"": ""5-0"", ""odds"": ""81.000""}",2026-05-12T10:08:47.938Z
71336688,2026-05-12 15:50,Sur SC,Al-Khaboora,Oman - Omani League,Bet365,Specials,To Win From Behind (1),3.750,,,,,,,1,"{""label"": ""To Win From Behind (1)"", ""hdp"": 1, ""home"": ""3.750""}",2026-05-12T09:04:43.994Z
71336688,2026-05-12 15:50,Sur SC,Al-Khaboora,Oman - Omani League,Bet365,Specials,To Win From Behind (2),,,7.000,,,,,2,"{""label"": ""To Win From Behind (2)"", ""hdp"": 2, ""away"": ""7.000""}",2026-05-12T09:04:43.994Z
71336688,2026-05-12 15:50,Sur SC,Al-Khaboora,Oman - Omani League,Bet365,Number of Goals In Match,Over 3 goals,,,,4.500,,,,,"{""label"": ""Over 3 goals"", ""over"": ""4.500""}",2026-05-12T07:19:15.801Z
71336688,2026-05-12 15:50,Sur SC,Al-Khaboora,Oman - Omani League,Bet365,Number of Goals In Match,Under 2 goals,,,,,2.500,,,,"{""label"": ""Under 2 goals"", ""under"": ""2.500""}",2026-05-12T07:19:15.801Z
71336688,2026-05-12 15:50,Sur SC,Al-Khaboora,Oman - Omani League,Bet365,Number of Goals In Match,2 or 3 goals,,,,,2.000,,,,"{""label"": ""2 or 3 goals"", ""under"": ""2.000""}",2026-05-12T07:19:15.801Z
71336688,2026-05-12 15:50,Sur SC,Al-Khaboora,Oman - Omani League,Bet365,Alternative Total Goals,,,,,1.100,6.500,,,0.5,"{""hdp"": 0.5, ""over"": ""1.100"", ""under"": ""6.500""}",2026-05-12T10:50:17.747Z
71336688,2026-05-12 15:50,Sur SC,Al-Khaboora,Oman - Omani League,Bet365,Alternative Total Goals,,,,,4.500,1.166,,,3.5,"{""hdp"": 3.5, ""over"": ""4.500"", ""under"": ""1.166""}",2026-05-12T10:50:17.747Z
71336688,2026-05-12 15:50,Sur SC,Al-Khaboora,Oman - Omani League,Bet365,Alternative Total Goals,,,,,8.500,1.050,,,4.5,"{""hdp"": 4.5, ""over"": ""8.500"", ""under"": ""1.050""}",2026-05-12T10:50:17.747Z
71336688,2026-05-12 15:50,Sur SC,Al-Khaboora,Oman - Omani League,Bet365,Alternative Total Goals,,,,,13.000,1.012,,,5.5,"{""hdp"": 5.5, ""over"": ""13.000"", ""under"": ""1.012""}",2026-05-12T10:50:17.747Z
71336688,2026-05-12 15:50,Sur SC,Al-Khaboora,Oman - Omani League,Bet365,Alternative Total Goals,,,,,21.000,1.002,,,6.5,"{""hdp"": 6.5, ""over"": ""21.000"", ""under"": ""1.002""}",2026-05-12T10:50:17.747Z
71336688,2026-05-12 15:50,Sur SC,Al-Khaboora,Oman - Omani League,Bet365,Alternative Total Goals,,,,,1.444,2.625,,,1.5,"{""hdp"": 1.5, ""over"": ""1.444"", ""under"": ""2.625""}",2026-05-12T10:50:17.747Z
71336688,2026-05-12 15:50,Sur SC,Al-Khaboora,Oman - Omani League,Bet365,Half Time Result,Draw,,,,,1.952,,,,"{""label"": ""Draw"", ""under"": ""1.952""}",2026-05-12T10:14:13.81Z
71336688,2026-05-12 15:50,Sur SC,Al-Khaboora,Oman - Omani League,Bet365,Half Time Result,1,,,,,2.625,,,1,"{""label"": ""1"", ""hdp"": 1, ""under"": ""2.625""}",2026-05-12T10:14:13.81Z
71336688,2026-05-12 15:50,Sur SC,Al-Khaboora,Oman - Omani League,Bet365,Half Time Result,2,,,,,4.500,,,2,"{""label"": ""2"", ""hdp"": 2, ""under"": ""4.500""}",2026-05-12T10:14:13.81Z
71336688,2026-05-12 15:50,Sur SC,Al-Khaboora,Oman - Omani League,Bet365,Both Teams To Score 2H,,,,,,,4.500,1.181,,"{""yes"": ""4.500"", ""no"": ""1.181""}",2026-05-12T09:23:55.229Z
71336688,2026-05-12 15:50,Sur SC,Al-Khaboora,Oman - Omani League,Bet365,1st Half Handicap,1 (-1),9.000,,,,,,,-1,"{""label"": ""1 (-1)"", ""hdp"": -1, ""home"": ""9.000""}",2026-05-12T10:14:13.81Z
71336688,2026-05-12 15:50,Sur SC,Al-Khaboora,Oman - Omani League,Bet365,1st Half Handicap,Tie (1),,,1.444,,,,,1,"{""label"": ""Tie (1)"", ""hdp"": 1, ""away"": ""1.444""}",2026-05-12T10:14:13.81Z
71336688,2026-05-12 15:50,Sur SC,Al-Khaboora,Oman - Omani League,Bet365,Exact Total Goals,0 Goals,,,,,6.500,,,,"{""label"": ""0 Goals"", ""under"": ""6.500""}",2026-05-12T09:42:12.1Z
71336688,2026-05-12 15:50,Sur SC,Al-Khaboora,Oman - Omani League,Bet365,Exact Total Goals,1 Goal,,,,,3.750,,,,"{""label"": ""1 Goal"", ""under"": ""3.750""}",2026-05-12T09:42:12.1Z
71336688,2026-05-12 15:50,Sur SC,Al-Khaboora,Oman - Omani League,Bet365,Exact Total Goals,3 Goals,,,,,4.750,,,,"{""label"": ""3 Goals"", ""under"": ""4.750""}",2026-05-12T09:42:12.1Z
71336688,2026-05-12 15:50,Sur SC,Al-Khaboora,Oman - Omani League,Bet365,Exact Total Goals,4 Goals,,,,,7.500,,,,"{""label"": ""4 Goals"", ""under"": ""7.500""}",2026-05-12T09:42:12.1Z
71336688,2026-05-12 15:50,Sur SC,Al-Khaboora,Oman - Omani League,Bet365,Exact Total Goals,5 Goals,,,,,17.000,,,,"{""label"": ""5 Goals"", ""under"": ""17.000""}",2026-05-12T09:42:12.1Z
71336688,2026-05-12 15:50,Sur SC,Al-Khaboora,Oman - Omani League,Bet365,Exact Total Goals,6 Goals,,,,,34.000,,,,"{""label"": ""6 Goals"", ""under"": ""34.000""}",2026-05-12T09:42:12.1Z
71336688,2026-05-12 15:50,Sur SC,Al-Khaboora,Oman - Omani League,Bet365,Exact Total Goals,2 Goals,,,,,3.250,,,,"{""label"": ""2 Goals"", ""under"": ""3.250""}",2026-05-12T09:42:12.1Z
71336688,2026-05-12 15:50,Sur SC,Al-Khaboora,Oman - Omani League,Bet365,Exact Total Goals,7+ Goals,,,,,21.000,,,,"{""label"": ""7+ Goals"", ""under"": ""21.000""}",2026-05-12T09:42:12.1Z
71336688,2026-05-12 15:50,Sur SC,Al-Khaboora,Oman - Omani League,Bet365,Alternative Asian Handicap,,5.250,,1.160,,,,,-1.75,"{""hdp"": -1.75, ""home"": ""5.250"", ""away"": ""1.160""}",2026-05-12T10:39:52.902Z
71336688,2026-05-12 15:50,Sur SC,Al-Khaboora,Oman - Omani League,Bet365,Alternative Asian Handicap,,3.800,,1.250,,,,,-1.5,"{""hdp"": -1.5, ""home"": ""3.800"", ""away"": ""1.250""}",2026-05-12T10:39:52.902Z
71336688,2026-05-12 15:50,Sur SC,Al-Khaboora,Oman - Omani League,Bet365,Alternative Asian Handicap,,3.450,,1.300,,,,,-1.25,"{""hdp"": -1.25, ""home"": ""3.450"", ""away"": ""1.300""}",2026-05-12T10:39:52.902Z
71336688,2026-05-12 15:50,Sur SC,Al-Khaboora,Oman - Omani League,Bet365,Alternative Asian Handicap,,3.000,,1.375,,,,,-1,"{""hdp"": -1, ""home"": ""3.000"", ""away"": ""1.375""}",2026-05-12T10:39:52.902Z
71336688,2026-05-12 15:50,Sur SC,Al-Khaboora,Oman - Omani League,Bet365,Alternative Asian Handicap,,2.300,,5.500,,,,,-0.75,"{""hdp"": -0.75, ""home"": ""2.300"", ""away"": ""5.500""}",2026-05-12T10:39:52.902Z
71336688,2026-05-12 15:50,Sur SC,Al-Khaboora,Oman - Omani League,Bet365,Alternative Asian Handicap,,1.700,,3.450,,,,,-0.25,"{""hdp"": -0.25, ""home"": ""1.700"", ""away"": ""3.450""}",2026-05-12T10:39:52.902Z
71336688,2026-05-12 15:50,Sur SC,Al-Khaboora,Oman - Omani League,Bet365,Alternative Asian Handicap,,1.400,,2.850,,,,,0,"{""hdp"": 0, ""home"": ""1.400"", ""away"": ""2.850""}",2026-05-12T10:39:52.902Z
71336688,2026-05-12 15:50,Sur SC,Al-Khaboora,Oman - Omani League,Bet365,Alternative Asian Handicap,,1.300,,2.100,,,,,0.25,"{""hdp"": 0.25, ""home"": ""1.300"", ""away"": ""2.100""}",2026-05-12T10:39:52.902Z
71336688,2026-05-12 15:50,Sur SC,Al-Khaboora,Oman - Omani League,Bet365,Alternative Asian Handicap,,1.230,,4.000,,,,,0.5,"{""hdp"": 0.5, ""home"": ""1.230"", ""away"": ""4.000""}",2026-05-12T10:39:52.902Z
71336688,2026-05-12 15:50,Sur SC,Al-Khaboora,Oman - Omani League,Bet365,Alternative Asian Handicap,,1.150,,1.600,,,,,0.75,"{""hdp"": 0.75, ""home"": ""1.150"", ""away"": ""1.600""}",2026-05-12T10:39:52.902Z
68746468,2026-05-12 16:00,Mohun Bagan Super Giant,Inter Kashi FC,India - Indian Super League,Bet365,ML,,1.166,6.250,13.000,,,,,,"{""home"": ""1.166"", ""draw"": ""6.250"", ""away"": ""13.000""}",2026-05-12T07:55:46.137Z
68746468,2026-05-12 16:00,Mohun Bagan Super Giant,Inter Kashi FC,India - Indian Super League,Bet365,Draw No Bet,,1.050,,11.000,,,,,,"{""home"": ""1.050"", ""away"": ""11.000""}",2026-05-12T10:05:09.554Z
68746468,2026-05-12 16:00,Mohun Bagan Super Giant,Inter Kashi FC,India - Indian Super League,Bet365,Double Chance,Mohun Bagan SG or Draw,,,,,1.025,,,,"{""label"": ""Mohun Bagan SG or Draw"", ""under"": ""1.025""}",2026-05-12T09:17:56.142Z
68746468,2026-05-12 16:00,Mohun Bagan Super Giant,Inter Kashi FC,India - Indian Super League,Bet365,Double Chance,Draw or Inter Kashi FC,,,,,5.000,,,,"{""label"": ""Draw or Inter Kashi FC"", ""under"": ""5.000""}",2026-05-12T09:17:56.142Z
68746468,2026-05-12 16:00,Mohun Bagan Super Giant,Inter Kashi FC,India - Indian Super League,Bet365,Double Chance,Mohun Bagan SG or Inter Kashi FC,,,,,1.100,,,,"{""label"": ""Mohun Bagan SG or Inter Kashi FC"", ""under"": ""1.100""}",2026-05-12T09:17:56.142Z
68746468,2026-05-12 16:00,Mohun Bagan Super Giant,Inter Kashi FC,India - Indian Super League,Bet365,Spread,,1.825,,1.975,,,,,-2,"{""hdp"": -2, ""home"": ""1.825"", ""away"": ""1.975""}",2026-05-12T10:25:45.135Z
68746468,2026-05-12 16:00,Mohun Bagan Super Giant,Inter Kashi FC,India - Indian Super League,Bet365,Totals,,,,,1.900,1.900,,,3.25,"{""hdp"": 3.25, ""over"": ""1.900"", ""under"": ""1.900""}",2026-05-12T10:11:34.344Z
68746468,2026-05-12 16:00,Mohun Bagan Super Giant,Inter Kashi FC,India - Indian Super League,Bet365,Goals Over/Under,,,,,1.475,2.600,,,2.5,"{""hdp"": 2.5, ""over"": ""1.475"", ""under"": ""2.600""}",2026-05-12T10:05:09.554Z
68746468,2026-05-12 16:00,Mohun Bagan Super Giant,Inter Kashi FC,India - Indian Super League,Bet365,Both Teams To Score,,,,,,,2.100,1.666,,"{""yes"": ""2.100"", ""no"": ""1.666""}",2026-05-12T10:05:09.554Z
68746468,2026-05-12 16:00,Mohun Bagan Super Giant,Inter Kashi FC,India - Indian Super League,Bet365,Spread HT,,1.725,,2.075,,,,,-0.75,"{""hdp"": -0.75, ""home"": ""1.725"", ""away"": ""2.075""}",2026-05-12T10:47:31.998Z
68746468,2026-05-12 16:00,Mohun Bagan Super Giant,Inter Kashi FC,India - Indian Super League,Bet365,Totals HT,,,,,1.750,2.050,,,1.25,"{""hdp"": 1.25, ""over"": ""1.750"", ""under"": ""2.050""}",2026-05-12T09:14:27.632Z
68746468,2026-05-12 16:00,Mohun Bagan Super Giant,Inter Kashi FC,India - Indian Super League,Bet365,European Handicap,,4.000,,,,,,,-3,"{""hdp"": -3, ""home"": ""4.000""}",2026-05-12T10:56:07.275Z
68746468,2026-05-12 16:00,Mohun Bagan Super Giant,Inter Kashi FC,India - Indian Super League,Bet365,European Handicap,,,7.000,1.222,,,,,4,"{""hdp"": 4, ""draw"": ""7.000"", ""away"": ""1.222""}",2026-05-12T10:56:07.275Z
68746468,2026-05-12 16:00,Mohun Bagan Super Giant,Inter Kashi FC,India - Indian Super League,Bet365,Correct Score,1-1,,,,,,,,,"{""label"": ""1-1"", ""odds"": ""13.000""}",2026-05-12T10:05:09.554Z
68746468,2026-05-12 16:00,Mohun Bagan Super Giant,Inter Kashi FC,India - Indian Super League,Bet365,Correct Score,3-3,,,,,,,,,"{""label"": ""3-3"", ""odds"": ""81.000""}",2026-05-12T10:05:09.554Z
68746468,2026-05-12 16:00,Mohun Bagan Super Giant,Inter Kashi FC,India - Indian Super League,Bet365,Correct Score,6-0,,,,,,,,,"{""label"": ""6-0"", ""odds"": ""29.000""}",2026-05-12T10:05:09.554Z
68746468,2026-05-12 16:00,Mohun Bagan Super Giant,Inter Kashi FC,India - Indian Super League,Bet365,Correct Score,3-2,,,,,,,,,"{""label"": ""3-2"", ""odds"": ""29.000""}",2026-05-12T10:05:09.554Z
68746468,2026-05-12 16:00,Mohun Bagan Super Giant,Inter Kashi FC,India - Indian Super League,Bet365,Correct Score,5-0,,,,,,,,,"{""label"": ""5-0"", ""odds"": ""17.000""}",2026-05-12T10:05:09.554Z
68746468,2026-05-12 16:00,Mohun Bagan Super Giant,Inter Kashi FC,India - Indian Super League,Bet365,Correct Score,1-0,,,,,,,,,"{""label"": ""1-0"", ""odds"": ""8.500""}",2026-05-12T10:05:09.554Z
68746468,2026-05-12 16:00,Mohun Bagan Super Giant,Inter Kashi FC,India - Indian Super League,Bet365,Correct Score,2-1,,,,,,,,,"{""label"": ""2-1"", ""odds"": ""10.000""}",2026-05-12T10:05:09.554Z
68746468,2026-05-12 16:00,Mohun Bagan Super Giant,Inter Kashi FC,India - Indian Super League,Bet365,Correct Score,2-2,,,,,,,,,"{""label"": ""2-2"", ""odds"": ""26.000""}",2026-05-12T10:05:09.554Z
68746468,2026-05-12 16:00,Mohun Bagan Super Giant,Inter Kashi FC,India - Indian Super League,Bet365,Correct Score,4-0,,,,,,,,,"{""label"": ""4-0"", ""odds"": ""10.000""}",2026-05-12T10:05:09.554Z
68746468,2026-05-12 16:00,Mohun Bagan Super Giant,Inter Kashi FC,India - Indian Super League,Bet365,Correct Score,0-0,,,,,,,,,"{""label"": ""0-0"", ""odds"": ""19.000""}",2026-05-12T10:05:09.554Z
68746468,2026-05-12 16:00,Mohun Bagan Super Giant,Inter Kashi FC,India - Indian Super League,Bet365,Correct Score,2-0,,,,,,,,,"{""label"": ""2-0"", ""odds"": ""6.500""}",2026-05-12T10:05:09.554Z
68746468,2026-05-12 16:00,Mohun Bagan Super Giant,Inter Kashi FC,India - Indian Super League,Bet365,Correct Score,3-0,,,,,,,,,"{""label"": ""3-0"", ""odds"": ""7.000""}",2026-05-12T10:05:09.554Z
68746468,2026-05-12 16:00,Mohun Bagan Super Giant,Inter Kashi FC,India - Indian Super League,Bet365,Correct Score,3-1,,,,,,,,,"{""label"": ""3-1"", ""odds"": ""11.000""}",2026-05-12T10:05:09.554Z
68746468,2026-05-12 16:00,Mohun Bagan Super Giant,Inter Kashi FC,India - Indian Super League,Bet365,Correct Score,4-1,,,,,,,,,"{""label"": ""4-1"", ""odds"": ""15.000""}",2026-05-12T10:05:09.554Z
68746468,2026-05-12 16:00,Mohun Bagan Super Giant,Inter Kashi FC,India - Indian Super League,Bet365,Correct Score,4-2,,,,,,,,,"{""label"": ""4-2"", ""odds"": ""41.000""}",2026-05-12T10:05:09.554Z
68746468,2026-05-12 16:00,Mohun Bagan Super Giant,Inter Kashi FC,India - Indian Super League,Bet365,Correct Score,4-3,,,,,,,,,"{""label"": ""4-3"", ""odds"": ""101.000""}",2026-05-12T10:05:09.554Z
68746468,2026-05-12 16:00,Mohun Bagan Super Giant,Inter Kashi FC,India - Indian Super League,Bet365,Correct Score,5-1,,,,,,,,,"{""label"": ""5-1"", ""odds"": ""26.000""}",2026-05-12T10:05:09.554Z
68746468,2026-05-12 16:00,Mohun Bagan Super Giant,Inter Kashi FC,India - Indian Super League,Bet365,Correct Score,5-2,,,,,,,,,"{""label"": ""5-2"", ""odds"": ""51.000""}",2026-05-12T10:05:09.554Z
68746468,2026-05-12 16:00,Mohun Bagan Super Giant,Inter Kashi FC,India - Indian Super League,Bet365,Correct Score,5-3,,,,,,,,,"{""label"": ""5-3"", ""odds"": ""151.000""}",2026-05-12T10:05:09.554Z
68746468,2026-05-12 16:00,Mohun Bagan Super Giant,Inter Kashi FC,India - Indian Super League,Bet365,Correct Score,6-1,,,,,,,,,"{""label"": ""6-1"", ""odds"": ""41.000""}",2026-05-12T10:05:09.554Z
68746468,2026-05-12 16:00,Mohun Bagan Super Giant,Inter Kashi FC,India - Indian Super League,Bet365,Correct Score,6-2,,,,,,,,,"{""label"": ""6-2"", ""odds"": ""81.000""}",2026-05-12T10:05:09.554Z
68746468,2026-05-12 16:00,Mohun Bagan Super Giant,Inter Kashi FC,India - Indian Super League,Bet365,Correct Score,6-3,,,,,,,,,"{""label"": ""6-3"", ""odds"": ""301.000""}",2026-05-12T10:05:09.554Z
68746468,2026-05-12 16:00,Mohun Bagan Super Giant,Inter Kashi FC,India - Indian Super League,Bet365,Correct Score,7-0,,,,,,,,,"{""label"": ""7-0"", ""odds"": ""51.000""}",2026-05-12T10:05:09.554Z
68746468,2026-05-12 16:00,Mohun Bagan Super Giant,Inter Kashi FC,India - Indian Super League,Bet365,Correct Score,7-1,,,,,,,,,"{""label"": ""7-1"", ""odds"": ""67.000""}",2026-05-12T10:05:09.554Z
68746468,2026-05-12 16:00,Mohun Bagan Super Giant,Inter Kashi FC,India - Indian Super League,Bet365,Correct Score,7-2,,,,,,,,,"{""label"": ""7-2"", ""odds"": ""151.000""}",2026-05-12T10:05:09.554Z
68746468,2026-05-12 16:00,Mohun Bagan Super Giant,Inter Kashi FC,India - Indian Super League,Bet365,Correct Score,8-0,,,,,,,,,"{""label"": ""8-0"", ""odds"": ""101.000""}",2026-05-12T10:05:09.554Z
68746468,2026-05-12 16:00,Mohun Bagan Super Giant,Inter Kashi FC,India - Indian Super League,Bet365,Correct Score,8-1,,,,,,,,,"{""label"": ""8-1"", ""odds"": ""151.000""}",2026-05-12T10:05:09.554Z
68746468,2026-05-12 16:00,Mohun Bagan Super Giant,Inter Kashi FC,India - Indian Super League,Bet365,Correct Score,9-0,,,,,,,,,"{""label"": ""9-0"", ""odds"": ""251.000""}",2026-05-12T10:05:09.554Z
68746468,2026-05-12 16:00,Mohun Bagan Super Giant,Inter Kashi FC,India - Indian Super League,Bet365,Specials,To Win From Behind (1),1.666,,,,,,,1,"{""label"": ""To Win From Behind (1)"", ""hdp"": 1, ""home"": ""1.666""}",2026-05-12T10:17:49.183Z
68746468,2026-05-12 16:00,Mohun Bagan Super Giant,Inter Kashi FC,India - Indian Super League,Bet365,Specials,To Win From Behind (2),,,11.000,,,,,2,"{""label"": ""To Win From Behind (2)"", ""hdp"": 2, ""away"": ""11.000""}",2026-05-12T10:17:49.183Z
68746468,2026-05-12 16:00,Mohun Bagan Super Giant,Inter Kashi FC,India - Indian Super League,Bet365,First 10 Minutes (00:00 - 09:59),Goals (Over) (0.5),,,,3.750,1.250,,,0.5,"{""label"": ""Goals (Over) (0.5)"", ""hdp"": 0.5, ""over"": ""3.750"", ""under"": ""1.250""}",2026-05-10T16:32:50.154Z
68746468,2026-05-12 16:00,Mohun Bagan Super Giant,Inter Kashi FC,India - Indian Super League,Bet365,Alternative Goal Line,,,,,1.325,3.300,,,2.25,"{""hdp"": 2.25, ""over"": ""1.325"", ""under"": ""3.300""}",2026-05-12T10:33:20.756Z
68746468,2026-05-12 16:00,Mohun Bagan Super Giant,Inter Kashi FC,India - Indian Super League,Bet365,Alternative Goal Line,,,,,1.450,2.675,,,2.5,"{""hdp"": 2.5, ""over"": ""1.450"", ""under"": ""2.675""}",2026-05-12T10:33:20.756Z
68746468,2026-05-12 16:00,Mohun Bagan Super Giant,Inter Kashi FC,India - Indian Super League,Bet365,Alternative Goal Line,,,,,1.550,2.375,,,2.75,"{""hdp"": 2.75, ""over"": ""1.550"", ""under"": ""2.375""}",2026-05-12T10:33:20.756Z
68746468,2026-05-12 16:00,Mohun Bagan Super Giant,Inter Kashi FC,India - Indian Super League,Bet365,Alternative Goal Line,,,,,3.300,1.325,,,4.25,"{""hdp"": 4.25, ""over"": ""3.300"", ""under"": ""1.325""}",2026-05-12T10:33:20.756Z
68746468,2026-05-12 16:00,Mohun Bagan Super Giant,Inter Kashi FC,India - Indian Super League,Bet365,Alternative Goal Line,,,,,4.250,1.210,,,4.75,"{""hdp"": 4.75, ""over"": ""4.250"", ""under"": ""1.210""}",2026-05-12T10:33:20.756Z
68746468,2026-05-12 16:00,Mohun Bagan Super Giant,Inter Kashi FC,India - Indian Super League,Bet365,Alternative Goal Line,,,,,1.140,5.750,,,1.5,"{""hdp"": 1.5, ""over"": ""1.140"", ""under"": ""5.750""}",2026-05-12T10:33:20.756Z
68746468,2026-05-12 16:00,Mohun Bagan Super Giant,Inter Kashi FC,India - Indian Super League,Bet365,Alternative Goal Line,,,,,1.160,5.250,,,1.75,"{""hdp"": 1.75, ""over"": ""1.160"", ""under"": ""5.250""}",2026-05-12T10:33:20.756Z
68746468,2026-05-12 16:00,Mohun Bagan Super Giant,Inter Kashi FC,India - Indian Super League,Bet365,Alternative Goal Line,,,,,1.190,4.500,,,2,"{""hdp"": 2, ""over"": ""1.190"", ""under"": ""4.500""}",2026-05-12T10:33:20.756Z
68746468,2026-05-12 16:00,Mohun Bagan Super Giant,Inter Kashi FC,India - Indian Super League,Bet365,Alternative Goal Line,,,,,1.700,2.100,,,3,"{""hdp"": 3, ""over"": ""1.700"", ""under"": ""2.100""}",2026-05-12T10:33:20.756Z
68746468,2026-05-12 16:00,Mohun Bagan Super Giant,Inter Kashi FC,India - Indian Super League,Bet365,Alternative Goal Line,,,,,2.150,1.675,,,3.5,"{""hdp"": 3.5, ""over"": ""2.150"", ""under"": ""1.675""}",2026-05-12T10:33:20.756Z
68746468,2026-05-12 16:00,Mohun Bagan Super Giant,Inter Kashi FC,India - Indian Super League,Bet365,Alternative Goal Line,,,,,2.425,1.525,,,3.75,"{""hdp"": 3.75, ""over"": ""2.425"", ""under"": ""1.525""}",2026-05-12T10:33:20.756Z
68746468,2026-05-12 16:00,Mohun Bagan Super Giant,Inter Kashi FC,India - Indian Super League,Bet365,Alternative Goal Line,,,,,3.000,1.375,,,4,"{""hdp"": 4, ""over"": ""3.000"", ""under"": ""1.375""}",2026-05-12T10:33:20.756Z
68746468,2026-05-12 16:00,Mohun Bagan Super Giant,Inter Kashi FC,India - Indian Super League,Bet365,Alternative Goal Line,,,,,3.550,1.275,,,4.5,"{""hdp"": 4.5, ""over"": ""3.550"", ""under"": ""1.275""}",2026-05-12T10:33:20.756Z
68746468,2026-05-12 16:00,Mohun Bagan Super Giant,Inter Kashi FC,India - Indian Super League,Bet365,Alternative Goal Line,,,,,5.900,1.130,,,5,"{""hdp"": 5, ""over"": ""5.900"", ""under"": ""1.130""}",2026-05-12T10:33:20.756Z
68746468,2026-05-12 16:00,Mohun Bagan Super Giant,Inter Kashi FC,India - Indian Super League,Bet365,Alternative Goal Line,,,,,6.250,1.120,,,5.25,"{""hdp"": 5.25, ""over"": ""6.250"", ""under"": ""1.120""}",2026-05-12T10:33:20.756Z
68746468,2026-05-12 16:00,Mohun Bagan Super Giant,Inter Kashi FC,India - Indian Super League,Bet365,1st Half Handicap,1 (-1),3.000,,,,,,,-1,"{""label"": ""1 (-1)"", ""hdp"": -1, ""home"": ""3.000""}",2026-05-12T10:06:06.016Z
68746468,2026-05-12 16:00,Mohun Bagan Super Giant,Inter Kashi FC,India - Indian Super League,Bet365,1st Half Handicap,Tie (1),,,2.375,,,,,1,"{""label"": ""Tie (1)"", ""hdp"": 1, ""away"": ""2.375""}",2026-05-12T10:06:06.016Z
68746468,2026-05-12 16:00,Mohun Bagan Super Giant,Inter Kashi FC,India - Indian Super League,Bet365,Number of Goals In Match,2 or 3 goals,,,,,2.200,,,,"{""label"": ""2 or 3 goals"", ""under"": ""2.200""}",2026-05-12T07:32:19.191Z
68746468,2026-05-12 16:00,Mohun Bagan Super Giant,Inter Kashi FC,India - Indian Super League,Bet365,Number of Goals In Match,Over 3 goals,,,,2.100,,,,,"{""label"": ""Over 3 goals"", ""over"": ""2.100""}",2026-05-12T07:32:19.191Z
68746468,2026-05-12 16:00,Mohun Bagan Super Giant,Inter Kashi FC,India - Indian Super League,Bet365,Number of Goals In Match,Under 2 goals,,,,,6.000,,,,"{""label"": ""Under 2 goals"", ""under"": ""6.000""}",2026-05-12T07:32:19.191Z
68746468,2026-05-12 16:00,Mohun Bagan Super Giant,Inter Kashi FC,India - Indian Super League,Bet365,Half Time Result,1,,,,,1.533,,,1,"{""label"": ""1"", ""hdp"": 1, ""under"": ""1.533""}",2026-05-12T10:06:06.016Z
68746468,2026-05-12 16:00,Mohun Bagan Super Giant,Inter Kashi FC,India - Indian Super League,Bet365,Half Time Result,2,,,,,11.000,,,2,"{""label"": ""2"", ""hdp"": 2, ""under"": ""11.000""}",2026-05-12T10:06:06.016Z
68746468,2026-05-12 16:00,Mohun Bagan Super Giant,Inter Kashi FC,India - Indian Super League,Bet365,Half Time Result,Draw,,,,,3.000,,,,"{""label"": ""Draw"", ""under"": ""3.000""}",2026-05-12T10:06:06.016Z
68746468,2026-05-12 16:00,Mohun Bagan Super Giant,Inter Kashi FC,India - Indian Super League,Bet365,Alternative Total Goals,,,,,1.020,19.000,,,0.5,"{""hdp"": 0.5, ""over"": ""1.020"", ""under"": ""19.000""}",2026-05-10T16:36:32.934Z
68746468,2026-05-12 16:00,Mohun Bagan Super Giant,Inter Kashi FC,India - Indian Super League,Bet365,Alternative Total Goals,,,,,1.125,6.000,,,1.5,"{""hdp"": 1.5, ""over"": ""1.125"", ""under"": ""6.000""}",2026-05-10T16:36:32.934Z
68746468,2026-05-12 16:00,Mohun Bagan Super Giant,Inter Kashi FC,India - Indian Super League,Bet365,Alternative Total Goals,,,,,2.100,1.666,,,3.5,"{""hdp"": 3.5, ""over"": ""2.100"", ""under"": ""1.666""}",2026-05-10T16:36:32.934Z
68746468,2026-05-12 16:00,Mohun Bagan Super Giant,Inter Kashi FC,India - Indian Super League,Bet365,Alternative Total Goals,,,,,3.500,1.285,,,4.5,"{""hdp"": 4.5, ""over"": ""3.500"", ""under"": ""1.285""}",2026-05-10T16:36:32.934Z
68746468,2026-05-12 16:00,Mohun Bagan Super Giant,Inter Kashi FC,India - Indian Super League,Bet365,Alternative Total Goals,,,,,6.500,1.111,,,5.5,"{""hdp"": 5.5, ""over"": ""6.500"", ""under"": ""1.111""}",2026-05-10T16:36:32.934Z
68746468,2026-05-12 16:00,Mohun Bagan Super Giant,Inter Kashi FC,India - Indian Super League,Bet365,Alternative Total Goals,,,,,13.000,1.040,,,6.5,"{""hdp"": 6.5, ""over"": ""13.000"", ""under"": ""1.040""}",2026-05-10T16:36:32.934Z
68746468,2026-05-12 16:00,Mohun Bagan Super Giant,Inter Kashi FC,India - Indian Super League,Bet365,Alternative Total Goals,,,,,26.000,1.010,,,7.5,"{""hdp"": 7.5, ""over"": ""26.000"", ""under"": ""1.010""}",2026-05-10T16:36:32.934Z
68746468,2026-05-12 16:00,Mohun Bagan Super Giant,Inter Kashi FC,India - Indian Super League,Bet365,Alternative Total Goals,,,,,51.000,1.002,,,8.5,"{""hdp"": 8.5, ""over"": ""51.000"", ""under"": ""1.002""}",2026-05-10T16:36:32.934Z
68746468,2026-05-12 16:00,Mohun Bagan Super Giant,Inter Kashi FC,India - Indian Super League,Bet365,Team Total Goals Home,,,,,1.040,13.000,,,0.5,"{""hdp"": 0.5, ""over"": ""1.040"", ""under"": ""13.000""}",2026-05-12T10:52:05.741Z
68746468,2026-05-12 16:00,Mohun Bagan Super Giant,Inter Kashi FC,India - Indian Super League,Bet365,Team Total Goals Home,,,,,1.250,3.750,,,1.5,"{""hdp"": 1.5, ""over"": ""1.250"", ""under"": ""3.750""}",2026-05-12T10:52:05.741Z
68746468,2026-05-12 16:00,Mohun Bagan Super Giant,Inter Kashi FC,India - Indian Super League,Bet365,Team Total Goals Home,,,,,1.800,1.909,,,2.5,"{""hdp"": 2.5, ""over"": ""1.800"", ""under"": ""1.909""}",2026-05-12T10:52:05.741Z
68746468,2026-05-12 16:00,Mohun Bagan Super Giant,Inter Kashi FC,India - Indian Super League,Bet365,Team Total Goals Home,,,,,13.000,1.040,,,5.5,"{""hdp"": 5.5, ""over"": ""13.000"", ""under"": ""1.040""}",2026-05-12T10:52:05.741Z
68746468,2026-05-12 16:00,Mohun Bagan Super Giant,Inter Kashi FC,India - Indian Super League,Bet365,Team Total Goals Home,,,,,26.000,1.010,,,6.5,"{""hdp"": 6.5, ""over"": ""26.000"", ""under"": ""1.010""}",2026-05-12T10:52:05.741Z
68746468,2026-05-12 16:00,Mohun Bagan Super Giant,Inter Kashi FC,India - Indian Super League,Bet365,Team Total Goals Home,,,,,51.000,1.002,,,7.5,"{""hdp"": 7.5, ""over"": ""51.000"", ""under"": ""1.002""}",2026-05-12T10:52:05.741Z
68746468,2026-05-12 16:00,Mohun Bagan Super Giant,Inter Kashi FC,India - Indian Super League,Bet365,Team Total Goals Home,,,,,3.000,1.363,,,3.5,"{""hdp"": 3.5, ""over"": ""3.000"", ""under"": ""1.363""}",2026-05-12T10:52:05.741Z
68746468,2026-05-12 16:00,Mohun Bagan Super Giant,Inter Kashi FC,India - Indian Super League,Bet365,Team Total Goals Home,,,,,6.000,1.125,,,4.5,"{""hdp"": 4.5, ""over"": ""6.000"", ""under"": ""1.125""}",2026-05-12T10:52:05.741Z
68746468,2026-05-12 16:00,Mohun Bagan Super Giant,Inter Kashi FC,India - Indian Super League,Bet365,Exact Total Goals,1 Goal,,,,,7.500,,,,"{""label"": ""1 Goal"", ""under"": ""7.500""}",2026-05-12T09:15:34.904Z
68746468,2026-05-12 16:00,Mohun Bagan Super Giant,Inter Kashi FC,India - Indian Super League,Bet365,Exact Total Goals,2 Goals,,,,,4.500,,,,"{""label"": ""2 Goals"", ""under"": ""4.500""}",2026-05-12T09:15:34.904Z
68746468,2026-05-12 16:00,Mohun Bagan Super Giant,Inter Kashi FC,India - Indian Super League,Bet365,Exact Total Goals,3 Goals,,,,,4.000,,,,"{""label"": ""3 Goals"", ""under"": ""4.000""}",2026-05-12T09:15:34.904Z
68746468,2026-05-12 16:00,Mohun Bagan Super Giant,Inter Kashi FC,India - Indian Super League,Bet365,Exact Total Goals,4 Goals,,,,,4.750,,,,"{""label"": ""4 Goals"", ""under"": ""4.750""}",2026-05-12T09:15:34.904Z
68746468,2026-05-12 16:00,Mohun Bagan Super Giant,Inter Kashi FC,India - Indian Super League,Bet365,Exact Total Goals,5 Goals,,,,,7.000,,,,"{""label"": ""5 Goals"", ""under"": ""7.000""}",2026-05-12T09:15:34.904Z
68746468,2026-05-12 16:00,Mohun Bagan Super Giant,Inter Kashi FC,India - Indian Super League,Bet365,Exact Total Goals,6 Goals,,,,,12.000,,,,"{""label"": ""6 Goals"", ""under"": ""12.000""}",2026-05-12T09:15:34.904Z
68746468,2026-05-12 16:00,Mohun Bagan Super Giant,Inter Kashi FC,India - Indian Super League,Bet365,Exact Total Goals,0 Goals,,,,,19.000,,,,"{""label"": ""0 Goals"", ""under"": ""19.000""}",2026-05-12T09:15:34.904Z
68746468,2026-05-12 16:00,Mohun Bagan Super Giant,Inter Kashi FC,India - Indian Super League,Bet365,Exact Total Goals,7+ Goals,,,,,13.000,,,,"{""label"": ""7+ Goals"", ""under"": ""13.000""}",2026-05-12T09:15:34.904Z
68746468,2026-05-12 16:00,Mohun Bagan Super Giant,Inter Kashi FC,India - Indian Super League,Bet365,Alternative Asian Handicap,,3.550,,1.275,,,,,-3.25,"{""hdp"": -3.25, ""home"": ""3.550"", ""away"": ""1.275""}",2026-05-12T10:33:20.756Z
68746468,2026-05-12 16:00,Mohun Bagan Super Giant,Inter Kashi FC,India - Indian Super League,Bet365,Alternative Asian Handicap,,3.300,,1.325,,,,,-3,"{""hdp"": -3, ""home"": ""3.300"", ""away"": ""1.325""}",2026-05-12T10:33:20.756Z
68746468,2026-05-12 16:00,Mohun Bagan Super Giant,Inter Kashi FC,India - Indian Super League,Bet365,Alternative Asian Handicap,,2.300,,1.600,,,,,-2.5,"{""hdp"": -2.5, ""home"": ""2.300"", ""away"": ""1.600""}",2026-05-12T10:33:20.756Z
68746468,2026-05-12 16:00,Mohun Bagan Super Giant,Inter Kashi FC,India - Indian Super League,Bet365,Alternative Asian Handicap,,1.525,,2.425,,,,,-1.5,"{""hdp"": -1.5, ""home"": ""1.525"", ""away"": ""2.425""}",2026-05-12T10:33:20.756Z
68746468,2026-05-12 16:00,Mohun Bagan Super Giant,Inter Kashi FC,India - Indian Super League,Bet365,Alternative Asian Handicap,,1.375,,3.000,,,,,-1.25,"{""hdp"": -1.25, ""home"": ""1.375"", ""away"": ""3.000""}",2026-05-12T10:33:20.756Z
68746468,2026-05-12 16:00,Mohun Bagan Super Giant,Inter Kashi FC,India - Indian Super League,Bet365,Alternative Asian Handicap,,6.800,,1.105,,,,,-4,"{""hdp"": -4, ""home"": ""6.800"", ""away"": ""1.105""}",2026-05-12T10:33:20.756Z
68746468,2026-05-12 16:00,Mohun Bagan Super Giant,Inter Kashi FC,India - Indian Super League,Bet365,Alternative Asian Handicap,,5.000,,1.170,,,,,-3.75,"{""hdp"": -3.75, ""home"": ""5.000"", ""away"": ""1.170""}",2026-05-12T10:33:20.756Z
68746468,2026-05-12 16:00,Mohun Bagan Super Giant,Inter Kashi FC,India - Indian Super League,Bet365,Alternative Asian Handicap,,3.900,,1.240,,,,,-3.5,"{""hdp"": -3.5, ""home"": ""3.900"", ""away"": ""1.240""}",2026-05-12T10:33:20.756Z
68746468,2026-05-12 16:00,Mohun Bagan Super Giant,Inter Kashi FC,India - Indian Super League,Bet365,Alternative Asian Handicap,,2.675,,1.450,,,,,-2.75,"{""hdp"": -2.75, ""home"": ""2.675"", ""away"": ""1.450""}",2026-05-12T10:33:20.756Z
68746468,2026-05-12 16:00,Mohun Bagan Super Giant,Inter Kashi FC,India - Indian Super League,Bet365,Alternative Asian Handicap,,2.075,,1.725,,,,,-2.25,"{""hdp"": -2.25, ""home"": ""2.075"", ""away"": ""1.725""}",2026-05-12T10:33:20.756Z
68746468,2026-05-12 16:00,Mohun Bagan Super Giant,Inter Kashi FC,India - Indian Super League,Bet365,Alternative Asian Handicap,,1.650,,2.200,,,,,-1.75,"{""hdp"": -1.75, ""home"": ""1.650"", ""away"": ""2.200""}",2026-05-12T10:33:20.756Z
68746468,2026-05-12 16:00,Mohun Bagan Super Giant,Inter Kashi FC,India - Indian Super League,Bet365,Alternative Asian Handicap,,1.250,,3.800,,,,,-1,"{""hdp"": -1, ""home"": ""1.250"", ""away"": ""3.800""}",2026-05-12T10:33:20.756Z
68746468,2026-05-12 16:00,Mohun Bagan Super Giant,Inter Kashi FC,India - Indian Super League,Bet365,Alternative Asian Handicap,,1.210,,4.250,,,,,-0.75,"{""hdp"": -0.75, ""home"": ""1.210"", ""away"": ""4.250""}",2026-05-12T10:33:20.756Z
68746468,2026-05-12 16:00,Mohun Bagan Super Giant,Inter Kashi FC,India - Indian Super League,Bet365,Alternative Asian Handicap,,1.180,,4.650,,,,,-0.5,"{""hdp"": -0.5, ""home"": ""1.180"", ""away"": ""4.650""}",2026-05-12T10:33:20.756Z
68746468,2026-05-12 16:00,Mohun Bagan Super Giant,Inter Kashi FC,India - Indian Super League,Bet365,Alternative Asian Handicap,,1.110,,6.600,,,,,-0.25,"{""hdp"": -0.25, ""home"": ""1.110"", ""away"": ""6.600""}",2026-05-12T10:33:20.756Z
68746468,2026-05-12 16:00,Mohun Bagan Super Giant,Inter Kashi FC,India - Indian Super League,Bet365,Both Teams To Score HT,,,,,,,5.500,1.142,,"{""yes"": ""5.500"", ""no"": ""1.142""}",2026-05-10T16:36:32.934Z
68746468,2026-05-12 16:00,Mohun Bagan Super Giant,Inter Kashi FC,India - Indian Super League,Bet365,Both Teams To Score 2H,,,,,,,3.750,1.250,,"{""yes"": ""3.750"", ""no"": ""1.250""}",2026-05-12T10:05:09.554Z
68746468,2026-05-12 16:00,Mohun Bagan Super Giant,Inter Kashi FC,India - Indian Super League,Bet365,Team Total Goals Away,,,,,7.000,1.100,,,1.5,"{""hdp"": 1.5, ""over"": ""7.000"", ""under"": ""1.100""}",2026-05-12T10:52:05.741Z
68746468,2026-05-12 16:00,Mohun Bagan Super Giant,Inter Kashi FC,India - Indian Super League,Bet365,Team Total Goals Away,,,,,26.000,1.010,,,2.5,"{""hdp"": 2.5, ""over"": ""26.000"", ""under"": ""1.010""}",2026-05-12T10:52:05.741Z
68746468,2026-05-12 16:00,Mohun Bagan Super Giant,Inter Kashi FC,India - Indian Super League,Bet365,Team Total Goals Away,,,,,2.000,1.727,,,0.5,"{""hdp"": 0.5, ""over"": ""2.000"", ""under"": ""1.727""}",2026-05-12T10:52:05.741Z
70906728,2026-05-12 16:45,PFC Cherno More Varna,PFC Lokomotiv Plovdiv,Bulgaria - Parva Liga,Bet365,ML,,2.000,3.200,4.000,,,,,,"{""home"": ""2.000"", ""draw"": ""3.200"", ""away"": ""4.000""}",2026-05-12T08:42:31.459Z
70906728,2026-05-12 16:45,PFC Cherno More Varna,PFC Lokomotiv Plovdiv,Bulgaria - Parva Liga,Bet365,Draw No Bet,,1.363,,3.000,,,,,,"{""home"": ""1.363"", ""away"": ""3.000""}",2026-05-12T09:02:21.759Z
70906728,2026-05-12 16:45,PFC Cherno More Varna,PFC Lokomotiv Plovdiv,Bulgaria - Parva Liga,Bet365,Double Chance,Cherno More Varna or Draw,,,,,1.222,,,,"{""label"": ""Cherno More Varna or Draw"", ""under"": ""1.222""}",2026-05-12T10:08:47.938Z
70906728,2026-05-12 16:45,PFC Cherno More Varna,PFC Lokomotiv Plovdiv,Bulgaria - Parva Liga,Bet365,Double Chance,Draw or Lokomotiv Plovdiv,,,,,1.800,,,,"{""label"": ""Draw or Lokomotiv Plovdiv"", ""under"": ""1.800""}",2026-05-12T10:08:47.938Z
70906728,2026-05-12 16:45,PFC Cherno More Varna,PFC Lokomotiv Plovdiv,Bulgaria - Parva Liga,Bet365,Double Chance,Cherno More Varna or Lokomotiv Plovdiv,,,,,1.363,,,,"{""label"": ""Cherno More Varna or Lokomotiv Plovdiv"", ""under"": ""1.363""}",2026-05-12T10:08:47.938Z
70906728,2026-05-12 16:45,PFC Cherno More Varna,PFC Lokomotiv Plovdiv,Bulgaria - Parva Liga,Bet365,Spread,,2.000,,1.800,,,,,-0.5,"{""hdp"": -0.5, ""home"": ""2.000"", ""away"": ""1.800""}",2026-05-12T09:51:58.697Z
70906728,2026-05-12 16:45,PFC Cherno More Varna,PFC Lokomotiv Plovdiv,Bulgaria - Parva Liga,Bet365,Totals,,,,,1.775,2.025,,,2,"{""hdp"": 2, ""over"": ""1.775"", ""under"": ""2.025""}",2026-05-12T10:16:32.845Z
70906728,2026-05-12 16:45,PFC Cherno More Varna,PFC Lokomotiv Plovdiv,Bulgaria - Parva Liga,Bet365,Goals Over/Under,,,,,2.350,1.571,,,2.5,"{""hdp"": 2.5, ""over"": ""2.350"", ""under"": ""1.571""}",2026-05-12T09:04:43.994Z
70906728,2026-05-12 16:45,PFC Cherno More Varna,PFC Lokomotiv Plovdiv,Bulgaria - Parva Liga,Bet365,Both Teams To Score,,,,,,,2.100,1.666,,"{""yes"": ""2.100"", ""no"": ""1.666""}",2026-05-12T09:57:56.599Z
70906728,2026-05-12 16:45,PFC Cherno More Varna,PFC Lokomotiv Plovdiv,Bulgaria - Parva Liga,Bet365,Spread HT,,2.075,,1.725,,,,,-0.25,"{""hdp"": -0.25, ""home"": ""2.075"", ""away"": ""1.725""}",2026-05-12T10:05:09.554Z
70906728,2026-05-12 16:45,PFC Cherno More Varna,PFC Lokomotiv Plovdiv,Bulgaria - Parva Liga,Bet365,Totals HT,,,,,1.725,2.075,,,0.75,"{""hdp"": 0.75, ""over"": ""1.725"", ""under"": ""2.075""}",2026-05-12T10:15:30.142Z
70906728,2026-05-12 16:45,PFC Cherno More Varna,PFC Lokomotiv Plovdiv,Bulgaria - Parva Liga,Bet365,European Handicap,,4.000,,,,,,,-1,"{""hdp"": -1, ""home"": ""4.000""}",2026-05-12T10:56:39.888Z
70906728,2026-05-12 16:45,PFC Cherno More Varna,PFC Lokomotiv Plovdiv,Bulgaria - Parva Liga,Bet365,European Handicap,,,3.600,1.800,,,,,1,"{""hdp"": 1, ""draw"": ""3.600"", ""away"": ""1.800""}",2026-05-12T10:56:39.888Z
70906728,2026-05-12 16:45,PFC Cherno More Varna,PFC Lokomotiv Plovdiv,Bulgaria - Parva Liga,Bet365,European Handicap,,21.000,,,,,,,-3,"{""hdp"": -3, ""home"": ""21.000""}",2026-05-12T10:56:39.888Z
70906728,2026-05-12 16:45,PFC Cherno More Varna,PFC Lokomotiv Plovdiv,Bulgaria - Parva Liga,Bet365,Corners Totals,,,,,1.825,1.975,,,9,"{""hdp"": 9, ""over"": ""1.825"", ""under"": ""1.975""}",2026-05-12T03:07:21.528Z
70906728,2026-05-12 16:45,PFC Cherno More Varna,PFC Lokomotiv Plovdiv,Bulgaria - Parva Liga,Bet365,Corners Totals HT,,,,,1.750,2.050,,,4,"{""hdp"": 4, ""over"": ""1.750"", ""under"": ""2.050""}",2026-05-12T03:46:05.653Z
70906728,2026-05-12 16:45,PFC Cherno More Varna,PFC Lokomotiv Plovdiv,Bulgaria - Parva Liga,Bet365,Anytime Goalscorer,Nikolay Zlatev,,,,3.600,,,,0.5,"{""label"": ""Nikolay Zlatev"", ""hdp"": 0.5, ""over"": ""3.600""}",2026-05-12T10:15:30.142Z
70906728,2026-05-12 16:45,PFC Cherno More Varna,PFC Lokomotiv Plovdiv,Bulgaria - Parva Liga,Bet365,Anytime Goalscorer,Axel Velev,,,,4.333,,,,0.5,"{""label"": ""Axel Velev"", ""hdp"": 0.5, ""over"": ""4.333""}",2026-05-12T10:15:30.142Z
70906728,2026-05-12 16:45,PFC Cherno More Varna,PFC Lokomotiv Plovdiv,Bulgaria - Parva Liga,Bet365,Anytime Goalscorer,Andreas Calcan,,,,5.000,,,,0.5,"{""label"": ""Andreas Calcan"", ""hdp"": 0.5, ""over"": ""5.000""}",2026-05-12T10:15:30.142Z
70906728,2026-05-12 16:45,PFC Cherno More Varna,PFC Lokomotiv Plovdiv,Bulgaria - Parva Liga,Bet365,Anytime Goalscorer,Julien Lamy,,,,5.500,,,,0.5,"{""label"": ""Julien Lamy"", ""hdp"": 0.5, ""over"": ""5.500""}",2026-05-12T10:15:30.142Z
70906728,2026-05-12 16:45,PFC Cherno More Varna,PFC Lokomotiv Plovdiv,Bulgaria - Parva Liga,Bet365,Anytime Goalscorer,Asen Donchev,,,,9.000,,,,0.5,"{""label"": ""Asen Donchev"", ""hdp"": 0.5, ""over"": ""9.000""}",2026-05-12T10:15:30.142Z
70906728,2026-05-12 16:45,PFC Cherno More Varna,PFC Lokomotiv Plovdiv,Bulgaria - Parva Liga,Bet365,Anytime Goalscorer,Joel Zwarts,,,,4.000,,,,0.5,"{""label"": ""Joel Zwarts"", ""hdp"": 0.5, ""over"": ""4.000""}",2026-05-12T10:15:30.142Z
70906728,2026-05-12 16:45,PFC Cherno More Varna,PFC Lokomotiv Plovdiv,Bulgaria - Parva Liga,Bet365,Anytime Goalscorer,Mariyan Vangelov,,,,4.000,,,,0.5,"{""label"": ""Mariyan Vangelov"", ""hdp"": 0.5, ""over"": ""4.000""}",2026-05-12T10:15:30.142Z
70906728,2026-05-12 16:45,PFC Cherno More Varna,PFC Lokomotiv Plovdiv,Bulgaria - Parva Liga,Bet365,Anytime Goalscorer,Gustavo Franca,,,,5.500,,,,0.5,"{""label"": ""Gustavo Franca"", ""hdp"": 0.5, ""over"": ""5.500""}",2026-05-12T10:15:30.142Z
70906728,2026-05-12 16:45,PFC Cherno More Varna,PFC Lokomotiv Plovdiv,Bulgaria - Parva Liga,Bet365,Anytime Goalscorer,Dias Santos Lucas Ryan,,,,12.000,,,,0.5,"{""label"": ""Dias Santos Lucas Ryan"", ""hdp"": 0.5, ""over"": ""12.000""}",2026-05-12T10:15:30.142Z
70906728,2026-05-12 16:45,PFC Cherno More Varna,PFC Lokomotiv Plovdiv,Bulgaria - Parva Liga,Bet365,Anytime Goalscorer,Martin Atanasov,,,,12.000,,,,0.5,"{""label"": ""Martin Atanasov"", ""hdp"": 0.5, ""over"": ""12.000""}",2026-05-12T10:15:30.142Z
70906728,2026-05-12 16:45,PFC Cherno More Varna,PFC Lokomotiv Plovdiv,Bulgaria - Parva Liga,Bet365,Anytime Goalscorer,Mert Salim,,,,12.000,,,,0.5,"{""label"": ""Mert Salim"", ""hdp"": 0.5, ""over"": ""12.000""}",2026-05-12T10:15:30.142Z
70906728,2026-05-12 16:45,PFC Cherno More Varna,PFC Lokomotiv Plovdiv,Bulgaria - Parva Liga,Bet365,Anytime Goalscorer,Plamen Petrov,,,,12.000,,,,0.5,"{""label"": ""Plamen Petrov"", ""hdp"": 0.5, ""over"": ""12.000""}",2026-05-12T10:15:30.142Z
70906728,2026-05-12 16:45,PFC Cherno More Varna,PFC Lokomotiv Plovdiv,Bulgaria - Parva Liga,Bet365,Anytime Goalscorer,Georgi Chorbadzhiyski,,,,5.500,,,,0.5,"{""label"": ""Georgi Chorbadzhiyski"", ""hdp"": 0.5, ""over"": ""5.500""}",2026-05-12T10:15:30.142Z
70906728,2026-05-12 16:45,PFC Cherno More Varna,PFC Lokomotiv Plovdiv,Bulgaria - Parva Liga,Bet365,Anytime Goalscorer,Asen Chandarov,,,,6.500,,,,0.5,"{""label"": ""Asen Chandarov"", ""hdp"": 0.5, ""over"": ""6.500""}",2026-05-12T10:15:30.142Z
70906728,2026-05-12 16:45,PFC Cherno More Varna,PFC Lokomotiv Plovdiv,Bulgaria - Parva Liga,Bet365,Anytime Goalscorer,Sevi Idriz,,,,6.500,,,,0.5,"{""label"": ""Sevi Idriz"", ""hdp"": 0.5, ""over"": ""6.500""}",2026-05-12T10:15:30.142Z
70906728,2026-05-12 16:45,PFC Cherno More Varna,PFC Lokomotiv Plovdiv,Bulgaria - Parva Liga,Bet365,Anytime Goalscorer,Zapro Dinev,,,,6.500,,,,0.5,"{""label"": ""Zapro Dinev"", ""hdp"": 0.5, ""over"": ""6.500""}",2026-05-12T10:15:30.142Z
70906728,2026-05-12 16:45,PFC Cherno More Varna,PFC Lokomotiv Plovdiv,Bulgaria - Parva Liga,Bet365,Anytime Goalscorer,Catalin Itu,,,,8.000,,,,0.5,"{""label"": ""Catalin Itu"", ""hdp"": 0.5, ""over"": ""8.000""}",2026-05-12T10:15:30.142Z
70906728,2026-05-12 16:45,PFC Cherno More Varna,PFC Lokomotiv Plovdiv,Bulgaria - Parva Liga,Bet365,Anytime Goalscorer,Parvizdzhon Umarbaev,,,,8.000,,,,0.5,"{""label"": ""Parvizdzhon Umarbaev"", ""hdp"": 0.5, ""over"": ""8.000""}",2026-05-12T10:15:30.142Z
70906728,2026-05-12 16:45,PFC Cherno More Varna,PFC Lokomotiv Plovdiv,Bulgaria - Parva Liga,Bet365,Anytime Goalscorer,Valeri Bozhinov,,,,8.000,,,,0.5,"{""label"": ""Valeri Bozhinov"", ""hdp"": 0.5, ""over"": ""8.000""}",2026-05-12T10:15:30.142Z
70906728,2026-05-12 16:45,PFC Cherno More Varna,PFC Lokomotiv Plovdiv,Bulgaria - Parva Liga,Bet365,Anytime Goalscorer,Denis Kirashki,,,,11.000,,,,0.5,"{""label"": ""Denis Kirashki"", ""hdp"": 0.5, ""over"": ""11.000""}",2026-05-12T10:15:30.142Z
70906728,2026-05-12 16:45,PFC Cherno More Varna,PFC Lokomotiv Plovdiv,Bulgaria - Parva Liga,Bet365,Anytime Goalscorer,Adrian Cova,,,,17.000,,,,0.5,"{""label"": ""Adrian Cova"", ""hdp"": 0.5, ""over"": ""17.000""}",2026-05-12T10:15:30.142Z
70906728,2026-05-12 16:45,PFC Cherno More Varna,PFC Lokomotiv Plovdiv,Bulgaria - Parva Liga,Bet365,Anytime Goalscorer,Efe Ali,,,,17.000,,,,0.5,"{""label"": ""Efe Ali"", ""hdp"": 0.5, ""over"": ""17.000""}",2026-05-12T10:15:30.142Z
70906728,2026-05-12 16:45,PFC Cherno More Varna,PFC Lokomotiv Plovdiv,Bulgaria - Parva Liga,Bet365,Anytime Goalscorer,Nikolay Nikolaev,,,,17.000,,,,0.5,"{""label"": ""Nikolay Nikolaev"", ""hdp"": 0.5, ""over"": ""17.000""}",2026-05-12T10:15:30.142Z
70906728,2026-05-12 16:45,PFC Cherno More Varna,PFC Lokomotiv Plovdiv,Bulgaria - Parva Liga,Bet365,Anytime Goalscorer,Zhivko Atanasov,,,,17.000,,,,0.5,"{""label"": ""Zhivko Atanasov"", ""hdp"": 0.5, ""over"": ""17.000""}",2026-05-12T10:15:30.142Z
70906728,2026-05-12 16:45,PFC Cherno More Varna,PFC Lokomotiv Plovdiv,Bulgaria - Parva Liga,Bet365,Anytime Goalscorer,Andrei Chindris,,,,21.000,,,,0.5,"{""label"": ""Andrei Chindris"", ""hdp"": 0.5, ""over"": ""21.000""}",2026-05-12T10:15:30.142Z
70906728,2026-05-12 16:45,PFC Cherno More Varna,PFC Lokomotiv Plovdiv,Bulgaria - Parva Liga,Bet365,Anytime Goalscorer,Lucas Ryan,,,,21.000,,,,0.5,"{""label"": ""Lucas Ryan"", ""hdp"": 0.5, ""over"": ""21.000""}",2026-05-12T10:15:30.142Z
70906728,2026-05-12 16:45,PFC Cherno More Varna,PFC Lokomotiv Plovdiv,Bulgaria - Parva Liga,Bet365,Anytime Goalscorer,Martin Ruskov,,,,21.000,,,,0.5,"{""label"": ""Martin Ruskov"", ""hdp"": 0.5, ""over"": ""21.000""}",2026-05-12T10:15:30.142Z
70906728,2026-05-12 16:45,PFC Cherno More Varna,PFC Lokomotiv Plovdiv,Bulgaria - Parva Liga,Bet365,Anytime Goalscorer,Todor Pavlov,,,,21.000,,,,0.5,"{""label"": ""Todor Pavlov"", ""hdp"": 0.5, ""over"": ""21.000""}",2026-05-12T10:15:30.142Z
70906728,2026-05-12 16:45,PFC Cherno More Varna,PFC Lokomotiv Plovdiv,Bulgaria - Parva Liga,Bet365,Anytime Goalscorer,Dimitar Iliev,,,,4.000,,,,0.5,"{""label"": ""Dimitar Iliev"", ""hdp"": 0.5, ""over"": ""4.000""}",2026-05-12T10:15:30.142Z
70906728,2026-05-12 16:45,PFC Cherno More Varna,PFC Lokomotiv Plovdiv,Bulgaria - Parva Liga,Bet365,Anytime Goalscorer,Kaloyan Kostov,,,,21.000,,,,0.5,"{""label"": ""Kaloyan Kostov"", ""hdp"": 0.5, ""over"": ""21.000""}",2026-05-12T10:15:30.142Z
70906728,2026-05-12 16:45,PFC Cherno More Varna,PFC Lokomotiv Plovdiv,Bulgaria - Parva Liga,Bet365,Anytime Goalscorer,Georgi Lazarov,,,,2.625,,,,0.5,"{""label"": ""Georgi Lazarov"", ""hdp"": 0.5, ""over"": ""2.625""}",2026-05-12T10:15:30.142Z
70906728,2026-05-12 16:45,PFC Cherno More Varna,PFC Lokomotiv Plovdiv,Bulgaria - Parva Liga,Bet365,Anytime Goalscorer,Kristian Mihaylov,,,,2.625,,,,0.5,"{""label"": ""Kristian Mihaylov"", ""hdp"": 0.5, ""over"": ""2.625""}",2026-05-12T10:15:30.142Z
70906728,2026-05-12 16:45,PFC Cherno More Varna,PFC Lokomotiv Plovdiv,Bulgaria - Parva Liga,Bet365,Anytime Goalscorer,Celso Sidnei,,,,2.875,,,,0.5,"{""label"": ""Celso Sidnei"", ""hdp"": 0.5, ""over"": ""2.875""}",2026-05-12T10:15:30.142Z
70906728,2026-05-12 16:45,PFC Cherno More Varna,PFC Lokomotiv Plovdiv,Bulgaria - Parva Liga,Bet365,Anytime Goalscorer,Jorge Padilla,,,,2.875,,,,0.5,"{""label"": ""Jorge Padilla"", ""hdp"": 0.5, ""over"": ""2.875""}",2026-05-12T10:15:30.142Z
70906728,2026-05-12 16:45,PFC Cherno More Varna,PFC Lokomotiv Plovdiv,Bulgaria - Parva Liga,Bet365,Anytime Goalscorer,Berk Beyhan,,,,3.250,,,,0.5,"{""label"": ""Berk Beyhan"", ""hdp"": 0.5, ""over"": ""3.250""}",2026-05-12T10:15:30.142Z
70906728,2026-05-12 16:45,PFC Cherno More Varna,PFC Lokomotiv Plovdiv,Bulgaria - Parva Liga,Bet365,Anytime Goalscorer,Weslen Junior,,,,3.250,,,,0.5,"{""label"": ""Weslen Junior"", ""hdp"": 0.5, ""over"": ""3.250""}",2026-05-12T10:15:30.142Z
70906728,2026-05-12 16:45,PFC Cherno More Varna,PFC Lokomotiv Plovdiv,Bulgaria - Parva Liga,Bet365,Anytime Goalscorer,Paolo Paskov,,,,3.250,,,,0.5,"{""label"": ""Paolo Paskov"", ""hdp"": 0.5, ""over"": ""3.250""}",2026-05-12T10:15:30.142Z
70906728,2026-05-12 16:45,PFC Cherno More Varna,PFC Lokomotiv Plovdiv,Bulgaria - Parva Liga,Bet365,Anytime Goalscorer,Joao Pedro,,,,4.333,,,,0.5,"{""label"": ""Joao Pedro"", ""hdp"": 0.5, ""over"": ""4.333""}",2026-05-12T10:15:30.142Z
70906728,2026-05-12 16:45,PFC Cherno More Varna,PFC Lokomotiv Plovdiv,Bulgaria - Parva Liga,Bet365,Anytime Goalscorer,Francisco Politino,,,,4.500,,,,0.5,"{""label"": ""Francisco Politino"", ""hdp"": 0.5, ""over"": ""4.500""}",2026-05-12T10:15:30.142Z
70906728,2026-05-12 16:45,PFC Cherno More Varna,PFC Lokomotiv Plovdiv,Bulgaria - Parva Liga,Bet365,Anytime Goalscorer,Dimitar Tonev,,,,5.000,,,,0.5,"{""label"": ""Dimitar Tonev"", ""hdp"": 0.5, ""over"": ""5.000""}",2026-05-12T10:15:30.142Z
70906728,2026-05-12 16:45,PFC Cherno More Varna,PFC Lokomotiv Plovdiv,Bulgaria - Parva Liga,Bet365,Anytime Goalscorer,Aleksandar Aleksandrov Aleksandrov,,,,7.500,,,,0.5,"{""label"": ""Aleksandar Aleksandrov Aleksandrov"", ""hdp"": 0.5, ""over"": ""7.500""}",2026-05-12T10:15:30.142Z
70906728,2026-05-12 16:45,PFC Cherno More Varna,PFC Lokomotiv Plovdiv,Bulgaria - Parva Liga,Bet365,Anytime Goalscorer,David Teles,,,,7.500,,,,0.5,"{""label"": ""David Teles"", ""hdp"": 0.5, ""over"": ""7.500""}",2026-05-12T10:15:30.142Z
70906728,2026-05-12 16:45,PFC Cherno More Varna,PFC Lokomotiv Plovdiv,Bulgaria - Parva Liga,Bet365,Anytime Goalscorer,Nikolay Kostadinov,,,,7.500,,,,0.5,"{""label"": ""Nikolay Kostadinov"", ""hdp"": 0.5, ""over"": ""7.500""}",2026-05-12T10:15:30.142Z
70906728,2026-05-12 16:45,PFC Cherno More Varna,PFC Lokomotiv Plovdiv,Bulgaria - Parva Liga,Bet365,Anytime Goalscorer,Ertan Tombak,,,,8.000,,,,0.5,"{""label"": ""Ertan Tombak"", ""hdp"": 0.5, ""over"": ""8.000""}",2026-05-12T10:15:30.142Z
70906728,2026-05-12 16:45,PFC Cherno More Varna,PFC Lokomotiv Plovdiv,Bulgaria - Parva Liga,Bet365,Anytime Goalscorer,Petar Marinov,,,,8.000,,,,0.5,"{""label"": ""Petar Marinov"", ""hdp"": 0.5, ""over"": ""8.000""}",2026-05-12T10:15:30.142Z
70906728,2026-05-12 16:45,PFC Cherno More Varna,PFC Lokomotiv Plovdiv,Bulgaria - Parva Liga,Bet365,Anytime Goalscorer,Ivaylo Ivanov,,,,9.000,,,,0.5,"{""label"": ""Ivaylo Ivanov"", ""hdp"": 0.5, ""over"": ""9.000""}",2026-05-12T10:15:30.142Z
70906728,2026-05-12 16:45,PFC Cherno More Varna,PFC Lokomotiv Plovdiv,Bulgaria - Parva Liga,Bet365,Anytime Goalscorer,Miha Trdan,,,,9.000,,,,0.5,"{""label"": ""Miha Trdan"", ""hdp"": 0.5, ""over"": ""9.000""}",2026-05-12T10:15:30.142Z
70906728,2026-05-12 16:45,PFC Cherno More Varna,PFC Lokomotiv Plovdiv,Bulgaria - Parva Liga,Bet365,Anytime Goalscorer,Vasil Panayotov,,,,9.000,,,,0.5,"{""label"": ""Vasil Panayotov"", ""hdp"": 0.5, ""over"": ""9.000""}",2026-05-12T10:15:30.142Z
70906728,2026-05-12 16:45,PFC Cherno More Varna,PFC Lokomotiv Plovdiv,Bulgaria - Parva Liga,Bet365,Anytime Goalscorer,Dani Martin,,,,12.000,,,,0.5,"{""label"": ""Dani Martin"", ""hdp"": 0.5, ""over"": ""12.000""}",2026-05-12T10:15:30.142Z
70906728,2026-05-12 16:45,PFC Cherno More Varna,PFC Lokomotiv Plovdiv,Bulgaria - Parva Liga,Bet365,Anytime Goalscorer,Emanuil Nyagolov,,,,12.000,,,,0.5,"{""label"": ""Emanuil Nyagolov"", ""hdp"": 0.5, ""over"": ""12.000""}",2026-05-12T10:15:30.142Z
70906728,2026-05-12 16:45,PFC Cherno More Varna,PFC Lokomotiv Plovdiv,Bulgaria - Parva Liga,Bet365,Anytime Goalscorer,Georgi Ventsislavov,,,,12.000,,,,0.5,"{""label"": ""Georgi Ventsislavov"", ""hdp"": 0.5, ""over"": ""12.000""}",2026-05-12T10:15:30.142Z
70906728,2026-05-12 16:45,PFC Cherno More Varna,PFC Lokomotiv Plovdiv,Bulgaria - Parva Liga,Bet365,Anytime Goalscorer,Joao Vitor Bandaro,,,,12.000,,,,0.5,"{""label"": ""Joao Vitor Bandaro"", ""hdp"": 0.5, ""over"": ""12.000""}",2026-05-12T10:15:30.142Z
70906728,2026-05-12 16:45,PFC Cherno More Varna,PFC Lokomotiv Plovdiv,Bulgaria - Parva Liga,Bet365,Anytime Goalscorer,Tsvetomir Panov,,,,12.000,,,,0.5,"{""label"": ""Tsvetomir Panov"", ""hdp"": 0.5, ""over"": ""12.000""}",2026-05-12T10:15:30.142Z
70906728,2026-05-12 16:45,PFC Cherno More Varna,PFC Lokomotiv Plovdiv,Bulgaria - Parva Liga,Bet365,Anytime Goalscorer,Vlatko Drobarov,,,,12.000,,,,0.5,"{""label"": ""Vlatko Drobarov"", ""hdp"": 0.5, ""over"": ""12.000""}",2026-05-12T10:15:30.142Z
70906728,2026-05-12 16:45,PFC Cherno More Varna,PFC Lokomotiv Plovdiv,Bulgaria - Parva Liga,Bet365,Anytime Goalscorer,Rosen Stefanov,,,,15.000,,,,0.5,"{""label"": ""Rosen Stefanov"", ""hdp"": 0.5, ""over"": ""15.000""}",2026-05-12T10:15:30.142Z
70906728,2026-05-12 16:45,PFC Cherno More Varna,PFC Lokomotiv Plovdiv,Bulgaria - Parva Liga,Bet365,1st Half Handicap,1 (-1),8.500,,,,,,,-1,"{""label"": ""1 (-1)"", ""hdp"": -1, ""home"": ""8.500""}",2026-05-12T08:26:48.229Z
70906728,2026-05-12 16:45,PFC Cherno More Varna,PFC Lokomotiv Plovdiv,Bulgaria - Parva Liga,Bet365,1st Half Handicap,Tie (1),,,1.444,,,,,1,"{""label"": ""Tie (1)"", ""hdp"": 1, ""away"": ""1.444""}",2026-05-12T08:26:48.229Z
70906728,2026-05-12 16:45,PFC Cherno More Varna,PFC Lokomotiv Plovdiv,Bulgaria - Parva Liga,Bet365,Correct Score,2-2,,,,,,,,,"{""label"": ""2-2"", ""odds"": ""17.000""}",2026-05-12T09:02:21.759Z
70906728,2026-05-12 16:45,PFC Cherno More Varna,PFC Lokomotiv Plovdiv,Bulgaria - Parva Liga,Bet365,Correct Score,2-1,,,,,,,,,"{""label"": ""2-1"", ""odds"": ""9.000""}",2026-05-12T09:02:21.759Z
70906728,2026-05-12 16:45,PFC Cherno More Varna,PFC Lokomotiv Plovdiv,Bulgaria - Parva Liga,Bet365,Correct Score,3-2,,,,,,,,,"{""label"": ""3-2"", ""odds"": ""34.000""}",2026-05-12T09:02:21.759Z
70906728,2026-05-12 16:45,PFC Cherno More Varna,PFC Lokomotiv Plovdiv,Bulgaria - Parva Liga,Bet365,Correct Score,4-0,,,,,,,,,"{""label"": ""4-0"", ""odds"": ""34.000""}",2026-05-12T09:02:21.759Z
70906728,2026-05-12 16:45,PFC Cherno More Varna,PFC Lokomotiv Plovdiv,Bulgaria - Parva Liga,Bet365,Correct Score,2-0,,,,,,,,,"{""label"": ""2-0"", ""odds"": ""8.000""}",2026-05-12T09:02:21.759Z
70906728,2026-05-12 16:45,PFC Cherno More Varna,PFC Lokomotiv Plovdiv,Bulgaria - Parva Liga,Bet365,Correct Score,0-0,,,,,,,,,"{""label"": ""0-0"", ""odds"": ""7.000""}",2026-05-12T09:02:21.759Z
70906728,2026-05-12 16:45,PFC Cherno More Varna,PFC Lokomotiv Plovdiv,Bulgaria - Parva Liga,Bet365,Correct Score,1-0,,,,,,,,,"{""label"": ""1-0"", ""odds"": ""6.000""}",2026-05-12T09:02:21.759Z
70906728,2026-05-12 16:45,PFC Cherno More Varna,PFC Lokomotiv Plovdiv,Bulgaria - Parva Liga,Bet365,Correct Score,1-1,,,,,,,,,"{""label"": ""1-1"", ""odds"": ""6.000""}",2026-05-12T09:02:21.759Z
70906728,2026-05-12 16:45,PFC Cherno More Varna,PFC Lokomotiv Plovdiv,Bulgaria - Parva Liga,Bet365,Correct Score,3-0,,,,,,,,,"{""label"": ""3-0"", ""odds"": ""17.000""}",2026-05-12T09:02:21.759Z
70906728,2026-05-12 16:45,PFC Cherno More Varna,PFC Lokomotiv Plovdiv,Bulgaria - Parva Liga,Bet365,Correct Score,3-1,,,,,,,,,"{""label"": ""3-1"", ""odds"": ""19.000""}",2026-05-12T09:02:21.759Z
70906728,2026-05-12 16:45,PFC Cherno More Varna,PFC Lokomotiv Plovdiv,Bulgaria - Parva Liga,Bet365,Correct Score,3-3,,,,,,,,,"{""label"": ""3-3"", ""odds"": ""67.000""}",2026-05-12T09:02:21.759Z
70906728,2026-05-12 16:45,PFC Cherno More Varna,PFC Lokomotiv Plovdiv,Bulgaria - Parva Liga,Bet365,Correct Score,4-1,,,,,,,,,"{""label"": ""4-1"", ""odds"": ""41.000""}",2026-05-12T09:02:21.759Z
70906728,2026-05-12 16:45,PFC Cherno More Varna,PFC Lokomotiv Plovdiv,Bulgaria - Parva Liga,Bet365,Correct Score,4-2,,,,,,,,,"{""label"": ""4-2"", ""odds"": ""67.000""}",2026-05-12T09:02:21.759Z
70906728,2026-05-12 16:45,PFC Cherno More Varna,PFC Lokomotiv Plovdiv,Bulgaria - Parva Liga,Bet365,Correct Score,4-3,,,,,,,,,"{""label"": ""4-3"", ""odds"": ""151.000""}",2026-05-12T09:02:21.759Z
70906728,2026-05-12 16:45,PFC Cherno More Varna,PFC Lokomotiv Plovdiv,Bulgaria - Parva Liga,Bet365,Correct Score,5-0,,,,,,,,,"{""label"": ""5-0"", ""odds"": ""81.000""}",2026-05-12T09:02:21.759Z
70906728,2026-05-12 16:45,PFC Cherno More Varna,PFC Lokomotiv Plovdiv,Bulgaria - Parva Liga,Bet365,Correct Score,5-1,,,,,,,,,"{""label"": ""5-1"", ""odds"": ""81.000""}",2026-05-12T09:02:21.759Z
70906728,2026-05-12 16:45,PFC Cherno More Varna,PFC Lokomotiv Plovdiv,Bulgaria - Parva Liga,Bet365,Correct Score,5-2,,,,,,,,,"{""label"": ""5-2"", ""odds"": ""151.000""}",2026-05-12T09:02:21.759Z
70906728,2026-05-12 16:45,PFC Cherno More Varna,PFC Lokomotiv Plovdiv,Bulgaria - Parva Liga,Bet365,Correct Score,6-0,,,,,,,,,"{""label"": ""6-0"", ""odds"": ""201.000""}",2026-05-12T09:02:21.759Z
70906728,2026-05-12 16:45,PFC Cherno More Varna,PFC Lokomotiv Plovdiv,Bulgaria - Parva Liga,Bet365,Correct Score,6-1,,,,,,,,,"{""label"": ""6-1"", ""odds"": ""251.000""}",2026-05-12T09:02:21.759Z
70906728,2026-05-12 16:45,PFC Cherno More Varna,PFC Lokomotiv Plovdiv,Bulgaria - Parva Liga,Bet365,Both Teams To Score 2H,,,,,,,4.000,1.222,,"{""yes"": ""4.000"", ""no"": ""1.222""}",2026-05-10T16:19:13.765Z
70906728,2026-05-12 16:45,PFC Cherno More Varna,PFC Lokomotiv Plovdiv,Bulgaria - Parva Liga,Bet365,Alternative Total Goals,,,,,1.400,2.750,,,1.5,"{""hdp"": 1.5, ""over"": ""1.400"", ""under"": ""2.750""}",2026-05-12T10:09:35.343Z
70906728,2026-05-12 16:45,PFC Cherno More Varna,PFC Lokomotiv Plovdiv,Bulgaria - Parva Liga,Bet365,Alternative Total Goals,,,,,4.333,1.200,,,3.5,"{""hdp"": 3.5, ""over"": ""4.333"", ""under"": ""1.200""}",2026-05-12T10:09:35.343Z
70906728,2026-05-12 16:45,PFC Cherno More Varna,PFC Lokomotiv Plovdiv,Bulgaria - Parva Liga,Bet365,Alternative Total Goals,,,,,10.000,1.062,,,4.5,"{""hdp"": 4.5, ""over"": ""10.000"", ""under"": ""1.062""}",2026-05-12T10:09:35.343Z
70906728,2026-05-12 16:45,PFC Cherno More Varna,PFC Lokomotiv Plovdiv,Bulgaria - Parva Liga,Bet365,Alternative Total Goals,,,,,21.000,1.015,,,5.5,"{""hdp"": 5.5, ""over"": ""21.000"", ""under"": ""1.015""}",2026-05-12T10:09:35.343Z
70906728,2026-05-12 16:45,PFC Cherno More Varna,PFC Lokomotiv Plovdiv,Bulgaria - Parva Liga,Bet365,Alternative Total Goals,,,,,51.000,1.002,,,6.5,"{""hdp"": 6.5, ""over"": ""51.000"", ""under"": ""1.002""}",2026-05-12T10:09:35.343Z
70906728,2026-05-12 16:45,PFC Cherno More Varna,PFC Lokomotiv Plovdiv,Bulgaria - Parva Liga,Bet365,Alternative Total Goals,,,,,1.083,8.000,,,0.5,"{""hdp"": 0.5, ""over"": ""1.083"", ""under"": ""8.000""}",2026-05-12T10:09:35.343Z
70906728,2026-05-12 16:45,PFC Cherno More Varna,PFC Lokomotiv Plovdiv,Bulgaria - Parva Liga,Bet365,Half Time Result,2,,,,,4.750,,,2,"{""label"": ""2"", ""hdp"": 2, ""under"": ""4.750""}",2026-05-12T08:26:48.229Z
70906728,2026-05-12 16:45,PFC Cherno More Varna,PFC Lokomotiv Plovdiv,Bulgaria - Parva Liga,Bet365,Half Time Result,1,,,,,2.625,,,1,"{""label"": ""1"", ""hdp"": 1, ""under"": ""2.625""}",2026-05-12T08:26:48.229Z
70906728,2026-05-12 16:45,PFC Cherno More Varna,PFC Lokomotiv Plovdiv,Bulgaria - Parva Liga,Bet365,Half Time Result,Draw,,,,,2.050,,,,"{""label"": ""Draw"", ""under"": ""2.050""}",2026-05-12T08:26:48.229Z
70906728,2026-05-12 16:45,PFC Cherno More Varna,PFC Lokomotiv Plovdiv,Bulgaria - Parva Liga,Bet365,Team Total Goals Away,,,,,1.615,2.200,,,0.5,"{""hdp"": 0.5, ""over"": ""1.615"", ""under"": ""2.200""}",2026-05-12T09:14:08.844Z
70906728,2026-05-12 16:45,PFC Cherno More Varna,PFC Lokomotiv Plovdiv,Bulgaria - Parva Liga,Bet365,Team Total Goals Away,,,,,41.000,1.004,,,3.5,"{""hdp"": 3.5, ""over"": ""41.000"", ""under"": ""1.004""}",2026-05-12T09:14:08.844Z
70906728,2026-05-12 16:45,PFC Cherno More Varna,PFC Lokomotiv Plovdiv,Bulgaria - Parva Liga,Bet365,Team Total Goals Away,,,,,13.000,1.040,,,2.5,"{""hdp"": 2.5, ""over"": ""13.000"", ""under"": ""1.040""}",2026-05-12T09:14:08.844Z
70906728,2026-05-12 16:45,PFC Cherno More Varna,PFC Lokomotiv Plovdiv,Bulgaria - Parva Liga,Bet365,Team Total Goals Away,,,,,4.000,1.222,,,1.5,"{""hdp"": 1.5, ""over"": ""4.000"", ""under"": ""1.222""}",2026-05-12T09:14:08.844Z
70906728,2026-05-12 16:45,PFC Cherno More Varna,PFC Lokomotiv Plovdiv,Bulgaria - Parva Liga,Bet365,Total Corners,Under 6,,,,,8.000,,,,"{""label"": ""Under 6"", ""under"": ""8.000""}",2026-05-12T00:55:51.949Z
70906728,2026-05-12 16:45,PFC Cherno More Varna,PFC Lokomotiv Plovdiv,Bulgaria - Parva Liga,Bet365,Total Corners,6 - 8,,,,,2.875,,,,"{""label"": ""6 - 8"", ""under"": ""2.875""}",2026-05-12T00:55:51.949Z
70906728,2026-05-12 16:45,PFC Cherno More Varna,PFC Lokomotiv Plovdiv,Bulgaria - Parva Liga,Bet365,Total Corners,9 - 11,,,,,2.625,,,,"{""label"": ""9 - 11"", ""under"": ""2.625""}",2026-05-12T00:55:51.949Z
70906728,2026-05-12 16:45,PFC Cherno More Varna,PFC Lokomotiv Plovdiv,Bulgaria - Parva Liga,Bet365,Total Corners,12 - 14,,,,,5.000,,,,"{""label"": ""12 - 14"", ""under"": ""5.000""}",2026-05-12T00:55:51.949Z
70906728,2026-05-12 16:45,PFC Cherno More Varna,PFC Lokomotiv Plovdiv,Bulgaria - Parva Liga,Bet365,Total Corners,Over 14,,,,13.000,,,,,"{""label"": ""Over 14"", ""over"": ""13.000""}",2026-05-12T00:55:51.949Z
70906728,2026-05-12 16:45,PFC Cherno More Varna,PFC Lokomotiv Plovdiv,Bulgaria - Parva Liga,Bet365,Alternative Corners,,,,,1.030,26.000,,,4,"{""hdp"": 4, ""over"": ""1.030"", ""under"": ""26.000""}",2026-05-12T05:33:14.111Z
70906728,2026-05-12 16:45,PFC Cherno More Varna,PFC Lokomotiv Plovdiv,Bulgaria - Parva Liga,Bet365,Alternative Corners,,,,,1.083,15.000,,,5,"{""hdp"": 5, ""over"": ""1.083"", ""under"": ""15.000""}",2026-05-12T05:33:14.111Z
70906728,2026-05-12 16:45,PFC Cherno More Varna,PFC Lokomotiv Plovdiv,Bulgaria - Parva Liga,Bet365,Alternative Corners,,,,,1.181,8.000,,,6,"{""hdp"": 6, ""over"": ""1.181"", ""under"": ""8.000""}",2026-05-12T05:33:14.111Z
70906728,2026-05-12 16:45,PFC Cherno More Varna,PFC Lokomotiv Plovdiv,Bulgaria - Parva Liga,Bet365,Alternative Corners,,,,,1.363,4.500,,,7,"{""hdp"": 7, ""over"": ""1.363"", ""under"": ""4.500""}",2026-05-12T05:33:14.111Z
70906728,2026-05-12 16:45,PFC Cherno More Varna,PFC Lokomotiv Plovdiv,Bulgaria - Parva Liga,Bet365,Alternative Corners,,,,,1.615,3.000,,,8,"{""hdp"": 8, ""over"": ""1.615"", ""under"": ""3.000""}",2026-05-12T05:33:14.111Z
70906728,2026-05-12 16:45,PFC Cherno More Varna,PFC Lokomotiv Plovdiv,Bulgaria - Parva Liga,Bet365,Alternative Corners,,,,,5.500,1.250,,,12,"{""hdp"": 12, ""over"": ""5.500"", ""under"": ""1.250""}",2026-05-12T05:33:14.111Z
70906728,2026-05-12 16:45,PFC Cherno More Varna,PFC Lokomotiv Plovdiv,Bulgaria - Parva Liga,Bet365,Alternative Corners,,,,,8.000,1.142,,,13,"{""hdp"": 13, ""over"": ""8.000"", ""under"": ""1.142""}",2026-05-12T05:33:14.111Z
70906728,2026-05-12 16:45,PFC Cherno More Varna,PFC Lokomotiv Plovdiv,Bulgaria - Parva Liga,Bet365,Alternative Corners,,,,,13.000,1.083,,,14,"{""hdp"": 14, ""over"": ""13.000"", ""under"": ""1.083""}",2026-05-12T05:33:14.111Z
70906728,2026-05-12 16:45,PFC Cherno More Varna,PFC Lokomotiv Plovdiv,Bulgaria - Parva Liga,Bet365,Alternative Corners,,,,,17.000,1.040,,,15,"{""hdp"": 15, ""over"": ""17.000"", ""under"": ""1.040""}",2026-05-12T05:33:14.111Z
70906728,2026-05-12 16:45,PFC Cherno More Varna,PFC Lokomotiv Plovdiv,Bulgaria - Parva Liga,Bet365,Alternative Corners,,,,,23.000,1.020,,,16,"{""hdp"": 16, ""over"": ""23.000"", ""under"": ""1.020""}",2026-05-12T05:33:14.111Z
70906728,2026-05-12 16:45,PFC Cherno More Varna,PFC Lokomotiv Plovdiv,Bulgaria - Parva Liga,Bet365,Alternative Corners,,,,,2.625,1.727,,,10,"{""hdp"": 10, ""over"": ""2.625"", ""under"": ""1.727""}",2026-05-12T05:33:14.111Z
70906728,2026-05-12 16:45,PFC Cherno More Varna,PFC Lokomotiv Plovdiv,Bulgaria - Parva Liga,Bet365,Alternative Corners,,,,,3.750,1.444,,,11,"{""hdp"": 11, ""over"": ""3.750"", ""under"": ""1.444""}",2026-05-12T05:33:14.111Z
70906728,2026-05-12 16:45,PFC Cherno More Varna,PFC Lokomotiv Plovdiv,Bulgaria - Parva Liga,Bet365,Multi Scorers,Georgi Lazarov (2 or More) (1),,,,,12.000,,,,"{""label"": ""Georgi Lazarov (2 or More) (1)"", ""under"": ""12.000""}",2026-05-12T08:14:59.547Z
70906728,2026-05-12 16:45,PFC Cherno More Varna,PFC Lokomotiv Plovdiv,Bulgaria - Parva Liga,Bet365,Multi Scorers,Kristian Mihaylov (2 or More) (1),,,,,12.000,,,,"{""label"": ""Kristian Mihaylov (2 or More) (1)"", ""under"": ""12.000""}",2026-05-12T08:14:59.547Z
70906728,2026-05-12 16:45,PFC Cherno More Varna,PFC Lokomotiv Plovdiv,Bulgaria - Parva Liga,Bet365,Multi Scorers,Celso Sidnei (2 or More) (1),,,,,15.000,,,,"{""label"": ""Celso Sidnei (2 or More) (1)"", ""under"": ""15.000""}",2026-05-12T08:14:59.547Z
70906728,2026-05-12 16:45,PFC Cherno More Varna,PFC Lokomotiv Plovdiv,Bulgaria - Parva Liga,Bet365,Multi Scorers,Jorge Padilla (2 or More) (1),,,,,15.000,,,,"{""label"": ""Jorge Padilla (2 or More) (1)"", ""under"": ""15.000""}",2026-05-12T08:14:59.547Z
70906728,2026-05-12 16:45,PFC Cherno More Varna,PFC Lokomotiv Plovdiv,Bulgaria - Parva Liga,Bet365,Multi Scorers,Berk Beyhan (2 or More) (1),,,,,19.000,,,,"{""label"": ""Berk Beyhan (2 or More) (1)"", ""under"": ""19.000""}",2026-05-12T08:14:59.547Z
70906728,2026-05-12 16:45,PFC Cherno More Varna,PFC Lokomotiv Plovdiv,Bulgaria - Parva Liga,Bet365,Multi Scorers,Weslen Junior (2 or More) (1),,,,,19.000,,,,"{""label"": ""Weslen Junior (2 or More) (1)"", ""under"": ""19.000""}",2026-05-12T08:14:59.547Z
70906728,2026-05-12 16:45,PFC Cherno More Varna,PFC Lokomotiv Plovdiv,Bulgaria - Parva Liga,Bet365,Multi Scorers,Paolo Paskov (2 or More) (1),,,,,19.000,,,,"{""label"": ""Paolo Paskov (2 or More) (1)"", ""under"": ""19.000""}",2026-05-12T08:14:59.547Z
70906728,2026-05-12 16:45,PFC Cherno More Varna,PFC Lokomotiv Plovdiv,Bulgaria - Parva Liga,Bet365,Multi Scorers,Nikolay Zlatev (2 or More) (1),,,,,21.000,,,,"{""label"": ""Nikolay Zlatev (2 or More) (1)"", ""under"": ""21.000""}",2026-05-12T08:14:59.547Z
70906728,2026-05-12 16:45,PFC Cherno More Varna,PFC Lokomotiv Plovdiv,Bulgaria - Parva Liga,Bet365,Multi Scorers,Dimitar Iliev (2 or More) (2),,,,,29.000,,,,"{""label"": ""Dimitar Iliev (2 or More) (2)"", ""under"": ""29.000""}",2026-05-12T08:14:59.547Z
70906728,2026-05-12 16:45,PFC Cherno More Varna,PFC Lokomotiv Plovdiv,Bulgaria - Parva Liga,Bet365,Multi Scorers,Joel Zwarts (2 or More) (2),,,,,29.000,,,,"{""label"": ""Joel Zwarts (2 or More) (2)"", ""under"": ""29.000""}",2026-05-12T08:14:59.547Z
70906728,2026-05-12 16:45,PFC Cherno More Varna,PFC Lokomotiv Plovdiv,Bulgaria - Parva Liga,Bet365,Multi Scorers,Mariyan Vangelov (2 or More) (2),,,,,29.000,,,,"{""label"": ""Mariyan Vangelov (2 or More) (2)"", ""under"": ""29.000""}",2026-05-12T08:14:59.547Z
70906728,2026-05-12 16:45,PFC Cherno More Varna,PFC Lokomotiv Plovdiv,Bulgaria - Parva Liga,Bet365,Multi Scorers,Andreas Calcan (2 or More) (1),,,,,34.000,,,,"{""label"": ""Andreas Calcan (2 or More) (1)"", ""under"": ""34.000""}",2026-05-12T08:14:59.547Z
70906728,2026-05-12 16:45,PFC Cherno More Varna,PFC Lokomotiv Plovdiv,Bulgaria - Parva Liga,Bet365,Multi Scorers,Axel Velev (2 or More) (2),,,,,34.000,,,,"{""label"": ""Axel Velev (2 or More) (2)"", ""under"": ""34.000""}",2026-05-12T08:14:59.547Z
70906728,2026-05-12 16:45,PFC Cherno More Varna,PFC Lokomotiv Plovdiv,Bulgaria - Parva Liga,Bet365,Multi Scorers,Francisco Politino (2 or More) (2),,,,,34.000,,,,"{""label"": ""Francisco Politino (2 or More) (2)"", ""under"": ""34.000""}",2026-05-12T08:14:59.547Z
70906728,2026-05-12 16:45,PFC Cherno More Varna,PFC Lokomotiv Plovdiv,Bulgaria - Parva Liga,Bet365,Multi Scorers,Dimitar Tonev (2 or More) (1),,,,,41.000,,,,"{""label"": ""Dimitar Tonev (2 or More) (1)"", ""under"": ""41.000""}",2026-05-12T08:14:59.547Z
70906728,2026-05-12 16:45,PFC Cherno More Varna,PFC Lokomotiv Plovdiv,Bulgaria - Parva Liga,Bet365,Multi Scorers,Ertan Tombak (2 or More) (1),,,,,101.000,,,,"{""label"": ""Ertan Tombak (2 or More) (1)"", ""under"": ""101.000""}",2026-05-12T08:14:59.547Z
70906728,2026-05-12 16:45,PFC Cherno More Varna,PFC Lokomotiv Plovdiv,Bulgaria - Parva Liga,Bet365,Multi Scorers,Petar Marinov (2 or More) (1),,,,,101.000,,,,"{""label"": ""Petar Marinov (2 or More) (1)"", ""under"": ""101.000""}",2026-05-12T08:14:59.547Z
70906728,2026-05-12 16:45,PFC Cherno More Varna,PFC Lokomotiv Plovdiv,Bulgaria - Parva Liga,Bet365,Multi Scorers,Celso Sidnei (3 or More) (1),,,,,81.000,,,,"{""label"": ""Celso Sidnei (3 or More) (1)"", ""under"": ""81.000""}",2026-05-12T08:14:59.547Z
70906728,2026-05-12 16:45,PFC Cherno More Varna,PFC Lokomotiv Plovdiv,Bulgaria - Parva Liga,Bet365,Multi Scorers,Jorge Padilla (3 or More) (1),,,,,81.000,,,,"{""label"": ""Jorge Padilla (3 or More) (1)"", ""under"": ""81.000""}",2026-05-12T08:14:59.547Z
70906728,2026-05-12 16:45,PFC Cherno More Varna,PFC Lokomotiv Plovdiv,Bulgaria - Parva Liga,Bet365,Multi Scorers,Axel Velev (3 or More) (2),,,,,151.000,,,,"{""label"": ""Axel Velev (3 or More) (2)"", ""under"": ""151.000""}",2026-05-12T08:14:59.547Z
70906728,2026-05-12 16:45,PFC Cherno More Varna,PFC Lokomotiv Plovdiv,Bulgaria - Parva Liga,Bet365,Multi Scorers,Asen Donchev (3 or More) (1),,,,,401.000,,,,"{""label"": ""Asen Donchev (3 or More) (1)"", ""under"": ""401.000""}",2026-05-12T08:14:59.547Z
70906728,2026-05-12 16:45,PFC Cherno More Varna,PFC Lokomotiv Plovdiv,Bulgaria - Parva Liga,Bet365,Multi Scorers,Catalin Itu (3 or More) (2),,,,,401.000,,,,"{""label"": ""Catalin Itu (3 or More) (2)"", ""under"": ""401.000""}",2026-05-12T08:14:59.547Z
70906728,2026-05-12 16:45,PFC Cherno More Varna,PFC Lokomotiv Plovdiv,Bulgaria - Parva Liga,Bet365,Multi Scorers,Ertan Tombak (3 or More) (1),,,,,401.000,,,,"{""label"": ""Ertan Tombak (3 or More) (1)"", ""under"": ""401.000""}",2026-05-12T08:14:59.547Z
70906728,2026-05-12 16:45,PFC Cherno More Varna,PFC Lokomotiv Plovdiv,Bulgaria - Parva Liga,Bet365,Multi Scorers,Parvizdzhon Umarbaev (3 or More) (2),,,,,401.000,,,,"{""label"": ""Parvizdzhon Umarbaev (3 or More) (2)"", ""under"": ""401.000""}",2026-05-12T08:14:59.547Z
70906728,2026-05-12 16:45,PFC Cherno More Varna,PFC Lokomotiv Plovdiv,Bulgaria - Parva Liga,Bet365,Multi Scorers,Petar Marinov (3 or More) (1),,,,,401.000,,,,"{""label"": ""Petar Marinov (3 or More) (1)"", ""under"": ""401.000""}",2026-05-12T08:14:59.547Z
70906728,2026-05-12 16:45,PFC Cherno More Varna,PFC Lokomotiv Plovdiv,Bulgaria - Parva Liga,Bet365,Multi Scorers,Valeri Bozhinov (3 or More) (2),,,,,401.000,,,,"{""label"": ""Valeri Bozhinov (3 or More) (2)"", ""under"": ""401.000""}",2026-05-12T08:14:59.547Z
70906728,2026-05-12 16:45,PFC Cherno More Varna,PFC Lokomotiv Plovdiv,Bulgaria - Parva Liga,Bet365,Multi Scorers,Ivaylo Ivanov (3 or More) (2),,,,,501.000,,,,"{""label"": ""Ivaylo Ivanov (3 or More) (2)"", ""under"": ""501.000""}",2026-05-12T08:14:59.547Z
70906728,2026-05-12 16:45,PFC Cherno More Varna,PFC Lokomotiv Plovdiv,Bulgaria - Parva Liga,Bet365,Multi Scorers,Miha Trdan (3 or More) (2),,,,,501.000,,,,"{""label"": ""Miha Trdan (3 or More) (2)"", ""under"": ""501.000""}",2026-05-12T08:14:59.547Z
70906728,2026-05-12 16:45,PFC Cherno More Varna,PFC Lokomotiv Plovdiv,Bulgaria - Parva Liga,Bet365,Multi Scorers,Vasil Panayotov (3 or More) (1),,,,,501.000,,,,"{""label"": ""Vasil Panayotov (3 or More) (1)"", ""under"": ""501.000""}",2026-05-12T08:14:59.547Z
70906728,2026-05-12 16:45,PFC Cherno More Varna,PFC Lokomotiv Plovdiv,Bulgaria - Parva Liga,Bet365,Multi Scorers,Joao Pedro (2 or More) (1),,,,,29.000,,,,"{""label"": ""Joao Pedro (2 or More) (1)"", ""under"": ""29.000""}",2026-05-12T08:14:59.547Z
70906728,2026-05-12 16:45,PFC Cherno More Varna,PFC Lokomotiv Plovdiv,Bulgaria - Parva Liga,Bet365,Multi Scorers,Georgi Chorbadzhiyski (2 or More) (2),,,,,51.000,,,,"{""label"": ""Georgi Chorbadzhiyski (2 or More) (2)"", ""under"": ""51.000""}",2026-05-12T08:14:59.547Z
70906728,2026-05-12 16:45,PFC Cherno More Varna,PFC Lokomotiv Plovdiv,Bulgaria - Parva Liga,Bet365,Multi Scorers,Gustavo Franca (2 or More) (1),,,,,51.000,,,,"{""label"": ""Gustavo Franca (2 or More) (1)"", ""under"": ""51.000""}",2026-05-12T08:14:59.547Z
70906728,2026-05-12 16:45,PFC Cherno More Varna,PFC Lokomotiv Plovdiv,Bulgaria - Parva Liga,Bet365,Multi Scorers,Asen Chandarov (2 or More) (1),,,,,67.000,,,,"{""label"": ""Asen Chandarov (2 or More) (1)"", ""under"": ""67.000""}",2026-05-12T08:14:59.547Z
70906728,2026-05-12 16:45,PFC Cherno More Varna,PFC Lokomotiv Plovdiv,Bulgaria - Parva Liga,Bet365,Multi Scorers,Julien Lamy (2 or More) (2),,,,,67.000,,,,"{""label"": ""Julien Lamy (2 or More) (2)"", ""under"": ""67.000""}",2026-05-12T08:14:59.547Z
70906728,2026-05-12 16:45,PFC Cherno More Varna,PFC Lokomotiv Plovdiv,Bulgaria - Parva Liga,Bet365,Multi Scorers,Sevi Idriz (2 or More) (2),,,,,67.000,,,,"{""label"": ""Sevi Idriz (2 or More) (2)"", ""under"": ""67.000""}",2026-05-12T08:14:59.547Z
70906728,2026-05-12 16:45,PFC Cherno More Varna,PFC Lokomotiv Plovdiv,Bulgaria - Parva Liga,Bet365,Multi Scorers,Zapro Dinev (2 or More) (2),,,,,67.000,,,,"{""label"": ""Zapro Dinev (2 or More) (2)"", ""under"": ""67.000""}",2026-05-12T08:14:59.547Z
70906728,2026-05-12 16:45,PFC Cherno More Varna,PFC Lokomotiv Plovdiv,Bulgaria - Parva Liga,Bet365,Multi Scorers,Aleksandar Aleksandrov Aleksandrov (2 or More) (2),,,,,81.000,,,,"{""label"": ""Aleksandar Aleksandrov Aleksandrov (2 or More) (2)"", ""under"": ""81.000""}",2026-05-12T08:14:59.547Z
70906728,2026-05-12 16:45,PFC Cherno More Varna,PFC Lokomotiv Plovdiv,Bulgaria - Parva Liga,Bet365,Multi Scorers,David Teles (2 or More) (1),,,,,81.000,,,,"{""label"": ""David Teles (2 or More) (1)"", ""under"": ""81.000""}",2026-05-12T08:14:59.547Z
70906728,2026-05-12 16:45,PFC Cherno More Varna,PFC Lokomotiv Plovdiv,Bulgaria - Parva Liga,Bet365,Multi Scorers,Nikolay Kostadinov (2 or More) (1),,,,,81.000,,,,"{""label"": ""Nikolay Kostadinov (2 or More) (1)"", ""under"": ""81.000""}",2026-05-12T08:14:59.547Z
70906728,2026-05-12 16:45,PFC Cherno More Varna,PFC Lokomotiv Plovdiv,Bulgaria - Parva Liga,Bet365,Multi Scorers,Asen Donchev (2 or More) (1),,,,,101.000,,,,"{""label"": ""Asen Donchev (2 or More) (1)"", ""under"": ""101.000""}",2026-05-12T08:14:59.547Z
70906728,2026-05-12 16:45,PFC Cherno More Varna,PFC Lokomotiv Plovdiv,Bulgaria - Parva Liga,Bet365,Multi Scorers,Catalin Itu (2 or More) (2),,,,,101.000,,,,"{""label"": ""Catalin Itu (2 or More) (2)"", ""under"": ""101.000""}",2026-05-12T08:14:59.547Z
70906728,2026-05-12 16:45,PFC Cherno More Varna,PFC Lokomotiv Plovdiv,Bulgaria - Parva Liga,Bet365,Multi Scorers,Parvizdzhon Umarbaev (2 or More) (2),,,,,101.000,,,,"{""label"": ""Parvizdzhon Umarbaev (2 or More) (2)"", ""under"": ""101.000""}",2026-05-12T08:14:59.547Z
70906728,2026-05-12 16:45,PFC Cherno More Varna,PFC Lokomotiv Plovdiv,Bulgaria - Parva Liga,Bet365,Multi Scorers,Valeri Bozhinov (2 or More) (2),,,,,101.000,,,,"{""label"": ""Valeri Bozhinov (2 or More) (2)"", ""under"": ""101.000""}",2026-05-12T08:14:59.547Z
70906728,2026-05-12 16:45,PFC Cherno More Varna,PFC Lokomotiv Plovdiv,Bulgaria - Parva Liga,Bet365,Multi Scorers,Dani Martin (2 or More) (1),,,,,126.000,,,,"{""label"": ""Dani Martin (2 or More) (1)"", ""under"": ""126.000""}",2026-05-12T08:14:59.547Z
70906728,2026-05-12 16:45,PFC Cherno More Varna,PFC Lokomotiv Plovdiv,Bulgaria - Parva Liga,Bet365,Multi Scorers,Denis Kirashki (2 or More) (2),,,,,126.000,,,,"{""label"": ""Denis Kirashki (2 or More) (2)"", ""under"": ""126.000""}",2026-05-12T08:14:59.547Z
70906728,2026-05-12 16:45,PFC Cherno More Varna,PFC Lokomotiv Plovdiv,Bulgaria - Parva Liga,Bet365,Multi Scorers,Dias Santos Lucas Ryan (2 or More) (2),,,,,126.000,,,,"{""label"": ""Dias Santos Lucas Ryan (2 or More) (2)"", ""under"": ""126.000""}",2026-05-12T08:14:59.547Z
70906728,2026-05-12 16:45,PFC Cherno More Varna,PFC Lokomotiv Plovdiv,Bulgaria - Parva Liga,Bet365,Multi Scorers,Emanuil Nyagolov (2 or More) (1),,,,,126.000,,,,"{""label"": ""Emanuil Nyagolov (2 or More) (1)"", ""under"": ""126.000""}",2026-05-12T08:14:59.547Z
70906728,2026-05-12 16:45,PFC Cherno More Varna,PFC Lokomotiv Plovdiv,Bulgaria - Parva Liga,Bet365,Multi Scorers,Georgi Ventsislavov (2 or More) (1),,,,,126.000,,,,"{""label"": ""Georgi Ventsislavov (2 or More) (1)"", ""under"": ""126.000""}",2026-05-12T08:14:59.547Z
70906728,2026-05-12 16:45,PFC Cherno More Varna,PFC Lokomotiv Plovdiv,Bulgaria - Parva Liga,Bet365,Multi Scorers,Ivaylo Ivanov (2 or More) (2),,,,,126.000,,,,"{""label"": ""Ivaylo Ivanov (2 or More) (2)"", ""under"": ""126.000""}",2026-05-12T08:14:59.547Z
70906728,2026-05-12 16:45,PFC Cherno More Varna,PFC Lokomotiv Plovdiv,Bulgaria - Parva Liga,Bet365,Multi Scorers,Joao Vitor Bandaro (2 or More) (1),,,,,126.000,,,,"{""label"": ""Joao Vitor Bandaro (2 or More) (1)"", ""under"": ""126.000""}",2026-05-12T08:14:59.547Z
70906728,2026-05-12 16:45,PFC Cherno More Varna,PFC Lokomotiv Plovdiv,Bulgaria - Parva Liga,Bet365,Multi Scorers,Martin Atanasov (2 or More) (2),,,,,126.000,,,,"{""label"": ""Martin Atanasov (2 or More) (2)"", ""under"": ""126.000""}",2026-05-12T08:14:59.547Z
70906728,2026-05-12 16:45,PFC Cherno More Varna,PFC Lokomotiv Plovdiv,Bulgaria - Parva Liga,Bet365,Multi Scorers,Mert Salim (2 or More) (2),,,,,126.000,,,,"{""label"": ""Mert Salim (2 or More) (2)"", ""under"": ""126.000""}",2026-05-12T08:14:59.547Z
70906728,2026-05-12 16:45,PFC Cherno More Varna,PFC Lokomotiv Plovdiv,Bulgaria - Parva Liga,Bet365,Multi Scorers,Miha Trdan (2 or More) (2),,,,,126.000,,,,"{""label"": ""Miha Trdan (2 or More) (2)"", ""under"": ""126.000""}",2026-05-12T08:14:59.547Z
70906728,2026-05-12 16:45,PFC Cherno More Varna,PFC Lokomotiv Plovdiv,Bulgaria - Parva Liga,Bet365,Multi Scorers,Plamen Petrov (2 or More) (2),,,,,126.000,,,,"{""label"": ""Plamen Petrov (2 or More) (2)"", ""under"": ""126.000""}",2026-05-12T08:14:59.547Z
70906728,2026-05-12 16:45,PFC Cherno More Varna,PFC Lokomotiv Plovdiv,Bulgaria - Parva Liga,Bet365,Multi Scorers,Tsvetomir Panov (2 or More) (1),,,,,126.000,,,,"{""label"": ""Tsvetomir Panov (2 or More) (1)"", ""under"": ""126.000""}",2026-05-12T08:14:59.547Z
70906728,2026-05-12 16:45,PFC Cherno More Varna,PFC Lokomotiv Plovdiv,Bulgaria - Parva Liga,Bet365,Multi Scorers,Vasil Panayotov (2 or More) (1),,,,,126.000,,,,"{""label"": ""Vasil Panayotov (2 or More) (1)"", ""under"": ""126.000""}",2026-05-12T08:14:59.547Z
70906728,2026-05-12 16:45,PFC Cherno More Varna,PFC Lokomotiv Plovdiv,Bulgaria - Parva Liga,Bet365,Multi Scorers,Vlatko Drobarov (2 or More) (1),,,,,126.000,,,,"{""label"": ""Vlatko Drobarov (2 or More) (1)"", ""under"": ""126.000""}",2026-05-12T08:14:59.547Z
70906728,2026-05-12 16:45,PFC Cherno More Varna,PFC Lokomotiv Plovdiv,Bulgaria - Parva Liga,Bet365,Multi Scorers,Adrian Cova (2 or More) (2),,,,,151.000,,,,"{""label"": ""Adrian Cova (2 or More) (2)"", ""under"": ""151.000""}",2026-05-12T08:14:59.547Z
70906728,2026-05-12 16:45,PFC Cherno More Varna,PFC Lokomotiv Plovdiv,Bulgaria - Parva Liga,Bet365,Multi Scorers,Efe Ali (2 or More) (2),,,,,151.000,,,,"{""label"": ""Efe Ali (2 or More) (2)"", ""under"": ""151.000""}",2026-05-12T08:14:59.547Z
70906728,2026-05-12 16:45,PFC Cherno More Varna,PFC Lokomotiv Plovdiv,Bulgaria - Parva Liga,Bet365,Multi Scorers,Nikolay Nikolaev (2 or More) (2),,,,,151.000,,,,"{""label"": ""Nikolay Nikolaev (2 or More) (2)"", ""under"": ""151.000""}",2026-05-12T08:14:59.547Z
70906728,2026-05-12 16:45,PFC Cherno More Varna,PFC Lokomotiv Plovdiv,Bulgaria - Parva Liga,Bet365,Multi Scorers,Rosen Stefanov (2 or More) (1),,,,,151.000,,,,"{""label"": ""Rosen Stefanov (2 or More) (1)"", ""under"": ""151.000""}",2026-05-12T08:14:59.547Z
70906728,2026-05-12 16:45,PFC Cherno More Varna,PFC Lokomotiv Plovdiv,Bulgaria - Parva Liga,Bet365,Multi Scorers,Zhivko Atanasov (2 or More) (1),,,,,151.000,,,,"{""label"": ""Zhivko Atanasov (2 or More) (1)"", ""under"": ""151.000""}",2026-05-12T08:14:59.547Z
70906728,2026-05-12 16:45,PFC Cherno More Varna,PFC Lokomotiv Plovdiv,Bulgaria - Parva Liga,Bet365,Multi Scorers,Andrei Chindris (2 or More) (2),,,,,201.000,,,,"{""label"": ""Andrei Chindris (2 or More) (2)"", ""under"": ""201.000""}",2026-05-12T08:14:59.547Z
70906728,2026-05-12 16:45,PFC Cherno More Varna,PFC Lokomotiv Plovdiv,Bulgaria - Parva Liga,Bet365,Multi Scorers,Lucas Ryan (2 or More) (2),,,,,201.000,,,,"{""label"": ""Lucas Ryan (2 or More) (2)"", ""under"": ""201.000""}",2026-05-12T08:14:59.547Z
70906728,2026-05-12 16:45,PFC Cherno More Varna,PFC Lokomotiv Plovdiv,Bulgaria - Parva Liga,Bet365,Multi Scorers,Martin Ruskov (2 or More) (2),,,,,201.000,,,,"{""label"": ""Martin Ruskov (2 or More) (2)"", ""under"": ""201.000""}",2026-05-12T08:14:59.547Z
70906728,2026-05-12 16:45,PFC Cherno More Varna,PFC Lokomotiv Plovdiv,Bulgaria - Parva Liga,Bet365,Multi Scorers,Todor Pavlov (2 or More) (2),,,,,201.000,,,,"{""label"": ""Todor Pavlov (2 or More) (2)"", ""under"": ""201.000""}",2026-05-12T08:14:59.547Z
70906728,2026-05-12 16:45,PFC Cherno More Varna,PFC Lokomotiv Plovdiv,Bulgaria - Parva Liga,Bet365,Multi Scorers,Georgi Lazarov (3 or More) (1),,,,,51.000,,,,"{""label"": ""Georgi Lazarov (3 or More) (1)"", ""under"": ""51.000""}",2026-05-12T08:14:59.547Z
70906728,2026-05-12 16:45,PFC Cherno More Varna,PFC Lokomotiv Plovdiv,Bulgaria - Parva Liga,Bet365,Multi Scorers,Kristian Mihaylov (3 or More) (1),,,,,51.000,,,,"{""label"": ""Kristian Mihaylov (3 or More) (1)"", ""under"": ""51.000""}",2026-05-12T08:14:59.547Z
70906728,2026-05-12 16:45,PFC Cherno More Varna,PFC Lokomotiv Plovdiv,Bulgaria - Parva Liga,Bet365,Multi Scorers,Berk Beyhan (3 or More) (1),,,,,101.000,,,,"{""label"": ""Berk Beyhan (3 or More) (1)"", ""under"": ""101.000""}",2026-05-12T08:14:59.547Z
70906728,2026-05-12 16:45,PFC Cherno More Varna,PFC Lokomotiv Plovdiv,Bulgaria - Parva Liga,Bet365,Multi Scorers,Weslen Junior (3 or More) (1),,,,,101.000,,,,"{""label"": ""Weslen Junior (3 or More) (1)"", ""under"": ""101.000""}",2026-05-12T08:14:59.547Z
70906728,2026-05-12 16:45,PFC Cherno More Varna,PFC Lokomotiv Plovdiv,Bulgaria - Parva Liga,Bet365,Multi Scorers,Paolo Paskov (3 or More) (1),,,,,101.000,,,,"{""label"": ""Paolo Paskov (3 or More) (1)"", ""under"": ""101.000""}",2026-05-12T08:14:59.547Z
70906728,2026-05-12 16:45,PFC Cherno More Varna,PFC Lokomotiv Plovdiv,Bulgaria - Parva Liga,Bet365,Multi Scorers,Nikolay Zlatev (3 or More) (1),,,,,126.000,,,,"{""label"": ""Nikolay Zlatev (3 or More) (1)"", ""under"": ""126.000""}",2026-05-12T08:14:59.547Z
70906728,2026-05-12 16:45,PFC Cherno More Varna,PFC Lokomotiv Plovdiv,Bulgaria - Parva Liga,Bet365,Multi Scorers,Joel Zwarts (3 or More) (2),,,,,126.000,,,,"{""label"": ""Joel Zwarts (3 or More) (2)"", ""under"": ""126.000""}",2026-05-12T08:14:59.547Z
70906728,2026-05-12 16:45,PFC Cherno More Varna,PFC Lokomotiv Plovdiv,Bulgaria - Parva Liga,Bet365,Multi Scorers,Mariyan Vangelov (3 or More) (2),,,,,126.000,,,,"{""label"": ""Mariyan Vangelov (3 or More) (2)"", ""under"": ""126.000""}",2026-05-12T08:14:59.547Z
70906728,2026-05-12 16:45,PFC Cherno More Varna,PFC Lokomotiv Plovdiv,Bulgaria - Parva Liga,Bet365,Multi Scorers,Joao Pedro (3 or More) (1),,,,,126.000,,,,"{""label"": ""Joao Pedro (3 or More) (1)"", ""under"": ""126.000""}",2026-05-12T08:14:59.547Z
70906728,2026-05-12 16:45,PFC Cherno More Varna,PFC Lokomotiv Plovdiv,Bulgaria - Parva Liga,Bet365,Multi Scorers,Andreas Calcan (3 or More) (1),,,,,151.000,,,,"{""label"": ""Andreas Calcan (3 or More) (1)"", ""under"": ""151.000""}",2026-05-12T08:14:59.547Z
70906728,2026-05-12 16:45,PFC Cherno More Varna,PFC Lokomotiv Plovdiv,Bulgaria - Parva Liga,Bet365,Multi Scorers,Francisco Politino (3 or More) (2),,,,,151.000,,,,"{""label"": ""Francisco Politino (3 or More) (2)"", ""under"": ""151.000""}",2026-05-12T08:14:59.547Z
70906728,2026-05-12 16:45,PFC Cherno More Varna,PFC Lokomotiv Plovdiv,Bulgaria - Parva Liga,Bet365,Multi Scorers,Dimitar Tonev (3 or More) (1),,,,,151.000,,,,"{""label"": ""Dimitar Tonev (3 or More) (1)"", ""under"": ""151.000""}",2026-05-12T08:14:59.547Z
70906728,2026-05-12 16:45,PFC Cherno More Varna,PFC Lokomotiv Plovdiv,Bulgaria - Parva Liga,Bet365,Multi Scorers,Georgi Chorbadzhiyski (3 or More) (2),,,,,201.000,,,,"{""label"": ""Georgi Chorbadzhiyski (3 or More) (2)"", ""under"": ""201.000""}",2026-05-12T08:14:59.547Z
70906728,2026-05-12 16:45,PFC Cherno More Varna,PFC Lokomotiv Plovdiv,Bulgaria - Parva Liga,Bet365,Multi Scorers,Gustavo Franca (3 or More) (1),,,,,201.000,,,,"{""label"": ""Gustavo Franca (3 or More) (1)"", ""under"": ""201.000""}",2026-05-12T08:14:59.547Z
70906728,2026-05-12 16:45,PFC Cherno More Varna,PFC Lokomotiv Plovdiv,Bulgaria - Parva Liga,Bet365,Multi Scorers,Asen Chandarov (3 or More) (1),,,,,251.000,,,,"{""label"": ""Asen Chandarov (3 or More) (1)"", ""under"": ""251.000""}",2026-05-12T08:14:59.547Z
70906728,2026-05-12 16:45,PFC Cherno More Varna,PFC Lokomotiv Plovdiv,Bulgaria - Parva Liga,Bet365,Multi Scorers,Julien Lamy (3 or More) (2),,,,,251.000,,,,"{""label"": ""Julien Lamy (3 or More) (2)"", ""under"": ""251.000""}",2026-05-12T08:14:59.547Z
70906728,2026-05-12 16:45,PFC Cherno More Varna,PFC Lokomotiv Plovdiv,Bulgaria - Parva Liga,Bet365,Multi Scorers,Sevi Idriz (3 or More) (2),,,,,251.000,,,,"{""label"": ""Sevi Idriz (3 or More) (2)"", ""under"": ""251.000""}",2026-05-12T08:14:59.547Z
70906728,2026-05-12 16:45,PFC Cherno More Varna,PFC Lokomotiv Plovdiv,Bulgaria - Parva Liga,Bet365,Multi Scorers,Zapro Dinev (3 or More) (2),,,,,251.000,,,,"{""label"": ""Zapro Dinev (3 or More) (2)"", ""under"": ""251.000""}",2026-05-12T08:14:59.547Z
70906728,2026-05-12 16:45,PFC Cherno More Varna,PFC Lokomotiv Plovdiv,Bulgaria - Parva Liga,Bet365,Multi Scorers,Aleksandar Aleksandrov Aleksandrov (3 or More) (2),,,,,301.000,,,,"{""label"": ""Aleksandar Aleksandrov Aleksandrov (3 or More) (2)"", ""under"": ""301.000""}",2026-05-12T08:14:59.547Z
70906728,2026-05-12 16:45,PFC Cherno More Varna,PFC Lokomotiv Plovdiv,Bulgaria - Parva Liga,Bet365,Multi Scorers,David Teles (3 or More) (1),,,,,301.000,,,,"{""label"": ""David Teles (3 or More) (1)"", ""under"": ""301.000""}",2026-05-12T08:14:59.547Z
70906728,2026-05-12 16:45,PFC Cherno More Varna,PFC Lokomotiv Plovdiv,Bulgaria - Parva Liga,Bet365,Multi Scorers,Nikolay Kostadinov (3 or More) (1),,,,,301.000,,,,"{""label"": ""Nikolay Kostadinov (3 or More) (1)"", ""under"": ""301.000""}",2026-05-12T08:14:59.547Z
70906728,2026-05-12 16:45,PFC Cherno More Varna,PFC Lokomotiv Plovdiv,Bulgaria - Parva Liga,Bet365,Multi Scorers,Dani Martin (3 or More) (1),,,,,501.000,,,,"{""label"": ""Dani Martin (3 or More) (1)"", ""under"": ""501.000""}",2026-05-12T08:14:59.547Z
70906728,2026-05-12 16:45,PFC Cherno More Varna,PFC Lokomotiv Plovdiv,Bulgaria - Parva Liga,Bet365,Multi Scorers,Denis Kirashki (3 or More) (2),,,,,501.000,,,,"{""label"": ""Denis Kirashki (3 or More) (2)"", ""under"": ""501.000""}",2026-05-12T08:14:59.547Z
70906728,2026-05-12 16:45,PFC Cherno More Varna,PFC Lokomotiv Plovdiv,Bulgaria - Parva Liga,Bet365,Multi Scorers,Dias Santos Lucas Ryan (3 or More) (2),,,,,501.000,,,,"{""label"": ""Dias Santos Lucas Ryan (3 or More) (2)"", ""under"": ""501.000""}",2026-05-12T08:14:59.547Z
70906728,2026-05-12 16:45,PFC Cherno More Varna,PFC Lokomotiv Plovdiv,Bulgaria - Parva Liga,Bet365,Multi Scorers,Emanuil Nyagolov (3 or More) (1),,,,,501.000,,,,"{""label"": ""Emanuil Nyagolov (3 or More) (1)"", ""under"": ""501.000""}",2026-05-12T08:14:59.547Z
70906728,2026-05-12 16:45,PFC Cherno More Varna,PFC Lokomotiv Plovdiv,Bulgaria - Parva Liga,Bet365,Multi Scorers,Georgi Ventsislavov (3 or More) (1),,,,,501.000,,,,"{""label"": ""Georgi Ventsislavov (3 or More) (1)"", ""under"": ""501.000""}",2026-05-12T08:14:59.547Z
70906728,2026-05-12 16:45,PFC Cherno More Varna,PFC Lokomotiv Plovdiv,Bulgaria - Parva Liga,Bet365,Multi Scorers,Joao Vitor Bandaro (3 or More) (1),,,,,501.000,,,,"{""label"": ""Joao Vitor Bandaro (3 or More) (1)"", ""under"": ""501.000""}",2026-05-12T08:14:59.547Z
70906728,2026-05-12 16:45,PFC Cherno More Varna,PFC Lokomotiv Plovdiv,Bulgaria - Parva Liga,Bet365,Multi Scorers,Martin Atanasov (3 or More) (2),,,,,501.000,,,,"{""label"": ""Martin Atanasov (3 or More) (2)"", ""under"": ""501.000""}",2026-05-12T08:14:59.547Z
70906728,2026-05-12 16:45,PFC Cherno More Varna,PFC Lokomotiv Plovdiv,Bulgaria - Parva Liga,Bet365,Multi Scorers,Mert Salim (3 or More) (2),,,,,501.000,,,,"{""label"": ""Mert Salim (3 or More) (2)"", ""under"": ""501.000""}",2026-05-12T08:14:59.547Z
70906728,2026-05-12 16:45,PFC Cherno More Varna,PFC Lokomotiv Plovdiv,Bulgaria - Parva Liga,Bet365,Multi Scorers,Plamen Petrov (3 or More) (2),,,,,501.000,,,,"{""label"": ""Plamen Petrov (3 or More) (2)"", ""under"": ""501.000""}",2026-05-12T08:14:59.547Z
70906728,2026-05-12 16:45,PFC Cherno More Varna,PFC Lokomotiv Plovdiv,Bulgaria - Parva Liga,Bet365,Multi Scorers,Tsvetomir Panov (3 or More) (1),,,,,501.000,,,,"{""label"": ""Tsvetomir Panov (3 or More) (1)"", ""under"": ""501.000""}",2026-05-12T08:14:59.547Z
70906728,2026-05-12 16:45,PFC Cherno More Varna,PFC Lokomotiv Plovdiv,Bulgaria - Parva Liga,Bet365,Multi Scorers,Vlatko Drobarov (3 or More) (1),,,,,501.000,,,,"{""label"": ""Vlatko Drobarov (3 or More) (1)"", ""under"": ""501.000""}",2026-05-12T08:14:59.547Z
70906728,2026-05-12 16:45,PFC Cherno More Varna,PFC Lokomotiv Plovdiv,Bulgaria - Parva Liga,Bet365,Multi Scorers,Adrian Cova (3 or More) (2),,,,,501.000,,,,"{""label"": ""Adrian Cova (3 or More) (2)"", ""under"": ""501.000""}",2026-05-12T08:14:59.547Z
70906728,2026-05-12 16:45,PFC Cherno More Varna,PFC Lokomotiv Plovdiv,Bulgaria - Parva Liga,Bet365,Multi Scorers,Efe Ali (3 or More) (2),,,,,501.000,,,,"{""label"": ""Efe Ali (3 or More) (2)"", ""under"": ""501.000""}",2026-05-12T08:14:59.547Z
70906728,2026-05-12 16:45,PFC Cherno More Varna,PFC Lokomotiv Plovdiv,Bulgaria - Parva Liga,Bet365,Multi Scorers,Nikolay Nikolaev (3 or More) (2),,,,,501.000,,,,"{""label"": ""Nikolay Nikolaev (3 or More) (2)"", ""under"": ""501.000""}",2026-05-12T08:14:59.547Z
70906728,2026-05-12 16:45,PFC Cherno More Varna,PFC Lokomotiv Plovdiv,Bulgaria - Parva Liga,Bet365,Multi Scorers,Rosen Stefanov (3 or More) (1),,,,,501.000,,,,"{""label"": ""Rosen Stefanov (3 or More) (1)"", ""under"": ""501.000""}",2026-05-12T08:14:59.547Z
70906728,2026-05-12 16:45,PFC Cherno More Varna,PFC Lokomotiv Plovdiv,Bulgaria - Parva Liga,Bet365,Multi Scorers,Zhivko Atanasov (3 or More) (1),,,,,501.000,,,,"{""label"": ""Zhivko Atanasov (3 or More) (1)"", ""under"": ""501.000""}",2026-05-12T08:14:59.547Z
70906728,2026-05-12 16:45,PFC Cherno More Varna,PFC Lokomotiv Plovdiv,Bulgaria - Parva Liga,Bet365,Multi Scorers,Andrei Chindris (3 or More) (2),,,,,501.000,,,,"{""label"": ""Andrei Chindris (3 or More) (2)"", ""under"": ""501.000""}",2026-05-12T08:14:59.547Z
70906728,2026-05-12 16:45,PFC Cherno More Varna,PFC Lokomotiv Plovdiv,Bulgaria - Parva Liga,Bet365,Multi Scorers,Lucas Ryan (3 or More) (2),,,,,501.000,,,,"{""label"": ""Lucas Ryan (3 or More) (2)"", ""under"": ""501.000""}",2026-05-12T08:14:59.547Z
70906728,2026-05-12 16:45,PFC Cherno More Varna,PFC Lokomotiv Plovdiv,Bulgaria - Parva Liga,Bet365,Multi Scorers,Martin Ruskov (3 or More) (2),,,,,501.000,,,,"{""label"": ""Martin Ruskov (3 or More) (2)"", ""under"": ""501.000""}",2026-05-12T08:14:59.547Z
70906728,2026-05-12 16:45,PFC Cherno More Varna,PFC Lokomotiv Plovdiv,Bulgaria - Parva Liga,Bet365,Multi Scorers,Todor Pavlov (3 or More) (2),,,,,501.000,,,,"{""label"": ""Todor Pavlov (3 or More) (2)"", ""under"": ""501.000""}",2026-05-12T08:14:59.547Z
70906728,2026-05-12 16:45,PFC Cherno More Varna,PFC Lokomotiv Plovdiv,Bulgaria - Parva Liga,Bet365,Multi Scorers,Kaloyan Kostov (2 or More) (2),,,,,201.000,,,,"{""label"": ""Kaloyan Kostov (2 or More) (2)"", ""under"": ""201.000""}",2026-05-12T08:14:59.547Z
70906728,2026-05-12 16:45,PFC Cherno More Varna,PFC Lokomotiv Plovdiv,Bulgaria - Parva Liga,Bet365,Multi Scorers,Dimitar Iliev (3 or More) (2),,,,,126.000,,,,"{""label"": ""Dimitar Iliev (3 or More) (2)"", ""under"": ""126.000""}",2026-05-12T08:14:59.547Z
70906728,2026-05-12 16:45,PFC Cherno More Varna,PFC Lokomotiv Plovdiv,Bulgaria - Parva Liga,Bet365,Multi Scorers,Kaloyan Kostov (3 or More) (2),,,,,501.000,,,,"{""label"": ""Kaloyan Kostov (3 or More) (2)"", ""under"": ""501.000""}",2026-05-12T08:14:59.547Z
70906728,2026-05-12 16:45,PFC Cherno More Varna,PFC Lokomotiv Plovdiv,Bulgaria - Parva Liga,Bet365,Alternative Goal Line,,,,,1.110,6.600,,,0.75,"{""hdp"": 0.75, ""over"": ""1.110"", ""under"": ""6.600""}",2026-05-12T09:16:06.342Z
70906728,2026-05-12 16:45,PFC Cherno More Varna,PFC Lokomotiv Plovdiv,Bulgaria - Parva Liga,Bet365,Alternative Goal Line,,,,,1.130,5.900,,,1,"{""hdp"": 1, ""over"": ""1.130"", ""under"": ""5.900""}",2026-05-12T09:16:06.342Z
70906728,2026-05-12 16:45,PFC Cherno More Varna,PFC Lokomotiv Plovdiv,Bulgaria - Parva Liga,Bet365,Alternative Goal Line,,,,,1.275,3.550,,,1.25,"{""hdp"": 1.25, ""over"": ""1.275"", ""under"": ""3.550""}",2026-05-12T09:16:06.342Z
70906728,2026-05-12 16:45,PFC Cherno More Varna,PFC Lokomotiv Plovdiv,Bulgaria - Parva Liga,Bet365,Alternative Goal Line,,,,,1.425,2.750,,,1.5,"{""hdp"": 1.5, ""over"": ""1.425"", ""under"": ""2.750""}",2026-05-12T09:16:06.342Z
70906728,2026-05-12 16:45,PFC Cherno More Varna,PFC Lokomotiv Plovdiv,Bulgaria - Parva Liga,Bet365,Alternative Goal Line,,,,,1.550,2.375,,,1.75,"{""hdp"": 1.75, ""over"": ""1.550"", ""under"": ""2.375""}",2026-05-12T09:16:06.342Z
70906728,2026-05-12 16:45,PFC Cherno More Varna,PFC Lokomotiv Plovdiv,Bulgaria - Parva Liga,Bet365,Alternative Goal Line,,,,,2.050,1.750,,,2.25,"{""hdp"": 2.25, ""over"": ""2.050"", ""under"": ""1.750""}",2026-05-12T09:16:06.342Z
70906728,2026-05-12 16:45,PFC Cherno More Varna,PFC Lokomotiv Plovdiv,Bulgaria - Parva Liga,Bet365,Alternative Goal Line,,,,,2.350,1.575,,,2.5,"{""hdp"": 2.5, ""over"": ""2.350"", ""under"": ""1.575""}",2026-05-12T09:16:06.342Z
70906728,2026-05-12 16:45,PFC Cherno More Varna,PFC Lokomotiv Plovdiv,Bulgaria - Parva Liga,Bet365,Alternative Goal Line,,,,,2.750,1.425,,,2.75,"{""hdp"": 2.75, ""over"": ""2.750"", ""under"": ""1.425""}",2026-05-12T09:16:06.342Z
70906728,2026-05-12 16:45,PFC Cherno More Varna,PFC Lokomotiv Plovdiv,Bulgaria - Parva Liga,Bet365,Alternative Goal Line,,,,,3.550,1.275,,,3,"{""hdp"": 3, ""over"": ""3.550"", ""under"": ""1.275""}",2026-05-12T09:16:06.342Z
70906728,2026-05-12 16:45,PFC Cherno More Varna,PFC Lokomotiv Plovdiv,Bulgaria - Parva Liga,Bet365,Alternative Goal Line,,,,,4.000,1.230,,,3.25,"{""hdp"": 3.25, ""over"": ""4.000"", ""under"": ""1.230""}",2026-05-12T09:16:06.342Z
70906728,2026-05-12 16:45,PFC Cherno More Varna,PFC Lokomotiv Plovdiv,Bulgaria - Parva Liga,Bet365,Alternative Goal Line,,,,,4.400,1.200,,,3.5,"{""hdp"": 3.5, ""over"": ""4.400"", ""under"": ""1.200""}",2026-05-12T09:16:06.342Z
70906728,2026-05-12 16:45,PFC Cherno More Varna,PFC Lokomotiv Plovdiv,Bulgaria - Parva Liga,Bet365,Alternative Goal Line,,,,,5.750,1.140,,,3.75,"{""hdp"": 3.75, ""over"": ""5.750"", ""under"": ""1.140""}",2026-05-12T09:16:06.342Z
70906728,2026-05-12 16:45,PFC Cherno More Varna,PFC Lokomotiv Plovdiv,Bulgaria - Parva Liga,Bet365,Team Total Goals Home,,,,,1.250,3.750,,,0.5,"{""hdp"": 0.5, ""over"": ""1.250"", ""under"": ""3.750""}",2026-05-12T09:14:08.844Z
70906728,2026-05-12 16:45,PFC Cherno More Varna,PFC Lokomotiv Plovdiv,Bulgaria - Parva Liga,Bet365,Team Total Goals Home,,,,,2.200,1.615,,,1.5,"{""hdp"": 1.5, ""over"": ""2.200"", ""under"": ""1.615""}",2026-05-12T09:14:08.844Z
70906728,2026-05-12 16:45,PFC Cherno More Varna,PFC Lokomotiv Plovdiv,Bulgaria - Parva Liga,Bet365,Team Total Goals Home,,,,,5.000,1.166,,,2.5,"{""hdp"": 2.5, ""over"": ""5.000"", ""under"": ""1.166""}",2026-05-12T09:14:08.844Z
70906728,2026-05-12 16:45,PFC Cherno More Varna,PFC Lokomotiv Plovdiv,Bulgaria - Parva Liga,Bet365,Team Total Goals Home,,,,,15.000,1.030,,,3.5,"{""hdp"": 3.5, ""over"": ""15.000"", ""under"": ""1.030""}",2026-05-12T09:14:08.844Z
70906728,2026-05-12 16:45,PFC Cherno More Varna,PFC Lokomotiv Plovdiv,Bulgaria - Parva Liga,Bet365,Team Total Goals Home,,,,,34.000,1.005,,,4.5,"{""hdp"": 4.5, ""over"": ""34.000"", ""under"": ""1.005""}",2026-05-12T09:14:08.844Z
70906728,2026-05-12 16:45,PFC Cherno More Varna,PFC Lokomotiv Plovdiv,Bulgaria - Parva Liga,Bet365,Both Teams To Score HT,,,,,,,6.000,1.125,,"{""yes"": ""6.000"", ""no"": ""1.125""}",2026-05-12T09:04:43.994Z
70906728,2026-05-12 16:45,PFC Cherno More Varna,PFC Lokomotiv Plovdiv,Bulgaria - Parva Liga,Bet365,Exact Total Goals,1 Goal,,,,,4.000,,,,"{""label"": ""1 Goal"", ""under"": ""4.000""}",2026-05-12T08:58:38.573Z
70906728,2026-05-12 16:45,PFC Cherno More Varna,PFC Lokomotiv Plovdiv,Bulgaria - Parva Liga,Bet365,Exact Total Goals,4 Goals,,,,,7.000,,,,"{""label"": ""4 Goals"", ""under"": ""7.000""}",2026-05-12T08:58:38.573Z
70906728,2026-05-12 16:45,PFC Cherno More Varna,PFC Lokomotiv Plovdiv,Bulgaria - Parva Liga,Bet365,Exact Total Goals,5 Goals,,,,,15.000,,,,"{""label"": ""5 Goals"", ""under"": ""15.000""}",2026-05-12T08:58:38.573Z
70906728,2026-05-12 16:45,PFC Cherno More Varna,PFC Lokomotiv Plovdiv,Bulgaria - Parva Liga,Bet365,Exact Total Goals,0 Goals,,,,,7.000,,,,"{""label"": ""0 Goals"", ""under"": ""7.000""}",2026-05-12T08:58:38.573Z
70906728,2026-05-12 16:45,PFC Cherno More Varna,PFC Lokomotiv Plovdiv,Bulgaria - Parva Liga,Bet365,Exact Total Goals,2 Goals,,,,,3.250,,,,"{""label"": ""2 Goals"", ""under"": ""3.250""}",2026-05-12T08:58:38.573Z
70906728,2026-05-12 16:45,PFC Cherno More Varna,PFC Lokomotiv Plovdiv,Bulgaria - Parva Liga,Bet365,Exact Total Goals,3 Goals,,,,,4.500,,,,"{""label"": ""3 Goals"", ""under"": ""4.500""}",2026-05-12T08:58:38.573Z
70906728,2026-05-12 16:45,PFC Cherno More Varna,PFC Lokomotiv Plovdiv,Bulgaria - Parva Liga,Bet365,Exact Total Goals,6 Goals,,,,,34.000,,,,"{""label"": ""6 Goals"", ""under"": ""34.000""}",2026-05-12T08:58:38.573Z
70906728,2026-05-12 16:45,PFC Cherno More Varna,PFC Lokomotiv Plovdiv,Bulgaria - Parva Liga,Bet365,Exact Total Goals,7+ Goals,,,,,51.000,,,,"{""label"": ""7+ Goals"", ""under"": ""51.000""}",2026-05-12T08:58:38.573Z
70906728,2026-05-12 16:45,PFC Cherno More Varna,PFC Lokomotiv Plovdiv,Bulgaria - Parva Liga,Bet365,Alternative Asian Handicap,,2.850,,1.400,,,,,-1,"{""hdp"": -1, ""home"": ""2.850"", ""away"": ""1.400""}",2026-05-12T10:09:35.343Z
70906728,2026-05-12 16:45,PFC Cherno More Varna,PFC Lokomotiv Plovdiv,Bulgaria - Parva Liga,Bet365,Alternative Asian Handicap,,5.000,,1.170,,,,,-1.75,"{""hdp"": -1.75, ""home"": ""5.000"", ""away"": ""1.170""}",2026-05-12T10:09:35.343Z
70906728,2026-05-12 16:45,PFC Cherno More Varna,PFC Lokomotiv Plovdiv,Bulgaria - Parva Liga,Bet365,Alternative Asian Handicap,,3.800,,1.250,,,,,-1.5,"{""hdp"": -1.5, ""home"": ""3.800"", ""away"": ""1.250""}",2026-05-12T10:09:35.343Z
70906728,2026-05-12 16:45,PFC Cherno More Varna,PFC Lokomotiv Plovdiv,Bulgaria - Parva Liga,Bet365,Alternative Asian Handicap,,3.450,,1.300,,,,,-1.25,"{""hdp"": -1.25, ""home"": ""3.450"", ""away"": ""1.300""}",2026-05-12T10:09:35.343Z
70906728,2026-05-12 16:45,PFC Cherno More Varna,PFC Lokomotiv Plovdiv,Bulgaria - Parva Liga,Bet365,Alternative Asian Handicap,,2.300,,5.500,,,,,-0.75,"{""hdp"": -0.75, ""home"": ""2.300"", ""away"": ""5.500""}",2026-05-12T10:09:35.343Z
70906728,2026-05-12 16:45,PFC Cherno More Varna,PFC Lokomotiv Plovdiv,Bulgaria - Parva Liga,Bet365,Alternative Asian Handicap,,1.675,,3.450,,,,,-0.25,"{""hdp"": -0.25, ""home"": ""1.675"", ""away"": ""3.450""}",2026-05-12T10:09:35.343Z
70906728,2026-05-12 16:45,PFC Cherno More Varna,PFC Lokomotiv Plovdiv,Bulgaria - Parva Liga,Bet365,Alternative Asian Handicap,,1.400,,2.850,,,,,0,"{""hdp"": 0, ""home"": ""1.400"", ""away"": ""2.850""}",2026-05-12T10:09:35.343Z
70906728,2026-05-12 16:45,PFC Cherno More Varna,PFC Lokomotiv Plovdiv,Bulgaria - Parva Liga,Bet365,Alternative Asian Handicap,,1.300,,2.150,,,,,0.25,"{""hdp"": 0.25, ""home"": ""1.300"", ""away"": ""2.150""}",2026-05-12T10:09:35.343Z
70906728,2026-05-12 16:45,PFC Cherno More Varna,PFC Lokomotiv Plovdiv,Bulgaria - Parva Liga,Bet365,Alternative Asian Handicap,,1.240,,3.900,,,,,0.5,"{""hdp"": 0.5, ""home"": ""1.240"", ""away"": ""3.900""}",2026-05-12T10:09:35.343Z
70906728,2026-05-12 16:45,PFC Cherno More Varna,PFC Lokomotiv Plovdiv,Bulgaria - Parva Liga,Bet365,Alternative Asian Handicap,,1.150,,1.600,,,,,0.75,"{""hdp"": 0.75, ""home"": ""1.150"", ""away"": ""1.600""}",2026-05-12T10:09:35.343Z
70906728,2026-05-12 16:45,PFC Cherno More Varna,PFC Lokomotiv Plovdiv,Bulgaria - Parva Liga,Bet365,Specials,To Win From Behind (1),3.500,,,,,,,1,"{""label"": ""To Win From Behind (1)"", ""hdp"": 1, ""home"": ""3.500""}",2026-05-12T08:56:38.994Z
70906728,2026-05-12 16:45,PFC Cherno More Varna,PFC Lokomotiv Plovdiv,Bulgaria - Parva Liga,Bet365,Specials,To Win From Behind (2),,,7.000,,,,,2,"{""label"": ""To Win From Behind (2)"", ""hdp"": 2, ""away"": ""7.000""}",2026-05-12T08:56:38.994Z
70906728,2026-05-12 16:45,PFC Cherno More Varna,PFC Lokomotiv Plovdiv,Bulgaria - Parva Liga,Bet365,Team Goalscorer,Dimitar Iliev (First),,,,5.000,,,,,"{""label"": ""Dimitar Iliev (First)"", ""over"": ""5.000""}",2026-05-12T08:23:31.275Z
70906728,2026-05-12 16:45,PFC Cherno More Varna,PFC Lokomotiv Plovdiv,Bulgaria - Parva Liga,Bet365,Team Goalscorer,Kaloyan Kostov (First),,,,26.000,,,,,"{""label"": ""Kaloyan Kostov (First)"", ""over"": ""26.000""}",2026-05-12T08:23:31.275Z
70906728,2026-05-12 16:45,PFC Cherno More Varna,PFC Lokomotiv Plovdiv,Bulgaria - Parva Liga,Bet365,Team Goalscorer,Dimitar Iliev (Last),,,,5.000,,,,,"{""label"": ""Dimitar Iliev (Last)"", ""over"": ""5.000""}",2026-05-12T08:23:31.275Z
70906728,2026-05-12 16:45,PFC Cherno More Varna,PFC Lokomotiv Plovdiv,Bulgaria - Parva Liga,Bet365,Team Goalscorer,Kaloyan Kostov (Last),,,,26.000,,,,,"{""label"": ""Kaloyan Kostov (Last)"", ""over"": ""26.000""}",2026-05-12T08:23:31.275Z
70906728,2026-05-12 16:45,PFC Cherno More Varna,PFC Lokomotiv Plovdiv,Bulgaria - Parva Liga,Bet365,Team Goalscorer,Kristian Mihaylov (First),,,,3.600,,,,,"{""label"": ""Kristian Mihaylov (First)"", ""over"": ""3.600""}",2026-05-12T08:23:31.275Z
70906728,2026-05-12 16:45,PFC Cherno More Varna,PFC Lokomotiv Plovdiv,Bulgaria - Parva Liga,Bet365,Team Goalscorer,Georgi Lazarov (First),,,,3.600,,,,,"{""label"": ""Georgi Lazarov (First)"", ""over"": ""3.600""}",2026-05-12T08:23:31.275Z
70906728,2026-05-12 16:45,PFC Cherno More Varna,PFC Lokomotiv Plovdiv,Bulgaria - Parva Liga,Bet365,Team Goalscorer,Joao Pedro (First),,,,6.000,,,,,"{""label"": ""Joao Pedro (First)"", ""over"": ""6.000""}",2026-05-12T08:23:31.275Z
70906728,2026-05-12 16:45,PFC Cherno More Varna,PFC Lokomotiv Plovdiv,Bulgaria - Parva Liga,Bet365,Team Goalscorer,Andreas Calcan (First),,,,6.500,,,,,"{""label"": ""Andreas Calcan (First)"", ""over"": ""6.500""}",2026-05-12T08:23:31.275Z
70906728,2026-05-12 16:45,PFC Cherno More Varna,PFC Lokomotiv Plovdiv,Bulgaria - Parva Liga,Bet365,Team Goalscorer,Dimitar Tonev (First),,,,7.000,,,,,"{""label"": ""Dimitar Tonev (First)"", ""over"": ""7.000""}",2026-05-12T08:23:31.275Z
70906728,2026-05-12 16:45,PFC Cherno More Varna,PFC Lokomotiv Plovdiv,Bulgaria - Parva Liga,Bet365,Team Goalscorer,Gustavo Franca (First),,,,8.000,,,,,"{""label"": ""Gustavo Franca (First)"", ""over"": ""8.000""}",2026-05-12T08:23:31.275Z
70906728,2026-05-12 16:45,PFC Cherno More Varna,PFC Lokomotiv Plovdiv,Bulgaria - Parva Liga,Bet365,Team Goalscorer,Asen Chandarov (First),,,,9.000,,,,,"{""label"": ""Asen Chandarov (First)"", ""over"": ""9.000""}",2026-05-12T08:23:31.275Z
70906728,2026-05-12 16:45,PFC Cherno More Varna,PFC Lokomotiv Plovdiv,Bulgaria - Parva Liga,Bet365,Team Goalscorer,David Teles (First),,,,10.000,,,,,"{""label"": ""David Teles (First)"", ""over"": ""10.000""}",2026-05-12T08:23:31.275Z
70906728,2026-05-12 16:45,PFC Cherno More Varna,PFC Lokomotiv Plovdiv,Bulgaria - Parva Liga,Bet365,Team Goalscorer,Nikolay Kostadinov (First),,,,10.000,,,,,"{""label"": ""Nikolay Kostadinov (First)"", ""over"": ""10.000""}",2026-05-12T08:23:31.275Z
70906728,2026-05-12 16:45,PFC Cherno More Varna,PFC Lokomotiv Plovdiv,Bulgaria - Parva Liga,Bet365,Team Goalscorer,Ertan Tombak (First),,,,11.000,,,,,"{""label"": ""Ertan Tombak (First)"", ""over"": ""11.000""}",2026-05-12T08:23:31.275Z
70906728,2026-05-12 16:45,PFC Cherno More Varna,PFC Lokomotiv Plovdiv,Bulgaria - Parva Liga,Bet365,Team Goalscorer,Petar Marinov (First),,,,11.000,,,,,"{""label"": ""Petar Marinov (First)"", ""over"": ""11.000""}",2026-05-12T08:23:31.275Z
70906728,2026-05-12 16:45,PFC Cherno More Varna,PFC Lokomotiv Plovdiv,Bulgaria - Parva Liga,Bet365,Team Goalscorer,Asen Donchev (First),,,,12.000,,,,,"{""label"": ""Asen Donchev (First)"", ""over"": ""12.000""}",2026-05-12T08:23:31.275Z
70906728,2026-05-12 16:45,PFC Cherno More Varna,PFC Lokomotiv Plovdiv,Bulgaria - Parva Liga,Bet365,Team Goalscorer,Vasil Panayotov (First),,,,13.000,,,,,"{""label"": ""Vasil Panayotov (First)"", ""over"": ""13.000""}",2026-05-12T08:23:31.275Z
70906728,2026-05-12 16:45,PFC Cherno More Varna,PFC Lokomotiv Plovdiv,Bulgaria - Parva Liga,Bet365,Team Goalscorer,Rosen Stefanov (First),,,,21.000,,,,,"{""label"": ""Rosen Stefanov (First)"", ""over"": ""21.000""}",2026-05-12T08:23:31.275Z
70906728,2026-05-12 16:45,PFC Cherno More Varna,PFC Lokomotiv Plovdiv,Bulgaria - Parva Liga,Bet365,Team Goalscorer,Zhivko Atanasov (First),,,,26.000,,,,,"{""label"": ""Zhivko Atanasov (First)"", ""over"": ""26.000""}",2026-05-12T08:23:31.275Z
70906728,2026-05-12 16:45,PFC Cherno More Varna,PFC Lokomotiv Plovdiv,Bulgaria - Parva Liga,Bet365,Team Goalscorer,Kristian Mihaylov (Last),,,,3.600,,,,,"{""label"": ""Kristian Mihaylov (Last)"", ""over"": ""3.600""}",2026-05-12T08:23:31.275Z
70906728,2026-05-12 16:45,PFC Cherno More Varna,PFC Lokomotiv Plovdiv,Bulgaria - Parva Liga,Bet365,Team Goalscorer,Georgi Lazarov (Last),,,,3.600,,,,,"{""label"": ""Georgi Lazarov (Last)"", ""over"": ""3.600""}",2026-05-12T08:23:31.275Z
70906728,2026-05-12 16:45,PFC Cherno More Varna,PFC Lokomotiv Plovdiv,Bulgaria - Parva Liga,Bet365,Team Goalscorer,Joao Pedro (Last),,,,6.000,,,,,"{""label"": ""Joao Pedro (Last)"", ""over"": ""6.000""}",2026-05-12T08:23:31.275Z
70906728,2026-05-12 16:45,PFC Cherno More Varna,PFC Lokomotiv Plovdiv,Bulgaria - Parva Liga,Bet365,Team Goalscorer,Andreas Calcan (Last),,,,6.500,,,,,"{""label"": ""Andreas Calcan (Last)"", ""over"": ""6.500""}",2026-05-12T08:23:31.275Z
70906728,2026-05-12 16:45,PFC Cherno More Varna,PFC Lokomotiv Plovdiv,Bulgaria - Parva Liga,Bet365,Team Goalscorer,Dimitar Tonev (Last),,,,7.000,,,,,"{""label"": ""Dimitar Tonev (Last)"", ""over"": ""7.000""}",2026-05-12T08:23:31.275Z
70906728,2026-05-12 16:45,PFC Cherno More Varna,PFC Lokomotiv Plovdiv,Bulgaria - Parva Liga,Bet365,Team Goalscorer,Gustavo Franca (Last),,,,8.000,,,,,"{""label"": ""Gustavo Franca (Last)"", ""over"": ""8.000""}",2026-05-12T08:23:31.275Z
70906728,2026-05-12 16:45,PFC Cherno More Varna,PFC Lokomotiv Plovdiv,Bulgaria - Parva Liga,Bet365,Team Goalscorer,Asen Chandarov (Last),,,,9.000,,,,,"{""label"": ""Asen Chandarov (Last)"", ""over"": ""9.000""}",2026-05-12T08:23:31.275Z
70906728,2026-05-12 16:45,PFC Cherno More Varna,PFC Lokomotiv Plovdiv,Bulgaria - Parva Liga,Bet365,Team Goalscorer,David Teles (Last),,,,10.000,,,,,"{""label"": ""David Teles (Last)"", ""over"": ""10.000""}",2026-05-12T08:23:31.275Z
70906728,2026-05-12 16:45,PFC Cherno More Varna,PFC Lokomotiv Plovdiv,Bulgaria - Parva Liga,Bet365,Team Goalscorer,Nikolay Kostadinov (Last),,,,10.000,,,,,"{""label"": ""Nikolay Kostadinov (Last)"", ""over"": ""10.000""}",2026-05-12T08:23:31.275Z
70906728,2026-05-12 16:45,PFC Cherno More Varna,PFC Lokomotiv Plovdiv,Bulgaria - Parva Liga,Bet365,Team Goalscorer,Ertan Tombak (Last),,,,11.000,,,,,"{""label"": ""Ertan Tombak (Last)"", ""over"": ""11.000""}",2026-05-12T08:23:31.275Z
70906728,2026-05-12 16:45,PFC Cherno More Varna,PFC Lokomotiv Plovdiv,Bulgaria - Parva Liga,Bet365,Team Goalscorer,Petar Marinov (Last),,,,11.000,,,,,"{""label"": ""Petar Marinov (Last)"", ""over"": ""11.000""}",2026-05-12T08:23:31.275Z
70906728,2026-05-12 16:45,PFC Cherno More Varna,PFC Lokomotiv Plovdiv,Bulgaria - Parva Liga,Bet365,Team Goalscorer,Asen Donchev (Last),,,,12.000,,,,,"{""label"": ""Asen Donchev (Last)"", ""over"": ""12.000""}",2026-05-12T08:23:31.275Z
70906728,2026-05-12 16:45,PFC Cherno More Varna,PFC Lokomotiv Plovdiv,Bulgaria - Parva Liga,Bet365,Team Goalscorer,Vasil Panayotov (Last),,,,13.000,,,,,"{""label"": ""Vasil Panayotov (Last)"", ""over"": ""13.000""}",2026-05-12T08:23:31.275Z
70906728,2026-05-12 16:45,PFC Cherno More Varna,PFC Lokomotiv Plovdiv,Bulgaria - Parva Liga,Bet365,Team Goalscorer,Rosen Stefanov (Last),,,,21.000,,,,,"{""label"": ""Rosen Stefanov (Last)"", ""over"": ""21.000""}",2026-05-12T08:23:31.275Z
70906728,2026-05-12 16:45,PFC Cherno More Varna,PFC Lokomotiv Plovdiv,Bulgaria - Parva Liga,Bet365,Team Goalscorer,Zhivko Atanasov (Last),,,,26.000,,,,,"{""label"": ""Zhivko Atanasov (Last)"", ""over"": ""26.000""}",2026-05-12T08:23:31.275Z
70906728,2026-05-12 16:45,PFC Cherno More Varna,PFC Lokomotiv Plovdiv,Bulgaria - Parva Liga,Bet365,Team Goalscorer,Mariyan Vangelov (First),,,,5.000,,,,,"{""label"": ""Mariyan Vangelov (First)"", ""over"": ""5.000""}",2026-05-12T08:23:31.275Z
70906728,2026-05-12 16:45,PFC Cherno More Varna,PFC Lokomotiv Plovdiv,Bulgaria - Parva Liga,Bet365,Team Goalscorer,Joel Zwarts (First),,,,5.000,,,,,"{""label"": ""Joel Zwarts (First)"", ""over"": ""5.000""}",2026-05-12T08:23:31.275Z
70906728,2026-05-12 16:45,PFC Cherno More Varna,PFC Lokomotiv Plovdiv,Bulgaria - Parva Liga,Bet365,Team Goalscorer,Axel Velev (First),,,,5.500,,,,,"{""label"": ""Axel Velev (First)"", ""over"": ""5.500""}",2026-05-12T08:23:31.275Z
70906728,2026-05-12 16:45,PFC Cherno More Varna,PFC Lokomotiv Plovdiv,Bulgaria - Parva Liga,Bet365,Team Goalscorer,Georgi Chorbadzhiyski (First),,,,7.000,,,,,"{""label"": ""Georgi Chorbadzhiyski (First)"", ""over"": ""7.000""}",2026-05-12T08:23:31.275Z
70906728,2026-05-12 16:45,PFC Cherno More Varna,PFC Lokomotiv Plovdiv,Bulgaria - Parva Liga,Bet365,Team Goalscorer,Sevi Idriz (First),,,,8.500,,,,,"{""label"": ""Sevi Idriz (First)"", ""over"": ""8.500""}",2026-05-12T08:23:31.275Z
70906728,2026-05-12 16:45,PFC Cherno More Varna,PFC Lokomotiv Plovdiv,Bulgaria - Parva Liga,Bet365,Team Goalscorer,Zapro Dinev (First),,,,8.500,,,,,"{""label"": ""Zapro Dinev (First)"", ""over"": ""8.500""}",2026-05-12T08:23:31.275Z
70906728,2026-05-12 16:45,PFC Cherno More Varna,PFC Lokomotiv Plovdiv,Bulgaria - Parva Liga,Bet365,Team Goalscorer,Aleksandar Aleksandrov Aleksandrov (First),,,,9.000,,,,,"{""label"": ""Aleksandar Aleksandrov Aleksandrov (First)"", ""over"": ""9.000""}",2026-05-12T08:23:31.275Z
70906728,2026-05-12 16:45,PFC Cherno More Varna,PFC Lokomotiv Plovdiv,Bulgaria - Parva Liga,Bet365,Team Goalscorer,Miha Trdan (First),,,,12.000,,,,,"{""label"": ""Miha Trdan (First)"", ""over"": ""12.000""}",2026-05-12T08:23:31.275Z
70906728,2026-05-12 16:45,PFC Cherno More Varna,PFC Lokomotiv Plovdiv,Bulgaria - Parva Liga,Bet365,Team Goalscorer,Ivaylo Ivanov (First),,,,12.000,,,,,"{""label"": ""Ivaylo Ivanov (First)"", ""over"": ""12.000""}",2026-05-12T08:23:31.275Z
70906728,2026-05-12 16:45,PFC Cherno More Varna,PFC Lokomotiv Plovdiv,Bulgaria - Parva Liga,Bet365,Team Goalscorer,Denis Kirashki (First),,,,15.000,,,,,"{""label"": ""Denis Kirashki (First)"", ""over"": ""15.000""}",2026-05-12T08:23:31.275Z
70906728,2026-05-12 16:45,PFC Cherno More Varna,PFC Lokomotiv Plovdiv,Bulgaria - Parva Liga,Bet365,Team Goalscorer,Efe Ali (First),,,,23.000,,,,,"{""label"": ""Efe Ali (First)"", ""over"": ""23.000""}",2026-05-12T08:23:31.275Z
70906728,2026-05-12 16:45,PFC Cherno More Varna,PFC Lokomotiv Plovdiv,Bulgaria - Parva Liga,Bet365,Team Goalscorer,Nikolay Nikolaev (First),,,,23.000,,,,,"{""label"": ""Nikolay Nikolaev (First)"", ""over"": ""23.000""}",2026-05-12T08:23:31.275Z
70906728,2026-05-12 16:45,PFC Cherno More Varna,PFC Lokomotiv Plovdiv,Bulgaria - Parva Liga,Bet365,Team Goalscorer,Adrian Cova (First),,,,23.000,,,,,"{""label"": ""Adrian Cova (First)"", ""over"": ""23.000""}",2026-05-12T08:23:31.275Z
70906728,2026-05-12 16:45,PFC Cherno More Varna,PFC Lokomotiv Plovdiv,Bulgaria - Parva Liga,Bet365,Team Goalscorer,Lucas Ryan (First),,,,26.000,,,,,"{""label"": ""Lucas Ryan (First)"", ""over"": ""26.000""}",2026-05-12T08:23:31.275Z
70906728,2026-05-12 16:45,PFC Cherno More Varna,PFC Lokomotiv Plovdiv,Bulgaria - Parva Liga,Bet365,Team Goalscorer,Martin Ruskov (First),,,,26.000,,,,,"{""label"": ""Martin Ruskov (First)"", ""over"": ""26.000""}",2026-05-12T08:23:31.275Z
70906728,2026-05-12 16:45,PFC Cherno More Varna,PFC Lokomotiv Plovdiv,Bulgaria - Parva Liga,Bet365,Team Goalscorer,Todor Pavlov (First),,,,26.000,,,,,"{""label"": ""Todor Pavlov (First)"", ""over"": ""26.000""}",2026-05-12T08:23:31.275Z
70906728,2026-05-12 16:45,PFC Cherno More Varna,PFC Lokomotiv Plovdiv,Bulgaria - Parva Liga,Bet365,Team Goalscorer,Andrei Chindris (First),,,,26.000,,,,,"{""label"": ""Andrei Chindris (First)"", ""over"": ""26.000""}",2026-05-12T08:23:31.275Z
70906728,2026-05-12 16:45,PFC Cherno More Varna,PFC Lokomotiv Plovdiv,Bulgaria - Parva Liga,Bet365,Team Goalscorer,Mariyan Vangelov (Last),,,,5.000,,,,,"{""label"": ""Mariyan Vangelov (Last)"", ""over"": ""5.000""}",2026-05-12T08:23:31.275Z
70906728,2026-05-12 16:45,PFC Cherno More Varna,PFC Lokomotiv Plovdiv,Bulgaria - Parva Liga,Bet365,Team Goalscorer,Joel Zwarts (Last),,,,5.000,,,,,"{""label"": ""Joel Zwarts (Last)"", ""over"": ""5.000""}",2026-05-12T08:23:31.275Z
70906728,2026-05-12 16:45,PFC Cherno More Varna,PFC Lokomotiv Plovdiv,Bulgaria - Parva Liga,Bet365,Team Goalscorer,Axel Velev (Last),,,,5.500,,,,,"{""label"": ""Axel Velev (Last)"", ""over"": ""5.500""}",2026-05-12T08:23:31.275Z
70906728,2026-05-12 16:45,PFC Cherno More Varna,PFC Lokomotiv Plovdiv,Bulgaria - Parva Liga,Bet365,Team Goalscorer,Georgi Chorbadzhiyski (Last),,,,7.000,,,,,"{""label"": ""Georgi Chorbadzhiyski (Last)"", ""over"": ""7.000""}",2026-05-12T08:23:31.275Z
70906728,2026-05-12 16:45,PFC Cherno More Varna,PFC Lokomotiv Plovdiv,Bulgaria - Parva Liga,Bet365,Team Goalscorer,Sevi Idriz (Last),,,,8.500,,,,,"{""label"": ""Sevi Idriz (Last)"", ""over"": ""8.500""}",2026-05-12T08:23:31.275Z
70906728,2026-05-12 16:45,PFC Cherno More Varna,PFC Lokomotiv Plovdiv,Bulgaria - Parva Liga,Bet365,Team Goalscorer,Zapro Dinev (Last),,,,8.500,,,,,"{""label"": ""Zapro Dinev (Last)"", ""over"": ""8.500""}",2026-05-12T08:23:31.275Z
70906728,2026-05-12 16:45,PFC Cherno More Varna,PFC Lokomotiv Plovdiv,Bulgaria - Parva Liga,Bet365,Team Goalscorer,Aleksandar Aleksandrov Aleksandrov (Last),,,,9.000,,,,,"{""label"": ""Aleksandar Aleksandrov Aleksandrov (Last)"", ""over"": ""9.000""}",2026-05-12T08:23:31.275Z
70906728,2026-05-12 16:45,PFC Cherno More Varna,PFC Lokomotiv Plovdiv,Bulgaria - Parva Liga,Bet365,Team Goalscorer,Miha Trdan (Last),,,,12.000,,,,,"{""label"": ""Miha Trdan (Last)"", ""over"": ""12.000""}",2026-05-12T08:23:31.275Z
70906728,2026-05-12 16:45,PFC Cherno More Varna,PFC Lokomotiv Plovdiv,Bulgaria - Parva Liga,Bet365,Team Goalscorer,Ivaylo Ivanov (Last),,,,12.000,,,,,"{""label"": ""Ivaylo Ivanov (Last)"", ""over"": ""12.000""}",2026-05-12T08:23:31.275Z
70906728,2026-05-12 16:45,PFC Cherno More Varna,PFC Lokomotiv Plovdiv,Bulgaria - Parva Liga,Bet365,Team Goalscorer,Denis Kirashki (Last),,,,15.000,,,,,"{""label"": ""Denis Kirashki (Last)"", ""over"": ""15.000""}",2026-05-12T08:23:31.275Z
70906728,2026-05-12 16:45,PFC Cherno More Varna,PFC Lokomotiv Plovdiv,Bulgaria - Parva Liga,Bet365,Team Goalscorer,Efe Ali (Last),,,,23.000,,,,,"{""label"": ""Efe Ali (Last)"", ""over"": ""23.000""}",2026-05-12T08:23:31.275Z
70906728,2026-05-12 16:45,PFC Cherno More Varna,PFC Lokomotiv Plovdiv,Bulgaria - Parva Liga,Bet365,Team Goalscorer,Nikolay Nikolaev (Last),,,,23.000,,,,,"{""label"": ""Nikolay Nikolaev (Last)"", ""over"": ""23.000""}",2026-05-12T08:23:31.275Z
70906728,2026-05-12 16:45,PFC Cherno More Varna,PFC Lokomotiv Plovdiv,Bulgaria - Parva Liga,Bet365,Team Goalscorer,Adrian Cova (Last),,,,23.000,,,,,"{""label"": ""Adrian Cova (Last)"", ""over"": ""23.000""}",2026-05-12T08:23:31.275Z
70906728,2026-05-12 16:45,PFC Cherno More Varna,PFC Lokomotiv Plovdiv,Bulgaria - Parva Liga,Bet365,Team Goalscorer,Lucas Ryan (Last),,,,26.000,,,,,"{""label"": ""Lucas Ryan (Last)"", ""over"": ""26.000""}",2026-05-12T08:23:31.275Z
70906728,2026-05-12 16:45,PFC Cherno More Varna,PFC Lokomotiv Plovdiv,Bulgaria - Parva Liga,Bet365,Team Goalscorer,Martin Ruskov (Last),,,,26.000,,,,,"{""label"": ""Martin Ruskov (Last)"", ""over"": ""26.000""}",2026-05-12T08:23:31.275Z
70906728,2026-05-12 16:45,PFC Cherno More Varna,PFC Lokomotiv Plovdiv,Bulgaria - Parva Liga,Bet365,Team Goalscorer,Todor Pavlov (Last),,,,26.000,,,,,"{""label"": ""Todor Pavlov (Last)"", ""over"": ""26.000""}",2026-05-12T08:23:31.275Z
70906728,2026-05-12 16:45,PFC Cherno More Varna,PFC Lokomotiv Plovdiv,Bulgaria - Parva Liga,Bet365,Team Goalscorer,Andrei Chindris (Last),,,,26.000,,,,,"{""label"": ""Andrei Chindris (Last)"", ""over"": ""26.000""}",2026-05-12T08:23:31.275Z
70906728,2026-05-12 16:45,PFC Cherno More Varna,PFC Lokomotiv Plovdiv,Bulgaria - Parva Liga,Bet365,Team Goalscorer,Celso Sidnei (First),,,,4.000,,,,,"{""label"": ""Celso Sidnei (First)"", ""over"": ""4.000""}",2026-05-12T08:23:31.275Z
70906728,2026-05-12 16:45,PFC Cherno More Varna,PFC Lokomotiv Plovdiv,Bulgaria - Parva Liga,Bet365,Team Goalscorer,Jorge Padilla (First),,,,4.000,,,,,"{""label"": ""Jorge Padilla (First)"", ""over"": ""4.000""}",2026-05-12T08:23:31.275Z
70906728,2026-05-12 16:45,PFC Cherno More Varna,PFC Lokomotiv Plovdiv,Bulgaria - Parva Liga,Bet365,Team Goalscorer,Weslen Junior (First),,,,4.500,,,,,"{""label"": ""Weslen Junior (First)"", ""over"": ""4.500""}",2026-05-12T08:23:31.275Z
70906728,2026-05-12 16:45,PFC Cherno More Varna,PFC Lokomotiv Plovdiv,Bulgaria - Parva Liga,Bet365,Team Goalscorer,Paolo Paskov (First),,,,4.500,,,,,"{""label"": ""Paolo Paskov (First)"", ""over"": ""4.500""}",2026-05-12T08:23:31.275Z
70906728,2026-05-12 16:45,PFC Cherno More Varna,PFC Lokomotiv Plovdiv,Bulgaria - Parva Liga,Bet365,Team Goalscorer,Berk Beyhan (First),,,,4.500,,,,,"{""label"": ""Berk Beyhan (First)"", ""over"": ""4.500""}",2026-05-12T08:23:31.275Z
70906728,2026-05-12 16:45,PFC Cherno More Varna,PFC Lokomotiv Plovdiv,Bulgaria - Parva Liga,Bet365,Team Goalscorer,Nikolay Zlatev (First),,,,5.000,,,,,"{""label"": ""Nikolay Zlatev (First)"", ""over"": ""5.000""}",2026-05-12T08:23:31.275Z
70906728,2026-05-12 16:45,PFC Cherno More Varna,PFC Lokomotiv Plovdiv,Bulgaria - Parva Liga,Bet365,Team Goalscorer,Dani Martin (First),,,,19.000,,,,,"{""label"": ""Dani Martin (First)"", ""over"": ""19.000""}",2026-05-12T08:23:31.275Z
70906728,2026-05-12 16:45,PFC Cherno More Varna,PFC Lokomotiv Plovdiv,Bulgaria - Parva Liga,Bet365,Team Goalscorer,Joao Vitor Bandaro (First),,,,19.000,,,,,"{""label"": ""Joao Vitor Bandaro (First)"", ""over"": ""19.000""}",2026-05-12T08:23:31.275Z
70906728,2026-05-12 16:45,PFC Cherno More Varna,PFC Lokomotiv Plovdiv,Bulgaria - Parva Liga,Bet365,Team Goalscorer,Georgi Ventsislavov (First),,,,19.000,,,,,"{""label"": ""Georgi Ventsislavov (First)"", ""over"": ""19.000""}",2026-05-12T08:23:31.275Z
70906728,2026-05-12 16:45,PFC Cherno More Varna,PFC Lokomotiv Plovdiv,Bulgaria - Parva Liga,Bet365,Team Goalscorer,Emanuil Nyagolov (First),,,,19.000,,,,,"{""label"": ""Emanuil Nyagolov (First)"", ""over"": ""19.000""}",2026-05-12T08:23:31.275Z
70906728,2026-05-12 16:45,PFC Cherno More Varna,PFC Lokomotiv Plovdiv,Bulgaria - Parva Liga,Bet365,Team Goalscorer,Tsvetomir Panov (First),,,,19.000,,,,,"{""label"": ""Tsvetomir Panov (First)"", ""over"": ""19.000""}",2026-05-12T08:23:31.275Z
70906728,2026-05-12 16:45,PFC Cherno More Varna,PFC Lokomotiv Plovdiv,Bulgaria - Parva Liga,Bet365,Team Goalscorer,Vlatko Drobarov (First),,,,19.000,,,,,"{""label"": ""Vlatko Drobarov (First)"", ""over"": ""19.000""}",2026-05-12T08:23:31.275Z
70906728,2026-05-12 16:45,PFC Cherno More Varna,PFC Lokomotiv Plovdiv,Bulgaria - Parva Liga,Bet365,Team Goalscorer,No Goalscorer (Cherno More Varna) (First),,,,3.750,,,,,"{""label"": ""No Goalscorer (Cherno More Varna) (First)"", ""over"": ""3.750""}",2026-05-12T08:23:31.275Z
70906728,2026-05-12 16:45,PFC Cherno More Varna,PFC Lokomotiv Plovdiv,Bulgaria - Parva Liga,Bet365,Team Goalscorer,Celso Sidnei (Last),,,,4.000,,,,,"{""label"": ""Celso Sidnei (Last)"", ""over"": ""4.000""}",2026-05-12T08:23:31.275Z
70906728,2026-05-12 16:45,PFC Cherno More Varna,PFC Lokomotiv Plovdiv,Bulgaria - Parva Liga,Bet365,Team Goalscorer,Jorge Padilla (Last),,,,4.000,,,,,"{""label"": ""Jorge Padilla (Last)"", ""over"": ""4.000""}",2026-05-12T08:23:31.275Z
70906728,2026-05-12 16:45,PFC Cherno More Varna,PFC Lokomotiv Plovdiv,Bulgaria - Parva Liga,Bet365,Team Goalscorer,Weslen Junior (Last),,,,4.500,,,,,"{""label"": ""Weslen Junior (Last)"", ""over"": ""4.500""}",2026-05-12T08:23:31.275Z
70906728,2026-05-12 16:45,PFC Cherno More Varna,PFC Lokomotiv Plovdiv,Bulgaria - Parva Liga,Bet365,Team Goalscorer,Paolo Paskov (Last),,,,4.500,,,,,"{""label"": ""Paolo Paskov (Last)"", ""over"": ""4.500""}",2026-05-12T08:23:31.275Z
70906728,2026-05-12 16:45,PFC Cherno More Varna,PFC Lokomotiv Plovdiv,Bulgaria - Parva Liga,Bet365,Team Goalscorer,Berk Beyhan (Last),,,,4.500,,,,,"{""label"": ""Berk Beyhan (Last)"", ""over"": ""4.500""}",2026-05-12T08:23:31.275Z
70906728,2026-05-12 16:45,PFC Cherno More Varna,PFC Lokomotiv Plovdiv,Bulgaria - Parva Liga,Bet365,Team Goalscorer,Nikolay Zlatev (Last),,,,5.000,,,,,"{""label"": ""Nikolay Zlatev (Last)"", ""over"": ""5.000""}",2026-05-12T08:23:31.275Z
70906728,2026-05-12 16:45,PFC Cherno More Varna,PFC Lokomotiv Plovdiv,Bulgaria - Parva Liga,Bet365,Team Goalscorer,Dani Martin (Last),,,,19.000,,,,,"{""label"": ""Dani Martin (Last)"", ""over"": ""19.000""}",2026-05-12T08:23:31.275Z
70906728,2026-05-12 16:45,PFC Cherno More Varna,PFC Lokomotiv Plovdiv,Bulgaria - Parva Liga,Bet365,Team Goalscorer,Joao Vitor Bandaro (Last),,,,19.000,,,,,"{""label"": ""Joao Vitor Bandaro (Last)"", ""over"": ""19.000""}",2026-05-12T08:23:31.275Z
70906728,2026-05-12 16:45,PFC Cherno More Varna,PFC Lokomotiv Plovdiv,Bulgaria - Parva Liga,Bet365,Team Goalscorer,Georgi Ventsislavov (Last),,,,19.000,,,,,"{""label"": ""Georgi Ventsislavov (Last)"", ""over"": ""19.000""}",2026-05-12T08:23:31.275Z
70906728,2026-05-12 16:45,PFC Cherno More Varna,PFC Lokomotiv Plovdiv,Bulgaria - Parva Liga,Bet365,Team Goalscorer,Emanuil Nyagolov (Last),,,,19.000,,,,,"{""label"": ""Emanuil Nyagolov (Last)"", ""over"": ""19.000""}",2026-05-12T08:23:31.275Z
70906728,2026-05-12 16:45,PFC Cherno More Varna,PFC Lokomotiv Plovdiv,Bulgaria - Parva Liga,Bet365,Team Goalscorer,Tsvetomir Panov (Last),,,,19.000,,,,,"{""label"": ""Tsvetomir Panov (Last)"", ""over"": ""19.000""}",2026-05-12T08:23:31.275Z
70906728,2026-05-12 16:45,PFC Cherno More Varna,PFC Lokomotiv Plovdiv,Bulgaria - Parva Liga,Bet365,Team Goalscorer,Vlatko Drobarov (Last),,,,19.000,,,,,"{""label"": ""Vlatko Drobarov (Last)"", ""over"": ""19.000""}",2026-05-12T08:23:31.275Z
70906728,2026-05-12 16:45,PFC Cherno More Varna,PFC Lokomotiv Plovdiv,Bulgaria - Parva Liga,Bet365,Team Goalscorer,No Goalscorer (Cherno More Varna) (Last),,,,3.750,,,,,"{""label"": ""No Goalscorer (Cherno More Varna) (Last)"", ""over"": ""3.750""}",2026-05-12T08:23:31.275Z
70906728,2026-05-12 16:45,PFC Cherno More Varna,PFC Lokomotiv Plovdiv,Bulgaria - Parva Liga,Bet365,Team Goalscorer,Francisco Politino (First),,,,6.000,,,,,"{""label"": ""Francisco Politino (First)"", ""over"": ""6.000""}",2026-05-12T08:23:31.275Z
70906728,2026-05-12 16:45,PFC Cherno More Varna,PFC Lokomotiv Plovdiv,Bulgaria - Parva Liga,Bet365,Team Goalscorer,Julien Lamy (First),,,,8.000,,,,,"{""label"": ""Julien Lamy (First)"", ""over"": ""8.000""}",2026-05-12T08:23:31.275Z
70906728,2026-05-12 16:45,PFC Cherno More Varna,PFC Lokomotiv Plovdiv,Bulgaria - Parva Liga,Bet365,Team Goalscorer,Parvizdzhon Umarbaev (First),,,,11.000,,,,,"{""label"": ""Parvizdzhon Umarbaev (First)"", ""over"": ""11.000""}",2026-05-12T08:23:31.275Z
70906728,2026-05-12 16:45,PFC Cherno More Varna,PFC Lokomotiv Plovdiv,Bulgaria - Parva Liga,Bet365,Team Goalscorer,Catalin Itu (First),,,,11.000,,,,,"{""label"": ""Catalin Itu (First)"", ""over"": ""11.000""}",2026-05-12T08:23:31.275Z
70906728,2026-05-12 16:45,PFC Cherno More Varna,PFC Lokomotiv Plovdiv,Bulgaria - Parva Liga,Bet365,Team Goalscorer,Valeri Bozhinov (First),,,,11.000,,,,,"{""label"": ""Valeri Bozhinov (First)"", ""over"": ""11.000""}",2026-05-12T08:23:31.275Z
70906728,2026-05-12 16:45,PFC Cherno More Varna,PFC Lokomotiv Plovdiv,Bulgaria - Parva Liga,Bet365,Team Goalscorer,Dias Santos Lucas Ryan (First),,,,19.000,,,,,"{""label"": ""Dias Santos Lucas Ryan (First)"", ""over"": ""19.000""}",2026-05-12T08:23:31.275Z
70906728,2026-05-12 16:45,PFC Cherno More Varna,PFC Lokomotiv Plovdiv,Bulgaria - Parva Liga,Bet365,Team Goalscorer,Martin Atanasov (First),,,,19.000,,,,,"{""label"": ""Martin Atanasov (First)"", ""over"": ""19.000""}",2026-05-12T08:23:31.275Z
70906728,2026-05-12 16:45,PFC Cherno More Varna,PFC Lokomotiv Plovdiv,Bulgaria - Parva Liga,Bet365,Team Goalscorer,Mert Salim (First),,,,19.000,,,,,"{""label"": ""Mert Salim (First)"", ""over"": ""19.000""}",2026-05-12T08:23:31.275Z
70906728,2026-05-12 16:45,PFC Cherno More Varna,PFC Lokomotiv Plovdiv,Bulgaria - Parva Liga,Bet365,Team Goalscorer,Plamen Petrov (First),,,,19.000,,,,,"{""label"": ""Plamen Petrov (First)"", ""over"": ""19.000""}",2026-05-12T08:23:31.275Z
70906728,2026-05-12 16:45,PFC Cherno More Varna,PFC Lokomotiv Plovdiv,Bulgaria - Parva Liga,Bet365,Team Goalscorer,No Goalscorer (Lokomotiv Plovdiv) (First),,,,2.200,,,,,"{""label"": ""No Goalscorer (Lokomotiv Plovdiv) (First)"", ""over"": ""2.200""}",2026-05-12T08:23:31.275Z
70906728,2026-05-12 16:45,PFC Cherno More Varna,PFC Lokomotiv Plovdiv,Bulgaria - Parva Liga,Bet365,Team Goalscorer,Francisco Politino (Last),,,,6.000,,,,,"{""label"": ""Francisco Politino (Last)"", ""over"": ""6.000""}",2026-05-12T08:23:31.275Z
70906728,2026-05-12 16:45,PFC Cherno More Varna,PFC Lokomotiv Plovdiv,Bulgaria - Parva Liga,Bet365,Team Goalscorer,Julien Lamy (Last),,,,8.000,,,,,"{""label"": ""Julien Lamy (Last)"", ""over"": ""8.000""}",2026-05-12T08:23:31.275Z
70906728,2026-05-12 16:45,PFC Cherno More Varna,PFC Lokomotiv Plovdiv,Bulgaria - Parva Liga,Bet365,Team Goalscorer,Parvizdzhon Umarbaev (Last),,,,11.000,,,,,"{""label"": ""Parvizdzhon Umarbaev (Last)"", ""over"": ""11.000""}",2026-05-12T08:23:31.275Z
70906728,2026-05-12 16:45,PFC Cherno More Varna,PFC Lokomotiv Plovdiv,Bulgaria - Parva Liga,Bet365,Team Goalscorer,Catalin Itu (Last),,,,11.000,,,,,"{""label"": ""Catalin Itu (Last)"", ""over"": ""11.000""}",2026-05-12T08:23:31.275Z
70906728,2026-05-12 16:45,PFC Cherno More Varna,PFC Lokomotiv Plovdiv,Bulgaria - Parva Liga,Bet365,Team Goalscorer,Valeri Bozhinov (Last),,,,11.000,,,,,"{""label"": ""Valeri Bozhinov (Last)"", ""over"": ""11.000""}",2026-05-12T08:23:31.275Z
70906728,2026-05-12 16:45,PFC Cherno More Varna,PFC Lokomotiv Plovdiv,Bulgaria - Parva Liga,Bet365,Team Goalscorer,Dias Santos Lucas Ryan (Last),,,,19.000,,,,,"{""label"": ""Dias Santos Lucas Ryan (Last)"", ""over"": ""19.000""}",2026-05-12T08:23:31.275Z
70906728,2026-05-12 16:45,PFC Cherno More Varna,PFC Lokomotiv Plovdiv,Bulgaria - Parva Liga,Bet365,Team Goalscorer,Martin Atanasov (Last),,,,19.000,,,,,"{""label"": ""Martin Atanasov (Last)"", ""over"": ""19.000""}",2026-05-12T08:23:31.275Z
70906728,2026-05-12 16:45,PFC Cherno More Varna,PFC Lokomotiv Plovdiv,Bulgaria - Parva Liga,Bet365,Team Goalscorer,Mert Salim (Last),,,,19.000,,,,,"{""label"": ""Mert Salim (Last)"", ""over"": ""19.000""}",2026-05-12T08:23:31.275Z
70906728,2026-05-12 16:45,PFC Cherno More Varna,PFC Lokomotiv Plovdiv,Bulgaria - Parva Liga,Bet365,Team Goalscorer,Plamen Petrov (Last),,,,19.000,,,,,"{""label"": ""Plamen Petrov (Last)"", ""over"": ""19.000""}",2026-05-12T08:23:31.275Z
70906728,2026-05-12 16:45,PFC Cherno More Varna,PFC Lokomotiv Plovdiv,Bulgaria - Parva Liga,Bet365,Team Goalscorer,No Goalscorer (Lokomotiv Plovdiv) (Last),,,,2.200,,,,,"{""label"": ""No Goalscorer (Lokomotiv Plovdiv) (Last)"", ""over"": ""2.200""}",2026-05-12T08:23:31.275Z
70906728,2026-05-12 16:45,PFC Cherno More Varna,PFC Lokomotiv Plovdiv,Bulgaria - Parva Liga,Bet365,Corners,,,,,2.000,2.200,,,9,"{""hdp"": 9, ""over"": ""2.000"", ""under"": ""2.200""}",2026-05-12T00:55:51.949Z
70906728,2026-05-12 16:45,PFC Cherno More Varna,PFC Lokomotiv Plovdiv,Bulgaria - Parva Liga,Bet365,First 10 Minutes (00:00 - 09:59),Goals (Over) (0.5),,,,5.000,1.166,,,0.5,"{""label"": ""Goals (Over) (0.5)"", ""hdp"": 0.5, ""over"": ""5.000"", ""under"": ""1.166""}",2026-05-10T16:02:17.221Z
70906728,2026-05-12 16:45,PFC Cherno More Varna,PFC Lokomotiv Plovdiv,Bulgaria - Parva Liga,Bet365,Number of Goals In Match,2 or 3 goals,,,,,1.952,,,,"{""label"": ""2 or 3 goals"", ""under"": ""1.952""}",2026-05-12T10:05:09.554Z
70906728,2026-05-12 16:45,PFC Cherno More Varna,PFC Lokomotiv Plovdiv,Bulgaria - Parva Liga,Bet365,Number of Goals In Match,Under 2 goals,,,,,2.750,,,,"{""label"": ""Under 2 goals"", ""under"": ""2.750""}",2026-05-12T10:05:09.554Z
70906728,2026-05-12 16:45,PFC Cherno More Varna,PFC Lokomotiv Plovdiv,Bulgaria - Parva Liga,Bet365,Number of Goals In Match,Over 3 goals,,,,4.333,,,,,"{""label"": ""Over 3 goals"", ""over"": ""4.333""}",2026-05-12T10:05:09.554Z
70906728,2026-05-12 16:45,PFC Cherno More Varna,PFC Lokomotiv Plovdiv,Bulgaria - Parva Liga,Bet365,Corners 2-Way,,,,,2.000,1.727,,,9.5,"{""hdp"": 9.5, ""over"": ""2.000"", ""under"": ""1.727""}",2026-05-12T00:55:51.949Z
71228890,2026-05-12 17:00,AL Faisaly (Jor),Ramtha SC,Jordan - Jordan Cup,Bet365,ML,,1.600,3.800,4.500,,,,,,"{""home"": ""1.600"", ""draw"": ""3.800"", ""away"": ""4.500""}",2026-05-12T06:35:55.44Z
71228890,2026-05-12 17:00,AL Faisaly (Jor),Ramtha SC,Jordan - Jordan Cup,Bet365,Draw No Bet,,1.285,,3.500,,,,,,"{""home"": ""1.285"", ""away"": ""3.500""}",2026-05-12T09:04:43.994Z
71228890,2026-05-12 17:00,AL Faisaly (Jor),Ramtha SC,Jordan - Jordan Cup,Bet365,Double Chance,Al Faisaly Amman or Draw,,,,,1.125,,,,"{""label"": ""Al Faisaly Amman or Draw"", ""under"": ""1.125""}",2026-05-12T08:25:05.035Z
71228890,2026-05-12 17:00,AL Faisaly (Jor),Ramtha SC,Jordan - Jordan Cup,Bet365,Double Chance,Draw or Ramtha SC,,,,,2.150,,,,"{""label"": ""Draw or Ramtha SC"", ""under"": ""2.150""}",2026-05-12T08:25:05.035Z
71228890,2026-05-12 17:00,AL Faisaly (Jor),Ramtha SC,Jordan - Jordan Cup,Bet365,Double Chance,Al Faisaly Amman or Ramtha SC,,,,,1.181,,,,"{""label"": ""Al Faisaly Amman or Ramtha SC"", ""under"": ""1.181""}",2026-05-12T08:25:05.035Z
71228890,2026-05-12 17:00,AL Faisaly (Jor),Ramtha SC,Jordan - Jordan Cup,Bet365,Spread,,1.825,,1.975,,,,,-0.75,"{""hdp"": -0.75, ""home"": ""1.825"", ""away"": ""1.975""}",2026-05-12T10:05:09.554Z
71228890,2026-05-12 17:00,AL Faisaly (Jor),Ramtha SC,Jordan - Jordan Cup,Bet365,Totals,,,,,2.000,1.800,,,2.75,"{""hdp"": 2.75, ""over"": ""2.000"", ""under"": ""1.800""}",2026-05-12T10:05:09.554Z
71228890,2026-05-12 17:00,AL Faisaly (Jor),Ramtha SC,Jordan - Jordan Cup,Bet365,Goals Over/Under,,,,,1.800,2.000,,,2.5,"{""hdp"": 2.5, ""over"": ""1.800"", ""under"": ""2.000""}",2026-05-12T09:04:43.994Z
71228890,2026-05-12 17:00,AL Faisaly (Jor),Ramtha SC,Jordan - Jordan Cup,Bet365,Both Teams To Score,,,,,,,1.833,1.833,,"{""yes"": ""1.833"", ""no"": ""1.833""}",2026-05-12T09:04:43.994Z
71228890,2026-05-12 17:00,AL Faisaly (Jor),Ramtha SC,Jordan - Jordan Cup,Bet365,Spread HT,,1.775,,2.025,,,,,-0.25,"{""hdp"": -0.25, ""home"": ""1.775"", ""away"": ""2.025""}",2026-05-12T10:11:34.344Z
71228890,2026-05-12 17:00,AL Faisaly (Jor),Ramtha SC,Jordan - Jordan Cup,Bet365,Totals HT,,,,,1.725,2.075,,,1,"{""hdp"": 1, ""over"": ""1.725"", ""under"": ""2.075""}",2026-05-12T06:48:04.202Z
71228890,2026-05-12 17:00,AL Faisaly (Jor),Ramtha SC,Jordan - Jordan Cup,Bet365,European Handicap,,2.600,,,,,,,-1,"{""hdp"": -1, ""home"": ""2.600""}",2026-05-12T10:56:39.888Z
71228890,2026-05-12 17:00,AL Faisaly (Jor),Ramtha SC,Jordan - Jordan Cup,Bet365,European Handicap,,,3.750,2.150,,,,,1,"{""hdp"": 1, ""draw"": ""3.750"", ""away"": ""2.150""}",2026-05-12T10:56:39.888Z
71228890,2026-05-12 17:00,AL Faisaly (Jor),Ramtha SC,Jordan - Jordan Cup,Bet365,Corners Totals,,,,,2.000,1.800,,,9.5,"{""hdp"": 9.5, ""over"": ""2.000"", ""under"": ""1.800""}",2026-05-11T19:57:10.535Z
71228890,2026-05-12 17:00,AL Faisaly (Jor),Ramtha SC,Jordan - Jordan Cup,Bet365,Corners Totals HT,,,,,2.050,1.750,,,4.5,"{""hdp"": 4.5, ""over"": ""2.050"", ""under"": ""1.750""}",2026-05-12T10:21:06.824Z
71228890,2026-05-12 17:00,AL Faisaly (Jor),Ramtha SC,Jordan - Jordan Cup,Bet365,Number of Goals In Match,Under 2 goals,,,,,3.750,,,,"{""label"": ""Under 2 goals"", ""under"": ""3.750""}",2026-05-12T10:03:04.482Z
71228890,2026-05-12 17:00,AL Faisaly (Jor),Ramtha SC,Jordan - Jordan Cup,Bet365,Number of Goals In Match,Over 3 goals,,,,3.000,,,,,"{""label"": ""Over 3 goals"", ""over"": ""3.000""}",2026-05-12T10:03:04.482Z
71228890,2026-05-12 17:00,AL Faisaly (Jor),Ramtha SC,Jordan - Jordan Cup,Bet365,Number of Goals In Match,2 or 3 goals,,,,,2.000,,,,"{""label"": ""2 or 3 goals"", ""under"": ""2.000""}",2026-05-12T10:03:04.482Z
71228890,2026-05-12 17:00,AL Faisaly (Jor),Ramtha SC,Jordan - Jordan Cup,Bet365,Alternative Corners,,,,,8.000,1.166,,,13,"{""hdp"": 13, ""over"": ""8.000"", ""under"": ""1.166""}",2026-05-12T09:36:07.636Z
71228890,2026-05-12 17:00,AL Faisaly (Jor),Ramtha SC,Jordan - Jordan Cup,Bet365,Alternative Corners,,,,,11.000,1.083,,,14,"{""hdp"": 14, ""over"": ""11.000"", ""under"": ""1.083""}",2026-05-12T09:36:07.636Z
71228890,2026-05-12 17:00,AL Faisaly (Jor),Ramtha SC,Jordan - Jordan Cup,Bet365,Alternative Corners,,,,,1.025,26.000,,,4,"{""hdp"": 4, ""over"": ""1.025"", ""under"": ""26.000""}",2026-05-12T09:36:07.636Z
71228890,2026-05-12 17:00,AL Faisaly (Jor),Ramtha SC,Jordan - Jordan Cup,Bet365,Alternative Corners,,,,,3.500,1.444,,,11,"{""hdp"": 11, ""over"": ""3.500"", ""under"": ""1.444""}",2026-05-12T09:36:07.636Z
71228890,2026-05-12 17:00,AL Faisaly (Jor),Ramtha SC,Jordan - Jordan Cup,Bet365,Alternative Corners,,,,,5.000,1.285,,,12,"{""hdp"": 12, ""over"": ""5.000"", ""under"": ""1.285""}",2026-05-12T09:36:07.636Z
71228890,2026-05-12 17:00,AL Faisaly (Jor),Ramtha SC,Jordan - Jordan Cup,Bet365,Alternative Corners,,,,,15.000,1.050,,,15,"{""hdp"": 15, ""over"": ""15.000"", ""under"": ""1.050""}",2026-05-12T09:36:07.636Z
71228890,2026-05-12 17:00,AL Faisaly (Jor),Ramtha SC,Jordan - Jordan Cup,Bet365,Alternative Corners,,,,,21.000,1.025,,,16,"{""hdp"": 16, ""over"": ""21.000"", ""under"": ""1.025""}",2026-05-12T09:36:07.636Z
71228890,2026-05-12 17:00,AL Faisaly (Jor),Ramtha SC,Jordan - Jordan Cup,Bet365,Alternative Corners,,,,,1.166,9.000,,,6,"{""hdp"": 6, ""over"": ""1.166"", ""under"": ""9.000""}",2026-05-12T09:36:07.636Z
71228890,2026-05-12 17:00,AL Faisaly (Jor),Ramtha SC,Jordan - Jordan Cup,Bet365,Alternative Corners,,,,,1.333,5.000,,,7,"{""hdp"": 7, ""over"": ""1.333"", ""under"": ""5.000""}",2026-05-12T09:36:07.636Z
71228890,2026-05-12 17:00,AL Faisaly (Jor),Ramtha SC,Jordan - Jordan Cup,Bet365,Alternative Corners,,,,,1.571,3.250,,,8,"{""hdp"": 8, ""over"": ""1.571"", ""under"": ""3.250""}",2026-05-12T09:36:07.636Z
71228890,2026-05-12 17:00,AL Faisaly (Jor),Ramtha SC,Jordan - Jordan Cup,Bet365,Alternative Corners,,,,,2.625,1.800,,,10,"{""hdp"": 10, ""over"": ""2.625"", ""under"": ""1.800""}",2026-05-12T09:36:07.636Z
71228890,2026-05-12 17:00,AL Faisaly (Jor),Ramtha SC,Jordan - Jordan Cup,Bet365,Alternative Corners,,,,,1.071,17.000,,,5,"{""hdp"": 5, ""over"": ""1.071"", ""under"": ""17.000""}",2026-05-12T09:36:07.636Z
71228890,2026-05-12 17:00,AL Faisaly (Jor),Ramtha SC,Jordan - Jordan Cup,Bet365,1st Half Handicap,1 (-1),5.500,,,,,,,-1,"{""label"": ""1 (-1)"", ""hdp"": -1, ""home"": ""5.500""}",2026-05-12T09:32:06.446Z
71228890,2026-05-12 17:00,AL Faisaly (Jor),Ramtha SC,Jordan - Jordan Cup,Bet365,1st Half Handicap,Tie (1),,,1.666,,,,,1,"{""label"": ""Tie (1)"", ""hdp"": 1, ""away"": ""1.666""}",2026-05-12T09:32:06.446Z
71228890,2026-05-12 17:00,AL Faisaly (Jor),Ramtha SC,Jordan - Jordan Cup,Bet365,Alternative Total Goals,,,,,1.040,9.000,,,0.5,"{""hdp"": 0.5, ""over"": ""1.040"", ""under"": ""9.000""}",2026-05-12T10:11:34.344Z
71228890,2026-05-12 17:00,AL Faisaly (Jor),Ramtha SC,Jordan - Jordan Cup,Bet365,Alternative Total Goals,,,,,5.000,1.142,,,4.5,"{""hdp"": 4.5, ""over"": ""5.000"", ""under"": ""1.142""}",2026-05-12T10:11:34.344Z
71228890,2026-05-12 17:00,AL Faisaly (Jor),Ramtha SC,Jordan - Jordan Cup,Bet365,Alternative Total Goals,,,,,13.000,1.012,,,6.5,"{""hdp"": 6.5, ""over"": ""13.000"", ""under"": ""1.012""}",2026-05-12T10:11:34.344Z
71228890,2026-05-12 17:00,AL Faisaly (Jor),Ramtha SC,Jordan - Jordan Cup,Bet365,Alternative Total Goals,,,,,21.000,1.002,,,7.5,"{""hdp"": 7.5, ""over"": ""21.000"", ""under"": ""1.002""}",2026-05-12T10:11:34.344Z
71228890,2026-05-12 17:00,AL Faisaly (Jor),Ramtha SC,Jordan - Jordan Cup,Bet365,Alternative Total Goals,,,,,1.250,3.750,,,1.5,"{""hdp"": 1.5, ""over"": ""1.250"", ""under"": ""3.750""}",2026-05-12T10:11:34.344Z
71228890,2026-05-12 17:00,AL Faisaly (Jor),Ramtha SC,Jordan - Jordan Cup,Bet365,Alternative Total Goals,,,,,3.000,1.363,,,3.5,"{""hdp"": 3.5, ""over"": ""3.000"", ""under"": ""1.363""}",2026-05-12T10:11:34.344Z
71228890,2026-05-12 17:00,AL Faisaly (Jor),Ramtha SC,Jordan - Jordan Cup,Bet365,Alternative Total Goals,,,,,9.000,1.040,,,5.5,"{""hdp"": 5.5, ""over"": ""9.000"", ""under"": ""1.040""}",2026-05-12T10:11:34.344Z
71228890,2026-05-12 17:00,AL Faisaly (Jor),Ramtha SC,Jordan - Jordan Cup,Bet365,Correct Score,0-0,,,,,,,,,"{""label"": ""0-0"", ""odds"": ""12.000""}",2026-05-12T09:04:43.994Z
71228890,2026-05-12 17:00,AL Faisaly (Jor),Ramtha SC,Jordan - Jordan Cup,Bet365,Correct Score,3-2,,,,,,,,,"{""label"": ""3-2"", ""odds"": ""26.000""}",2026-05-12T09:04:43.994Z
71228890,2026-05-12 17:00,AL Faisaly (Jor),Ramtha SC,Jordan - Jordan Cup,Bet365,Correct Score,3-3,,,,,,,,,"{""label"": ""3-3"", ""odds"": ""51.000""}",2026-05-12T09:04:43.994Z
71228890,2026-05-12 17:00,AL Faisaly (Jor),Ramtha SC,Jordan - Jordan Cup,Bet365,Correct Score,4-3,,,,,,,,,"{""label"": ""4-3"", ""odds"": ""81.000""}",2026-05-12T09:04:43.994Z
71228890,2026-05-12 17:00,AL Faisaly (Jor),Ramtha SC,Jordan - Jordan Cup,Bet365,Correct Score,5-0,,,,,,,,,"{""label"": ""5-0"", ""odds"": ""41.000""}",2026-05-12T09:04:43.994Z
71228890,2026-05-12 17:00,AL Faisaly (Jor),Ramtha SC,Jordan - Jordan Cup,Bet365,Correct Score,4-2,,,,,,,,,"{""label"": ""4-2"", ""odds"": ""41.000""}",2026-05-12T09:04:43.994Z
71228890,2026-05-12 17:00,AL Faisaly (Jor),Ramtha SC,Jordan - Jordan Cup,Bet365,Correct Score,1-0,,,,,,,,,"{""label"": ""1-0"", ""odds"": ""7.500""}",2026-05-12T09:04:43.994Z
71228890,2026-05-12 17:00,AL Faisaly (Jor),Ramtha SC,Jordan - Jordan Cup,Bet365,Correct Score,1-1,,,,,,,,,"{""label"": ""1-1"", ""odds"": ""8.000""}",2026-05-12T09:04:43.994Z
71228890,2026-05-12 17:00,AL Faisaly (Jor),Ramtha SC,Jordan - Jordan Cup,Bet365,Correct Score,2-0,,,,,,,,,"{""label"": ""2-0"", ""odds"": ""8.000""}",2026-05-12T09:04:43.994Z
71228890,2026-05-12 17:00,AL Faisaly (Jor),Ramtha SC,Jordan - Jordan Cup,Bet365,Correct Score,2-2,,,,,,,,,"{""label"": ""2-2"", ""odds"": ""17.000""}",2026-05-12T09:04:43.994Z
71228890,2026-05-12 17:00,AL Faisaly (Jor),Ramtha SC,Jordan - Jordan Cup,Bet365,Correct Score,3-0,,,,,,,,,"{""label"": ""3-0"", ""odds"": ""12.000""}",2026-05-12T09:04:43.994Z
71228890,2026-05-12 17:00,AL Faisaly (Jor),Ramtha SC,Jordan - Jordan Cup,Bet365,Correct Score,4-0,,,,,,,,,"{""label"": ""4-0"", ""odds"": ""23.000""}",2026-05-12T09:04:43.994Z
71228890,2026-05-12 17:00,AL Faisaly (Jor),Ramtha SC,Jordan - Jordan Cup,Bet365,Correct Score,4-1,,,,,,,,,"{""label"": ""4-1"", ""odds"": ""26.000""}",2026-05-12T09:04:43.994Z
71228890,2026-05-12 17:00,AL Faisaly (Jor),Ramtha SC,Jordan - Jordan Cup,Bet365,Correct Score,5-1,,,,,,,,,"{""label"": ""5-1"", ""odds"": ""51.000""}",2026-05-12T09:04:43.994Z
71228890,2026-05-12 17:00,AL Faisaly (Jor),Ramtha SC,Jordan - Jordan Cup,Bet365,Correct Score,5-2,,,,,,,,,"{""label"": ""5-2"", ""odds"": ""81.000""}",2026-05-12T09:04:43.994Z
71228890,2026-05-12 17:00,AL Faisaly (Jor),Ramtha SC,Jordan - Jordan Cup,Bet365,Correct Score,6-0,,,,,,,,,"{""label"": ""6-0"", ""odds"": ""81.000""}",2026-05-12T09:04:43.994Z
71228890,2026-05-12 17:00,AL Faisaly (Jor),Ramtha SC,Jordan - Jordan Cup,Bet365,Correct Score,6-1,,,,,,,,,"{""label"": ""6-1"", ""odds"": ""101.000""}",2026-05-12T09:04:43.994Z
71228890,2026-05-12 17:00,AL Faisaly (Jor),Ramtha SC,Jordan - Jordan Cup,Bet365,Correct Score,3-1,,,,,,,,,"{""label"": ""3-1"", ""odds"": ""13.000""}",2026-05-12T09:04:43.994Z
71228890,2026-05-12 17:00,AL Faisaly (Jor),Ramtha SC,Jordan - Jordan Cup,Bet365,Correct Score,6-2,,,,,,,,,"{""label"": ""6-2"", ""odds"": ""151.000""}",2026-05-12T09:04:43.994Z
71228890,2026-05-12 17:00,AL Faisaly (Jor),Ramtha SC,Jordan - Jordan Cup,Bet365,Correct Score,2-1,,,,,,,,,"{""label"": ""2-1"", ""odds"": ""8.500""}",2026-05-12T09:04:43.994Z
71228890,2026-05-12 17:00,AL Faisaly (Jor),Ramtha SC,Jordan - Jordan Cup,Bet365,Correct Score,5-3,,,,,,,,,"{""label"": ""5-3"", ""odds"": ""151.000""}",2026-05-12T09:04:43.994Z
71228890,2026-05-12 17:00,AL Faisaly (Jor),Ramtha SC,Jordan - Jordan Cup,Bet365,Exact Total Goals,2 Goals,,,,,3.750,,,,"{""label"": ""2 Goals"", ""under"": ""3.750""}",2026-05-12T06:43:05.412Z
71228890,2026-05-12 17:00,AL Faisaly (Jor),Ramtha SC,Jordan - Jordan Cup,Bet365,Exact Total Goals,3 Goals,,,,,4.000,,,,"{""label"": ""3 Goals"", ""under"": ""4.000""}",2026-05-12T06:43:05.412Z
71228890,2026-05-12 17:00,AL Faisaly (Jor),Ramtha SC,Jordan - Jordan Cup,Bet365,Exact Total Goals,1 Goal,,,,,5.000,,,,"{""label"": ""1 Goal"", ""under"": ""5.000""}",2026-05-12T06:43:05.412Z
71228890,2026-05-12 17:00,AL Faisaly (Jor),Ramtha SC,Jordan - Jordan Cup,Bet365,Exact Total Goals,0 Goals,,,,,12.000,,,,"{""label"": ""0 Goals"", ""under"": ""12.000""}",2026-05-12T06:43:05.412Z
71228890,2026-05-12 17:00,AL Faisaly (Jor),Ramtha SC,Jordan - Jordan Cup,Bet365,Exact Total Goals,4 Goals,,,,,5.500,,,,"{""label"": ""4 Goals"", ""under"": ""5.500""}",2026-05-12T06:43:05.412Z
71228890,2026-05-12 17:00,AL Faisaly (Jor),Ramtha SC,Jordan - Jordan Cup,Bet365,Exact Total Goals,5 Goals,,,,,9.500,,,,"{""label"": ""5 Goals"", ""under"": ""9.500""}",2026-05-12T06:43:05.412Z
71228890,2026-05-12 17:00,AL Faisaly (Jor),Ramtha SC,Jordan - Jordan Cup,Bet365,Exact Total Goals,6 Goals,,,,,19.000,,,,"{""label"": ""6 Goals"", ""under"": ""19.000""}",2026-05-12T06:43:05.412Z
71228890,2026-05-12 17:00,AL Faisaly (Jor),Ramtha SC,Jordan - Jordan Cup,Bet365,Exact Total Goals,7+ Goals,,,,,13.000,,,,"{""label"": ""7+ Goals"", ""under"": ""13.000""}",2026-05-12T06:43:05.412Z
71228890,2026-05-12 17:00,AL Faisaly (Jor),Ramtha SC,Jordan - Jordan Cup,Bet365,Half Time Result,1,,,,,2.100,,,1,"{""label"": ""1"", ""hdp"": 1, ""under"": ""2.100""}",2026-05-12T09:32:06.446Z
71228890,2026-05-12 17:00,AL Faisaly (Jor),Ramtha SC,Jordan - Jordan Cup,Bet365,Half Time Result,2,,,,,5.000,,,2,"{""label"": ""2"", ""hdp"": 2, ""under"": ""5.000""}",2026-05-12T09:32:06.446Z
71228890,2026-05-12 17:00,AL Faisaly (Jor),Ramtha SC,Jordan - Jordan Cup,Bet365,Half Time Result,Draw,,,,,2.300,,,,"{""label"": ""Draw"", ""under"": ""2.300""}",2026-05-12T09:32:06.446Z
71228890,2026-05-12 17:00,AL Faisaly (Jor),Ramtha SC,Jordan - Jordan Cup,Bet365,Corners,,,,,1.909,2.250,,,9,"{""hdp"": 9, ""over"": ""1.909"", ""under"": ""2.250""}",2026-05-11T18:36:00.969Z
71228890,2026-05-12 17:00,AL Faisaly (Jor),Ramtha SC,Jordan - Jordan Cup,Bet365,Team Total Goals Home,,,,,1.142,5.000,,,0.5,"{""hdp"": 0.5, ""over"": ""1.142"", ""under"": ""5.000""}",2026-05-12T08:59:25.59Z
71228890,2026-05-12 17:00,AL Faisaly (Jor),Ramtha SC,Jordan - Jordan Cup,Bet365,Team Total Goals Home,,,,,1.727,2.000,,,1.5,"{""hdp"": 1.5, ""over"": ""1.727"", ""under"": ""2.000""}",2026-05-12T08:59:25.59Z
71228890,2026-05-12 17:00,AL Faisaly (Jor),Ramtha SC,Jordan - Jordan Cup,Bet365,Team Total Goals Home,,,,,3.250,1.333,,,2.5,"{""hdp"": 2.5, ""over"": ""3.250"", ""under"": ""1.333""}",2026-05-12T08:59:25.59Z
71228890,2026-05-12 17:00,AL Faisaly (Jor),Ramtha SC,Jordan - Jordan Cup,Bet365,Team Total Goals Home,,,,,6.500,1.100,,,3.5,"{""hdp"": 3.5, ""over"": ""6.500"", ""under"": ""1.100""}",2026-05-12T08:59:25.59Z
71228890,2026-05-12 17:00,AL Faisaly (Jor),Ramtha SC,Jordan - Jordan Cup,Bet365,Team Total Goals Home,,,,,10.500,1.025,,,4.5,"{""hdp"": 4.5, ""over"": ""10.500"", ""under"": ""1.025""}",2026-05-12T08:59:25.59Z
71228890,2026-05-12 17:00,AL Faisaly (Jor),Ramtha SC,Jordan - Jordan Cup,Bet365,Team Total Goals Home,,,,,17.000,1.005,,,5.5,"{""hdp"": 5.5, ""over"": ""17.000"", ""under"": ""1.005""}",2026-05-12T08:59:25.59Z
71228890,2026-05-12 17:00,AL Faisaly (Jor),Ramtha SC,Jordan - Jordan Cup,Bet365,Corners 2-Way,,,,,1.909,1.800,,,9.5,"{""hdp"": 9.5, ""over"": ""1.909"", ""under"": ""1.800""}",2026-05-11T18:41:46.639Z
71228890,2026-05-12 17:00,AL Faisaly (Jor),Ramtha SC,Jordan - Jordan Cup,Bet365,Alternative Asian Handicap,,6.800,,1.105,,,,,-2.75,"{""hdp"": -2.75, ""home"": ""6.800"", ""away"": ""1.105""}",2026-05-12T10:34:53.174Z
71228890,2026-05-12 17:00,AL Faisaly (Jor),Ramtha SC,Jordan - Jordan Cup,Bet365,Alternative Asian Handicap,,5.250,,1.160,,,,,-2.5,"{""hdp"": -2.5, ""home"": ""5.250"", ""away"": ""1.160""}",2026-05-12T10:34:53.174Z
71228890,2026-05-12 17:00,AL Faisaly (Jor),Ramtha SC,Jordan - Jordan Cup,Bet365,Alternative Asian Handicap,,3.300,,1.325,,,,,-1.75,"{""hdp"": -1.75, ""home"": ""3.300"", ""away"": ""1.325""}",2026-05-12T10:34:53.174Z
71228890,2026-05-12 17:00,AL Faisaly (Jor),Ramtha SC,Jordan - Jordan Cup,Bet365,Alternative Asian Handicap,,2.675,,1.450,,,,,-1.5,"{""hdp"": -1.5, ""home"": ""2.675"", ""away"": ""1.450""}",2026-05-12T10:34:53.174Z
71228890,2026-05-12 17:00,AL Faisaly (Jor),Ramtha SC,Jordan - Jordan Cup,Bet365,Alternative Asian Handicap,,2.375,,1.550,,,,,-1.25,"{""hdp"": -1.25, ""home"": ""2.375"", ""away"": ""1.550""}",2026-05-12T10:34:53.174Z
71228890,2026-05-12 17:00,AL Faisaly (Jor),Ramtha SC,Jordan - Jordan Cup,Bet365,Alternative Asian Handicap,,4.800,,1.175,,,,,-2.25,"{""hdp"": -2.25, ""home"": ""4.800"", ""away"": ""1.175""}",2026-05-12T10:34:53.174Z
71228890,2026-05-12 17:00,AL Faisaly (Jor),Ramtha SC,Jordan - Jordan Cup,Bet365,Alternative Asian Handicap,,4.400,,1.200,,,,,-2,"{""hdp"": -2, ""home"": ""4.400"", ""away"": ""1.200""}",2026-05-12T10:34:53.174Z
71228890,2026-05-12 17:00,AL Faisaly (Jor),Ramtha SC,Jordan - Jordan Cup,Bet365,Alternative Asian Handicap,,2.100,,1.700,,,,,-1,"{""hdp"": -1, ""home"": ""2.100"", ""away"": ""1.700""}",2026-05-12T10:34:53.174Z
71228890,2026-05-12 17:00,AL Faisaly (Jor),Ramtha SC,Jordan - Jordan Cup,Bet365,Alternative Asian Handicap,,1.650,,4.400,,,,,-0.5,"{""hdp"": -0.5, ""home"": ""1.650"", ""away"": ""4.400""}",2026-05-12T10:34:53.174Z
71228890,2026-05-12 17:00,AL Faisaly (Jor),Ramtha SC,Jordan - Jordan Cup,Bet365,Alternative Asian Handicap,,1.475,,3.900,,,,,-0.25,"{""hdp"": -0.25, ""home"": ""1.475"", ""away"": ""3.900""}",2026-05-12T10:34:53.174Z
71228890,2026-05-12 17:00,AL Faisaly (Jor),Ramtha SC,Jordan - Jordan Cup,Bet365,Alternative Asian Handicap,,1.300,,3.450,,,,,0,"{""hdp"": 0, ""home"": ""1.300"", ""away"": ""3.450""}",2026-05-12T10:34:53.174Z
71228890,2026-05-12 17:00,AL Faisaly (Jor),Ramtha SC,Jordan - Jordan Cup,Bet365,Alternative Asian Handicap,,1.240,,2.600,,,,,0.25,"{""hdp"": 0.25, ""home"": ""1.240"", ""away"": ""2.600""}",2026-05-12T10:34:53.174Z
71228890,2026-05-12 17:00,AL Faisaly (Jor),Ramtha SC,Jordan - Jordan Cup,Bet365,Alternative Asian Handicap,,1.200,,2.200,,,,,0.5,"{""hdp"": 0.5, ""home"": ""1.200"", ""away"": ""2.200""}",2026-05-12T10:34:53.174Z
71228890,2026-05-12 17:00,AL Faisaly (Jor),Ramtha SC,Jordan - Jordan Cup,Bet365,Alternative Asian Handicap,,1.130,,5.900,,,,,0.75,"{""hdp"": 0.75, ""home"": ""1.130"", ""away"": ""5.900""}",2026-05-12T10:34:53.174Z
71228890,2026-05-12 17:00,AL Faisaly (Jor),Ramtha SC,Jordan - Jordan Cup,Bet365,Alternative Goal Line,,,,,1.300,3.450,,,1.75,"{""hdp"": 1.75, ""over"": ""1.300"", ""under"": ""3.450""}",2026-05-12T10:23:57.474Z
71228890,2026-05-12 17:00,AL Faisaly (Jor),Ramtha SC,Jordan - Jordan Cup,Bet365,Alternative Goal Line,,,,,1.375,3.000,,,2,"{""hdp"": 2, ""over"": ""1.375"", ""under"": ""3.000""}",2026-05-12T10:23:57.474Z
71228890,2026-05-12 17:00,AL Faisaly (Jor),Ramtha SC,Jordan - Jordan Cup,Bet365,Alternative Goal Line,,,,,2.350,1.575,,,3,"{""hdp"": 3, ""over"": ""2.350"", ""under"": ""1.575""}",2026-05-12T10:23:57.474Z
71228890,2026-05-12 17:00,AL Faisaly (Jor),Ramtha SC,Jordan - Jordan Cup,Bet365,Alternative Goal Line,,,,,5.250,1.160,,,4.25,"{""hdp"": 4.25, ""over"": ""5.250"", ""under"": ""1.160""}",2026-05-12T10:23:57.474Z
71228890,2026-05-12 17:00,AL Faisaly (Jor),Ramtha SC,Jordan - Jordan Cup,Bet365,Alternative Goal Line,,,,,1.150,5.500,,,1.25,"{""hdp"": 1.25, ""over"": ""1.150"", ""under"": ""5.500""}",2026-05-12T10:23:57.474Z
71228890,2026-05-12 17:00,AL Faisaly (Jor),Ramtha SC,Jordan - Jordan Cup,Bet365,Alternative Goal Line,,,,,1.250,3.800,,,1.5,"{""hdp"": 1.5, ""over"": ""1.250"", ""under"": ""3.800""}",2026-05-12T10:23:57.474Z
71228890,2026-05-12 17:00,AL Faisaly (Jor),Ramtha SC,Jordan - Jordan Cup,Bet365,Alternative Goal Line,,,,,1.575,2.350,,,2.25,"{""hdp"": 2.25, ""over"": ""1.575"", ""under"": ""2.350""}",2026-05-12T10:23:57.474Z
71228890,2026-05-12 17:00,AL Faisaly (Jor),Ramtha SC,Jordan - Jordan Cup,Bet365,Alternative Goal Line,,,,,1.775,2.025,,,2.5,"{""hdp"": 2.5, ""over"": ""1.775"", ""under"": ""2.025""}",2026-05-12T10:23:57.474Z
71228890,2026-05-12 17:00,AL Faisaly (Jor),Ramtha SC,Jordan - Jordan Cup,Bet365,Alternative Goal Line,,,,,2.600,1.475,,,3.25,"{""hdp"": 3.25, ""over"": ""2.600"", ""under"": ""1.475""}",2026-05-12T10:23:57.474Z
71228890,2026-05-12 17:00,AL Faisaly (Jor),Ramtha SC,Jordan - Jordan Cup,Bet365,Alternative Goal Line,,,,,2.850,1.400,,,3.5,"{""hdp"": 3.5, ""over"": ""2.850"", ""under"": ""1.400""}",2026-05-12T10:23:57.474Z
71228890,2026-05-12 17:00,AL Faisaly (Jor),Ramtha SC,Jordan - Jordan Cup,Bet365,Alternative Goal Line,,,,,3.450,1.300,,,3.75,"{""hdp"": 3.75, ""over"": ""3.450"", ""under"": ""1.300""}",2026-05-12T10:23:57.474Z
71228890,2026-05-12 17:00,AL Faisaly (Jor),Ramtha SC,Jordan - Jordan Cup,Bet365,Alternative Goal Line,,,,,4.650,1.180,,,4,"{""hdp"": 4, ""over"": ""4.650"", ""under"": ""1.180""}",2026-05-12T10:23:57.474Z
71228890,2026-05-12 17:00,AL Faisaly (Jor),Ramtha SC,Jordan - Jordan Cup,Bet365,Alternative Goal Line,,,,,5.500,1.150,,,4.5,"{""hdp"": 4.5, ""over"": ""5.500"", ""under"": ""1.150""}",2026-05-12T10:23:57.474Z
71228890,2026-05-12 17:00,AL Faisaly (Jor),Ramtha SC,Jordan - Jordan Cup,Bet365,Alternative Goal Line,,,,,7.000,1.100,,,4.75,"{""hdp"": 4.75, ""over"": ""7.000"", ""under"": ""1.100""}",2026-05-12T10:23:57.474Z
71228890,2026-05-12 17:00,AL Faisaly (Jor),Ramtha SC,Jordan - Jordan Cup,Bet365,Specials,To Win From Behind (1),2.625,,,,,,,1,"{""label"": ""To Win From Behind (1)"", ""hdp"": 1, ""home"": ""2.625""}",2026-05-12T06:55:27.466Z
71228890,2026-05-12 17:00,AL Faisaly (Jor),Ramtha SC,Jordan - Jordan Cup,Bet365,Specials,To Win From Behind (2),,,6.500,,,,,2,"{""label"": ""To Win From Behind (2)"", ""hdp"": 2, ""away"": ""6.500""}",2026-05-12T06:55:27.466Z
71228890,2026-05-12 17:00,AL Faisaly (Jor),Ramtha SC,Jordan - Jordan Cup,Bet365,Total Corners,Under 6,,,,,9.000,,,,"{""label"": ""Under 6"", ""under"": ""9.000""}",2026-05-11T18:41:46.639Z
71228890,2026-05-12 17:00,AL Faisaly (Jor),Ramtha SC,Jordan - Jordan Cup,Bet365,Total Corners,6 - 8,,,,,3.000,,,,"{""label"": ""6 - 8"", ""under"": ""3.000""}",2026-05-11T18:41:46.639Z
71228890,2026-05-12 17:00,AL Faisaly (Jor),Ramtha SC,Jordan - Jordan Cup,Bet365,Total Corners,9 - 11,,,,,2.625,,,,"{""label"": ""9 - 11"", ""under"": ""2.625""}",2026-05-11T18:41:46.639Z
71228890,2026-05-12 17:00,AL Faisaly (Jor),Ramtha SC,Jordan - Jordan Cup,Bet365,Total Corners,12 - 14,,,,,4.750,,,,"{""label"": ""12 - 14"", ""under"": ""4.750""}",2026-05-11T18:41:46.639Z
71228890,2026-05-12 17:00,AL Faisaly (Jor),Ramtha SC,Jordan - Jordan Cup,Bet365,Total Corners,Over 14,,,,11.000,,,,,"{""label"": ""Over 14"", ""over"": ""11.000""}",2026-05-11T18:41:46.639Z
71228890,2026-05-12 17:00,AL Faisaly (Jor),Ramtha SC,Jordan - Jordan Cup,Bet365,Both Teams To Score HT,,,,,,,4.500,1.181,,"{""yes"": ""4.500"", ""no"": ""1.181""}",2026-05-12T09:04:43.994Z
71228890,2026-05-12 17:00,AL Faisaly (Jor),Ramtha SC,Jordan - Jordan Cup,Bet365,Team Total Goals Away,,,,,1.571,2.250,,,0.5,"{""hdp"": 0.5, ""over"": ""1.571"", ""under"": ""2.250""}",2026-05-12T08:59:25.59Z
71228890,2026-05-12 17:00,AL Faisaly (Jor),Ramtha SC,Jordan - Jordan Cup,Bet365,Team Total Goals Away,,,,,3.750,1.250,,,1.5,"{""hdp"": 1.5, ""over"": ""3.750"", ""under"": ""1.250""}",2026-05-12T08:59:25.59Z
71228890,2026-05-12 17:00,AL Faisaly (Jor),Ramtha SC,Jordan - Jordan Cup,Bet365,Team Total Goals Away,,,,,8.500,1.050,,,2.5,"{""hdp"": 2.5, ""over"": ""8.500"", ""under"": ""1.050""}",2026-05-12T08:59:25.59Z
71228890,2026-05-12 17:00,AL Faisaly (Jor),Ramtha SC,Jordan - Jordan Cup,Bet365,Team Total Goals Away,,,,,17.000,1.005,,,3.5,"{""hdp"": 3.5, ""over"": ""17.000"", ""under"": ""1.005""}",2026-05-12T08:59:25.59Z
71228890,2026-05-12 17:00,AL Faisaly (Jor),Ramtha SC,Jordan - Jordan Cup,Bet365,Both Teams To Score 2H,,,,,,,3.500,1.285,,"{""yes"": ""3.500"", ""no"": ""1.285""}",2026-05-12T09:04:43.994Z
69880304,2026-05-12 16:00,El Gouna FC,Kahrabaa Ismailia,Egypt - Premier League,Bet365,ML,,2.375,2.625,3.100,,,,,,"{""home"": ""2.375"", ""draw"": ""2.625"", ""away"": ""3.100""}",2026-05-12T10:32:02.717Z
69880304,2026-05-12 16:00,El Gouna FC,Kahrabaa Ismailia,Egypt - Premier League,Bet365,Draw No Bet,,1.571,,2.250,,,,,,"{""home"": ""1.571"", ""away"": ""2.250""}",2026-05-12T10:55:36.402Z
69880304,2026-05-12 16:00,El Gouna FC,Kahrabaa Ismailia,Egypt - Premier League,Bet365,Double Chance,El Gounah or Draw,,,,,1.250,,,,"{""label"": ""El Gounah or Draw"", ""under"": ""1.250""}",2026-05-12T07:51:26.382Z
69880304,2026-05-12 16:00,El Gouna FC,Kahrabaa Ismailia,Egypt - Premier League,Bet365,Double Chance,Draw or Kahraba Ismailia,,,,,1.550,,,,"{""label"": ""Draw or Kahraba Ismailia"", ""under"": ""1.550""}",2026-05-12T07:51:26.382Z
69880304,2026-05-12 16:00,El Gouna FC,Kahrabaa Ismailia,Egypt - Premier League,Bet365,Double Chance,El Gounah or Kahraba Ismailia,,,,,1.363,,,,"{""label"": ""El Gounah or Kahraba Ismailia"", ""under"": ""1.363""}",2026-05-12T07:51:26.382Z
69880304,2026-05-12 16:00,El Gouna FC,Kahrabaa Ismailia,Egypt - Premier League,Bet365,Spread,,2.050,,1.750,,,,,-0.25,"{""hdp"": -0.25, ""home"": ""2.050"", ""away"": ""1.750""}",2026-05-12T10:12:36.251Z
69880304,2026-05-12 16:00,El Gouna FC,Kahrabaa Ismailia,Egypt - Premier League,Bet365,Totals,,,,,1.800,2.000,,,1.75,"{""hdp"": 1.75, ""over"": ""1.800"", ""under"": ""2.000""}",2026-05-12T10:55:36.402Z
69880304,2026-05-12 16:00,El Gouna FC,Kahrabaa Ismailia,Egypt - Premier League,Bet365,Goals Over/Under,,,,,2.375,1.533,,,2.5,"{""hdp"": 2.5, ""over"": ""2.375"", ""under"": ""1.533""}",2026-05-12T10:47:31.998Z
69880304,2026-05-12 16:00,El Gouna FC,Kahrabaa Ismailia,Egypt - Premier League,Bet365,Both Teams To Score,,,,,,,2.100,1.666,,"{""yes"": ""2.100"", ""no"": ""1.666""}",2026-05-12T10:05:09.554Z
69880304,2026-05-12 16:00,El Gouna FC,Kahrabaa Ismailia,Egypt - Premier League,Bet365,Spread HT,,1.725,,2.075,,,,,0,"{""hdp"": 0, ""home"": ""1.725"", ""away"": ""2.075""}",2026-05-12T10:06:06.016Z
69880304,2026-05-12 16:00,El Gouna FC,Kahrabaa Ismailia,Egypt - Premier League,Bet365,Totals HT,,,,,1.800,2.000,,,0.75,"{""hdp"": 0.75, ""over"": ""1.800"", ""under"": ""2.000""}",2026-05-12T00:05:38.902Z
69880304,2026-05-12 16:00,El Gouna FC,Kahrabaa Ismailia,Egypt - Premier League,Bet365,European Handicap,,29.000,,,,,,,-3,"{""hdp"": -3, ""home"": ""29.000""}",2026-05-12T10:56:39.888Z
69880304,2026-05-12 16:00,El Gouna FC,Kahrabaa Ismailia,Egypt - Premier League,Bet365,European Handicap,,11.000,11.000,21.000,,,,,-2,"{""hdp"": -2, ""home"": ""11.000"", ""draw"": ""11.000"", ""away"": ""21.000""}",2026-05-12T10:56:39.888Z
69880304,2026-05-12 16:00,El Gouna FC,Kahrabaa Ismailia,Egypt - Premier League,Bet365,European Handicap,,1.285,,,,,,,1,"{""hdp"": 1, ""home"": ""1.285""}",2026-05-12T10:56:39.888Z
69880304,2026-05-12 16:00,El Gouna FC,Kahrabaa Ismailia,Egypt - Premier League,Bet365,European Handicap,,1.071,7.000,1.142,,,,,2,"{""hdp"": 2, ""home"": ""1.071"", ""draw"": ""7.000"", ""away"": ""1.142""}",2026-05-12T10:56:39.888Z
69880304,2026-05-12 16:00,El Gouna FC,Kahrabaa Ismailia,Egypt - Premier League,Bet365,European Handicap,,,17.000,1.040,,,,,3,"{""hdp"": 3, ""draw"": ""17.000"", ""away"": ""1.040""}",2026-05-12T10:56:39.888Z
69880304,2026-05-12 16:00,El Gouna FC,Kahrabaa Ismailia,Egypt - Premier League,Bet365,European Handicap,,,4.750,7.500,,,,,-1,"{""hdp"": -1, ""draw"": ""4.750"", ""away"": ""7.500""}",2026-05-12T10:56:39.888Z
69880304,2026-05-12 16:00,El Gouna FC,Kahrabaa Ismailia,Egypt - Premier League,Bet365,Corners Totals,,,,,1.850,1.950,,,8.5,"{""hdp"": 8.5, ""over"": ""1.850"", ""under"": ""1.950""}",2026-05-12T00:41:42.898Z
69880304,2026-05-12 16:00,El Gouna FC,Kahrabaa Ismailia,Egypt - Premier League,Bet365,Corners Totals HT,,,,,1.975,1.825,,,4,"{""hdp"": 4, ""over"": ""1.975"", ""under"": ""1.825""}",2026-05-12T00:23:30.284Z
69880304,2026-05-12 16:00,El Gouna FC,Kahrabaa Ismailia,Egypt - Premier League,Bet365,Number of Goals In Match,2 or 3 goals,,,,,2.000,,,,"{""label"": ""2 or 3 goals"", ""under"": ""2.000""}",2026-05-12T06:45:09.833Z
69880304,2026-05-12 16:00,El Gouna FC,Kahrabaa Ismailia,Egypt - Premier League,Bet365,Number of Goals In Match,Over 3 goals,,,,4.500,,,,,"{""label"": ""Over 3 goals"", ""over"": ""4.500""}",2026-05-12T06:45:09.833Z
69880304,2026-05-12 16:00,El Gouna FC,Kahrabaa Ismailia,Egypt - Premier League,Bet365,Number of Goals In Match,Under 2 goals,,,,,2.500,,,,"{""label"": ""Under 2 goals"", ""under"": ""2.500""}",2026-05-12T06:45:09.833Z
69880304,2026-05-12 16:00,El Gouna FC,Kahrabaa Ismailia,Egypt - Premier League,Bet365,1st Half Handicap,1 (-1),11.000,,,,,,,-1,"{""label"": ""1 (-1)"", ""hdp"": -1, ""home"": ""11.000""}",2026-05-12T10:55:36.402Z
69880304,2026-05-12 16:00,El Gouna FC,Kahrabaa Ismailia,Egypt - Premier League,Bet365,1st Half Handicap,Tie (1),,,1.363,,,,,1,"{""label"": ""Tie (1)"", ""hdp"": 1, ""away"": ""1.363""}",2026-05-12T10:55:36.402Z
69880304,2026-05-12 16:00,El Gouna FC,Kahrabaa Ismailia,Egypt - Premier League,Bet365,Team Total Goals Home,,,,,2.750,1.400,,,1.5,"{""hdp"": 1.5, ""over"": ""2.750"", ""under"": ""1.400""}",2026-05-12T09:17:56.142Z
69880304,2026-05-12 16:00,El Gouna FC,Kahrabaa Ismailia,Egypt - Premier League,Bet365,Team Total Goals Home,,,,,1.363,3.000,,,0.5,"{""hdp"": 0.5, ""over"": ""1.363"", ""under"": ""3.000""}",2026-05-12T09:17:56.142Z
69880304,2026-05-12 16:00,El Gouna FC,Kahrabaa Ismailia,Egypt - Premier League,Bet365,Team Total Goals Home,,,,,6.500,1.100,,,2.5,"{""hdp"": 2.5, ""over"": ""6.500"", ""under"": ""1.100""}",2026-05-12T09:17:56.142Z
69880304,2026-05-12 16:00,El Gouna FC,Kahrabaa Ismailia,Egypt - Premier League,Bet365,Team Total Goals Home,,,,,21.000,1.002,,,4.5,"{""hdp"": 4.5, ""over"": ""21.000"", ""under"": ""1.002""}",2026-05-12T09:17:56.142Z
69880304,2026-05-12 16:00,El Gouna FC,Kahrabaa Ismailia,Egypt - Premier League,Bet365,Team Total Goals Home,,,,,11.000,1.020,,,3.5,"{""hdp"": 3.5, ""over"": ""11.000"", ""under"": ""1.020""}",2026-05-12T09:17:56.142Z
69880304,2026-05-12 16:00,El Gouna FC,Kahrabaa Ismailia,Egypt - Premier League,Bet365,Both Teams To Score 2H,,,,,,,4.333,1.200,,"{""yes"": ""4.333"", ""no"": ""1.200""}",2026-05-12T10:05:09.554Z
69880304,2026-05-12 16:00,El Gouna FC,Kahrabaa Ismailia,Egypt - Premier League,Bet365,Exact Total Goals,2 Goals,,,,,3.250,,,,"{""label"": ""2 Goals"", ""under"": ""3.250""}",2026-05-12T06:29:16.447Z
69880304,2026-05-12 16:00,El Gouna FC,Kahrabaa Ismailia,Egypt - Premier League,Bet365,Exact Total Goals,3 Goals,,,,,4.750,,,,"{""label"": ""3 Goals"", ""under"": ""4.750""}",2026-05-12T06:29:16.447Z
69880304,2026-05-12 16:00,El Gouna FC,Kahrabaa Ismailia,Egypt - Premier League,Bet365,Exact Total Goals,5 Goals,,,,,17.000,,,,"{""label"": ""5 Goals"", ""under"": ""17.000""}",2026-05-12T06:29:16.447Z
69880304,2026-05-12 16:00,El Gouna FC,Kahrabaa Ismailia,Egypt - Premier League,Bet365,Exact Total Goals,6 Goals,,,,,34.000,,,,"{""label"": ""6 Goals"", ""under"": ""34.000""}",2026-05-12T06:29:16.447Z
69880304,2026-05-12 16:00,El Gouna FC,Kahrabaa Ismailia,Egypt - Premier League,Bet365,Exact Total Goals,7+ Goals,,,,,21.000,,,,"{""label"": ""7+ Goals"", ""under"": ""21.000""}",2026-05-12T06:29:16.447Z
69880304,2026-05-12 16:00,El Gouna FC,Kahrabaa Ismailia,Egypt - Premier League,Bet365,Exact Total Goals,0 Goals,,,,,6.000,,,,"{""label"": ""0 Goals"", ""under"": ""6.000""}",2026-05-12T06:29:16.447Z
69880304,2026-05-12 16:00,El Gouna FC,Kahrabaa Ismailia,Egypt - Premier League,Bet365,Exact Total Goals,1 Goal,,,,,3.750,,,,"{""label"": ""1 Goal"", ""under"": ""3.750""}",2026-05-12T06:29:16.447Z
69880304,2026-05-12 16:00,El Gouna FC,Kahrabaa Ismailia,Egypt - Premier League,Bet365,Exact Total Goals,4 Goals,,,,,8.000,,,,"{""label"": ""4 Goals"", ""under"": ""8.000""}",2026-05-12T06:29:16.447Z
69880304,2026-05-12 16:00,El Gouna FC,Kahrabaa Ismailia,Egypt - Premier League,Bet365,Corners,,,,,2.375,1.833,,,9,"{""hdp"": 9, ""over"": ""2.375"", ""under"": ""1.833""}",2026-05-12T01:11:25.418Z
69880304,2026-05-12 16:00,El Gouna FC,Kahrabaa Ismailia,Egypt - Premier League,Bet365,Specials,To Win From Behind (2),,,6.000,,,,,2,"{""label"": ""To Win From Behind (2)"", ""hdp"": 2, ""away"": ""6.000""}",2026-05-12T10:32:02.717Z
69880304,2026-05-12 16:00,El Gouna FC,Kahrabaa Ismailia,Egypt - Premier League,Bet365,Specials,To Win From Behind (1),4.333,,,,,,,1,"{""label"": ""To Win From Behind (1)"", ""hdp"": 1, ""home"": ""4.333""}",2026-05-12T10:32:02.717Z
69880304,2026-05-12 16:00,El Gouna FC,Kahrabaa Ismailia,Egypt - Premier League,Bet365,Team Total Goals Away,,,,,1.533,2.375,,,0.5,"{""hdp"": 0.5, ""over"": ""1.533"", ""under"": ""2.375""}",2026-05-12T09:17:56.142Z
69880304,2026-05-12 16:00,El Gouna FC,Kahrabaa Ismailia,Egypt - Premier League,Bet365,Team Total Goals Away,,,,,3.500,1.285,,,1.5,"{""hdp"": 1.5, ""over"": ""3.500"", ""under"": ""1.285""}",2026-05-12T09:17:56.142Z
69880304,2026-05-12 16:00,El Gouna FC,Kahrabaa Ismailia,Egypt - Premier League,Bet365,Team Total Goals Away,,,,,15.000,1.010,,,3.5,"{""hdp"": 3.5, ""over"": ""15.000"", ""under"": ""1.010""}",2026-05-12T09:17:56.142Z
69880304,2026-05-12 16:00,El Gouna FC,Kahrabaa Ismailia,Egypt - Premier League,Bet365,Team Total Goals Away,,,,,8.500,1.050,,,2.5,"{""hdp"": 2.5, ""over"": ""8.500"", ""under"": ""1.050""}",2026-05-12T09:17:56.142Z
69880304,2026-05-12 16:00,El Gouna FC,Kahrabaa Ismailia,Egypt - Premier League,Bet365,Total Corners,Under 6,,,,,6.000,,,,"{""label"": ""Under 6"", ""under"": ""6.000""}",2026-05-12T01:11:25.418Z
69880304,2026-05-12 16:00,El Gouna FC,Kahrabaa Ismailia,Egypt - Premier League,Bet365,Total Corners,6 - 8,,,,,2.600,,,,"{""label"": ""6 - 8"", ""under"": ""2.600""}",2026-05-12T01:11:25.418Z
69880304,2026-05-12 16:00,El Gouna FC,Kahrabaa Ismailia,Egypt - Premier League,Bet365,Total Corners,9 - 11,,,,,2.750,,,,"{""label"": ""9 - 11"", ""under"": ""2.750""}",2026-05-12T01:11:25.418Z
69880304,2026-05-12 16:00,El Gouna FC,Kahrabaa Ismailia,Egypt - Premier League,Bet365,Total Corners,12 - 14,,,,,6.000,,,,"{""label"": ""12 - 14"", ""under"": ""6.000""}",2026-05-12T01:11:25.418Z
69880304,2026-05-12 16:00,El Gouna FC,Kahrabaa Ismailia,Egypt - Premier League,Bet365,Total Corners,Over 14,,,,17.000,,,,,"{""label"": ""Over 14"", ""over"": ""17.000""}",2026-05-12T01:11:25.418Z
69880304,2026-05-12 16:00,El Gouna FC,Kahrabaa Ismailia,Egypt - Premier League,Bet365,Alternative Asian Handicap,,6.800,,1.105,,,,,-1.75,"{""hdp"": -1.75, ""home"": ""6.800"", ""away"": ""1.105""}",2026-05-12T09:30:24.369Z
69880304,2026-05-12 16:00,El Gouna FC,Kahrabaa Ismailia,Egypt - Premier League,Bet365,Alternative Asian Handicap,,5.250,,1.160,,,,,-1.5,"{""hdp"": -1.5, ""home"": ""5.250"", ""away"": ""1.160""}",2026-05-12T09:30:24.369Z
69880304,2026-05-12 16:00,El Gouna FC,Kahrabaa Ismailia,Egypt - Premier League,Bet365,Alternative Asian Handicap,,4.500,,6.800,,,,,-1.25,"{""hdp"": -1.25, ""home"": ""4.500"", ""away"": ""6.800""}",2026-05-12T09:30:24.369Z
69880304,2026-05-12 16:00,El Gouna FC,Kahrabaa Ismailia,Egypt - Premier League,Bet365,Alternative Asian Handicap,,4.000,,6.250,,,,,-1,"{""hdp"": -1, ""home"": ""4.000"", ""away"": ""6.250""}",2026-05-12T09:30:24.369Z
69880304,2026-05-12 16:00,El Gouna FC,Kahrabaa Ismailia,Egypt - Premier League,Bet365,Alternative Asian Handicap,,2.850,,4.100,,,,,-0.75,"{""hdp"": -0.75, ""home"": ""2.850"", ""away"": ""4.100""}",2026-05-12T09:30:24.369Z
69880304,2026-05-12 16:00,El Gouna FC,Kahrabaa Ismailia,Egypt - Premier League,Bet365,Alternative Asian Handicap,,2.375,,3.300,,,,,-0.5,"{""hdp"": -0.5, ""home"": ""2.375"", ""away"": ""3.300""}",2026-05-12T09:30:24.369Z
69880304,2026-05-12 16:00,El Gouna FC,Kahrabaa Ismailia,Egypt - Premier League,Bet365,Alternative Asian Handicap,,1.650,,2.200,,,,,0,"{""hdp"": 0, ""home"": ""1.650"", ""away"": ""2.200""}",2026-05-12T09:30:24.369Z
69880304,2026-05-12 16:00,El Gouna FC,Kahrabaa Ismailia,Egypt - Premier League,Bet365,Alternative Asian Handicap,,1.450,,2.675,,,,,0.25,"{""hdp"": 0.25, ""home"": ""1.450"", ""away"": ""2.675""}",2026-05-12T09:30:24.369Z
69880304,2026-05-12 16:00,El Gouna FC,Kahrabaa Ismailia,Egypt - Premier League,Bet365,Alternative Asian Handicap,,1.325,,1.550,,,,,0.5,"{""hdp"": 0.5, ""home"": ""1.325"", ""away"": ""1.550""}",2026-05-12T09:30:24.369Z
69880304,2026-05-12 16:00,El Gouna FC,Kahrabaa Ismailia,Egypt - Premier League,Bet365,Alternative Asian Handicap,,1.225,,1.400,,,,,0.75,"{""hdp"": 0.75, ""home"": ""1.225"", ""away"": ""1.400""}",2026-05-12T09:30:24.369Z
69880304,2026-05-12 16:00,El Gouna FC,Kahrabaa Ismailia,Egypt - Premier League,Bet365,Alternative Asian Handicap,,1.120,,1.230,,,,,1,"{""hdp"": 1, ""home"": ""1.120"", ""away"": ""1.230""}",2026-05-12T09:30:24.369Z
69880304,2026-05-12 16:00,El Gouna FC,Kahrabaa Ismailia,Egypt - Premier League,Bet365,Alternative Asian Handicap,,1.105,,1.190,,,,,1.25,"{""hdp"": 1.25, ""home"": ""1.105"", ""away"": ""1.190""}",2026-05-12T09:30:24.369Z
69880304,2026-05-12 16:00,El Gouna FC,Kahrabaa Ismailia,Egypt - Premier League,Bet365,Both Teams To Score HT,,,,,,,6.000,1.125,,"{""yes"": ""6.000"", ""no"": ""1.125""}",2026-05-11T11:06:10.724Z
69880304,2026-05-12 16:00,El Gouna FC,Kahrabaa Ismailia,Egypt - Premier League,Bet365,Corners 2-Way,,,,,1.833,1.833,,,8.5,"{""hdp"": 8.5, ""over"": ""1.833"", ""under"": ""1.833""}",2026-05-12T01:11:25.418Z
69880304,2026-05-12 16:00,El Gouna FC,Kahrabaa Ismailia,Egypt - Premier League,Bet365,Alternative Corners,,,,,1.833,2.500,,,8,"{""hdp"": 8, ""over"": ""1.833"", ""under"": ""2.500""}",2026-05-12T00:10:37.573Z
69880304,2026-05-12 16:00,El Gouna FC,Kahrabaa Ismailia,Egypt - Premier League,Bet365,Alternative Corners,,,,,3.400,1.533,,,10,"{""hdp"": 10, ""over"": ""3.400"", ""under"": ""1.533""}",2026-05-12T00:10:37.573Z
69880304,2026-05-12 16:00,El Gouna FC,Kahrabaa Ismailia,Egypt - Premier League,Bet365,Alternative Corners,,,,,4.500,1.300,,,11,"{""hdp"": 11, ""over"": ""4.500"", ""under"": ""1.300""}",2026-05-12T00:10:37.573Z
69880304,2026-05-12 16:00,El Gouna FC,Kahrabaa Ismailia,Egypt - Premier League,Bet365,Alternative Corners,,,,,7.000,1.181,,,12,"{""hdp"": 12, ""over"": ""7.000"", ""under"": ""1.181""}",2026-05-12T00:10:37.573Z
69880304,2026-05-12 16:00,El Gouna FC,Kahrabaa Ismailia,Egypt - Premier League,Bet365,Alternative Corners,,,,,11.000,1.100,,,13,"{""hdp"": 13, ""over"": ""11.000"", ""under"": ""1.100""}",2026-05-12T00:10:37.573Z
69880304,2026-05-12 16:00,El Gouna FC,Kahrabaa Ismailia,Egypt - Premier League,Bet365,Alternative Corners,,,,,17.000,1.050,,,14,"{""hdp"": 14, ""over"": ""17.000"", ""under"": ""1.050""}",2026-05-12T00:10:37.573Z
69880304,2026-05-12 16:00,El Gouna FC,Kahrabaa Ismailia,Egypt - Premier League,Bet365,Alternative Corners,,,,,21.000,1.025,,,15,"{""hdp"": 15, ""over"": ""21.000"", ""under"": ""1.025""}",2026-05-12T00:10:37.573Z
69880304,2026-05-12 16:00,El Gouna FC,Kahrabaa Ismailia,Egypt - Premier League,Bet365,Alternative Corners,,,,,1.050,21.000,,,4,"{""hdp"": 4, ""over"": ""1.050"", ""under"": ""21.000""}",2026-05-12T00:10:37.573Z
69880304,2026-05-12 16:00,El Gouna FC,Kahrabaa Ismailia,Egypt - Premier League,Bet365,Alternative Corners,,,,,1.125,11.000,,,5,"{""hdp"": 5, ""over"": ""1.125"", ""under"": ""11.000""}",2026-05-12T00:10:37.573Z
69880304,2026-05-12 16:00,El Gouna FC,Kahrabaa Ismailia,Egypt - Premier League,Bet365,Alternative Corners,,,,,1.250,6.000,,,6,"{""hdp"": 6, ""over"": ""1.250"", ""under"": ""6.000""}",2026-05-12T00:10:37.573Z
69880304,2026-05-12 16:00,El Gouna FC,Kahrabaa Ismailia,Egypt - Premier League,Bet365,Alternative Corners,,,,,1.500,3.750,,,7,"{""hdp"": 7, ""over"": ""1.500"", ""under"": ""3.750""}",2026-05-12T00:10:37.573Z
69880304,2026-05-12 16:00,El Gouna FC,Kahrabaa Ismailia,Egypt - Premier League,Bet365,Half Time Result,1,,,,,3.000,,,1,"{""label"": ""1"", ""hdp"": 1, ""under"": ""3.000""}",2026-05-12T10:55:36.402Z
69880304,2026-05-12 16:00,El Gouna FC,Kahrabaa Ismailia,Egypt - Premier League,Bet365,Half Time Result,Draw,,,,,1.909,,,,"{""label"": ""Draw"", ""under"": ""1.909""}",2026-05-12T10:55:36.402Z
69880304,2026-05-12 16:00,El Gouna FC,Kahrabaa Ismailia,Egypt - Premier League,Bet365,Half Time Result,2,,,,,4.000,,,2,"{""label"": ""2"", ""hdp"": 2, ""under"": ""4.000""}",2026-05-12T10:55:36.402Z
69880304,2026-05-12 16:00,El Gouna FC,Kahrabaa Ismailia,Egypt - Premier League,Bet365,Alternative Total Goals,,,,,1.100,6.500,,,0.5,"{""hdp"": 0.5, ""over"": ""1.100"", ""under"": ""6.500""}",2026-05-12T10:47:31.998Z
69880304,2026-05-12 16:00,El Gouna FC,Kahrabaa Ismailia,Egypt - Premier League,Bet365,Alternative Total Goals,,,,,1.444,2.625,,,1.5,"{""hdp"": 1.5, ""over"": ""1.444"", ""under"": ""2.625""}",2026-05-12T10:47:31.998Z
69880304,2026-05-12 16:00,El Gouna FC,Kahrabaa Ismailia,Egypt - Premier League,Bet365,Alternative Total Goals,,,,,4.500,1.166,,,3.5,"{""hdp"": 3.5, ""over"": ""4.500"", ""under"": ""1.166""}",2026-05-12T10:47:31.998Z
69880304,2026-05-12 16:00,El Gouna FC,Kahrabaa Ismailia,Egypt - Premier League,Bet365,Alternative Total Goals,,,,,8.500,1.050,,,4.5,"{""hdp"": 4.5, ""over"": ""8.500"", ""under"": ""1.050""}",2026-05-12T10:47:31.998Z
69880304,2026-05-12 16:00,El Gouna FC,Kahrabaa Ismailia,Egypt - Premier League,Bet365,Alternative Total Goals,,,,,13.000,1.012,,,5.5,"{""hdp"": 5.5, ""over"": ""13.000"", ""under"": ""1.012""}",2026-05-12T10:47:31.998Z
69880304,2026-05-12 16:00,El Gouna FC,Kahrabaa Ismailia,Egypt - Premier League,Bet365,Alternative Total Goals,,,,,21.000,1.002,,,6.5,"{""hdp"": 6.5, ""over"": ""21.000"", ""under"": ""1.002""}",2026-05-12T10:47:31.998Z
69880304,2026-05-12 16:00,El Gouna FC,Kahrabaa Ismailia,Egypt - Premier League,Bet365,Correct Score,4-2,,,,,,,,,"{""label"": ""4-2"", ""odds"": ""81.000""}",2026-05-12T10:55:36.402Z
69880304,2026-05-12 16:00,El Gouna FC,Kahrabaa Ismailia,Egypt - Premier League,Bet365,Correct Score,1-0,,,,,,,,,"{""label"": ""1-0"", ""odds"": ""6.000""}",2026-05-12T10:55:36.402Z
69880304,2026-05-12 16:00,El Gouna FC,Kahrabaa Ismailia,Egypt - Premier League,Bet365,Correct Score,0-0,,,,,,,,,"{""label"": ""0-0"", ""odds"": ""6.000""}",2026-05-12T10:55:36.402Z
69880304,2026-05-12 16:00,El Gouna FC,Kahrabaa Ismailia,Egypt - Premier League,Bet365,Correct Score,1-1,,,,,,,,,"{""label"": ""1-1"", ""odds"": ""6.000""}",2026-05-12T10:55:36.402Z
69880304,2026-05-12 16:00,El Gouna FC,Kahrabaa Ismailia,Egypt - Premier League,Bet365,Correct Score,2-0,,,,,,,,,"{""label"": ""2-0"", ""odds"": ""9.500""}",2026-05-12T10:55:36.402Z
69880304,2026-05-12 16:00,El Gouna FC,Kahrabaa Ismailia,Egypt - Premier League,Bet365,Correct Score,2-1,,,,,,,,,"{""label"": ""2-1"", ""odds"": ""10.000""}",2026-05-12T10:55:36.402Z
69880304,2026-05-12 16:00,El Gouna FC,Kahrabaa Ismailia,Egypt - Premier League,Bet365,Correct Score,2-2,,,,,,,,,"{""label"": ""2-2"", ""odds"": ""17.000""}",2026-05-12T10:55:36.402Z
69880304,2026-05-12 16:00,El Gouna FC,Kahrabaa Ismailia,Egypt - Premier League,Bet365,Correct Score,3-0,,,,,,,,,"{""label"": ""3-0"", ""odds"": ""21.000""}",2026-05-12T10:55:36.402Z
69880304,2026-05-12 16:00,El Gouna FC,Kahrabaa Ismailia,Egypt - Premier League,Bet365,Correct Score,3-1,,,,,,,,,"{""label"": ""3-1"", ""odds"": ""23.000""}",2026-05-12T10:55:36.402Z
69880304,2026-05-12 16:00,El Gouna FC,Kahrabaa Ismailia,Egypt - Premier League,Bet365,Correct Score,3-3,,,,,,,,,"{""label"": ""3-3"", ""odds"": ""67.000""}",2026-05-12T10:55:36.402Z
69880304,2026-05-12 16:00,El Gouna FC,Kahrabaa Ismailia,Egypt - Premier League,Bet365,Correct Score,4-0,,,,,,,,,"{""label"": ""4-0"", ""odds"": ""41.000""}",2026-05-12T10:55:36.402Z
69880304,2026-05-12 16:00,El Gouna FC,Kahrabaa Ismailia,Egypt - Premier League,Bet365,Correct Score,4-3,,,,,,,,,"{""label"": ""4-3"", ""odds"": ""151.000""}",2026-05-12T10:55:36.402Z
69880304,2026-05-12 16:00,El Gouna FC,Kahrabaa Ismailia,Egypt - Premier League,Bet365,Correct Score,5-0,,,,,,,,,"{""label"": ""5-0"", ""odds"": ""101.000""}",2026-05-12T10:55:36.402Z
69880304,2026-05-12 16:00,El Gouna FC,Kahrabaa Ismailia,Egypt - Premier League,Bet365,Correct Score,5-1,,,,,,,,,"{""label"": ""5-1"", ""odds"": ""101.000""}",2026-05-12T10:55:36.402Z
69880304,2026-05-12 16:00,El Gouna FC,Kahrabaa Ismailia,Egypt - Premier League,Bet365,Correct Score,3-2,,,,,,,,,"{""label"": ""3-2"", ""odds"": ""41.000""}",2026-05-12T10:55:36.402Z
69880304,2026-05-12 16:00,El Gouna FC,Kahrabaa Ismailia,Egypt - Premier League,Bet365,Correct Score,4-1,,,,,,,,,"{""label"": ""4-1"", ""odds"": ""51.000""}",2026-05-12T10:55:36.402Z
69880304,2026-05-12 16:00,El Gouna FC,Kahrabaa Ismailia,Egypt - Premier League,Bet365,Alternative Goal Line,,,,,1.325,3.300,,,1.25,"{""hdp"": 1.25, ""over"": ""1.325"", ""under"": ""3.300""}",2026-05-12T06:06:01.136Z
69880304,2026-05-12 16:00,El Gouna FC,Kahrabaa Ismailia,Egypt - Premier League,Bet365,Alternative Goal Line,,,,,1.625,2.250,,,1.75,"{""hdp"": 1.75, ""over"": ""1.625"", ""under"": ""2.250""}",2026-05-12T06:06:01.136Z
69880304,2026-05-12 16:00,El Gouna FC,Kahrabaa Ismailia,Egypt - Premier League,Bet365,Alternative Goal Line,,,,,2.500,1.500,,,2.5,"{""hdp"": 2.5, ""over"": ""2.500"", ""under"": ""1.500""}",2026-05-12T06:06:01.136Z
69880304,2026-05-12 16:00,El Gouna FC,Kahrabaa Ismailia,Egypt - Premier League,Bet365,Alternative Goal Line,,,,,1.115,6.400,,,0.5,"{""hdp"": 0.5, ""over"": ""1.115"", ""under"": ""6.400""}",2026-05-12T06:06:01.136Z
69880304,2026-05-12 16:00,El Gouna FC,Kahrabaa Ismailia,Egypt - Premier League,Bet365,Alternative Goal Line,,,,,1.500,2.500,,,1.5,"{""hdp"": 1.5, ""over"": ""1.500"", ""under"": ""2.500""}",2026-05-12T06:06:01.136Z
69880304,2026-05-12 16:00,El Gouna FC,Kahrabaa Ismailia,Egypt - Premier League,Bet365,Alternative Goal Line,,,,,2.250,1.625,,,2.25,"{""hdp"": 2.25, ""over"": ""2.250"", ""under"": ""1.625""}",2026-05-12T06:06:01.136Z
69880304,2026-05-12 16:00,El Gouna FC,Kahrabaa Ismailia,Egypt - Premier League,Bet365,Alternative Goal Line,,,,,3.100,1.350,,,2.75,"{""hdp"": 2.75, ""over"": ""3.100"", ""under"": ""1.350""}",2026-05-12T06:06:01.136Z
69880304,2026-05-12 16:00,El Gouna FC,Kahrabaa Ismailia,Egypt - Premier League,Bet365,Alternative Goal Line,,,,,4.000,1.230,,,3,"{""hdp"": 3, ""over"": ""4.000"", ""under"": ""1.230""}",2026-05-12T06:06:01.136Z
69880304,2026-05-12 16:00,El Gouna FC,Kahrabaa Ismailia,Egypt - Premier League,Bet365,Alternative Goal Line,,,,,4.800,1.175,,,3.5,"{""hdp"": 3.5, ""over"": ""4.800"", ""under"": ""1.175""}",2026-05-12T06:06:01.136Z
69880304,2026-05-12 16:00,El Gouna FC,Kahrabaa Ismailia,Egypt - Premier League,Bet365,Alternative Goal Line,,,,,6.400,1.115,,,3.75,"{""hdp"": 3.75, ""over"": ""6.400"", ""under"": ""1.115""}",2026-05-12T06:06:01.136Z
69880304,2026-05-12 16:00,El Gouna FC,Kahrabaa Ismailia,Egypt - Premier League,Bet365,Alternative Goal Line,,,,,4.400,1.200,,,3.25,"{""hdp"": 3.25, ""over"": ""4.400"", ""under"": ""1.200""}",2026-05-12T06:06:01.136Z
69880304,2026-05-12 16:00,El Gouna FC,Kahrabaa Ismailia,Egypt - Premier League,Bet365,Alternative Goal Line,,,,,1.130,5.900,,,0.75,"{""hdp"": 0.75, ""over"": ""1.130"", ""under"": ""5.900""}",2026-05-12T06:06:01.136Z
69880304,2026-05-12 16:00,El Gouna FC,Kahrabaa Ismailia,Egypt - Premier League,Bet365,Alternative Goal Line,,,,,1.160,5.250,,,1,"{""hdp"": 1, ""over"": ""1.160"", ""under"": ""5.250""}",2026-05-12T06:06:01.136Z
69880306,2026-05-12 16:00,Pharco FC,Modern Sport FC,Egypt - Premier League,Bet365,ML,,3.300,2.625,2.300,,,,,,"{""home"": ""3.300"", ""draw"": ""2.625"", ""away"": ""2.300""}",2026-05-12T05:01:41.353Z
69880306,2026-05-12 16:00,Pharco FC,Modern Sport FC,Egypt - Premier League,Bet365,Draw No Bet,,2.250,,1.571,,,,,,"{""home"": ""2.250"", ""away"": ""1.571""}",2026-05-12T07:08:05.375Z
69880306,2026-05-12 16:00,Pharco FC,Modern Sport FC,Egypt - Premier League,Bet365,Double Chance,Pharco FC or Draw,,,,,1.500,,,,"{""label"": ""Pharco FC or Draw"", ""under"": ""1.500""}",2026-05-12T07:25:47.244Z
69880306,2026-05-12 16:00,Pharco FC,Modern Sport FC,Egypt - Premier League,Bet365,Double Chance,Draw or Modern Sport FC,,,,,1.250,,,,"{""label"": ""Draw or Modern Sport FC"", ""under"": ""1.250""}",2026-05-12T07:25:47.244Z
69880306,2026-05-12 16:00,Pharco FC,Modern Sport FC,Egypt - Premier League,Bet365,Double Chance,Pharco FC or Modern Sport FC,,,,,1.400,,,,"{""label"": ""Pharco FC or Modern Sport FC"", ""under"": ""1.400""}",2026-05-12T07:25:47.244Z
69880306,2026-05-12 16:00,Pharco FC,Modern Sport FC,Egypt - Premier League,Bet365,Spread,,1.800,,2.000,,,,,0.25,"{""hdp"": 0.25, ""home"": ""1.800"", ""away"": ""2.000""}",2026-05-12T10:34:53.174Z
69880306,2026-05-12 16:00,Pharco FC,Modern Sport FC,Egypt - Premier League,Bet365,Totals,,,,,1.750,2.050,,,1.75,"{""hdp"": 1.75, ""over"": ""1.750"", ""under"": ""2.050""}",2026-05-12T09:17:18.996Z
69880306,2026-05-12 16:00,Pharco FC,Modern Sport FC,Egypt - Premier League,Bet365,Goals Over/Under,,,,,2.750,1.400,,,2.5,"{""hdp"": 2.5, ""over"": ""2.750"", ""under"": ""1.400""}",2026-05-12T06:03:07.724Z
69880306,2026-05-12 16:00,Pharco FC,Modern Sport FC,Egypt - Premier League,Bet365,Both Teams To Score,,,,,,,2.250,1.571,,"{""yes"": ""2.250"", ""no"": ""1.571""}",2026-05-11T11:01:05.693Z
69880306,2026-05-12 16:00,Pharco FC,Modern Sport FC,Egypt - Premier League,Bet365,Spread HT,,2.150,,1.675,,,,,0,"{""hdp"": 0, ""home"": ""2.150"", ""away"": ""1.675""}",2026-05-11T12:57:07.551Z
69880306,2026-05-12 16:00,Pharco FC,Modern Sport FC,Egypt - Premier League,Bet365,Totals HT,,,,,1.900,1.900,,,0.75,"{""hdp"": 0.75, ""over"": ""1.900"", ""under"": ""1.900""}",2026-05-12T10:10:29.787Z
69880306,2026-05-12 16:00,Pharco FC,Modern Sport FC,Egypt - Premier League,Bet365,European Handicap,,8.000,,,,,,,-1,"{""hdp"": -1, ""home"": ""8.000""}",2026-05-12T10:56:39.888Z
69880306,2026-05-12 16:00,Pharco FC,Modern Sport FC,Egypt - Premier League,Bet365,European Handicap,,1.035,,,,,,,3,"{""hdp"": 3, ""home"": ""1.035""}",2026-05-12T10:56:39.888Z
69880306,2026-05-12 16:00,Pharco FC,Modern Sport FC,Egypt - Premier League,Bet365,European Handicap,,,4.750,1.250,,,,,1,"{""hdp"": 1, ""draw"": ""4.750"", ""away"": ""1.250""}",2026-05-12T10:56:39.888Z
69880306,2026-05-12 16:00,Pharco FC,Modern Sport FC,Egypt - Premier League,Bet365,European Handicap,,,17.000,34.000,,,,,-3,"{""hdp"": -3, ""draw"": ""17.000"", ""away"": ""34.000""}",2026-05-12T10:56:39.888Z
69880306,2026-05-12 16:00,Pharco FC,Modern Sport FC,Egypt - Premier League,Bet365,Corners Totals,,,,,1.900,1.900,,,9,"{""hdp"": 9, ""over"": ""1.900"", ""under"": ""1.900""}",2026-05-11T21:41:12.333Z
69880306,2026-05-12 16:00,Pharco FC,Modern Sport FC,Egypt - Premier League,Bet365,Corners Totals HT,,,,,1.800,2.000,,,4,"{""hdp"": 4, ""over"": ""1.800"", ""under"": ""2.000""}",2026-05-11T20:58:15.197Z
69880306,2026-05-12 16:00,Pharco FC,Modern Sport FC,Egypt - Premier League,Bet365,Number of Goals In Match,Under 2 goals,,,,,2.375,,,,"{""label"": ""Under 2 goals"", ""under"": ""2.375""}",2026-05-12T10:44:27.455Z
69880306,2026-05-12 16:00,Pharco FC,Modern Sport FC,Egypt - Premier League,Bet365,Number of Goals In Match,2 or 3 goals,,,,,2.000,,,,"{""label"": ""2 or 3 goals"", ""under"": ""2.000""}",2026-05-12T10:44:27.455Z
69880306,2026-05-12 16:00,Pharco FC,Modern Sport FC,Egypt - Premier League,Bet365,Number of Goals In Match,Over 3 goals,,,,5.000,,,,,"{""label"": ""Over 3 goals"", ""over"": ""5.000""}",2026-05-12T10:44:27.455Z
69880306,2026-05-12 16:00,Pharco FC,Modern Sport FC,Egypt - Premier League,Bet365,Half Time Result,1,,,,,4.000,,,1,"{""label"": ""1"", ""hdp"": 1, ""under"": ""4.000""}",2026-05-11T11:26:14.188Z
69880306,2026-05-12 16:00,Pharco FC,Modern Sport FC,Egypt - Premier League,Bet365,Half Time Result,Draw,,,,,1.833,,,,"{""label"": ""Draw"", ""under"": ""1.833""}",2026-05-11T11:26:14.188Z
69880306,2026-05-12 16:00,Pharco FC,Modern Sport FC,Egypt - Premier League,Bet365,Half Time Result,2,,,,,3.100,,,2,"{""label"": ""2"", ""hdp"": 2, ""under"": ""3.100""}",2026-05-11T11:26:14.188Z
69880306,2026-05-12 16:00,Pharco FC,Modern Sport FC,Egypt - Premier League,Bet365,Corners,,,,,2.100,2.100,,,9,"{""hdp"": 9, ""over"": ""2.100"", ""under"": ""2.100""}",2026-05-11T20:04:15.015Z
69880306,2026-05-12 16:00,Pharco FC,Modern Sport FC,Egypt - Premier League,Bet365,Exact Total Goals,2 Goals,,,,,3.250,,,,"{""label"": ""2 Goals"", ""under"": ""3.250""}",2026-05-12T08:25:05.035Z
69880306,2026-05-12 16:00,Pharco FC,Modern Sport FC,Egypt - Premier League,Bet365,Exact Total Goals,3 Goals,,,,,5.000,,,,"{""label"": ""3 Goals"", ""under"": ""5.000""}",2026-05-12T08:25:05.035Z
69880306,2026-05-12 16:00,Pharco FC,Modern Sport FC,Egypt - Premier League,Bet365,Exact Total Goals,6 Goals,,,,,41.000,,,,"{""label"": ""6 Goals"", ""under"": ""41.000""}",2026-05-12T08:25:05.035Z
69880306,2026-05-12 16:00,Pharco FC,Modern Sport FC,Egypt - Premier League,Bet365,Exact Total Goals,7+ Goals,,,,,67.000,,,,"{""label"": ""7+ Goals"", ""under"": ""67.000""}",2026-05-12T08:25:05.035Z
69880306,2026-05-12 16:00,Pharco FC,Modern Sport FC,Egypt - Premier League,Bet365,Exact Total Goals,1 Goal,,,,,3.600,,,,"{""label"": ""1 Goal"", ""under"": ""3.600""}",2026-05-12T08:25:05.035Z
69880306,2026-05-12 16:00,Pharco FC,Modern Sport FC,Egypt - Premier League,Bet365,Exact Total Goals,4 Goals,,,,,9.000,,,,"{""label"": ""4 Goals"", ""under"": ""9.000""}",2026-05-12T08:25:05.035Z
69880306,2026-05-12 16:00,Pharco FC,Modern Sport FC,Egypt - Premier League,Bet365,Exact Total Goals,0 Goals,,,,,5.500,,,,"{""label"": ""0 Goals"", ""under"": ""5.500""}",2026-05-12T08:25:05.035Z
69880306,2026-05-12 16:00,Pharco FC,Modern Sport FC,Egypt - Premier League,Bet365,Exact Total Goals,5 Goals,,,,,21.000,,,,"{""label"": ""5 Goals"", ""under"": ""21.000""}",2026-05-12T08:25:05.035Z
69880306,2026-05-12 16:00,Pharco FC,Modern Sport FC,Egypt - Premier League,Bet365,Both Teams To Score 2H,,,,,,,4.500,1.181,,"{""yes"": ""4.500"", ""no"": ""1.181""}",2026-05-12T10:49:40.847Z
69880306,2026-05-12 16:00,Pharco FC,Modern Sport FC,Egypt - Premier League,Bet365,Specials,To Win From Behind (1),6.500,,,,,,,1,"{""label"": ""To Win From Behind (1)"", ""hdp"": 1, ""home"": ""6.500""}",2026-05-11T11:08:16.397Z
69880306,2026-05-12 16:00,Pharco FC,Modern Sport FC,Egypt - Premier League,Bet365,Specials,To Win From Behind (2),,,5.000,,,,,2,"{""label"": ""To Win From Behind (2)"", ""hdp"": 2, ""away"": ""5.000""}",2026-05-11T11:08:16.397Z
69880306,2026-05-12 16:00,Pharco FC,Modern Sport FC,Egypt - Premier League,Bet365,Alternative Goal Line,,,,,2.425,1.525,,,2.25,"{""hdp"": 2.25, ""over"": ""2.425"", ""under"": ""1.525""}",2026-05-12T10:32:02.717Z
69880306,2026-05-12 16:00,Pharco FC,Modern Sport FC,Egypt - Premier League,Bet365,Alternative Goal Line,,,,,5.750,1.140,,,3.5,"{""hdp"": 3.5, ""over"": ""5.750"", ""under"": ""1.140""}",2026-05-12T10:32:02.717Z
69880306,2026-05-12 16:00,Pharco FC,Modern Sport FC,Egypt - Premier League,Bet365,Alternative Goal Line,,,,,3.450,1.300,,,2.75,"{""hdp"": 2.75, ""over"": ""3.450"", ""under"": ""1.300""}",2026-05-12T10:32:02.717Z
69880306,2026-05-12 16:00,Pharco FC,Modern Sport FC,Egypt - Premier League,Bet365,Alternative Goal Line,,,,,1.140,5.750,,,0.5,"{""hdp"": 0.5, ""over"": ""1.140"", ""under"": ""5.750""}",2026-05-12T10:32:02.717Z
69880306,2026-05-12 16:00,Pharco FC,Modern Sport FC,Egypt - Premier League,Bet365,Alternative Goal Line,,,,,1.160,5.250,,,0.75,"{""hdp"": 0.75, ""over"": ""1.160"", ""under"": ""5.250""}",2026-05-12T10:32:02.717Z
69880306,2026-05-12 16:00,Pharco FC,Modern Sport FC,Egypt - Premier League,Bet365,Alternative Goal Line,,,,,1.200,4.400,,,1,"{""hdp"": 1, ""over"": ""1.200"", ""under"": ""4.400""}",2026-05-12T10:32:02.717Z
69880306,2026-05-12 16:00,Pharco FC,Modern Sport FC,Egypt - Premier League,Bet365,Alternative Goal Line,,,,,1.375,3.000,,,1.25,"{""hdp"": 1.25, ""over"": ""1.375"", ""under"": ""3.000""}",2026-05-12T10:32:02.717Z
69880306,2026-05-12 16:00,Pharco FC,Modern Sport FC,Egypt - Premier League,Bet365,Alternative Goal Line,,,,,1.575,2.350,,,1.5,"{""hdp"": 1.5, ""over"": ""1.575"", ""under"": ""2.350""}",2026-05-12T10:32:02.717Z
69880306,2026-05-12 16:00,Pharco FC,Modern Sport FC,Egypt - Premier League,Bet365,Alternative Goal Line,,,,,2.075,1.725,,,2,"{""hdp"": 2, ""over"": ""2.075"", ""under"": ""1.725""}",2026-05-12T10:32:02.717Z
69880306,2026-05-12 16:00,Pharco FC,Modern Sport FC,Egypt - Premier League,Bet365,Alternative Goal Line,,,,,2.750,1.425,,,2.5,"{""hdp"": 2.5, ""over"": ""2.750"", ""under"": ""1.425""}",2026-05-12T10:32:02.717Z
69880306,2026-05-12 16:00,Pharco FC,Modern Sport FC,Egypt - Premier League,Bet365,Alternative Goal Line,,,,,4.650,1.180,,,3,"{""hdp"": 3, ""over"": ""4.650"", ""under"": ""1.180""}",2026-05-12T10:32:02.717Z
69880306,2026-05-12 16:00,Pharco FC,Modern Sport FC,Egypt - Premier League,Bet365,Alternative Goal Line,,,,,5.250,1.160,,,3.25,"{""hdp"": 3.25, ""over"": ""5.250"", ""under"": ""1.160""}",2026-05-12T10:32:02.717Z
69880306,2026-05-12 16:00,Pharco FC,Modern Sport FC,Egypt - Premier League,Bet365,Alternative Total Goals,,,,,1.125,5.500,,,0.5,"{""hdp"": 0.5, ""over"": ""1.125"", ""under"": ""5.500""}",2026-05-12T10:49:40.847Z
69880306,2026-05-12 16:00,Pharco FC,Modern Sport FC,Egypt - Premier League,Bet365,Alternative Total Goals,,,,,5.000,1.142,,,3.5,"{""hdp"": 3.5, ""over"": ""5.000"", ""under"": ""1.142""}",2026-05-12T10:49:40.847Z
69880306,2026-05-12 16:00,Pharco FC,Modern Sport FC,Egypt - Premier League,Bet365,Alternative Total Goals,,,,,9.000,1.040,,,4.5,"{""hdp"": 4.5, ""over"": ""9.000"", ""under"": ""1.040""}",2026-05-12T10:49:40.847Z
69880306,2026-05-12 16:00,Pharco FC,Modern Sport FC,Egypt - Premier League,Bet365,Alternative Total Goals,,,,,15.000,1.010,,,5.5,"{""hdp"": 5.5, ""over"": ""15.000"", ""under"": ""1.010""}",2026-05-12T10:49:40.847Z
69880306,2026-05-12 16:00,Pharco FC,Modern Sport FC,Egypt - Premier League,Bet365,Alternative Total Goals,,,,,1.571,2.250,,,1.5,"{""hdp"": 1.5, ""over"": ""1.571"", ""under"": ""2.250""}",2026-05-12T10:49:40.847Z
69880306,2026-05-12 16:00,Pharco FC,Modern Sport FC,Egypt - Premier League,Bet365,Corners 2-Way,,,,,1.666,2.100,,,8.5,"{""hdp"": 8.5, ""over"": ""1.666"", ""under"": ""2.100""}",2026-05-11T20:11:22.769Z
69880306,2026-05-12 16:00,Pharco FC,Modern Sport FC,Egypt - Premier League,Bet365,Total Corners,Under 6,,,,,7.000,,,,"{""label"": ""Under 6"", ""under"": ""7.000""}",2026-05-11T20:11:22.769Z
69880306,2026-05-12 16:00,Pharco FC,Modern Sport FC,Egypt - Premier League,Bet365,Total Corners,6 - 8,,,,,2.750,,,,"{""label"": ""6 - 8"", ""under"": ""2.750""}",2026-05-11T20:11:22.769Z
69880306,2026-05-12 16:00,Pharco FC,Modern Sport FC,Egypt - Premier League,Bet365,Total Corners,9 - 11,,,,,2.625,,,,"{""label"": ""9 - 11"", ""under"": ""2.625""}",2026-05-11T20:11:22.769Z
69880306,2026-05-12 16:00,Pharco FC,Modern Sport FC,Egypt - Premier League,Bet365,Total Corners,12 - 14,,,,,5.000,,,,"{""label"": ""12 - 14"", ""under"": ""5.000""}",2026-05-11T20:11:22.769Z
69880306,2026-05-12 16:00,Pharco FC,Modern Sport FC,Egypt - Premier League,Bet365,Total Corners,Over 14,,,,13.000,,,,,"{""label"": ""Over 14"", ""over"": ""13.000""}",2026-05-11T20:11:22.769Z
69880306,2026-05-12 16:00,Pharco FC,Modern Sport FC,Egypt - Premier League,Bet365,Alternative Corners,,,,,4.000,1.400,,,11,"{""hdp"": 11, ""over"": ""4.000"", ""under"": ""1.400""}",2026-05-11T22:59:16.645Z
69880306,2026-05-12 16:00,Pharco FC,Modern Sport FC,Egypt - Premier League,Bet365,Alternative Corners,,,,,6.000,1.222,,,12,"{""hdp"": 12, ""over"": ""6.000"", ""under"": ""1.222""}",2026-05-11T22:59:16.645Z
69880306,2026-05-12 16:00,Pharco FC,Modern Sport FC,Egypt - Premier League,Bet365,Alternative Corners,,,,,9.000,1.125,,,13,"{""hdp"": 13, ""over"": ""9.000"", ""under"": ""1.125""}",2026-05-11T22:59:16.645Z
69880306,2026-05-12 16:00,Pharco FC,Modern Sport FC,Egypt - Premier League,Bet365,Alternative Corners,,,,,13.000,1.071,,,14,"{""hdp"": 14, ""over"": ""13.000"", ""under"": ""1.071""}",2026-05-11T22:59:16.645Z
69880306,2026-05-12 16:00,Pharco FC,Modern Sport FC,Egypt - Premier League,Bet365,Alternative Corners,,,,,17.000,1.035,,,15,"{""hdp"": 15, ""over"": ""17.000"", ""under"": ""1.035""}",2026-05-11T22:59:16.645Z
69880306,2026-05-12 16:00,Pharco FC,Modern Sport FC,Egypt - Premier League,Bet365,Alternative Corners,,,,,23.000,1.020,,,16,"{""hdp"": 16, ""over"": ""23.000"", ""under"": ""1.020""}",2026-05-11T22:59:16.645Z
69880306,2026-05-12 16:00,Pharco FC,Modern Sport FC,Egypt - Premier League,Bet365,Alternative Corners,,,,,1.030,26.000,,,4,"{""hdp"": 4, ""over"": ""1.030"", ""under"": ""26.000""}",2026-05-11T22:59:16.645Z
69880306,2026-05-12 16:00,Pharco FC,Modern Sport FC,Egypt - Premier League,Bet365,Alternative Corners,,,,,1.100,15.000,,,5,"{""hdp"": 5, ""over"": ""1.100"", ""under"": ""15.000""}",2026-05-11T22:59:16.645Z
69880306,2026-05-12 16:00,Pharco FC,Modern Sport FC,Egypt - Premier League,Bet365,Alternative Corners,,,,,1.200,7.000,,,6,"{""hdp"": 6, ""over"": ""1.200"", ""under"": ""7.000""}",2026-05-11T22:59:16.645Z
69880306,2026-05-12 16:00,Pharco FC,Modern Sport FC,Egypt - Premier League,Bet365,Alternative Corners,,,,,1.363,4.333,,,7,"{""hdp"": 7, ""over"": ""1.363"", ""under"": ""4.333""}",2026-05-11T22:59:16.645Z
69880306,2026-05-12 16:00,Pharco FC,Modern Sport FC,Egypt - Premier League,Bet365,Alternative Corners,,,,,1.666,3.000,,,8,"{""hdp"": 8, ""over"": ""1.666"", ""under"": ""3.000""}",2026-05-11T22:59:16.645Z
69880306,2026-05-12 16:00,Pharco FC,Modern Sport FC,Egypt - Premier League,Bet365,Alternative Corners,,,,,2.750,1.666,,,10,"{""hdp"": 10, ""over"": ""2.750"", ""under"": ""1.666""}",2026-05-11T22:59:16.645Z
69880306,2026-05-12 16:00,Pharco FC,Modern Sport FC,Egypt - Premier League,Bet365,Team Total Goals Home,,,,,17.000,1.005,,,3.5,"{""hdp"": 3.5, ""over"": ""17.000"", ""under"": ""1.005""}",2026-05-12T07:21:43.963Z
69880306,2026-05-12 16:00,Pharco FC,Modern Sport FC,Egypt - Premier League,Bet365,Team Total Goals Home,,,,,4.000,1.222,,,1.5,"{""hdp"": 1.5, ""over"": ""4.000"", ""under"": ""1.222""}",2026-05-12T07:21:43.963Z
69880306,2026-05-12 16:00,Pharco FC,Modern Sport FC,Egypt - Premier League,Bet365,Team Total Goals Home,,,,,1.615,2.200,,,0.5,"{""hdp"": 0.5, ""over"": ""1.615"", ""under"": ""2.200""}",2026-05-12T07:21:43.963Z
69880306,2026-05-12 16:00,Pharco FC,Modern Sport FC,Egypt - Premier League,Bet365,Team Total Goals Home,,,,,9.000,1.040,,,2.5,"{""hdp"": 2.5, ""over"": ""9.000"", ""under"": ""1.040""}",2026-05-12T07:21:43.963Z
69880306,2026-05-12 16:00,Pharco FC,Modern Sport FC,Egypt - Premier League,Bet365,1st Half Handicap,1 (1),1.363,,,,,,,1,"{""label"": ""1 (1)"", ""hdp"": 1, ""home"": ""1.363""}",2026-05-11T11:26:14.188Z
69880306,2026-05-12 16:00,Pharco FC,Modern Sport FC,Egypt - Premier League,Bet365,1st Half Handicap,Tie (-1),,,12.000,,,,,-1,"{""label"": ""Tie (-1)"", ""hdp"": -1, ""away"": ""12.000""}",2026-05-11T11:26:14.188Z
69880306,2026-05-12 16:00,Pharco FC,Modern Sport FC,Egypt - Premier League,Bet365,Both Teams To Score HT,,,,,,,6.500,1.111,,"{""yes"": ""6.500"", ""no"": ""1.111""}",2026-05-12T10:49:40.847Z
69880306,2026-05-12 16:00,Pharco FC,Modern Sport FC,Egypt - Premier League,Bet365,Alternative Asian Handicap,,1.190,,4.500,,,,,1.25,"{""hdp"": 1.25, ""home"": ""1.190"", ""away"": ""4.500""}",2026-05-12T07:57:25.613Z
69880306,2026-05-12 16:00,Pharco FC,Modern Sport FC,Egypt - Premier League,Bet365,Alternative Asian Handicap,,1.160,,5.250,,,,,1.5,"{""hdp"": 1.5, ""home"": ""1.160"", ""away"": ""5.250""}",2026-05-12T07:57:25.613Z
69880306,2026-05-12 16:00,Pharco FC,Modern Sport FC,Egypt - Premier League,Bet365,Alternative Asian Handicap,,7.000,,4.000,,,,,-1,"{""hdp"": -1, ""home"": ""7.000"", ""away"": ""4.000""}",2026-05-12T07:57:25.613Z
69880306,2026-05-12 16:00,Pharco FC,Modern Sport FC,Egypt - Premier League,Bet365,Alternative Asian Handicap,,4.400,,2.850,,,,,-0.75,"{""hdp"": -0.75, ""home"": ""4.400"", ""away"": ""2.850""}",2026-05-12T07:57:25.613Z
69880306,2026-05-12 16:00,Pharco FC,Modern Sport FC,Egypt - Premier League,Bet365,Alternative Asian Handicap,,3.450,,2.350,,,,,-0.5,"{""hdp"": -0.5, ""home"": ""3.450"", ""away"": ""2.350""}",2026-05-12T07:57:25.613Z
69880306,2026-05-12 16:00,Pharco FC,Modern Sport FC,Egypt - Premier League,Bet365,Alternative Asian Handicap,,2.850,,1.400,,,,,-0.25,"{""hdp"": -0.25, ""home"": ""2.850"", ""away"": ""1.400""}",2026-05-12T07:57:25.613Z
69880306,2026-05-12 16:00,Pharco FC,Modern Sport FC,Egypt - Premier League,Bet365,Alternative Asian Handicap,,2.300,,1.600,,,,,0,"{""hdp"": 0, ""home"": ""2.300"", ""away"": ""1.600""}",2026-05-12T07:57:25.613Z
69880306,2026-05-12 16:00,Pharco FC,Modern Sport FC,Egypt - Premier League,Bet365,Alternative Asian Handicap,,1.575,,1.300,,,,,0.5,"{""hdp"": 0.5, ""home"": ""1.575"", ""away"": ""1.300""}",2026-05-12T07:57:25.613Z
69880306,2026-05-12 16:00,Pharco FC,Modern Sport FC,Egypt - Premier League,Bet365,Alternative Asian Handicap,,1.400,,1.200,,,,,0.75,"{""hdp"": 0.75, ""home"": ""1.400"", ""away"": ""1.200""}",2026-05-12T07:57:25.613Z
69880306,2026-05-12 16:00,Pharco FC,Modern Sport FC,Egypt - Premier League,Bet365,Alternative Asian Handicap,,1.230,,1.100,,,,,1,"{""hdp"": 1, ""home"": ""1.230"", ""away"": ""1.100""}",2026-05-12T07:57:25.613Z
69880306,2026-05-12 16:00,Pharco FC,Modern Sport FC,Egypt - Premier League,Bet365,Alternative Asian Handicap,,1.100,,7.000,,,,,1.75,"{""hdp"": 1.75, ""home"": ""1.100"", ""away"": ""7.000""}",2026-05-12T07:57:25.613Z
69880306,2026-05-12 16:00,Pharco FC,Modern Sport FC,Egypt - Premier League,Bet365,Team Total Goals Away,,,,,1.400,2.750,,,0.5,"{""hdp"": 0.5, ""over"": ""1.400"", ""under"": ""2.750""}",2026-05-11T13:18:19.141Z
69880306,2026-05-12 16:00,Pharco FC,Modern Sport FC,Egypt - Premier League,Bet365,Team Total Goals Away,,,,,3.000,1.363,,,1.5,"{""hdp"": 1.5, ""over"": ""3.000"", ""under"": ""1.363""}",2026-05-11T13:18:19.141Z
69880306,2026-05-12 16:00,Pharco FC,Modern Sport FC,Egypt - Premier League,Bet365,Team Total Goals Away,,,,,7.000,1.083,,,2.5,"{""hdp"": 2.5, ""over"": ""7.000"", ""under"": ""1.083""}",2026-05-11T13:18:19.141Z
69880306,2026-05-12 16:00,Pharco FC,Modern Sport FC,Egypt - Premier League,Bet365,Team Total Goals Away,,,,,12.000,1.015,,,3.5,"{""hdp"": 3.5, ""over"": ""12.000"", ""under"": ""1.015""}",2026-05-11T13:18:19.141Z
69880306,2026-05-12 16:00,Pharco FC,Modern Sport FC,Egypt - Premier League,Bet365,Team Total Goals Away,,,,,21.000,1.002,,,4.5,"{""hdp"": 4.5, ""over"": ""21.000"", ""under"": ""1.002""}",2026-05-11T13:18:19.141Z
69880306,2026-05-12 16:00,Pharco FC,Modern Sport FC,Egypt - Premier League,Bet365,Correct Score,1-1,,,,,,,,,"{""label"": ""1-1"", ""odds"": ""5.500""}",2026-05-12T10:48:45.793Z
69880306,2026-05-12 16:00,Pharco FC,Modern Sport FC,Egypt - Premier League,Bet365,Correct Score,2-1,,,,,,,,,"{""label"": ""2-1"", ""odds"": ""15.000""}",2026-05-12T10:48:45.793Z
69880306,2026-05-12 16:00,Pharco FC,Modern Sport FC,Egypt - Premier League,Bet365,Correct Score,2-2,,,,,,,,,"{""label"": ""2-2"", ""odds"": ""19.000""}",2026-05-12T10:48:45.793Z
69880306,2026-05-12 16:00,Pharco FC,Modern Sport FC,Egypt - Premier League,Bet365,Correct Score,3-0,,,,,,,,,"{""label"": ""3-0"", ""odds"": ""34.000""}",2026-05-12T10:48:45.793Z
69880306,2026-05-12 16:00,Pharco FC,Modern Sport FC,Egypt - Premier League,Bet365,Correct Score,5-1,,,,,,,,,"{""label"": ""5-1"", ""odds"": ""126.000""}",2026-05-12T10:48:45.793Z
69880306,2026-05-12 16:00,Pharco FC,Modern Sport FC,Egypt - Premier League,Bet365,Correct Score,2-0,,,,,,,,,"{""label"": ""2-0"", ""odds"": ""15.000""}",2026-05-12T10:48:45.793Z
69880306,2026-05-12 16:00,Pharco FC,Modern Sport FC,Egypt - Premier League,Bet365,Correct Score,3-1,,,,,,,,,"{""label"": ""3-1"", ""odds"": ""34.000""}",2026-05-12T10:48:45.793Z
69880306,2026-05-12 16:00,Pharco FC,Modern Sport FC,Egypt - Premier League,Bet365,Correct Score,3-2,,,,,,,,,"{""label"": ""3-2"", ""odds"": ""51.000""}",2026-05-12T10:48:45.793Z
69880306,2026-05-12 16:00,Pharco FC,Modern Sport FC,Egypt - Premier League,Bet365,Correct Score,3-3,,,,,,,,,"{""label"": ""3-3"", ""odds"": ""81.000""}",2026-05-12T10:48:45.793Z
69880306,2026-05-12 16:00,Pharco FC,Modern Sport FC,Egypt - Premier League,Bet365,Correct Score,4-0,,,,,,,,,"{""label"": ""4-0"", ""odds"": ""81.000""}",2026-05-12T10:48:45.793Z
69880306,2026-05-12 16:00,Pharco FC,Modern Sport FC,Egypt - Premier League,Bet365,Correct Score,4-1,,,,,,,,,"{""label"": ""4-1"", ""odds"": ""81.000""}",2026-05-12T10:48:45.793Z
69880306,2026-05-12 16:00,Pharco FC,Modern Sport FC,Egypt - Premier League,Bet365,Correct Score,4-2,,,,,,,,,"{""label"": ""4-2"", ""odds"": ""126.000""}",2026-05-12T10:48:45.793Z
69880306,2026-05-12 16:00,Pharco FC,Modern Sport FC,Egypt - Premier League,Bet365,Correct Score,5-0,,,,,,,,,"{""label"": ""5-0"", ""odds"": ""126.000""}",2026-05-12T10:48:45.793Z
69880306,2026-05-12 16:00,Pharco FC,Modern Sport FC,Egypt - Premier League,Bet365,Correct Score,1-0,,,,,,,,,"{""label"": ""1-0"", ""odds"": ""7.500""}",2026-05-12T10:48:45.793Z
69880306,2026-05-12 16:00,Pharco FC,Modern Sport FC,Egypt - Premier League,Bet365,Correct Score,0-0,,,,,,,,,"{""label"": ""0-0"", ""odds"": ""5.500""}",2026-05-12T10:48:45.793Z
70316166,2026-05-12 16:00,URA FC,Calvary,Uganda - Premier League,Bet365,ML,,1.333,4.500,7.500,,,,,,"{""home"": ""1.333"", ""draw"": ""4.500"", ""away"": ""7.500""}",2026-05-12T03:55:47.913Z
70316166,2026-05-12 16:00,URA FC,Calvary,Uganda - Premier League,Bet365,Draw No Bet,,1.111,,6.000,,,,,,"{""home"": ""1.111"", ""away"": ""6.000""}",2026-05-12T06:07:23.326Z
70316166,2026-05-12 16:00,URA FC,Calvary,Uganda - Premier League,Bet365,Double Chance,URA or Draw,,,,,1.055,,,,"{""label"": ""URA or Draw"", ""under"": ""1.055""}",2026-05-12T05:45:38.872Z
70316166,2026-05-12 16:00,URA FC,Calvary,Uganda - Premier League,Bet365,Double Chance,Draw or Calvary FC Midigo,,,,,2.875,,,,"{""label"": ""Draw or Calvary FC Midigo"", ""under"": ""2.875""}",2026-05-12T05:45:38.872Z
70316166,2026-05-12 16:00,URA FC,Calvary,Uganda - Premier League,Bet365,Double Chance,URA or Calvary FC Midigo,,,,,1.125,,,,"{""label"": ""URA or Calvary FC Midigo"", ""under"": ""1.125""}",2026-05-12T05:45:38.872Z
70316166,2026-05-12 16:00,URA FC,Calvary,Uganda - Premier League,Bet365,Spread,,2.000,,1.800,,,,,-1.5,"{""hdp"": -1.5, ""home"": ""2.000"", ""away"": ""1.800""}",2026-05-11T14:02:29.866Z
70316166,2026-05-12 16:00,URA FC,Calvary,Uganda - Premier League,Bet365,Totals,,,,,1.975,1.825,,,2.5,"{""hdp"": 2.5, ""over"": ""1.975"", ""under"": ""1.825""}",2026-05-12T06:11:45.799Z
70316166,2026-05-12 16:00,URA FC,Calvary,Uganda - Premier League,Bet365,Goals Over/Under,,,,,2.000,1.800,,,2.5,"{""hdp"": 2.5, ""over"": ""2.000"", ""under"": ""1.800""}",2026-05-12T06:16:35.286Z
70316166,2026-05-12 16:00,URA FC,Calvary,Uganda - Premier League,Bet365,Spread HT,,1.850,,1.950,,,,,-0.5,"{""hdp"": -0.5, ""home"": ""1.850"", ""away"": ""1.950""}",2026-05-11T17:05:45.781Z
70316166,2026-05-12 16:00,URA FC,Calvary,Uganda - Premier League,Bet365,Totals HT,,,,,1.925,1.875,,,1,"{""hdp"": 1, ""over"": ""1.925"", ""under"": ""1.875""}",2026-05-12T06:09:45.255Z
70316166,2026-05-12 16:00,URA FC,Calvary,Uganda - Premier League,Bet365,Alternative Goal Line,,,,,1.200,4.400,,,1.25,"{""hdp"": 1.25, ""over"": ""1.200"", ""under"": ""4.400""}",2026-05-12T09:37:28.483Z
70316166,2026-05-12 16:00,URA FC,Calvary,Uganda - Premier League,Bet365,Alternative Goal Line,,,,,1.325,3.300,,,1.5,"{""hdp"": 1.5, ""over"": ""1.325"", ""under"": ""3.300""}",2026-05-12T09:37:28.483Z
70316166,2026-05-12 16:00,URA FC,Calvary,Uganda - Premier League,Bet365,Alternative Goal Line,,,,,1.400,2.850,,,1.75,"{""hdp"": 1.75, ""over"": ""1.400"", ""under"": ""2.850""}",2026-05-12T09:37:28.483Z
70316166,2026-05-12 16:00,URA FC,Calvary,Uganda - Premier League,Bet365,Alternative Goal Line,,,,,1.500,2.500,,,2,"{""hdp"": 2, ""over"": ""1.500"", ""under"": ""2.500""}",2026-05-12T09:37:28.483Z
70316166,2026-05-12 16:00,URA FC,Calvary,Uganda - Premier League,Bet365,Alternative Goal Line,,,,,1.725,2.075,,,2.25,"{""hdp"": 2.25, ""over"": ""1.725"", ""under"": ""2.075""}",2026-05-12T09:37:28.483Z
70316166,2026-05-12 16:00,URA FC,Calvary,Uganda - Premier League,Bet365,Alternative Goal Line,,,,,2.200,1.650,,,2.75,"{""hdp"": 2.75, ""over"": ""2.200"", ""under"": ""1.650""}",2026-05-12T09:37:28.483Z
70316166,2026-05-12 16:00,URA FC,Calvary,Uganda - Premier League,Bet365,Alternative Goal Line,,,,,2.675,1.450,,,3,"{""hdp"": 3, ""over"": ""2.675"", ""under"": ""1.450""}",2026-05-12T09:37:28.483Z
70316166,2026-05-12 16:00,URA FC,Calvary,Uganda - Premier League,Bet365,Alternative Goal Line,,,,,3.000,1.375,,,3.25,"{""hdp"": 3.25, ""over"": ""3.000"", ""under"": ""1.375""}",2026-05-12T09:37:28.483Z
70316166,2026-05-12 16:00,URA FC,Calvary,Uganda - Premier League,Bet365,Alternative Goal Line,,,,,3.300,1.325,,,3.5,"{""hdp"": 3.5, ""over"": ""3.300"", ""under"": ""1.325""}",2026-05-12T09:37:28.483Z
70316166,2026-05-12 16:00,URA FC,Calvary,Uganda - Premier League,Bet365,Alternative Goal Line,,,,,4.000,1.230,,,3.75,"{""hdp"": 3.75, ""over"": ""4.000"", ""under"": ""1.230""}",2026-05-12T09:37:28.483Z
70316166,2026-05-12 16:00,URA FC,Calvary,Uganda - Premier League,Bet365,Alternative Goal Line,,,,,5.500,1.150,,,4,"{""hdp"": 4, ""over"": ""5.500"", ""under"": ""1.150""}",2026-05-12T09:37:28.483Z
70316166,2026-05-12 16:00,URA FC,Calvary,Uganda - Premier League,Bet365,Alternative Goal Line,,,,,5.900,1.130,,,4.25,"{""hdp"": 4.25, ""over"": ""5.900"", ""under"": ""1.130""}",2026-05-12T09:37:28.483Z
70316166,2026-05-12 16:00,URA FC,Calvary,Uganda - Premier League,Bet365,Alternative Goal Line,,,,,6.250,1.120,,,4.5,"{""hdp"": 4.5, ""over"": ""6.250"", ""under"": ""1.120""}",2026-05-12T09:37:28.483Z
70316166,2026-05-12 16:00,URA FC,Calvary,Uganda - Premier League,Bet365,Half Time Result,Draw,,,,,2.300,,,,"{""label"": ""Draw"", ""under"": ""2.300""}",2026-05-12T06:30:39.142Z
70316166,2026-05-12 16:00,URA FC,Calvary,Uganda - Premier League,Bet365,Half Time Result,2,,,,,8.500,,,2,"{""label"": ""2"", ""hdp"": 2, ""under"": ""8.500""}",2026-05-12T06:30:39.142Z
70316166,2026-05-12 16:00,URA FC,Calvary,Uganda - Premier League,Bet365,Half Time Result,1,,,,,1.800,,,1,"{""label"": ""1"", ""hdp"": 1, ""under"": ""1.800""}",2026-05-12T06:30:39.142Z
70316166,2026-05-12 16:00,URA FC,Calvary,Uganda - Premier League,Bet365,Alternative Asian Handicap,,3.450,,1.300,,,,,-2.5,"{""hdp"": -2.5, ""home"": ""3.450"", ""away"": ""1.300""}",2026-05-12T09:33:19.567Z
70316166,2026-05-12 16:00,URA FC,Calvary,Uganda - Premier League,Bet365,Alternative Asian Handicap,,3.000,,1.375,,,,,-2.25,"{""hdp"": -2.25, ""home"": ""3.000"", ""away"": ""1.375""}",2026-05-12T09:33:19.567Z
70316166,2026-05-12 16:00,URA FC,Calvary,Uganda - Premier League,Bet365,Alternative Asian Handicap,,2.675,,1.450,,,,,-2,"{""hdp"": -2, ""home"": ""2.675"", ""away"": ""1.450""}",2026-05-12T09:33:19.567Z
70316166,2026-05-12 16:00,URA FC,Calvary,Uganda - Premier League,Bet365,Alternative Asian Handicap,,2.250,,1.625,,,,,-1.75,"{""hdp"": -1.75, ""home"": ""2.250"", ""away"": ""1.625""}",2026-05-12T09:33:19.567Z
70316166,2026-05-12 16:00,URA FC,Calvary,Uganda - Premier League,Bet365,Alternative Asian Handicap,,1.750,,2.050,,,,,-1.25,"{""hdp"": -1.25, ""home"": ""1.750"", ""away"": ""2.050""}",2026-05-12T09:33:19.567Z
70316166,2026-05-12 16:00,URA FC,Calvary,Uganda - Premier League,Bet365,Alternative Asian Handicap,,1.525,,2.425,,,,,-1,"{""hdp"": -1, ""home"": ""1.525"", ""away"": ""2.425""}",2026-05-12T09:33:19.567Z
70316166,2026-05-12 16:00,URA FC,Calvary,Uganda - Premier League,Bet365,Alternative Asian Handicap,,1.425,,2.750,,,,,-0.75,"{""hdp"": -0.75, ""home"": ""1.425"", ""away"": ""2.750""}",2026-05-12T09:33:19.567Z
70316166,2026-05-12 16:00,URA FC,Calvary,Uganda - Premier League,Bet365,Alternative Asian Handicap,,1.350,,3.100,,,,,-0.5,"{""hdp"": -0.5, ""home"": ""1.350"", ""away"": ""3.100""}",2026-05-12T09:33:19.567Z
70316166,2026-05-12 16:00,URA FC,Calvary,Uganda - Premier League,Bet365,Alternative Asian Handicap,,1.230,,7.000,,,,,-0.25,"{""hdp"": -0.25, ""home"": ""1.230"", ""away"": ""7.000""}",2026-05-12T09:33:19.567Z
70316166,2026-05-12 16:00,URA FC,Calvary,Uganda - Premier League,Bet365,Alternative Asian Handicap,,1.115,,6.400,,,,,0,"{""hdp"": 0, ""home"": ""1.115"", ""away"": ""6.400""}",2026-05-12T09:33:19.567Z
70316166,2026-05-12 16:00,URA FC,Calvary,Uganda - Premier League,Bet365,Alternative Asian Handicap,,1.100,,4.000,,,,,0.25,"{""hdp"": 0.25, ""home"": ""1.100"", ""away"": ""4.000""}",2026-05-12T09:33:19.567Z
70316166,2026-05-12 16:00,URA FC,Calvary,Uganda - Premier League,Bet365,Alternative Asian Handicap,,6.400,,1.115,,,,,-3.5,"{""hdp"": -3.5, ""home"": ""6.400"", ""away"": ""1.115""}",2026-05-12T09:33:19.567Z
70316166,2026-05-12 16:00,URA FC,Calvary,Uganda - Premier League,Bet365,Alternative Asian Handicap,,5.900,,1.130,,,,,-3.25,"{""hdp"": -3.25, ""home"": ""5.900"", ""away"": ""1.130""}",2026-05-12T09:33:19.567Z
70316166,2026-05-12 16:00,URA FC,Calvary,Uganda - Premier League,Bet365,Alternative Asian Handicap,,5.750,,1.140,,,,,-3,"{""hdp"": -3, ""home"": ""5.750"", ""away"": ""1.140""}",2026-05-12T09:33:19.567Z
70316166,2026-05-12 16:00,URA FC,Calvary,Uganda - Premier League,Bet365,Alternative Asian Handicap,,4.100,,1.225,,,,,-2.75,"{""hdp"": -2.75, ""home"": ""4.100"", ""away"": ""1.225""}",2026-05-12T09:33:19.567Z
70316166,2026-05-12 16:00,URA FC,Calvary,Uganda - Premier League,Bet365,Correct Score,0-0,,,,,,,,,"{""label"": ""0-0"", ""odds"": ""9.000""}",2026-05-12T06:07:23.326Z
70316166,2026-05-12 16:00,URA FC,Calvary,Uganda - Premier League,Bet365,Correct Score,1-0,,,,,,,,,"{""label"": ""1-0"", ""odds"": ""5.500""}",2026-05-12T06:07:23.326Z
70316166,2026-05-12 16:00,URA FC,Calvary,Uganda - Premier League,Bet365,Correct Score,1-1,,,,,,,,,"{""label"": ""1-1"", ""odds"": ""10.000""}",2026-05-12T06:07:23.326Z
70316166,2026-05-12 16:00,URA FC,Calvary,Uganda - Premier League,Bet365,Correct Score,2-0,,,,,,,,,"{""label"": ""2-0"", ""odds"": ""5.500""}",2026-05-12T06:07:23.326Z
70316166,2026-05-12 16:00,URA FC,Calvary,Uganda - Premier League,Bet365,Correct Score,2-1,,,,,,,,,"{""label"": ""2-1"", ""odds"": ""11.000""}",2026-05-12T06:07:23.326Z
70316166,2026-05-12 16:00,URA FC,Calvary,Uganda - Premier League,Bet365,Correct Score,2-2,,,,,,,,,"{""label"": ""2-2"", ""odds"": ""29.000""}",2026-05-12T06:07:23.326Z
70316166,2026-05-12 16:00,URA FC,Calvary,Uganda - Premier League,Bet365,Correct Score,3-0,,,,,,,,,"{""label"": ""3-0"", ""odds"": ""7.500""}",2026-05-12T06:07:23.326Z
70316166,2026-05-12 16:00,URA FC,Calvary,Uganda - Premier League,Bet365,Correct Score,3-1,,,,,,,,,"{""label"": ""3-1"", ""odds"": ""17.000""}",2026-05-12T06:07:23.326Z
70316166,2026-05-12 16:00,URA FC,Calvary,Uganda - Premier League,Bet365,Correct Score,3-2,,,,,,,,,"{""label"": ""3-2"", ""odds"": ""41.000""}",2026-05-12T06:07:23.326Z
70316166,2026-05-12 16:00,URA FC,Calvary,Uganda - Premier League,Bet365,Correct Score,4-0,,,,,,,,,"{""label"": ""4-0"", ""odds"": ""13.000""}",2026-05-12T06:07:23.326Z
70316166,2026-05-12 16:00,URA FC,Calvary,Uganda - Premier League,Bet365,Correct Score,4-1,,,,,,,,,"{""label"": ""4-1"", ""odds"": ""26.000""}",2026-05-12T06:07:23.326Z
70316166,2026-05-12 16:00,URA FC,Calvary,Uganda - Premier League,Bet365,Correct Score,4-2,,,,,,,,,"{""label"": ""4-2"", ""odds"": ""51.000""}",2026-05-12T06:07:23.326Z
70316166,2026-05-12 16:00,URA FC,Calvary,Uganda - Premier League,Bet365,Correct Score,5-1,,,,,,,,,"{""label"": ""5-1"", ""odds"": ""41.000""}",2026-05-12T06:07:23.326Z
70316166,2026-05-12 16:00,URA FC,Calvary,Uganda - Premier League,Bet365,Correct Score,7-0,,,,,,,,,"{""label"": ""7-0"", ""odds"": ""67.000""}",2026-05-12T06:07:23.326Z
70316166,2026-05-12 16:00,URA FC,Calvary,Uganda - Premier League,Bet365,Correct Score,5-0,,,,,,,,,"{""label"": ""5-0"", ""odds"": ""23.000""}",2026-05-12T06:07:23.326Z
70316166,2026-05-12 16:00,URA FC,Calvary,Uganda - Premier League,Bet365,Correct Score,6-0,,,,,,,,,"{""label"": ""6-0"", ""odds"": ""41.000""}",2026-05-12T06:07:23.326Z
70316166,2026-05-12 16:00,URA FC,Calvary,Uganda - Premier League,Bet365,Correct Score,6-1,,,,,,,,,"{""label"": ""6-1"", ""odds"": ""81.000""}",2026-05-12T06:07:23.326Z
71325988,2026-05-12 16:00,FC Inter Turku,JS Hercules,Finland - Suomen Cup,Bet365,ML,,1.015,19.000,34.000,,,,,,"{""home"": ""1.015"", ""draw"": ""19.000"", ""away"": ""34.000""}",2026-05-12T10:49:40.847Z
71325988,2026-05-12 16:00,FC Inter Turku,JS Hercules,Finland - Suomen Cup,Bet365,Draw No Bet,,1.002,,21.000,,,,,,"{""home"": ""1.002"", ""away"": ""21.000""}",2026-05-12T09:04:43.994Z
71325988,2026-05-12 16:00,FC Inter Turku,JS Hercules,Finland - Suomen Cup,Bet365,Double Chance,FC Inter or Draw,,,,,1.001,,,,"{""label"": ""FC Inter or Draw"", ""under"": ""1.001""}",2026-05-11T11:57:20.247Z
71325988,2026-05-12 16:00,FC Inter Turku,JS Hercules,Finland - Suomen Cup,Bet365,Double Chance,Draw or JS Hercules,,,,,10.000,,,,"{""label"": ""Draw or JS Hercules"", ""under"": ""10.000""}",2026-05-11T11:57:20.247Z
71325988,2026-05-12 16:00,FC Inter Turku,JS Hercules,Finland - Suomen Cup,Bet365,Double Chance,FC Inter or JS Hercules,,,,,1.010,,,,"{""label"": ""FC Inter or JS Hercules"", ""under"": ""1.010""}",2026-05-11T11:57:20.247Z
71325988,2026-05-12 16:00,FC Inter Turku,JS Hercules,Finland - Suomen Cup,Bet365,Spread,,1.900,,1.900,,,,,-4.75,"{""hdp"": -4.75, ""home"": ""1.900"", ""away"": ""1.900""}",2026-05-12T10:47:31.998Z
71325988,2026-05-12 16:00,FC Inter Turku,JS Hercules,Finland - Suomen Cup,Bet365,Totals,,,,,1.925,1.875,,,5.5,"{""hdp"": 5.5, ""over"": ""1.925"", ""under"": ""1.875""}",2026-05-12T10:47:31.998Z
71325988,2026-05-12 16:00,FC Inter Turku,JS Hercules,Finland - Suomen Cup,Bet365,Goals Over/Under,,,,,1.083,7.000,,,2.5,"{""hdp"": 2.5, ""over"": ""1.083"", ""under"": ""7.000""}",2026-05-12T09:59:43.187Z
71325988,2026-05-12 16:00,FC Inter Turku,JS Hercules,Finland - Suomen Cup,Bet365,Spread HT,,1.800,,2.000,,,,,-1.75,"{""hdp"": -1.75, ""home"": ""1.800"", ""away"": ""2.000""}",2026-05-12T08:41:08.077Z
71325988,2026-05-12 16:00,FC Inter Turku,JS Hercules,Finland - Suomen Cup,Bet365,Totals HT,,,,,1.900,1.900,,,2.25,"{""hdp"": 2.25, ""over"": ""1.900"", ""under"": ""1.900""}",2026-05-12T10:03:04.482Z
71325988,2026-05-12 16:00,FC Inter Turku,JS Hercules,Finland - Suomen Cup,Bet365,Corners Totals,,,,,1.975,1.825,,,11.5,"{""hdp"": 11.5, ""over"": ""1.975"", ""under"": ""1.825""}",2026-05-11T21:21:51.035Z
71325988,2026-05-12 16:00,FC Inter Turku,JS Hercules,Finland - Suomen Cup,Bet365,Corners Totals HT,,,,,1.925,1.875,,,5.5,"{""hdp"": 5.5, ""over"": ""1.925"", ""under"": ""1.875""}",2026-05-11T21:35:17.022Z
71325988,2026-05-12 16:00,FC Inter Turku,JS Hercules,Finland - Suomen Cup,Bet365,Corners 2-Way,,,,,1.909,1.800,,,11.5,"{""hdp"": 11.5, ""over"": ""1.909"", ""under"": ""1.800""}",2026-05-11T21:12:49.923Z
71325988,2026-05-12 16:00,FC Inter Turku,JS Hercules,Finland - Suomen Cup,Bet365,Correct Score,2-1,,,,,,,,,"{""label"": ""2-1"", ""odds"": ""29.000""}",2026-05-12T10:03:04.482Z
71325988,2026-05-12 16:00,FC Inter Turku,JS Hercules,Finland - Suomen Cup,Bet365,Correct Score,3-1,,,,,,,,,"{""label"": ""3-1"", ""odds"": ""19.000""}",2026-05-12T10:03:04.482Z
71325988,2026-05-12 16:00,FC Inter Turku,JS Hercules,Finland - Suomen Cup,Bet365,Correct Score,3-2,,,,,,,,,"{""label"": ""3-2"", ""odds"": ""51.000""}",2026-05-12T10:03:04.482Z
71325988,2026-05-12 16:00,FC Inter Turku,JS Hercules,Finland - Suomen Cup,Bet365,Correct Score,3-3,,,,,,,,,"{""label"": ""3-3"", ""odds"": ""151.000""}",2026-05-12T10:03:04.482Z
71325988,2026-05-12 16:00,FC Inter Turku,JS Hercules,Finland - Suomen Cup,Bet365,Correct Score,4-1,,,,,,,,,"{""label"": ""4-1"", ""odds"": ""17.000""}",2026-05-12T10:03:04.482Z
71325988,2026-05-12 16:00,FC Inter Turku,JS Hercules,Finland - Suomen Cup,Bet365,Correct Score,4-2,,,,,,,,,"{""label"": ""4-2"", ""odds"": ""51.000""}",2026-05-12T10:03:04.482Z
71325988,2026-05-12 16:00,FC Inter Turku,JS Hercules,Finland - Suomen Cup,Bet365,Correct Score,4-3,,,,,,,,,"{""label"": ""4-3"", ""odds"": ""151.000""}",2026-05-12T10:03:04.482Z
71325988,2026-05-12 16:00,FC Inter Turku,JS Hercules,Finland - Suomen Cup,Bet365,Correct Score,5-0,,,,,,,,,"{""label"": ""5-0"", ""odds"": ""7.500""}",2026-05-12T10:03:04.482Z
71325988,2026-05-12 16:00,FC Inter Turku,JS Hercules,Finland - Suomen Cup,Bet365,Correct Score,5-2,,,,,,,,,"{""label"": ""5-2"", ""odds"": ""51.000""}",2026-05-12T10:03:04.482Z
71325988,2026-05-12 16:00,FC Inter Turku,JS Hercules,Finland - Suomen Cup,Bet365,Correct Score,6-0,,,,,,,,,"{""label"": ""6-0"", ""odds"": ""8.500""}",2026-05-12T10:03:04.482Z
71325988,2026-05-12 16:00,FC Inter Turku,JS Hercules,Finland - Suomen Cup,Bet365,Correct Score,6-1,,,,,,,,,"{""label"": ""6-1"", ""odds"": ""21.000""}",2026-05-12T10:03:04.482Z
71325988,2026-05-12 16:00,FC Inter Turku,JS Hercules,Finland - Suomen Cup,Bet365,Correct Score,7-0,,,,,,,,,"{""label"": ""7-0"", ""odds"": ""12.000""}",2026-05-12T10:03:04.482Z
71325988,2026-05-12 16:00,FC Inter Turku,JS Hercules,Finland - Suomen Cup,Bet365,Correct Score,8-0,,,,,,,,,"{""label"": ""8-0"", ""odds"": ""17.000""}",2026-05-12T10:03:04.482Z
71325988,2026-05-12 16:00,FC Inter Turku,JS Hercules,Finland - Suomen Cup,Bet365,Correct Score,8-2,,,,,,,,,"{""label"": ""8-2"", ""odds"": ""101.000""}",2026-05-12T10:03:04.482Z
71325988,2026-05-12 16:00,FC Inter Turku,JS Hercules,Finland - Suomen Cup,Bet365,Correct Score,11-1,,,,,,,,,"{""label"": ""11-1"", ""odds"": ""126.000""}",2026-05-12T10:03:04.482Z
71325988,2026-05-12 16:00,FC Inter Turku,JS Hercules,Finland - Suomen Cup,Bet365,Correct Score,12-0,,,,,,,,,"{""label"": ""12-0"", ""odds"": ""101.000""}",2026-05-12T10:03:04.482Z
71325988,2026-05-12 16:00,FC Inter Turku,JS Hercules,Finland - Suomen Cup,Bet365,Correct Score,5-1,,,,,,,,,"{""label"": ""5-1"", ""odds"": ""17.000""}",2026-05-12T10:03:04.482Z
71325988,2026-05-12 16:00,FC Inter Turku,JS Hercules,Finland - Suomen Cup,Bet365,Correct Score,5-3,,,,,,,,,"{""label"": ""5-3"", ""odds"": ""151.000""}",2026-05-12T10:03:04.482Z
71325988,2026-05-12 16:00,FC Inter Turku,JS Hercules,Finland - Suomen Cup,Bet365,Correct Score,0-0,,,,,,,,,"{""label"": ""0-0"", ""odds"": ""34.000""}",2026-05-12T10:03:04.482Z
71325988,2026-05-12 16:00,FC Inter Turku,JS Hercules,Finland - Suomen Cup,Bet365,Correct Score,6-2,,,,,,,,,"{""label"": ""6-2"", ""odds"": ""51.000""}",2026-05-12T10:03:04.482Z
71325988,2026-05-12 16:00,FC Inter Turku,JS Hercules,Finland - Suomen Cup,Bet365,Correct Score,8-1,,,,,,,,,"{""label"": ""8-1"", ""odds"": ""41.000""}",2026-05-12T10:03:04.482Z
71325988,2026-05-12 16:00,FC Inter Turku,JS Hercules,Finland - Suomen Cup,Bet365,Correct Score,9-1,,,,,,,,,"{""label"": ""9-1"", ""odds"": ""51.000""}",2026-05-12T10:03:04.482Z
71325988,2026-05-12 16:00,FC Inter Turku,JS Hercules,Finland - Suomen Cup,Bet365,Correct Score,1-0,,,,,,,,,"{""label"": ""1-0"", ""odds"": ""29.000""}",2026-05-12T10:03:04.482Z
71325988,2026-05-12 16:00,FC Inter Turku,JS Hercules,Finland - Suomen Cup,Bet365,Correct Score,1-1,,,,,,,,,"{""label"": ""1-1"", ""odds"": ""41.000""}",2026-05-12T10:03:04.482Z
71325988,2026-05-12 16:00,FC Inter Turku,JS Hercules,Finland - Suomen Cup,Bet365,Correct Score,2-0,,,,,,,,,"{""label"": ""2-0"", ""odds"": ""15.000""}",2026-05-12T10:03:04.482Z
71325988,2026-05-12 16:00,FC Inter Turku,JS Hercules,Finland - Suomen Cup,Bet365,Correct Score,2-2,,,,,,,,,"{""label"": ""2-2"", ""odds"": ""51.000""}",2026-05-12T10:03:04.482Z
71325988,2026-05-12 16:00,FC Inter Turku,JS Hercules,Finland - Suomen Cup,Bet365,Correct Score,3-0,,,,,,,,,"{""label"": ""3-0"", ""odds"": ""9.000""}",2026-05-12T10:03:04.482Z
71325988,2026-05-12 16:00,FC Inter Turku,JS Hercules,Finland - Suomen Cup,Bet365,Correct Score,4-0,,,,,,,,,"{""label"": ""4-0"", ""odds"": ""7.500""}",2026-05-12T10:03:04.482Z
71325988,2026-05-12 16:00,FC Inter Turku,JS Hercules,Finland - Suomen Cup,Bet365,Correct Score,7-1,,,,,,,,,"{""label"": ""7-1"", ""odds"": ""26.000""}",2026-05-12T10:03:04.482Z
71325988,2026-05-12 16:00,FC Inter Turku,JS Hercules,Finland - Suomen Cup,Bet365,Correct Score,7-2,,,,,,,,,"{""label"": ""7-2"", ""odds"": ""67.000""}",2026-05-12T10:03:04.482Z
71325988,2026-05-12 16:00,FC Inter Turku,JS Hercules,Finland - Suomen Cup,Bet365,Correct Score,9-0,,,,,,,,,"{""label"": ""9-0"", ""odds"": ""29.000""}",2026-05-12T10:03:04.482Z
71325988,2026-05-12 16:00,FC Inter Turku,JS Hercules,Finland - Suomen Cup,Bet365,Correct Score,9-2,,,,,,,,,"{""label"": ""9-2"", ""odds"": ""151.000""}",2026-05-12T10:03:04.482Z
71325988,2026-05-12 16:00,FC Inter Turku,JS Hercules,Finland - Suomen Cup,Bet365,Correct Score,10-0,,,,,,,,,"{""label"": ""10-0"", ""odds"": ""41.000""}",2026-05-12T10:03:04.482Z
71325988,2026-05-12 16:00,FC Inter Turku,JS Hercules,Finland - Suomen Cup,Bet365,Correct Score,10-1,,,,,,,,,"{""label"": ""10-1"", ""odds"": ""81.000""}",2026-05-12T10:03:04.482Z
71325988,2026-05-12 16:00,FC Inter Turku,JS Hercules,Finland - Suomen Cup,Bet365,Correct Score,11-0,,,,,,,,,"{""label"": ""11-0"", ""odds"": ""67.000""}",2026-05-12T10:03:04.482Z
71325988,2026-05-12 16:00,FC Inter Turku,JS Hercules,Finland - Suomen Cup,Bet365,Corners,,,,,1.909,2.250,,,11,"{""hdp"": 11, ""over"": ""1.909"", ""under"": ""2.250""}",2026-05-11T21:04:41.482Z
71325988,2026-05-12 16:00,FC Inter Turku,JS Hercules,Finland - Suomen Cup,Bet365,Half Time Result,2,,,,,34.000,,,2,"{""label"": ""2"", ""hdp"": 2, ""under"": ""34.000""}",2026-05-12T10:48:00.067Z
71325988,2026-05-12 16:00,FC Inter Turku,JS Hercules,Finland - Suomen Cup,Bet365,Half Time Result,1,,,,,1.111,,,1,"{""label"": ""1"", ""hdp"": 1, ""under"": ""1.111""}",2026-05-12T10:48:00.067Z
71325988,2026-05-12 16:00,FC Inter Turku,JS Hercules,Finland - Suomen Cup,Bet365,Half Time Result,Draw,,,,,6.500,,,,"{""label"": ""Draw"", ""under"": ""6.500""}",2026-05-12T10:48:00.067Z
71338856,2026-05-12 16:10,AL Wasl,AL Jazira,United Arab Emirates - U23 Pro League,Bet365,ML,,2.100,3.600,2.900,,,,,,"{""home"": ""2.100"", ""draw"": ""3.600"", ""away"": ""2.900""}",2026-05-12T10:03:04.482Z
71338856,2026-05-12 16:10,AL Wasl,AL Jazira,United Arab Emirates - U23 Pro League,Bet365,Draw No Bet,,1.444,,2.625,,,,,,"{""home"": ""1.444"", ""away"": ""2.625""}",2026-05-12T10:56:07.275Z
71338856,2026-05-12 16:10,AL Wasl,AL Jazira,United Arab Emirates - U23 Pro League,Bet365,Double Chance,Al Wasl SC U23 or Draw,,,,,1.250,,,,"{""label"": ""Al Wasl SC U23 or Draw"", ""under"": ""1.250""}",2026-05-12T10:23:57.474Z
71338856,2026-05-12 16:10,AL Wasl,AL Jazira,United Arab Emirates - U23 Pro League,Bet365,Double Chance,Draw or Al Jazira SC U23,,,,,1.800,,,,"{""label"": ""Draw or Al Jazira SC U23"", ""under"": ""1.800""}",2026-05-12T10:23:57.474Z
71338856,2026-05-12 16:10,AL Wasl,AL Jazira,United Arab Emirates - U23 Pro League,Bet365,Double Chance,Al Wasl SC U23 or Al Jazira SC U23,,,,,1.181,,,,"{""label"": ""Al Wasl SC U23 or Al Jazira SC U23"", ""under"": ""1.181""}",2026-05-12T10:23:57.474Z
71338856,2026-05-12 16:10,AL Wasl,AL Jazira,United Arab Emirates - U23 Pro League,Bet365,Spread,,1.900,,1.900,,,,,-0.25,"{""hdp"": -0.25, ""home"": ""1.900"", ""away"": ""1.900""}",2026-05-12T10:05:09.554Z
71338856,2026-05-12 16:10,AL Wasl,AL Jazira,United Arab Emirates - U23 Pro League,Bet365,Totals,,,,,1.825,1.975,,,3,"{""hdp"": 3, ""over"": ""1.825"", ""under"": ""1.975""}",2026-05-12T09:04:43.994Z
71338856,2026-05-12 16:10,AL Wasl,AL Jazira,United Arab Emirates - U23 Pro League,Bet365,Goals Over/Under,,,,,1.533,2.375,,,2.5,"{""hdp"": 2.5, ""over"": ""1.533"", ""under"": ""2.375""}",2026-05-12T09:14:08.844Z
71338856,2026-05-12 16:10,AL Wasl,AL Jazira,United Arab Emirates - U23 Pro League,Bet365,Spread HT,,2.050,,1.750,,,,,-0.25,"{""hdp"": -0.25, ""home"": ""2.050"", ""away"": ""1.750""}",2026-05-12T09:40:10.384Z
71338856,2026-05-12 16:10,AL Wasl,AL Jazira,United Arab Emirates - U23 Pro League,Bet365,Totals HT,,,,,1.875,1.925,,,1.25,"{""hdp"": 1.25, ""over"": ""1.875"", ""under"": ""1.925""}",2026-05-12T09:07:33.323Z
71338856,2026-05-12 16:10,AL Wasl,AL Jazira,United Arab Emirates - U23 Pro League,Bet365,Corners Totals,,,,,1.950,1.850,,,9.5,"{""hdp"": 9.5, ""over"": ""1.950"", ""under"": ""1.850""}",2026-05-11T19:55:58.241Z
71338856,2026-05-12 16:10,AL Wasl,AL Jazira,United Arab Emirates - U23 Pro League,Bet365,Corners Totals HT,,,,,2.050,1.750,,,4.5,"{""hdp"": 4.5, ""over"": ""2.050"", ""under"": ""1.750""}",2026-05-12T10:11:34.344Z
71338856,2026-05-12 16:10,AL Wasl,AL Jazira,United Arab Emirates - U23 Pro League,Bet365,Half Time Result,1,,,,,2.600,,,1,"{""label"": ""1"", ""hdp"": 1, ""under"": ""2.600""}",2026-05-12T10:53:14.341Z
71338856,2026-05-12 16:10,AL Wasl,AL Jazira,United Arab Emirates - U23 Pro League,Bet365,Half Time Result,Draw,,,,,2.400,,,,"{""label"": ""Draw"", ""under"": ""2.400""}",2026-05-12T10:53:14.341Z
71338856,2026-05-12 16:10,AL Wasl,AL Jazira,United Arab Emirates - U23 Pro League,Bet365,Half Time Result,2,,,,,3.200,,,2,"{""label"": ""2"", ""hdp"": 2, ""under"": ""3.200""}",2026-05-12T10:53:14.341Z
71338856,2026-05-12 16:10,AL Wasl,AL Jazira,United Arab Emirates - U23 Pro League,Bet365,Corners,,,,,1.833,2.375,,,9,"{""hdp"": 9, ""over"": ""1.833"", ""under"": ""2.375""}",2026-05-11T18:36:49.235Z
71338856,2026-05-12 16:10,AL Wasl,AL Jazira,United Arab Emirates - U23 Pro League,Bet365,Corners 2-Way,,,,,1.833,1.833,,,9.5,"{""hdp"": 9.5, ""over"": ""1.833"", ""under"": ""1.833""}",2026-05-11T18:49:33.327Z
71338856,2026-05-12 16:10,AL Wasl,AL Jazira,United Arab Emirates - U23 Pro League,Bet365,Correct Score,3-2,,,,,,,,,"{""label"": ""3-2"", ""odds"": ""21.000""}",2026-05-12T10:56:07.275Z
71338856,2026-05-12 16:10,AL Wasl,AL Jazira,United Arab Emirates - U23 Pro League,Bet365,Correct Score,3-3,,,,,,,,,"{""label"": ""3-3"", ""odds"": ""34.000""}",2026-05-12T10:56:07.275Z
71338856,2026-05-12 16:10,AL Wasl,AL Jazira,United Arab Emirates - U23 Pro League,Bet365,Correct Score,4-3,,,,,,,,,"{""label"": ""4-3"", ""odds"": ""51.000""}",2026-05-12T10:56:07.275Z
71338856,2026-05-12 16:10,AL Wasl,AL Jazira,United Arab Emirates - U23 Pro League,Bet365,Correct Score,2-1,,,,,,,,,"{""label"": ""2-1"", ""odds"": ""10.000""}",2026-05-12T10:56:07.275Z
71338856,2026-05-12 16:10,AL Wasl,AL Jazira,United Arab Emirates - U23 Pro League,Bet365,Correct Score,4-2,,,,,,,,,"{""label"": ""4-2"", ""odds"": ""41.000""}",2026-05-12T10:56:07.275Z
71338856,2026-05-12 16:10,AL Wasl,AL Jazira,United Arab Emirates - U23 Pro League,Bet365,Correct Score,0-0,,,,,,,,,"{""label"": ""0-0"", ""odds"": ""17.000""}",2026-05-12T10:56:07.275Z
71338856,2026-05-12 16:10,AL Wasl,AL Jazira,United Arab Emirates - U23 Pro League,Bet365,Correct Score,1-0,,,,,,,,,"{""label"": ""1-0"", ""odds"": ""11.000""}",2026-05-12T10:56:07.275Z
71338856,2026-05-12 16:10,AL Wasl,AL Jazira,United Arab Emirates - U23 Pro League,Bet365,Correct Score,1-1,,,,,,,,,"{""label"": ""1-1"", ""odds"": ""8.000""}",2026-05-12T10:56:07.275Z
71338856,2026-05-12 16:10,AL Wasl,AL Jazira,United Arab Emirates - U23 Pro League,Bet365,Correct Score,2-0,,,,,,,,,"{""label"": ""2-0"", ""odds"": ""12.000""}",2026-05-12T10:56:07.275Z
71338856,2026-05-12 16:10,AL Wasl,AL Jazira,United Arab Emirates - U23 Pro League,Bet365,Correct Score,2-2,,,,,,,,,"{""label"": ""2-2"", ""odds"": ""13.000""}",2026-05-12T10:56:07.275Z
71338856,2026-05-12 16:10,AL Wasl,AL Jazira,United Arab Emirates - U23 Pro League,Bet365,Correct Score,3-0,,,,,,,,,"{""label"": ""3-0"", ""odds"": ""17.000""}",2026-05-12T10:56:07.275Z
71338856,2026-05-12 16:10,AL Wasl,AL Jazira,United Arab Emirates - U23 Pro League,Bet365,Correct Score,3-1,,,,,,,,,"{""label"": ""3-1"", ""odds"": ""15.000""}",2026-05-12T10:56:07.275Z
71338856,2026-05-12 16:10,AL Wasl,AL Jazira,United Arab Emirates - U23 Pro League,Bet365,Correct Score,4-0,,,,,,,,,"{""label"": ""4-0"", ""odds"": ""26.000""}",2026-05-12T10:56:07.275Z
71338856,2026-05-12 16:10,AL Wasl,AL Jazira,United Arab Emirates - U23 Pro League,Bet365,Correct Score,4-1,,,,,,,,,"{""label"": ""4-1"", ""odds"": ""26.000""}",2026-05-12T10:56:07.275Z
71338856,2026-05-12 16:10,AL Wasl,AL Jazira,United Arab Emirates - U23 Pro League,Bet365,Correct Score,5-0,,,,,,,,,"{""label"": ""5-0"", ""odds"": ""41.000""}",2026-05-12T10:56:07.275Z
71338856,2026-05-12 16:10,AL Wasl,AL Jazira,United Arab Emirates - U23 Pro League,Bet365,Correct Score,5-1,,,,,,,,,"{""label"": ""5-1"", ""odds"": ""41.000""}",2026-05-12T10:56:07.275Z
71338856,2026-05-12 16:10,AL Wasl,AL Jazira,United Arab Emirates - U23 Pro League,Bet365,Correct Score,5-2,,,,,,,,,"{""label"": ""5-2"", ""odds"": ""51.000""}",2026-05-12T10:56:07.275Z
71338856,2026-05-12 16:10,AL Wasl,AL Jazira,United Arab Emirates - U23 Pro League,Bet365,Correct Score,6-0,,,,,,,,,"{""label"": ""6-0"", ""odds"": ""81.000""}",2026-05-12T10:56:07.275Z
71338856,2026-05-12 16:10,AL Wasl,AL Jazira,United Arab Emirates - U23 Pro League,Bet365,Correct Score,6-1,,,,,,,,,"{""label"": ""6-1"", ""odds"": ""81.000""}",2026-05-12T10:56:07.275Z
71231390,2026-05-12 17:00,MFK Chrudim,FK Pribram,Czechia - FNL,Bet365,ML,,2.600,3.400,2.300,,,,,,"{""home"": ""2.600"", ""draw"": ""3.400"", ""away"": ""2.300""}",2026-05-12T04:33:50.095Z
71231390,2026-05-12 17:00,MFK Chrudim,FK Pribram,Czechia - FNL,Bet365,Draw No Bet,,2.000,,1.727,,,,,,"{""home"": ""2.000"", ""away"": ""1.727""}",2026-05-12T07:19:15.801Z
71231390,2026-05-12 17:00,MFK Chrudim,FK Pribram,Czechia - FNL,Bet365,Double Chance,MFK Chrudim or Draw,,,,,1.533,,,,"{""label"": ""MFK Chrudim or Draw"", ""under"": ""1.533""}",2026-05-12T06:48:04.202Z
71231390,2026-05-12 17:00,MFK Chrudim,FK Pribram,Czechia - FNL,Bet365,Double Chance,Draw or FK Pribram,,,,,1.444,,,,"{""label"": ""Draw or FK Pribram"", ""under"": ""1.444""}",2026-05-12T06:48:04.202Z
71231390,2026-05-12 17:00,MFK Chrudim,FK Pribram,Czechia - FNL,Bet365,Double Chance,MFK Chrudim or FK Pribram,,,,,1.285,,,,"{""label"": ""MFK Chrudim or FK Pribram"", ""under"": ""1.285""}",2026-05-12T06:48:04.202Z
71231390,2026-05-12 17:00,MFK Chrudim,FK Pribram,Czechia - FNL,Bet365,Spread,,2.025,,N/A,,,,,0,"{""hdp"": 0, ""home"": ""2.025"", ""away"": ""N/A""}",2026-05-12T04:29:04.099Z
71231390,2026-05-12 17:00,MFK Chrudim,FK Pribram,Czechia - FNL,Bet365,Totals,,,,,1.950,1.850,,,3,"{""hdp"": 3, ""over"": ""1.950"", ""under"": ""1.850""}",2026-05-12T04:29:21.149Z
71231390,2026-05-12 17:00,MFK Chrudim,FK Pribram,Czechia - FNL,Bet365,Goals Over/Under,,,,,1.571,2.350,,,2.5,"{""hdp"": 2.5, ""over"": ""1.571"", ""under"": ""2.350""}",2026-05-11T13:21:17.565Z
71231390,2026-05-12 17:00,MFK Chrudim,FK Pribram,Czechia - FNL,Bet365,Both Teams To Score,,,,,,,1.500,2.500,,"{""yes"": ""1.500"", ""no"": ""2.500""}",2026-05-11T13:21:17.565Z
71231390,2026-05-12 17:00,MFK Chrudim,FK Pribram,Czechia - FNL,Bet365,Spread HT,,2.000,,1.800,,,,,0,"{""hdp"": 0, ""home"": ""2.000"", ""away"": ""1.800""}",2026-05-12T07:07:30.976Z
71231390,2026-05-12 17:00,MFK Chrudim,FK Pribram,Czechia - FNL,Bet365,Totals HT,,,,,1.975,1.825,,,1.25,"{""hdp"": 1.25, ""over"": ""1.975"", ""under"": ""1.825""}",2026-05-11T14:41:48.681Z
71231390,2026-05-12 17:00,MFK Chrudim,FK Pribram,Czechia - FNL,Bet365,European Handicap,,5.000,,,,,,,-1,"{""hdp"": -1, ""home"": ""5.000""}",2026-05-12T10:56:39.888Z
71231390,2026-05-12 17:00,MFK Chrudim,FK Pribram,Czechia - FNL,Bet365,European Handicap,,,4.750,1.444,,,,,1,"{""hdp"": 1, ""draw"": ""4.750"", ""away"": ""1.444""}",2026-05-12T10:56:39.888Z
71231390,2026-05-12 17:00,MFK Chrudim,FK Pribram,Czechia - FNL,Bet365,Both Teams To Score HT,,,,,,,3.750,1.250,,"{""yes"": ""3.750"", ""no"": ""1.250""}",2026-05-12T09:14:08.844Z
71231390,2026-05-12 17:00,MFK Chrudim,FK Pribram,Czechia - FNL,Bet365,Number of Goals In Match,Under 2 goals,,,,,5.000,,,,"{""label"": ""Under 2 goals"", ""under"": ""5.000""}",2026-05-12T07:15:18.76Z
71231390,2026-05-12 17:00,MFK Chrudim,FK Pribram,Czechia - FNL,Bet365,Number of Goals In Match,Over 3 goals,,,,2.375,,,,,"{""label"": ""Over 3 goals"", ""over"": ""2.375""}",2026-05-12T07:15:18.76Z
71231390,2026-05-12 17:00,MFK Chrudim,FK Pribram,Czechia - FNL,Bet365,Number of Goals In Match,2 or 3 goals,,,,,2.100,,,,"{""label"": ""2 or 3 goals"", ""under"": ""2.100""}",2026-05-12T07:15:18.76Z
71231390,2026-05-12 17:00,MFK Chrudim,FK Pribram,Czechia - FNL,Bet365,Alternative Asian Handicap,,6.800,,5.750,,,,,-1.75,"{""hdp"": -1.75, ""home"": ""6.800"", ""away"": ""5.750""}",2026-05-12T07:06:53.551Z
71231390,2026-05-12 17:00,MFK Chrudim,FK Pribram,Czechia - FNL,Bet365,Alternative Asian Handicap,,5.250,,4.400,,,,,-1.5,"{""hdp"": -1.5, ""home"": ""5.250"", ""away"": ""4.400""}",2026-05-12T07:06:53.551Z
71231390,2026-05-12 17:00,MFK Chrudim,FK Pribram,Czechia - FNL,Bet365,Alternative Asian Handicap,,4.650,,3.900,,,,,-1.25,"{""hdp"": -1.25, ""home"": ""4.650"", ""away"": ""3.900""}",2026-05-12T07:06:53.551Z
71231390,2026-05-12 17:00,MFK Chrudim,FK Pribram,Czechia - FNL,Bet365,Alternative Asian Handicap,,4.250,,3.550,,,,,-1,"{""hdp"": -1, ""home"": ""4.250"", ""away"": ""3.550""}",2026-05-12T07:06:53.551Z
71231390,2026-05-12 17:00,MFK Chrudim,FK Pribram,Czechia - FNL,Bet365,Alternative Asian Handicap,,3.300,,2.750,,,,,-0.75,"{""hdp"": -0.75, ""home"": ""3.300"", ""away"": ""2.750""}",2026-05-12T07:06:53.551Z
71231390,2026-05-12 17:00,MFK Chrudim,FK Pribram,Czechia - FNL,Bet365,Alternative Asian Handicap,,2.675,,2.350,,,,,-0.5,"{""hdp"": -0.5, ""home"": ""2.675"", ""away"": ""2.350""}",2026-05-12T07:06:53.551Z
71231390,2026-05-12 17:00,MFK Chrudim,FK Pribram,Czechia - FNL,Bet365,Alternative Asian Handicap,,2.350,,2.075,,,,,-0.25,"{""hdp"": -0.25, ""home"": ""2.350"", ""away"": ""2.075""}",2026-05-12T07:06:53.551Z
71231390,2026-05-12 17:00,MFK Chrudim,FK Pribram,Czechia - FNL,Bet365,Alternative Asian Handicap,,1.725,,1.575,,,,,0.25,"{""hdp"": 0.25, ""home"": ""1.725"", ""away"": ""1.575""}",2026-05-12T07:06:53.551Z
71231390,2026-05-12 17:00,MFK Chrudim,FK Pribram,Czechia - FNL,Bet365,Alternative Asian Handicap,,1.575,,1.450,,,,,0.5,"{""hdp"": 0.5, ""home"": ""1.575"", ""away"": ""1.450""}",2026-05-12T07:06:53.551Z
71231390,2026-05-12 17:00,MFK Chrudim,FK Pribram,Czechia - FNL,Bet365,Alternative Asian Handicap,,1.425,,1.325,,,,,0.75,"{""hdp"": 0.75, ""home"": ""1.425"", ""away"": ""1.325""}",2026-05-12T07:06:53.551Z
71231390,2026-05-12 17:00,MFK Chrudim,FK Pribram,Czechia - FNL,Bet365,Alternative Asian Handicap,,1.275,,1.210,,,,,1,"{""hdp"": 1, ""home"": ""1.275"", ""away"": ""1.210""}",2026-05-12T07:06:53.551Z
71231390,2026-05-12 17:00,MFK Chrudim,FK Pribram,Czechia - FNL,Bet365,Alternative Asian Handicap,,1.240,,1.180,,,,,1.25,"{""hdp"": 1.25, ""home"": ""1.240"", ""away"": ""1.180""}",2026-05-12T07:06:53.551Z
71231390,2026-05-12 17:00,MFK Chrudim,FK Pribram,Czechia - FNL,Bet365,Alternative Asian Handicap,,1.200,,1.160,,,,,1.5,"{""hdp"": 1.5, ""home"": ""1.200"", ""away"": ""1.160""}",2026-05-12T07:06:53.551Z
71231390,2026-05-12 17:00,MFK Chrudim,FK Pribram,Czechia - FNL,Bet365,Alternative Asian Handicap,,1.140,,1.105,,,,,1.75,"{""hdp"": 1.75, ""home"": ""1.140"", ""away"": ""1.105""}",2026-05-12T07:06:53.551Z
71231390,2026-05-12 17:00,MFK Chrudim,FK Pribram,Czechia - FNL,Bet365,Alternative Goal Line,,,,,1.105,6.800,,,1.25,"{""hdp"": 1.25, ""over"": ""1.105"", ""under"": ""6.800""}",2026-05-12T07:32:19.191Z
71231390,2026-05-12 17:00,MFK Chrudim,FK Pribram,Czechia - FNL,Bet365,Alternative Goal Line,,,,,1.175,4.800,,,1.5,"{""hdp"": 1.5, ""over"": ""1.175"", ""under"": ""4.800""}",2026-05-12T07:32:19.191Z
71231390,2026-05-12 17:00,MFK Chrudim,FK Pribram,Czechia - FNL,Bet365,Alternative Goal Line,,,,,1.210,4.250,,,1.75,"{""hdp"": 1.75, ""over"": ""1.210"", ""under"": ""4.250""}",2026-05-12T07:32:19.191Z
71231390,2026-05-12 17:00,MFK Chrudim,FK Pribram,Czechia - FNL,Bet365,Alternative Goal Line,,,,,1.250,3.800,,,2,"{""hdp"": 2, ""over"": ""1.250"", ""under"": ""3.800""}",2026-05-12T07:32:19.191Z
71231390,2026-05-12 17:00,MFK Chrudim,FK Pribram,Czechia - FNL,Bet365,Alternative Goal Line,,,,,1.425,2.750,,,2.25,"{""hdp"": 2.25, ""over"": ""1.425"", ""under"": ""2.750""}",2026-05-12T07:32:19.191Z
71231390,2026-05-12 17:00,MFK Chrudim,FK Pribram,Czechia - FNL,Bet365,Alternative Goal Line,,,,,1.575,2.350,,,2.5,"{""hdp"": 2.5, ""over"": ""1.575"", ""under"": ""2.350""}",2026-05-12T07:32:19.191Z
71231390,2026-05-12 17:00,MFK Chrudim,FK Pribram,Czechia - FNL,Bet365,Alternative Goal Line,,,,,1.725,2.075,,,2.75,"{""hdp"": 2.75, ""over"": ""1.725"", ""under"": ""2.075""}",2026-05-12T07:32:19.191Z
71231390,2026-05-12 17:00,MFK Chrudim,FK Pribram,Czechia - FNL,Bet365,Alternative Goal Line,,,,,2.150,1.675,,,3.25,"{""hdp"": 3.25, ""over"": ""2.150"", ""under"": ""1.675""}",2026-05-12T07:32:19.191Z
71231390,2026-05-12 17:00,MFK Chrudim,FK Pribram,Czechia - FNL,Bet365,Alternative Goal Line,,,,,2.375,1.550,,,3.5,"{""hdp"": 3.5, ""over"": ""2.375"", ""under"": ""1.550""}",2026-05-12T07:32:19.191Z
71231390,2026-05-12 17:00,MFK Chrudim,FK Pribram,Czechia - FNL,Bet365,Alternative Goal Line,,,,,3.550,1.275,,,4,"{""hdp"": 4, ""over"": ""3.550"", ""under"": ""1.275""}",2026-05-12T07:32:19.191Z
71231390,2026-05-12 17:00,MFK Chrudim,FK Pribram,Czechia - FNL,Bet365,Alternative Goal Line,,,,,3.900,1.240,,,4.25,"{""hdp"": 4.25, ""over"": ""3.900"", ""under"": ""1.240""}",2026-05-12T07:32:19.191Z
71231390,2026-05-12 17:00,MFK Chrudim,FK Pribram,Czechia - FNL,Bet365,Alternative Goal Line,,,,,4.250,1.210,,,4.5,"{""hdp"": 4.5, ""over"": ""4.250"", ""under"": ""1.210""}",2026-05-12T07:32:19.191Z
71231390,2026-05-12 17:00,MFK Chrudim,FK Pribram,Czechia - FNL,Bet365,Alternative Goal Line,,,,,5.500,1.150,,,4.75,"{""hdp"": 4.75, ""over"": ""5.500"", ""under"": ""1.150""}",2026-05-12T07:32:19.191Z
71231390,2026-05-12 17:00,MFK Chrudim,FK Pribram,Czechia - FNL,Bet365,Alternative Goal Line,,,,,2.850,1.400,,,3.75,"{""hdp"": 3.75, ""over"": ""2.850"", ""under"": ""1.400""}",2026-05-12T07:32:19.191Z
71231390,2026-05-12 17:00,MFK Chrudim,FK Pribram,Czechia - FNL,Bet365,Alternative Total Goals,,,,,1.025,17.000,,,0.5,"{""hdp"": 0.5, ""over"": ""1.025"", ""under"": ""17.000""}",2026-05-12T09:14:08.844Z
71231390,2026-05-12 17:00,MFK Chrudim,FK Pribram,Czechia - FNL,Bet365,Alternative Total Goals,,,,,1.166,5.000,,,1.5,"{""hdp"": 1.5, ""over"": ""1.166"", ""under"": ""5.000""}",2026-05-12T09:14:08.844Z
71231390,2026-05-12 17:00,MFK Chrudim,FK Pribram,Czechia - FNL,Bet365,Alternative Total Goals,,,,,2.375,1.533,,,3.5,"{""hdp"": 3.5, ""over"": ""2.375"", ""under"": ""1.533""}",2026-05-12T09:14:08.844Z
71231390,2026-05-12 17:00,MFK Chrudim,FK Pribram,Czechia - FNL,Bet365,Alternative Total Goals,,,,,4.333,1.200,,,4.5,"{""hdp"": 4.5, ""over"": ""4.333"", ""under"": ""1.200""}",2026-05-12T09:14:08.844Z
71231390,2026-05-12 17:00,MFK Chrudim,FK Pribram,Czechia - FNL,Bet365,Alternative Total Goals,,,,,9.000,1.071,,,5.5,"{""hdp"": 5.5, ""over"": ""9.000"", ""under"": ""1.071""}",2026-05-12T09:14:08.844Z
71231390,2026-05-12 17:00,MFK Chrudim,FK Pribram,Czechia - FNL,Bet365,Alternative Total Goals,,,,,17.000,1.025,,,6.5,"{""hdp"": 6.5, ""over"": ""17.000"", ""under"": ""1.025""}",2026-05-12T09:14:08.844Z
71231390,2026-05-12 17:00,MFK Chrudim,FK Pribram,Czechia - FNL,Bet365,Alternative Total Goals,,,,,34.000,1.005,,,7.5,"{""hdp"": 7.5, ""over"": ""34.000"", ""under"": ""1.005""}",2026-05-12T09:14:08.844Z
71231390,2026-05-12 17:00,MFK Chrudim,FK Pribram,Czechia - FNL,Bet365,Team Total Goals Home,,,,,11.000,1.050,,,3.5,"{""hdp"": 3.5, ""over"": ""11.000"", ""under"": ""1.050""}",2026-05-12T09:15:34.904Z
71231390,2026-05-12 17:00,MFK Chrudim,FK Pribram,Czechia - FNL,Bet365,Team Total Goals Home,,,,,26.000,1.010,,,4.5,"{""hdp"": 4.5, ""over"": ""26.000"", ""under"": ""1.010""}",2026-05-12T09:15:34.904Z
71231390,2026-05-12 17:00,MFK Chrudim,FK Pribram,Czechia - FNL,Bet365,Team Total Goals Home,,,,,1.222,4.000,,,0.5,"{""hdp"": 0.5, ""over"": ""1.222"", ""under"": ""4.000""}",2026-05-12T09:15:34.904Z
71231390,2026-05-12 17:00,MFK Chrudim,FK Pribram,Czechia - FNL,Bet365,Team Total Goals Home,,,,,2.000,1.727,,,1.5,"{""hdp"": 1.5, ""over"": ""2.000"", ""under"": ""1.727""}",2026-05-12T09:15:34.904Z
71231390,2026-05-12 17:00,MFK Chrudim,FK Pribram,Czechia - FNL,Bet365,Team Total Goals Home,,,,,4.333,1.200,,,2.5,"{""hdp"": 2.5, ""over"": ""4.333"", ""under"": ""1.200""}",2026-05-12T09:15:34.904Z
71231390,2026-05-12 17:00,MFK Chrudim,FK Pribram,Czechia - FNL,Bet365,Team Total Goals Away,,,,,1.181,4.500,,,0.5,"{""hdp"": 0.5, ""over"": ""1.181"", ""under"": ""4.500""}",2026-05-12T09:15:34.904Z
71231390,2026-05-12 17:00,MFK Chrudim,FK Pribram,Czechia - FNL,Bet365,Team Total Goals Away,,,,,1.909,1.800,,,1.5,"{""hdp"": 1.5, ""over"": ""1.909"", ""under"": ""1.800""}",2026-05-12T09:15:34.904Z
71231390,2026-05-12 17:00,MFK Chrudim,FK Pribram,Czechia - FNL,Bet365,Team Total Goals Away,,,,,4.000,1.222,,,2.5,"{""hdp"": 2.5, ""over"": ""4.000"", ""under"": ""1.222""}",2026-05-12T09:15:34.904Z
71231390,2026-05-12 17:00,MFK Chrudim,FK Pribram,Czechia - FNL,Bet365,Team Total Goals Away,,,,,10.000,1.062,,,3.5,"{""hdp"": 3.5, ""over"": ""10.000"", ""under"": ""1.062""}",2026-05-12T09:15:34.904Z
71231390,2026-05-12 17:00,MFK Chrudim,FK Pribram,Czechia - FNL,Bet365,Team Total Goals Away,,,,,23.000,1.012,,,4.5,"{""hdp"": 4.5, ""over"": ""23.000"", ""under"": ""1.012""}",2026-05-12T09:15:34.904Z
71231390,2026-05-12 17:00,MFK Chrudim,FK Pribram,Czechia - FNL,Bet365,Team Total Goals Away,,,,,51.000,1.002,,,5.5,"{""hdp"": 5.5, ""over"": ""51.000"", ""under"": ""1.002""}",2026-05-12T09:15:34.904Z
71231390,2026-05-12 17:00,MFK Chrudim,FK Pribram,Czechia - FNL,Bet365,First 10 Minutes (00:00 - 09:59),Goals (Over) (0.5),,,,3.750,1.250,,,0.5,"{""label"": ""Goals (Over) (0.5)"", ""hdp"": 0.5, ""over"": ""3.750"", ""under"": ""1.250""}",2026-05-11T14:23:40.058Z
71231390,2026-05-12 17:00,MFK Chrudim,FK Pribram,Czechia - FNL,Bet365,1st Half Handicap,1 (1),1.400,,,,,,,1,"{""label"": ""1 (1)"", ""hdp"": 1, ""home"": ""1.400""}",2026-05-12T07:04:27.896Z
71231390,2026-05-12 17:00,MFK Chrudim,FK Pribram,Czechia - FNL,Bet365,1st Half Handicap,Tie (-1),,,8.000,,,,,-1,"{""label"": ""Tie (-1)"", ""hdp"": -1, ""away"": ""8.000""}",2026-05-12T07:04:27.896Z
71231390,2026-05-12 17:00,MFK Chrudim,FK Pribram,Czechia - FNL,Bet365,Correct Score,4-2,,,,,,,,,"{""label"": ""4-2"", ""odds"": ""41.000""}",2026-05-12T10:12:10.55Z
71231390,2026-05-12 17:00,MFK Chrudim,FK Pribram,Czechia - FNL,Bet365,Correct Score,1-0,,,,,,,,,"{""label"": ""1-0"", ""odds"": ""13.000""}",2026-05-12T10:12:10.55Z
71231390,2026-05-12 17:00,MFK Chrudim,FK Pribram,Czechia - FNL,Bet365,Correct Score,2-0,,,,,,,,,"{""label"": ""2-0"", ""odds"": ""17.000""}",2026-05-12T10:12:10.55Z
71231390,2026-05-12 17:00,MFK Chrudim,FK Pribram,Czechia - FNL,Bet365,Correct Score,2-1,,,,,,,,,"{""label"": ""2-1"", ""odds"": ""11.000""}",2026-05-12T10:12:10.55Z
71231390,2026-05-12 17:00,MFK Chrudim,FK Pribram,Czechia - FNL,Bet365,Correct Score,3-0,,,,,,,,,"{""label"": ""3-0"", ""odds"": ""29.000""}",2026-05-12T10:12:10.55Z
71231390,2026-05-12 17:00,MFK Chrudim,FK Pribram,Czechia - FNL,Bet365,Correct Score,3-1,,,,,,,,,"{""label"": ""3-1"", ""odds"": ""19.000""}",2026-05-12T10:12:10.55Z
71231390,2026-05-12 17:00,MFK Chrudim,FK Pribram,Czechia - FNL,Bet365,Correct Score,3-2,,,,,,,,,"{""label"": ""3-2"", ""odds"": ""23.000""}",2026-05-12T10:12:10.55Z
71231390,2026-05-12 17:00,MFK Chrudim,FK Pribram,Czechia - FNL,Bet365,Correct Score,4-0,,,,,,,,,"{""label"": ""4-0"", ""odds"": ""51.000""}",2026-05-12T10:12:10.55Z
71231390,2026-05-12 17:00,MFK Chrudim,FK Pribram,Czechia - FNL,Bet365,Correct Score,4-1,,,,,,,,,"{""label"": ""4-1"", ""odds"": ""41.000""}",2026-05-12T10:12:10.55Z
71231390,2026-05-12 17:00,MFK Chrudim,FK Pribram,Czechia - FNL,Bet365,Correct Score,4-3,,,,,,,,,"{""label"": ""4-3"", ""odds"": ""67.000""}",2026-05-12T10:12:10.55Z
71231390,2026-05-12 17:00,MFK Chrudim,FK Pribram,Czechia - FNL,Bet365,Correct Score,5-0,,,,,,,,,"{""label"": ""5-0"", ""odds"": ""101.000""}",2026-05-12T10:12:10.55Z
71231390,2026-05-12 17:00,MFK Chrudim,FK Pribram,Czechia - FNL,Bet365,Correct Score,5-1,,,,,,,,,"{""label"": ""5-1"", ""odds"": ""81.000""}",2026-05-12T10:12:10.55Z
71231390,2026-05-12 17:00,MFK Chrudim,FK Pribram,Czechia - FNL,Bet365,Correct Score,5-3,,,,,,,,,"{""label"": ""5-3"", ""odds"": ""151.000""}",2026-05-12T10:12:10.55Z
71231390,2026-05-12 17:00,MFK Chrudim,FK Pribram,Czechia - FNL,Bet365,Correct Score,6-1,,,,,,,,,"{""label"": ""6-1"", ""odds"": ""201.000""}",2026-05-12T10:12:10.55Z
71231390,2026-05-12 17:00,MFK Chrudim,FK Pribram,Czechia - FNL,Bet365,Correct Score,6-2,,,,,,,,,"{""label"": ""6-2"", ""odds"": ""251.000""}",2026-05-12T10:12:10.55Z
71231390,2026-05-12 17:00,MFK Chrudim,FK Pribram,Czechia - FNL,Bet365,Correct Score,0-0,,,,,,,,,"{""label"": ""0-0"", ""odds"": ""17.000""}",2026-05-12T10:12:10.55Z
71231390,2026-05-12 17:00,MFK Chrudim,FK Pribram,Czechia - FNL,Bet365,Correct Score,2-2,,,,,,,,,"{""label"": ""2-2"", ""odds"": ""11.000""}",2026-05-12T10:12:10.55Z
71231390,2026-05-12 17:00,MFK Chrudim,FK Pribram,Czechia - FNL,Bet365,Correct Score,3-3,,,,,,,,,"{""label"": ""3-3"", ""odds"": ""34.000""}",2026-05-12T10:12:10.55Z
71231390,2026-05-12 17:00,MFK Chrudim,FK Pribram,Czechia - FNL,Bet365,Correct Score,4-4,,,,,,,,,"{""label"": ""4-4"", ""odds"": ""101.000""}",2026-05-12T10:12:10.55Z
71231390,2026-05-12 17:00,MFK Chrudim,FK Pribram,Czechia - FNL,Bet365,Correct Score,5-2,,,,,,,,,"{""label"": ""5-2"", ""odds"": ""81.000""}",2026-05-12T10:12:10.55Z
71231390,2026-05-12 17:00,MFK Chrudim,FK Pribram,Czechia - FNL,Bet365,Correct Score,5-4,,,,,,,,,"{""label"": ""5-4"", ""odds"": ""301.000""}",2026-05-12T10:12:10.55Z
71231390,2026-05-12 17:00,MFK Chrudim,FK Pribram,Czechia - FNL,Bet365,Correct Score,1-1,,,,,,,,,"{""label"": ""1-1"", ""odds"": ""7.000""}",2026-05-12T10:12:10.55Z
71231390,2026-05-12 17:00,MFK Chrudim,FK Pribram,Czechia - FNL,Bet365,Correct Score,6-0,,,,,,,,,"{""label"": ""6-0"", ""odds"": ""251.000""}",2026-05-12T10:12:10.55Z
71231390,2026-05-12 17:00,MFK Chrudim,FK Pribram,Czechia - FNL,Bet365,Half Time Result,1,,,,,3.200,,,1,"{""label"": ""1"", ""hdp"": 1, ""under"": ""3.200""}",2026-05-12T07:04:27.896Z
71231390,2026-05-12 17:00,MFK Chrudim,FK Pribram,Czechia - FNL,Bet365,Half Time Result,2,,,,,2.875,,,2,"{""label"": ""2"", ""hdp"": 2, ""under"": ""2.875""}",2026-05-12T07:04:27.896Z
71231390,2026-05-12 17:00,MFK Chrudim,FK Pribram,Czechia - FNL,Bet365,Half Time Result,Draw,,,,,2.400,,,,"{""label"": ""Draw"", ""under"": ""2.400""}",2026-05-12T07:04:27.896Z
71231390,2026-05-12 17:00,MFK Chrudim,FK Pribram,Czechia - FNL,Bet365,Exact Total Goals,2 Goals,,,,,4.000,,,,"{""label"": ""2 Goals"", ""under"": ""4.000""}",2026-05-12T06:20:21.195Z
71231390,2026-05-12 17:00,MFK Chrudim,FK Pribram,Czechia - FNL,Bet365,Exact Total Goals,4 Goals,,,,,5.000,,,,"{""label"": ""4 Goals"", ""under"": ""5.000""}",2026-05-12T06:20:21.195Z
71231390,2026-05-12 17:00,MFK Chrudim,FK Pribram,Czechia - FNL,Bet365,Exact Total Goals,0 Goals,,,,,17.000,,,,"{""label"": ""0 Goals"", ""under"": ""17.000""}",2026-05-12T06:20:21.195Z
71231390,2026-05-12 17:00,MFK Chrudim,FK Pribram,Czechia - FNL,Bet365,Exact Total Goals,1 Goal,,,,,6.500,,,,"{""label"": ""1 Goal"", ""under"": ""6.500""}",2026-05-12T06:20:21.195Z
71231390,2026-05-12 17:00,MFK Chrudim,FK Pribram,Czechia - FNL,Bet365,Exact Total Goals,5 Goals,,,,,8.000,,,,"{""label"": ""5 Goals"", ""under"": ""8.000""}",2026-05-12T06:20:21.195Z
71231390,2026-05-12 17:00,MFK Chrudim,FK Pribram,Czechia - FNL,Bet365,Exact Total Goals,6 Goals,,,,,13.000,,,,"{""label"": ""6 Goals"", ""under"": ""13.000""}",2026-05-12T06:20:21.195Z
71231390,2026-05-12 17:00,MFK Chrudim,FK Pribram,Czechia - FNL,Bet365,Exact Total Goals,7+ Goals,,,,,17.000,,,,"{""label"": ""7+ Goals"", ""under"": ""17.000""}",2026-05-12T06:20:21.195Z
71231390,2026-05-12 17:00,MFK Chrudim,FK Pribram,Czechia - FNL,Bet365,Exact Total Goals,3 Goals,,,,,4.333,,,,"{""label"": ""3 Goals"", ""under"": ""4.333""}",2026-05-12T06:20:21.195Z
71231390,2026-05-12 17:00,MFK Chrudim,FK Pribram,Czechia - FNL,Bet365,Both Teams To Score 2H,,,,,,,2.625,1.444,,"{""yes"": ""2.625"", ""no"": ""1.444""}",2026-05-11T13:21:17.565Z
71231390,2026-05-12 17:00,MFK Chrudim,FK Pribram,Czechia - FNL,Bet365,Specials,To Win From Behind (1),3.400,,,,,,,1,"{""label"": ""To Win From Behind (1)"", ""hdp"": 1, ""home"": ""3.400""}",2026-05-12T10:08:18.786Z
71231390,2026-05-12 17:00,MFK Chrudim,FK Pribram,Czechia - FNL,Bet365,Specials,To Win From Behind (2),,,3.000,,,,,2,"{""label"": ""To Win From Behind (2)"", ""hdp"": 2, ""away"": ""3.000""}",2026-05-12T10:08:18.786Z
71372082,2026-05-12 17:00,JS Omrane,Avenir S Marsa,Tunisia - Ligue 1,Bet365,ML,,2.150,2.800,3.500,,,,,,"{""home"": ""2.150"", ""draw"": ""2.800"", ""away"": ""3.500""}",2026-05-12T10:46:13.202Z
71372082,2026-05-12 17:00,JS Omrane,Avenir S Marsa,Tunisia - Ligue 1,Bet365,Draw No Bet,,1.500,,2.500,,,,,,"{""home"": ""1.500"", ""away"": ""2.500""}",2026-05-12T09:15:34.904Z
71372082,2026-05-12 17:00,JS Omrane,Avenir S Marsa,Tunisia - Ligue 1,Bet365,Double Chance,JS Omrane or Draw,,,,,1.166,,,,"{""label"": ""JS Omrane or Draw"", ""under"": ""1.166""}",2026-05-12T10:43:59.991Z
71372082,2026-05-12 17:00,JS Omrane,Avenir S Marsa,Tunisia - Ligue 1,Bet365,Double Chance,Draw or AS Marsa,,,,,1.700,,,,"{""label"": ""Draw or AS Marsa"", ""under"": ""1.700""}",2026-05-12T10:43:59.991Z
71372082,2026-05-12 17:00,JS Omrane,Avenir S Marsa,Tunisia - Ligue 1,Bet365,Double Chance,JS Omrane or AS Marsa,,,,,1.333,,,,"{""label"": ""JS Omrane or AS Marsa"", ""under"": ""1.333""}",2026-05-12T10:43:59.991Z
71372082,2026-05-12 17:00,JS Omrane,Avenir S Marsa,Tunisia - Ligue 1,Bet365,Spread,,1.850,,1.950,,,,,-0.25,"{""hdp"": -0.25, ""home"": ""1.850"", ""away"": ""1.950""}",2026-05-12T10:50:17.747Z
71372082,2026-05-12 17:00,JS Omrane,Avenir S Marsa,Tunisia - Ligue 1,Bet365,Totals,,,,,1.750,2.050,,,1.75,"{""hdp"": 1.75, ""over"": ""1.750"", ""under"": ""2.050""}",2026-05-12T10:37:18.099Z
71372082,2026-05-12 17:00,JS Omrane,Avenir S Marsa,Tunisia - Ligue 1,Bet365,Goals Over/Under,,,,,2.750,1.400,,,2.5,"{""hdp"": 2.5, ""over"": ""2.750"", ""under"": ""1.400""}",2026-05-12T08:37:27.296Z
71372082,2026-05-12 17:00,JS Omrane,Avenir S Marsa,Tunisia - Ligue 1,Bet365,Spread HT,,1.600,,2.300,,,,,0,"{""hdp"": 0, ""home"": ""1.600"", ""away"": ""2.300""}",2026-05-12T09:32:06.446Z
71372082,2026-05-12 17:00,JS Omrane,Avenir S Marsa,Tunisia - Ligue 1,Bet365,Totals HT,,,,,1.950,1.850,,,0.75,"{""hdp"": 0.75, ""over"": ""1.950"", ""under"": ""1.850""}",2026-05-12T08:03:50.746Z
71372082,2026-05-12 17:00,JS Omrane,Avenir S Marsa,Tunisia - Ligue 1,Bet365,Corners Totals,,,,,2.000,1.800,,,8,"{""hdp"": 8, ""over"": ""2.000"", ""under"": ""1.800""}",2026-05-11T18:59:51.317Z
71372082,2026-05-12 17:00,JS Omrane,Avenir S Marsa,Tunisia - Ligue 1,Bet365,Corners Totals HT,,,,,1.850,1.950,,,3.5,"{""hdp"": 3.5, ""over"": ""1.850"", ""under"": ""1.950""}",2026-05-11T19:43:26.599Z
71372082,2026-05-12 17:00,JS Omrane,Avenir S Marsa,Tunisia - Ligue 1,Bet365,Half Time Result,Draw,,,,,1.833,,,,"{""label"": ""Draw"", ""under"": ""1.833""}",2026-05-12T10:06:06.016Z
71372082,2026-05-12 17:00,JS Omrane,Avenir S Marsa,Tunisia - Ligue 1,Bet365,Half Time Result,1,,,,,2.750,,,1,"{""label"": ""1"", ""hdp"": 1, ""under"": ""2.750""}",2026-05-12T10:06:06.016Z
71372082,2026-05-12 17:00,JS Omrane,Avenir S Marsa,Tunisia - Ligue 1,Bet365,Half Time Result,2,,,,,4.750,,,2,"{""label"": ""2"", ""hdp"": 2, ""under"": ""4.750""}",2026-05-12T10:06:06.016Z
71372082,2026-05-12 17:00,JS Omrane,Avenir S Marsa,Tunisia - Ligue 1,Bet365,Correct Score,1-0,,,,,,,,,"{""label"": ""1-0"", ""odds"": ""5.500""}",2026-05-12T10:05:09.554Z
71372082,2026-05-12 17:00,JS Omrane,Avenir S Marsa,Tunisia - Ligue 1,Bet365,Correct Score,2-1,,,,,,,,,"{""label"": ""2-1"", ""odds"": ""12.000""}",2026-05-12T10:05:09.554Z
71372082,2026-05-12 17:00,JS Omrane,Avenir S Marsa,Tunisia - Ligue 1,Bet365,Correct Score,4-1,,,,,,,,,"{""label"": ""4-1"", ""odds"": ""51.000""}",2026-05-12T10:05:09.554Z
71372082,2026-05-12 17:00,JS Omrane,Avenir S Marsa,Tunisia - Ligue 1,Bet365,Correct Score,3-1,,,,,,,,,"{""label"": ""3-1"", ""odds"": ""26.000""}",2026-05-12T10:05:09.554Z
71372082,2026-05-12 17:00,JS Omrane,Avenir S Marsa,Tunisia - Ligue 1,Bet365,Correct Score,3-3,,,,,,,,,"{""label"": ""3-3"", ""odds"": ""81.000""}",2026-05-12T10:05:09.554Z
71372082,2026-05-12 17:00,JS Omrane,Avenir S Marsa,Tunisia - Ligue 1,Bet365,Correct Score,4-0,,,,,,,,,"{""label"": ""4-0"", ""odds"": ""41.000""}",2026-05-12T10:05:09.554Z
71372082,2026-05-12 17:00,JS Omrane,Avenir S Marsa,Tunisia - Ligue 1,Bet365,Correct Score,1-1,,,,,,,,,"{""label"": ""1-1"", ""odds"": ""6.500""}",2026-05-12T10:05:09.554Z
71372082,2026-05-12 17:00,JS Omrane,Avenir S Marsa,Tunisia - Ligue 1,Bet365,Correct Score,2-0,,,,,,,,,"{""label"": ""2-0"", ""odds"": ""8.500""}",2026-05-12T10:05:09.554Z
71372082,2026-05-12 17:00,JS Omrane,Avenir S Marsa,Tunisia - Ligue 1,Bet365,Correct Score,2-2,,,,,,,,,"{""label"": ""2-2"", ""odds"": ""23.000""}",2026-05-12T10:05:09.554Z
71372082,2026-05-12 17:00,JS Omrane,Avenir S Marsa,Tunisia - Ligue 1,Bet365,Correct Score,3-0,,,,,,,,,"{""label"": ""3-0"", ""odds"": ""17.000""}",2026-05-12T10:05:09.554Z
71372082,2026-05-12 17:00,JS Omrane,Avenir S Marsa,Tunisia - Ligue 1,Bet365,Correct Score,3-2,,,,,,,,,"{""label"": ""3-2"", ""odds"": ""41.000""}",2026-05-12T10:05:09.554Z
71372082,2026-05-12 17:00,JS Omrane,Avenir S Marsa,Tunisia - Ligue 1,Bet365,Correct Score,4-2,,,,,,,,,"{""label"": ""4-2"", ""odds"": ""81.000""}",2026-05-12T10:05:09.554Z
71372082,2026-05-12 17:00,JS Omrane,Avenir S Marsa,Tunisia - Ligue 1,Bet365,Correct Score,5-0,,,,,,,,,"{""label"": ""5-0"", ""odds"": ""67.000""}",2026-05-12T10:05:09.554Z
71372082,2026-05-12 17:00,JS Omrane,Avenir S Marsa,Tunisia - Ligue 1,Bet365,Correct Score,0-0,,,,,,,,,"{""label"": ""0-0"", ""odds"": ""5.000""}",2026-05-12T10:05:09.554Z
71372082,2026-05-12 17:00,JS Omrane,Avenir S Marsa,Tunisia - Ligue 1,Bet365,Corners,,,,,2.200,2.000,,,8,"{""hdp"": 8, ""over"": ""2.200"", ""under"": ""2.000""}",2026-05-11T20:06:24.735Z
71372082,2026-05-12 17:00,JS Omrane,Avenir S Marsa,Tunisia - Ligue 1,Bet365,Corners 2-Way,,,,,1.727,2.000,,,7.5,"{""hdp"": 7.5, ""over"": ""1.727"", ""under"": ""2.000""}",2026-05-11T20:11:48.406Z
71338854,2026-05-12 16:10,AL Ittihad Kalba,AL Nasr,United Arab Emirates - U23 Pro League,Bet365,ML,,2.050,3.700,2.800,,,,,,"{""home"": ""2.050"", ""draw"": ""3.700"", ""away"": ""2.800""}",2026-05-12T10:15:30.142Z
71338854,2026-05-12 16:10,AL Ittihad Kalba,AL Nasr,United Arab Emirates - U23 Pro League,Bet365,Draw No Bet,,1.444,,2.625,,,,,,"{""home"": ""1.444"", ""away"": ""2.625""}",2026-05-12T05:21:31.849Z
71338854,2026-05-12 16:10,AL Ittihad Kalba,AL Nasr,United Arab Emirates - U23 Pro League,Bet365,Double Chance,Al Ittihad Kalba U23 or Draw,,,,,1.250,,,,"{""label"": ""Al Ittihad Kalba U23 or Draw"", ""under"": ""1.250""}",2026-05-12T06:35:10.803Z
71338854,2026-05-12 16:10,AL Ittihad Kalba,AL Nasr,United Arab Emirates - U23 Pro League,Bet365,Double Chance,Draw or Al Nasr SC U23,,,,,1.800,,,,"{""label"": ""Draw or Al Nasr SC U23"", ""under"": ""1.800""}",2026-05-12T06:35:10.803Z
71338854,2026-05-12 16:10,AL Ittihad Kalba,AL Nasr,United Arab Emirates - U23 Pro League,Bet365,Double Chance,Al Ittihad Kalba U23 or Al Nasr SC U23,,,,,1.222,,,,"{""label"": ""Al Ittihad Kalba U23 or Al Nasr SC U23"", ""under"": ""1.222""}",2026-05-12T06:35:10.803Z
71338854,2026-05-12 16:10,AL Ittihad Kalba,AL Nasr,United Arab Emirates - U23 Pro League,Bet365,Spread,,1.825,,1.975,,,,,-0.25,"{""hdp"": -0.25, ""home"": ""1.825"", ""away"": ""1.975""}",2026-05-12T10:19:31.065Z
71338854,2026-05-12 16:10,AL Ittihad Kalba,AL Nasr,United Arab Emirates - U23 Pro League,Bet365,Totals,,,,,1.950,1.850,,,3.5,"{""hdp"": 3.5, ""over"": ""1.950"", ""under"": ""1.850""}",2026-05-12T10:19:31.065Z
71338854,2026-05-12 16:10,AL Ittihad Kalba,AL Nasr,United Arab Emirates - U23 Pro League,Bet365,Goals Over/Under,,,,,1.400,2.750,,,2.5,"{""hdp"": 2.5, ""over"": ""1.400"", ""under"": ""2.750""}",2026-05-12T10:25:45.135Z
71338854,2026-05-12 16:10,AL Ittihad Kalba,AL Nasr,United Arab Emirates - U23 Pro League,Bet365,Spread HT,,2.000,,1.800,,,,,-0.25,"{""hdp"": -0.25, ""home"": ""2.000"", ""away"": ""1.800""}",2026-05-12T04:51:26.22Z
71338854,2026-05-12 16:10,AL Ittihad Kalba,AL Nasr,United Arab Emirates - U23 Pro League,Bet365,Totals HT,,,,,1.750,2.050,,,1.25,"{""hdp"": 1.25, ""over"": ""1.750"", ""under"": ""2.050""}",2026-05-12T09:06:00.764Z
71338854,2026-05-12 16:10,AL Ittihad Kalba,AL Nasr,United Arab Emirates - U23 Pro League,Bet365,Correct Score,2-0,,,,,,,,,"{""label"": ""2-0"", ""odds"": ""13.000""}",2026-05-12T10:08:18.786Z
71338854,2026-05-12 16:10,AL Ittihad Kalba,AL Nasr,United Arab Emirates - U23 Pro League,Bet365,Correct Score,3-1,,,,,,,,,"{""label"": ""3-1"", ""odds"": ""15.000""}",2026-05-12T10:08:18.786Z
71338854,2026-05-12 16:10,AL Ittihad Kalba,AL Nasr,United Arab Emirates - U23 Pro League,Bet365,Correct Score,4-1,,,,,,,,,"{""label"": ""4-1"", ""odds"": ""23.000""}",2026-05-12T10:08:18.786Z
71338854,2026-05-12 16:10,AL Ittihad Kalba,AL Nasr,United Arab Emirates - U23 Pro League,Bet365,Correct Score,2-1,,,,,,,,,"{""label"": ""2-1"", ""odds"": ""10.000""}",2026-05-12T10:08:18.786Z
71338854,2026-05-12 16:10,AL Ittihad Kalba,AL Nasr,United Arab Emirates - U23 Pro League,Bet365,Correct Score,2-2,,,,,,,,,"{""label"": ""2-2"", ""odds"": ""12.000""}",2026-05-12T10:08:18.786Z
71338854,2026-05-12 16:10,AL Ittihad Kalba,AL Nasr,United Arab Emirates - U23 Pro League,Bet365,Correct Score,3-3,,,,,,,,,"{""label"": ""3-3"", ""odds"": ""29.000""}",2026-05-12T10:08:18.786Z
71338854,2026-05-12 16:10,AL Ittihad Kalba,AL Nasr,United Arab Emirates - U23 Pro League,Bet365,Correct Score,4-3,,,,,,,,,"{""label"": ""4-3"", ""odds"": ""51.000""}",2026-05-12T10:08:18.786Z
71338854,2026-05-12 16:10,AL Ittihad Kalba,AL Nasr,United Arab Emirates - U23 Pro League,Bet365,Correct Score,5-0,,,,,,,,,"{""label"": ""5-0"", ""odds"": ""41.000""}",2026-05-12T10:08:18.786Z
71338854,2026-05-12 16:10,AL Ittihad Kalba,AL Nasr,United Arab Emirates - U23 Pro League,Bet365,Correct Score,5-1,,,,,,,,,"{""label"": ""5-1"", ""odds"": ""41.000""}",2026-05-12T10:08:18.786Z
71338854,2026-05-12 16:10,AL Ittihad Kalba,AL Nasr,United Arab Emirates - U23 Pro League,Bet365,Correct Score,5-2,,,,,,,,,"{""label"": ""5-2"", ""odds"": ""51.000""}",2026-05-12T10:08:18.786Z
71338854,2026-05-12 16:10,AL Ittihad Kalba,AL Nasr,United Arab Emirates - U23 Pro League,Bet365,Correct Score,5-3,,,,,,,,,"{""label"": ""5-3"", ""odds"": ""81.000""}",2026-05-12T10:08:18.786Z
71338854,2026-05-12 16:10,AL Ittihad Kalba,AL Nasr,United Arab Emirates - U23 Pro League,Bet365,Correct Score,3-0,,,,,,,,,"{""label"": ""3-0"", ""odds"": ""17.000""}",2026-05-12T10:08:18.786Z
71338854,2026-05-12 16:10,AL Ittihad Kalba,AL Nasr,United Arab Emirates - U23 Pro League,Bet365,Correct Score,6-0,,,,,,,,,"{""label"": ""6-0"", ""odds"": ""67.000""}",2026-05-12T10:08:18.786Z
71338854,2026-05-12 16:10,AL Ittihad Kalba,AL Nasr,United Arab Emirates - U23 Pro League,Bet365,Correct Score,6-1,,,,,,,,,"{""label"": ""6-1"", ""odds"": ""67.000""}",2026-05-12T10:08:18.786Z
71338854,2026-05-12 16:10,AL Ittihad Kalba,AL Nasr,United Arab Emirates - U23 Pro League,Bet365,Correct Score,0-0,,,,,,,,,"{""label"": ""0-0"", ""odds"": ""21.000""}",2026-05-12T10:08:18.786Z
71338854,2026-05-12 16:10,AL Ittihad Kalba,AL Nasr,United Arab Emirates - U23 Pro League,Bet365,Correct Score,1-0,,,,,,,,,"{""label"": ""1-0"", ""odds"": ""15.000""}",2026-05-12T10:08:18.786Z
71338854,2026-05-12 16:10,AL Ittihad Kalba,AL Nasr,United Arab Emirates - U23 Pro League,Bet365,Correct Score,1-1,,,,,,,,,"{""label"": ""1-1"", ""odds"": ""9.000""}",2026-05-12T10:08:18.786Z
71338854,2026-05-12 16:10,AL Ittihad Kalba,AL Nasr,United Arab Emirates - U23 Pro League,Bet365,Correct Score,3-2,,,,,,,,,"{""label"": ""3-2"", ""odds"": ""19.000""}",2026-05-12T10:08:18.786Z
71338854,2026-05-12 16:10,AL Ittihad Kalba,AL Nasr,United Arab Emirates - U23 Pro League,Bet365,Correct Score,4-0,,,,,,,,,"{""label"": ""4-0"", ""odds"": ""29.000""}",2026-05-12T10:08:18.786Z
71338854,2026-05-12 16:10,AL Ittihad Kalba,AL Nasr,United Arab Emirates - U23 Pro League,Bet365,Correct Score,4-2,,,,,,,,,"{""label"": ""4-2"", ""odds"": ""29.000""}",2026-05-12T10:08:18.786Z
71338854,2026-05-12 16:10,AL Ittihad Kalba,AL Nasr,United Arab Emirates - U23 Pro League,Bet365,Correct Score,4-4,,,,,,,,,"{""label"": ""4-4"", ""odds"": ""67.000""}",2026-05-12T10:08:18.786Z
71338854,2026-05-12 16:10,AL Ittihad Kalba,AL Nasr,United Arab Emirates - U23 Pro League,Bet365,Correct Score,6-2,,,,,,,,,"{""label"": ""6-2"", ""odds"": ""81.000""}",2026-05-12T10:08:18.786Z
71338854,2026-05-12 16:10,AL Ittihad Kalba,AL Nasr,United Arab Emirates - U23 Pro League,Bet365,Half Time Result,1,,,,,2.375,,,1,"{""label"": ""1"", ""hdp"": 1, ""under"": ""2.375""}",2026-05-12T10:05:09.554Z
71338854,2026-05-12 16:10,AL Ittihad Kalba,AL Nasr,United Arab Emirates - U23 Pro League,Bet365,Half Time Result,Draw,,,,,2.625,,,,"{""label"": ""Draw"", ""under"": ""2.625""}",2026-05-12T10:05:09.554Z
71338854,2026-05-12 16:10,AL Ittihad Kalba,AL Nasr,United Arab Emirates - U23 Pro League,Bet365,Half Time Result,2,,,,,3.250,,,2,"{""label"": ""2"", ""hdp"": 2, ""under"": ""3.250""}",2026-05-12T10:05:09.554Z
71338854,2026-05-12 16:10,AL Ittihad Kalba,AL Nasr,United Arab Emirates - U23 Pro League,Bet365,Alternative Asian Handicap,,5.500,,1.150,,,,,-2.5,"{""hdp"": -2.5, ""home"": ""5.500"", ""away"": ""1.150""}",2026-05-12T10:34:53.174Z
71338854,2026-05-12 16:10,AL Ittihad Kalba,AL Nasr,United Arab Emirates - U23 Pro League,Bet365,Alternative Asian Handicap,,5.000,,1.170,,,,,-2.25,"{""hdp"": -2.25, ""home"": ""5.000"", ""away"": ""1.170""}",2026-05-12T10:34:53.174Z
71338854,2026-05-12 16:10,AL Ittihad Kalba,AL Nasr,United Arab Emirates - U23 Pro League,Bet365,Alternative Asian Handicap,,4.500,,1.190,,,,,-2,"{""hdp"": -2, ""home"": ""4.500"", ""away"": ""1.190""}",2026-05-12T10:34:53.174Z
71338854,2026-05-12 16:10,AL Ittihad Kalba,AL Nasr,United Arab Emirates - U23 Pro League,Bet365,Alternative Asian Handicap,,3.550,,1.275,,,,,-1.75,"{""hdp"": -1.75, ""home"": ""3.550"", ""away"": ""1.275""}",2026-05-12T10:34:53.174Z
71338854,2026-05-12 16:10,AL Ittihad Kalba,AL Nasr,United Arab Emirates - U23 Pro League,Bet365,Alternative Asian Handicap,,3.000,,5.900,,,,,-1.5,"{""hdp"": -1.5, ""home"": ""3.000"", ""away"": ""5.900""}",2026-05-12T10:34:53.174Z
71338854,2026-05-12 16:10,AL Ittihad Kalba,AL Nasr,United Arab Emirates - U23 Pro League,Bet365,Alternative Asian Handicap,,2.750,,5.500,,,,,-1.25,"{""hdp"": -1.25, ""home"": ""2.750"", ""away"": ""5.500""}",2026-05-12T10:34:53.174Z
71338854,2026-05-12 16:10,AL Ittihad Kalba,AL Nasr,United Arab Emirates - U23 Pro League,Bet365,Alternative Asian Handicap,,2.425,,5.250,,,,,-1,"{""hdp"": -1, ""home"": ""2.425"", ""away"": ""5.250""}",2026-05-12T10:34:53.174Z
71338854,2026-05-12 16:10,AL Ittihad Kalba,AL Nasr,United Arab Emirates - U23 Pro League,Bet365,Alternative Asian Handicap,,2.150,,3.900,,,,,-0.75,"{""hdp"": -0.75, ""home"": ""2.150"", ""away"": ""3.900""}",2026-05-12T10:34:53.174Z
71338854,2026-05-12 16:10,AL Ittihad Kalba,AL Nasr,United Arab Emirates - U23 Pro League,Bet365,Alternative Asian Handicap,,1.700,,2.850,,,,,-0.25,"{""hdp"": -0.25, ""home"": ""1.700"", ""away"": ""2.850""}",2026-05-12T10:34:53.174Z
71338854,2026-05-12 16:10,AL Ittihad Kalba,AL Nasr,United Arab Emirates - U23 Pro League,Bet365,Alternative Asian Handicap,,1.500,,2.500,,,,,0,"{""hdp"": 0, ""home"": ""1.500"", ""away"": ""2.500""}",2026-05-12T10:34:53.174Z
71338854,2026-05-12 16:10,AL Ittihad Kalba,AL Nasr,United Arab Emirates - U23 Pro League,Bet365,Alternative Asian Handicap,,1.400,,2.100,,,,,0.25,"{""hdp"": 0.25, ""home"": ""1.400"", ""away"": ""2.100""}",2026-05-12T10:34:53.174Z
71338854,2026-05-12 16:10,AL Ittihad Kalba,AL Nasr,United Arab Emirates - U23 Pro League,Bet365,Alternative Asian Handicap,,1.325,,3.300,,,,,0.5,"{""hdp"": 0.5, ""home"": ""1.325"", ""away"": ""3.300""}",2026-05-12T10:34:53.174Z
71338854,2026-05-12 16:10,AL Ittihad Kalba,AL Nasr,United Arab Emirates - U23 Pro League,Bet365,Alternative Asian Handicap,,1.240,,1.675,,,,,0.75,"{""hdp"": 0.75, ""home"": ""1.240"", ""away"": ""1.675""}",2026-05-12T10:34:53.174Z
71338854,2026-05-12 16:10,AL Ittihad Kalba,AL Nasr,United Arab Emirates - U23 Pro League,Bet365,Alternative Asian Handicap,,1.160,,1.525,,,,,1,"{""hdp"": 1, ""home"": ""1.160"", ""away"": ""1.525""}",2026-05-12T10:34:53.174Z
71338854,2026-05-12 16:10,AL Ittihad Kalba,AL Nasr,United Arab Emirates - U23 Pro League,Bet365,Alternative Asian Handicap,,1.150,,1.425,,,,,1.25,"{""hdp"": 1.25, ""home"": ""1.150"", ""away"": ""1.425""}",2026-05-12T10:34:53.174Z
71338854,2026-05-12 16:10,AL Ittihad Kalba,AL Nasr,United Arab Emirates - U23 Pro League,Bet365,Alternative Asian Handicap,,1.130,,1.375,,,,,1.5,"{""hdp"": 1.5, ""home"": ""1.130"", ""away"": ""1.375""}",2026-05-12T10:34:53.174Z
71338854,2026-05-12 16:10,AL Ittihad Kalba,AL Nasr,United Arab Emirates - U23 Pro League,Bet365,Alternative Goal Line,,,,,1.110,6.600,,,1.5,"{""hdp"": 1.5, ""over"": ""1.110"", ""under"": ""6.600""}",2026-05-12T10:23:09.294Z
71338854,2026-05-12 16:10,AL Ittihad Kalba,AL Nasr,United Arab Emirates - U23 Pro League,Bet365,Alternative Goal Line,,,,,1.125,6.000,,,1.75,"{""hdp"": 1.75, ""over"": ""1.125"", ""under"": ""6.000""}",2026-05-12T10:23:09.294Z
71338854,2026-05-12 16:10,AL Ittihad Kalba,AL Nasr,United Arab Emirates - U23 Pro League,Bet365,Alternative Goal Line,,,,,1.150,5.500,,,2,"{""hdp"": 2, ""over"": ""1.150"", ""under"": ""5.500""}",2026-05-12T10:23:09.294Z
71338854,2026-05-12 16:10,AL Ittihad Kalba,AL Nasr,United Arab Emirates - U23 Pro League,Bet365,Alternative Goal Line,,,,,1.260,3.700,,,2.25,"{""hdp"": 2.25, ""over"": ""1.260"", ""under"": ""3.700""}",2026-05-12T10:23:09.294Z
71338854,2026-05-12 16:10,AL Ittihad Kalba,AL Nasr,United Arab Emirates - U23 Pro League,Bet365,Alternative Goal Line,,,,,1.375,3.000,,,2.5,"{""hdp"": 2.5, ""over"": ""1.375"", ""under"": ""3.000""}",2026-05-12T10:23:09.294Z
71338854,2026-05-12 16:10,AL Ittihad Kalba,AL Nasr,United Arab Emirates - U23 Pro League,Bet365,Alternative Goal Line,,,,,1.450,2.675,,,2.75,"{""hdp"": 2.75, ""over"": ""1.450"", ""under"": ""2.675""}",2026-05-12T10:23:09.294Z
71338854,2026-05-12 16:10,AL Ittihad Kalba,AL Nasr,United Arab Emirates - U23 Pro League,Bet365,Alternative Goal Line,,,,,1.550,2.375,,,3,"{""hdp"": 3, ""over"": ""1.550"", ""under"": ""2.375""}",2026-05-12T10:23:09.294Z
71338854,2026-05-12 16:10,AL Ittihad Kalba,AL Nasr,United Arab Emirates - U23 Pro League,Bet365,Alternative Goal Line,,,,,1.725,2.075,,,3.25,"{""hdp"": 3.25, ""over"": ""1.725"", ""under"": ""2.075""}",2026-05-12T10:23:09.294Z
71338854,2026-05-12 16:10,AL Ittihad Kalba,AL Nasr,United Arab Emirates - U23 Pro League,Bet365,Alternative Goal Line,,,,,2.100,1.700,,,3.75,"{""hdp"": 3.75, ""over"": ""2.100"", ""under"": ""1.700""}",2026-05-12T10:23:09.294Z
71338854,2026-05-12 16:10,AL Ittihad Kalba,AL Nasr,United Arab Emirates - U23 Pro League,Bet365,Alternative Goal Line,,,,,2.425,1.525,,,4,"{""hdp"": 4, ""over"": ""2.425"", ""under"": ""1.525""}",2026-05-12T10:23:09.294Z
71338854,2026-05-12 16:10,AL Ittihad Kalba,AL Nasr,United Arab Emirates - U23 Pro League,Bet365,Alternative Goal Line,,,,,2.750,1.425,,,4.25,"{""hdp"": 4.25, ""over"": ""2.750"", ""under"": ""1.425""}",2026-05-12T10:23:09.294Z
71338854,2026-05-12 16:10,AL Ittihad Kalba,AL Nasr,United Arab Emirates - U23 Pro League,Bet365,Alternative Goal Line,,,,,3.000,1.375,,,4.5,"{""hdp"": 4.5, ""over"": ""3.000"", ""under"": ""1.375""}",2026-05-12T10:23:09.294Z
71338854,2026-05-12 16:10,AL Ittihad Kalba,AL Nasr,United Arab Emirates - U23 Pro League,Bet365,Alternative Goal Line,,,,,3.450,1.300,,,4.75,"{""hdp"": 4.75, ""over"": ""3.450"", ""under"": ""1.300""}",2026-05-12T10:23:09.294Z
71338854,2026-05-12 16:10,AL Ittihad Kalba,AL Nasr,United Arab Emirates - U23 Pro League,Bet365,Alternative Goal Line,,,,,4.400,1.200,,,5,"{""hdp"": 5, ""over"": ""4.400"", ""under"": ""1.200""}",2026-05-12T10:23:09.294Z
71338854,2026-05-12 16:10,AL Ittihad Kalba,AL Nasr,United Arab Emirates - U23 Pro League,Bet365,Alternative Goal Line,,,,,4.650,1.180,,,5.25,"{""hdp"": 5.25, ""over"": ""4.650"", ""under"": ""1.180""}",2026-05-12T10:23:09.294Z
71338854,2026-05-12 16:10,AL Ittihad Kalba,AL Nasr,United Arab Emirates - U23 Pro League,Bet365,Alternative Goal Line,,,,,5.000,1.170,,,5.5,"{""hdp"": 5.5, ""over"": ""5.000"", ""under"": ""1.170""}",2026-05-12T10:23:09.294Z
62036882,2026-05-12 17:00,Zaglebie Lubin II,Mkp Carina Gubin,"Poland - III Liga, Group 3",Bet365,ML,,1.666,4.200,3.600,,,,,,"{""home"": ""1.666"", ""draw"": ""4.200"", ""away"": ""3.600""}",2026-05-12T10:28:55.747Z
62036882,2026-05-12 17:00,Zaglebie Lubin II,Mkp Carina Gubin,"Poland - III Liga, Group 3",Bet365,Draw No Bet,,1.333,,3.250,,,,,,"{""home"": ""1.333"", ""away"": ""3.250""}",2026-05-12T10:06:06.016Z
62036882,2026-05-12 17:00,Zaglebie Lubin II,Mkp Carina Gubin,"Poland - III Liga, Group 3",Bet365,Double Chance,Zaglebie Lubin II or Draw,,,,,1.166,,,,"{""label"": ""Zaglebie Lubin II or Draw"", ""under"": ""1.166""}",2026-05-11T15:16:55.467Z
62036882,2026-05-12 17:00,Zaglebie Lubin II,Mkp Carina Gubin,"Poland - III Liga, Group 3",Bet365,Double Chance,Draw or Carina Gubin,,,,,2.100,,,,"{""label"": ""Draw or Carina Gubin"", ""under"": ""2.100""}",2026-05-11T15:16:55.467Z
62036882,2026-05-12 17:00,Zaglebie Lubin II,Mkp Carina Gubin,"Poland - III Liga, Group 3",Bet365,Double Chance,Zaglebie Lubin II or Carina Gubin,,,,,1.166,,,,"{""label"": ""Zaglebie Lubin II or Carina Gubin"", ""under"": ""1.166""}",2026-05-11T15:16:55.467Z
62036882,2026-05-12 17:00,Zaglebie Lubin II,Mkp Carina Gubin,"Poland - III Liga, Group 3",Bet365,Spread,,1.875,,1.925,,,,,-0.75,"{""hdp"": -0.75, ""home"": ""1.875"", ""away"": ""1.925""}",2026-05-12T10:25:19.971Z
62036882,2026-05-12 17:00,Zaglebie Lubin II,Mkp Carina Gubin,"Poland - III Liga, Group 3",Bet365,Totals,,,,,1.900,1.900,,,3.25,"{""hdp"": 3.25, ""over"": ""1.900"", ""under"": ""1.900""}",2026-05-12T10:16:05.614Z
62036882,2026-05-12 17:00,Zaglebie Lubin II,Mkp Carina Gubin,"Poland - III Liga, Group 3",Bet365,Goals Over/Under,,,,,1.444,2.625,,,2.5,"{""hdp"": 2.5, ""over"": ""1.444"", ""under"": ""2.625""}",2026-05-12T10:13:12.385Z
62036882,2026-05-12 17:00,Zaglebie Lubin II,Mkp Carina Gubin,"Poland - III Liga, Group 3",Bet365,Spread HT,,1.800,,2.000,,,,,-0.25,"{""hdp"": -0.25, ""home"": ""1.800"", ""away"": ""2.000""}",2026-05-11T12:26:37.014Z
62036882,2026-05-12 17:00,Zaglebie Lubin II,Mkp Carina Gubin,"Poland - III Liga, Group 3",Bet365,Totals HT,,,,,1.775,2.025,,,1.25,"{""hdp"": 1.25, ""over"": ""1.775"", ""under"": ""2.025""}",2026-05-12T10:49:40.847Z
62036882,2026-05-12 17:00,Zaglebie Lubin II,Mkp Carina Gubin,"Poland - III Liga, Group 3",Bet365,Half Time Result,Draw,,,,,2.600,,,,"{""label"": ""Draw"", ""under"": ""2.600""}",2026-05-12T10:06:06.016Z
62036882,2026-05-12 17:00,Zaglebie Lubin II,Mkp Carina Gubin,"Poland - III Liga, Group 3",Bet365,Half Time Result,2,,,,,4.000,,,2,"{""label"": ""2"", ""hdp"": 2, ""under"": ""4.000""}",2026-05-12T10:06:06.016Z
62036882,2026-05-12 17:00,Zaglebie Lubin II,Mkp Carina Gubin,"Poland - III Liga, Group 3",Bet365,Half Time Result,1,,,,,2.100,,,1,"{""label"": ""1"", ""hdp"": 1, ""under"": ""2.100""}",2026-05-12T10:06:06.016Z
62036882,2026-05-12 17:00,Zaglebie Lubin II,Mkp Carina Gubin,"Poland - III Liga, Group 3",Bet365,Alternative Goal Line,,,,,1.140,5.750,,,1.5,"{""hdp"": 1.5, ""over"": ""1.140"", ""under"": ""5.750""}",2026-05-12T10:45:01.241Z
62036882,2026-05-12 17:00,Zaglebie Lubin II,Mkp Carina Gubin,"Poland - III Liga, Group 3",Bet365,Alternative Goal Line,,,,,1.160,5.250,,,1.75,"{""hdp"": 1.75, ""over"": ""1.160"", ""under"": ""5.250""}",2026-05-12T10:45:01.241Z
62036882,2026-05-12 17:00,Zaglebie Lubin II,Mkp Carina Gubin,"Poland - III Liga, Group 3",Bet365,Alternative Goal Line,,,,,1.190,4.500,,,2,"{""hdp"": 2, ""over"": ""1.190"", ""under"": ""4.500""}",2026-05-12T10:45:01.241Z
62036882,2026-05-12 17:00,Zaglebie Lubin II,Mkp Carina Gubin,"Poland - III Liga, Group 3",Bet365,Alternative Goal Line,,,,,1.325,3.300,,,2.25,"{""hdp"": 2.25, ""over"": ""1.325"", ""under"": ""3.300""}",2026-05-12T10:45:01.241Z
62036882,2026-05-12 17:00,Zaglebie Lubin II,Mkp Carina Gubin,"Poland - III Liga, Group 3",Bet365,Alternative Goal Line,,,,,1.450,2.675,,,2.5,"{""hdp"": 2.5, ""over"": ""1.450"", ""under"": ""2.675""}",2026-05-12T10:45:01.241Z
62036882,2026-05-12 17:00,Zaglebie Lubin II,Mkp Carina Gubin,"Poland - III Liga, Group 3",Bet365,Alternative Goal Line,,,,,1.550,2.375,,,2.75,"{""hdp"": 2.75, ""over"": ""1.550"", ""under"": ""2.375""}",2026-05-12T10:45:01.241Z
62036882,2026-05-12 17:00,Zaglebie Lubin II,Mkp Carina Gubin,"Poland - III Liga, Group 3",Bet365,Alternative Goal Line,,,,,1.675,2.150,,,3,"{""hdp"": 3, ""over"": ""1.675"", ""under"": ""2.150""}",2026-05-12T10:45:01.241Z
62036882,2026-05-12 17:00,Zaglebie Lubin II,Mkp Carina Gubin,"Poland - III Liga, Group 3",Bet365,Alternative Goal Line,,,,,2.075,1.725,,,3.5,"{""hdp"": 3.5, ""over"": ""2.075"", ""under"": ""1.725""}",2026-05-12T10:45:01.241Z
62036882,2026-05-12 17:00,Zaglebie Lubin II,Mkp Carina Gubin,"Poland - III Liga, Group 3",Bet365,Alternative Goal Line,,,,,2.350,1.575,,,3.75,"{""hdp"": 3.75, ""over"": ""2.350"", ""under"": ""1.575""}",2026-05-12T10:45:01.241Z
62036882,2026-05-12 17:00,Zaglebie Lubin II,Mkp Carina Gubin,"Poland - III Liga, Group 3",Bet365,Alternative Goal Line,,,,,2.750,1.425,,,4,"{""hdp"": 4, ""over"": ""2.750"", ""under"": ""1.425""}",2026-05-12T10:45:01.241Z
62036882,2026-05-12 17:00,Zaglebie Lubin II,Mkp Carina Gubin,"Poland - III Liga, Group 3",Bet365,Alternative Goal Line,,,,,3.100,1.350,,,4.25,"{""hdp"": 4.25, ""over"": ""3.100"", ""under"": ""1.350""}",2026-05-12T10:45:01.241Z
62036882,2026-05-12 17:00,Zaglebie Lubin II,Mkp Carina Gubin,"Poland - III Liga, Group 3",Bet365,Alternative Goal Line,,,,,3.450,1.300,,,4.5,"{""hdp"": 4.5, ""over"": ""3.450"", ""under"": ""1.300""}",2026-05-12T10:45:01.241Z
62036882,2026-05-12 17:00,Zaglebie Lubin II,Mkp Carina Gubin,"Poland - III Liga, Group 3",Bet365,Alternative Goal Line,,,,,4.000,1.230,,,4.75,"{""hdp"": 4.75, ""over"": ""4.000"", ""under"": ""1.230""}",2026-05-12T10:45:01.241Z
62036882,2026-05-12 17:00,Zaglebie Lubin II,Mkp Carina Gubin,"Poland - III Liga, Group 3",Bet365,Alternative Goal Line,,,,,5.500,1.150,,,5,"{""hdp"": 5, ""over"": ""5.500"", ""under"": ""1.150""}",2026-05-12T10:45:01.241Z
62036882,2026-05-12 17:00,Zaglebie Lubin II,Mkp Carina Gubin,"Poland - III Liga, Group 3",Bet365,Alternative Goal Line,,,,,5.750,1.140,,,5.25,"{""hdp"": 5.25, ""over"": ""5.750"", ""under"": ""1.140""}",2026-05-12T10:45:01.241Z
62036882,2026-05-12 17:00,Zaglebie Lubin II,Mkp Carina Gubin,"Poland - III Liga, Group 3",Bet365,Correct Score,0-0,,,,,,,,,"{""label"": ""0-0"", ""odds"": ""19.000""}",2026-05-12T10:06:06.016Z
62036882,2026-05-12 17:00,Zaglebie Lubin II,Mkp Carina Gubin,"Poland - III Liga, Group 3",Bet365,Correct Score,1-0,,,,,,,,,"{""label"": ""1-0"", ""odds"": ""11.000""}",2026-05-12T10:06:06.016Z
62036882,2026-05-12 17:00,Zaglebie Lubin II,Mkp Carina Gubin,"Poland - III Liga, Group 3",Bet365,Correct Score,1-1,,,,,,,,,"{""label"": ""1-1"", ""odds"": ""9.500""}",2026-05-12T10:06:06.016Z
62036882,2026-05-12 17:00,Zaglebie Lubin II,Mkp Carina Gubin,"Poland - III Liga, Group 3",Bet365,Correct Score,2-0,,,,,,,,,"{""label"": ""2-0"", ""odds"": ""11.000""}",2026-05-12T10:06:06.016Z
62036882,2026-05-12 17:00,Zaglebie Lubin II,Mkp Carina Gubin,"Poland - III Liga, Group 3",Bet365,Correct Score,3-0,,,,,,,,,"{""label"": ""3-0"", ""odds"": ""15.000""}",2026-05-12T10:06:06.016Z
62036882,2026-05-12 17:00,Zaglebie Lubin II,Mkp Carina Gubin,"Poland - III Liga, Group 3",Bet365,Correct Score,3-2,,,,,,,,,"{""label"": ""3-2"", ""odds"": ""21.000""}",2026-05-12T10:06:06.016Z
62036882,2026-05-12 17:00,Zaglebie Lubin II,Mkp Carina Gubin,"Poland - III Liga, Group 3",Bet365,Correct Score,5-0,,,,,,,,,"{""label"": ""5-0"", ""odds"": ""41.000""}",2026-05-12T10:06:06.016Z
62036882,2026-05-12 17:00,Zaglebie Lubin II,Mkp Carina Gubin,"Poland - III Liga, Group 3",Bet365,Correct Score,5-3,,,,,,,,,"{""label"": ""5-3"", ""odds"": ""81.000""}",2026-05-12T10:06:06.016Z
62036882,2026-05-12 17:00,Zaglebie Lubin II,Mkp Carina Gubin,"Poland - III Liga, Group 3",Bet365,Correct Score,6-1,,,,,,,,,"{""label"": ""6-1"", ""odds"": ""51.000""}",2026-05-12T10:06:06.016Z
62036882,2026-05-12 17:00,Zaglebie Lubin II,Mkp Carina Gubin,"Poland - III Liga, Group 3",Bet365,Correct Score,6-2,,,,,,,,,"{""label"": ""6-2"", ""odds"": ""81.000""}",2026-05-12T10:06:06.016Z
62036882,2026-05-12 17:00,Zaglebie Lubin II,Mkp Carina Gubin,"Poland - III Liga, Group 3",Bet365,Correct Score,2-1,,,,,,,,,"{""label"": ""2-1"", ""odds"": ""9.500""}",2026-05-12T10:06:06.016Z
62036882,2026-05-12 17:00,Zaglebie Lubin II,Mkp Carina Gubin,"Poland - III Liga, Group 3",Bet365,Correct Score,3-1,,,,,,,,,"{""label"": ""3-1"", ""odds"": ""13.000""}",2026-05-12T10:06:06.016Z
62036882,2026-05-12 17:00,Zaglebie Lubin II,Mkp Carina Gubin,"Poland - III Liga, Group 3",Bet365,Correct Score,4-0,,,,,,,,,"{""label"": ""4-0"", ""odds"": ""21.000""}",2026-05-12T10:06:06.016Z
62036882,2026-05-12 17:00,Zaglebie Lubin II,Mkp Carina Gubin,"Poland - III Liga, Group 3",Bet365,Correct Score,4-1,,,,,,,,,"{""label"": ""4-1"", ""odds"": ""21.000""}",2026-05-12T10:06:06.016Z
62036882,2026-05-12 17:00,Zaglebie Lubin II,Mkp Carina Gubin,"Poland - III Liga, Group 3",Bet365,Correct Score,4-2,,,,,,,,,"{""label"": ""4-2"", ""odds"": ""34.000""}",2026-05-12T10:06:06.016Z
62036882,2026-05-12 17:00,Zaglebie Lubin II,Mkp Carina Gubin,"Poland - III Liga, Group 3",Bet365,Correct Score,4-3,,,,,,,,,"{""label"": ""4-3"", ""odds"": ""51.000""}",2026-05-12T10:06:06.016Z
62036882,2026-05-12 17:00,Zaglebie Lubin II,Mkp Carina Gubin,"Poland - III Liga, Group 3",Bet365,Correct Score,5-1,,,,,,,,,"{""label"": ""5-1"", ""odds"": ""41.000""}",2026-05-12T10:06:06.016Z
62036882,2026-05-12 17:00,Zaglebie Lubin II,Mkp Carina Gubin,"Poland - III Liga, Group 3",Bet365,Correct Score,5-2,,,,,,,,,"{""label"": ""5-2"", ""odds"": ""51.000""}",2026-05-12T10:06:06.016Z
62036882,2026-05-12 17:00,Zaglebie Lubin II,Mkp Carina Gubin,"Poland - III Liga, Group 3",Bet365,Correct Score,6-0,,,,,,,,,"{""label"": ""6-0"", ""odds"": ""51.000""}",2026-05-12T10:06:06.016Z
62036882,2026-05-12 17:00,Zaglebie Lubin II,Mkp Carina Gubin,"Poland - III Liga, Group 3",Bet365,Correct Score,2-2,,,,,,,,,"{""label"": ""2-2"", ""odds"": ""15.000""}",2026-05-12T10:06:06.016Z
62036882,2026-05-12 17:00,Zaglebie Lubin II,Mkp Carina Gubin,"Poland - III Liga, Group 3",Bet365,Correct Score,3-3,,,,,,,,,"{""label"": ""3-3"", ""odds"": ""41.000""}",2026-05-12T10:06:06.016Z
62036882,2026-05-12 17:00,Zaglebie Lubin II,Mkp Carina Gubin,"Poland - III Liga, Group 3",Bet365,Alternative Asian Handicap,,5.750,,1.140,,,,,-2.75,"{""hdp"": -2.75, ""home"": ""5.750"", ""away"": ""1.140""}",2026-05-12T10:21:06.824Z
62036882,2026-05-12 17:00,Zaglebie Lubin II,Mkp Carina Gubin,"Poland - III Liga, Group 3",Bet365,Alternative Asian Handicap,,4.400,,1.200,,,,,-2.5,"{""hdp"": -2.5, ""home"": ""4.400"", ""away"": ""1.200""}",2026-05-12T10:21:06.824Z
62036882,2026-05-12 17:00,Zaglebie Lubin II,Mkp Carina Gubin,"Poland - III Liga, Group 3",Bet365,Alternative Asian Handicap,,4.100,,1.225,,,,,-2.25,"{""hdp"": -2.25, ""home"": ""4.100"", ""away"": ""1.225""}",2026-05-12T10:21:06.824Z
62036882,2026-05-12 17:00,Zaglebie Lubin II,Mkp Carina Gubin,"Poland - III Liga, Group 3",Bet365,Alternative Asian Handicap,,3.700,,1.260,,,,,-2,"{""hdp"": -2, ""home"": ""3.700"", ""away"": ""1.260""}",2026-05-12T10:21:06.824Z
62036882,2026-05-12 17:00,Zaglebie Lubin II,Mkp Carina Gubin,"Poland - III Liga, Group 3",Bet365,Alternative Asian Handicap,,3.000,,1.375,,,,,-1.75,"{""hdp"": -1.75, ""home"": ""3.000"", ""away"": ""1.375""}",2026-05-12T10:21:06.824Z
62036882,2026-05-12 17:00,Zaglebie Lubin II,Mkp Carina Gubin,"Poland - III Liga, Group 3",Bet365,Alternative Asian Handicap,,2.600,,1.475,,,,,-1.5,"{""hdp"": -1.5, ""home"": ""2.600"", ""away"": ""1.475""}",2026-05-12T10:21:06.824Z
62036882,2026-05-12 17:00,Zaglebie Lubin II,Mkp Carina Gubin,"Poland - III Liga, Group 3",Bet365,Alternative Asian Handicap,,2.350,,7.000,,,,,-1.25,"{""hdp"": -1.25, ""home"": ""2.350"", ""away"": ""7.000""}",2026-05-12T10:21:06.824Z
62036882,2026-05-12 17:00,Zaglebie Lubin II,Mkp Carina Gubin,"Poland - III Liga, Group 3",Bet365,Alternative Asian Handicap,,2.075,,6.600,,,,,-1,"{""hdp"": -1, ""home"": ""2.075"", ""away"": ""6.600""}",2026-05-12T10:21:06.824Z
62036882,2026-05-12 17:00,Zaglebie Lubin II,Mkp Carina Gubin,"Poland - III Liga, Group 3",Bet365,Alternative Asian Handicap,,1.700,,3.700,,,,,-0.5,"{""hdp"": -0.5, ""home"": ""1.700"", ""away"": ""3.700""}",2026-05-12T10:21:06.824Z
62036882,2026-05-12 17:00,Zaglebie Lubin II,Mkp Carina Gubin,"Poland - III Liga, Group 3",Bet365,Alternative Asian Handicap,,1.525,,3.450,,,,,-0.25,"{""hdp"": -0.25, ""home"": ""1.525"", ""away"": ""3.450""}",2026-05-12T10:21:06.824Z
62036882,2026-05-12 17:00,Zaglebie Lubin II,Mkp Carina Gubin,"Poland - III Liga, Group 3",Bet365,Alternative Asian Handicap,,1.350,,3.100,,,,,0,"{""hdp"": 0, ""home"": ""1.350"", ""away"": ""3.100""}",2026-05-12T10:21:06.824Z
62036882,2026-05-12 17:00,Zaglebie Lubin II,Mkp Carina Gubin,"Poland - III Liga, Group 3",Bet365,Alternative Asian Handicap,,1.300,,2.425,,,,,0.25,"{""hdp"": 0.25, ""home"": ""1.300"", ""away"": ""2.425""}",2026-05-12T10:21:06.824Z
62036882,2026-05-12 17:00,Zaglebie Lubin II,Mkp Carina Gubin,"Poland - III Liga, Group 3",Bet365,Alternative Asian Handicap,,1.260,,2.100,,,,,0.5,"{""hdp"": 0.5, ""home"": ""1.260"", ""away"": ""2.100""}",2026-05-12T10:21:06.824Z
62036882,2026-05-12 17:00,Zaglebie Lubin II,Mkp Carina Gubin,"Poland - III Liga, Group 3",Bet365,Alternative Asian Handicap,,1.180,,4.650,,,,,0.75,"{""hdp"": 0.75, ""home"": ""1.180"", ""away"": ""4.650""}",2026-05-12T10:21:06.824Z
62036882,2026-05-12 17:00,Zaglebie Lubin II,Mkp Carina Gubin,"Poland - III Liga, Group 3",Bet365,Alternative Asian Handicap,,1.110,,1.725,,,,,1,"{""hdp"": 1, ""home"": ""1.110"", ""away"": ""1.725""}",2026-05-12T10:21:06.824Z
62036882,2026-05-12 17:00,Zaglebie Lubin II,Mkp Carina Gubin,"Poland - III Liga, Group 3",Bet365,Alternative Asian Handicap,,1.100,,1.575,,,,,1.25,"{""hdp"": 1.25, ""home"": ""1.100"", ""away"": ""1.575""}",2026-05-12T10:21:06.824Z
61651650,2026-05-12 17:00,Veres Rivne,FC Kryvbas Kriviy Rih,Ukraine - Premier League,Bet365,ML,,2.500,3.300,2.400,,,,,,"{""home"": ""2.500"", ""draw"": ""3.300"", ""away"": ""2.400""}",2026-05-12T09:04:43.994Z
61651650,2026-05-12 17:00,Veres Rivne,FC Kryvbas Kriviy Rih,Ukraine - Premier League,Bet365,Draw No Bet,,1.909,,1.800,,,,,,"{""home"": ""1.909"", ""away"": ""1.800""}",2026-05-12T10:05:09.554Z
61651650,2026-05-12 17:00,Veres Rivne,FC Kryvbas Kriviy Rih,Ukraine - Premier League,Bet365,Double Chance,FC Veres Rivne or Draw,,,,,1.333,,,,"{""label"": ""FC Veres Rivne or Draw"", ""under"": ""1.333""}",2026-05-12T10:06:06.016Z
61651650,2026-05-12 17:00,Veres Rivne,FC Kryvbas Kriviy Rih,Ukraine - Premier League,Bet365,Double Chance,Draw or FC Kryvbas Kriviy Rih,,,,,1.600,,,,"{""label"": ""Draw or FC Kryvbas Kriviy Rih"", ""under"": ""1.600""}",2026-05-12T10:06:06.016Z
61651650,2026-05-12 17:00,Veres Rivne,FC Kryvbas Kriviy Rih,Ukraine - Premier League,Bet365,Double Chance,FC Veres Rivne or FC Kryvbas Kriviy Rih,,,,,1.250,,,,"{""label"": ""FC Veres Rivne or FC Kryvbas Kriviy Rih"", ""under"": ""1.250""}",2026-05-12T10:06:06.016Z
61651650,2026-05-12 17:00,Veres Rivne,FC Kryvbas Kriviy Rih,Ukraine - Premier League,Bet365,Spread,,1.975,,N/A,,,,,0,"{""hdp"": 0, ""home"": ""1.975"", ""away"": ""N/A""}",2026-05-12T10:47:31.998Z
61651650,2026-05-12 17:00,Veres Rivne,FC Kryvbas Kriviy Rih,Ukraine - Premier League,Bet365,Totals,,,,,1.975,1.825,,,2.75,"{""hdp"": 2.75, ""over"": ""1.975"", ""under"": ""1.825""}",2026-05-12T09:43:30.349Z
61651650,2026-05-12 17:00,Veres Rivne,FC Kryvbas Kriviy Rih,Ukraine - Premier League,Bet365,Goals Over/Under,,,,,1.800,2.000,,,2.5,"{""hdp"": 2.5, ""over"": ""1.800"", ""under"": ""2.000""}",2026-05-12T09:49:55.444Z
61651650,2026-05-12 17:00,Veres Rivne,FC Kryvbas Kriviy Rih,Ukraine - Premier League,Bet365,Spread HT,,1.700,,2.100,,,,,0,"{""hdp"": 0, ""home"": ""1.700"", ""away"": ""2.100""}",2026-05-12T09:58:20.903Z
61651650,2026-05-12 17:00,Veres Rivne,FC Kryvbas Kriviy Rih,Ukraine - Premier League,Bet365,Totals HT,,,,,1.725,2.075,,,1,"{""hdp"": 1, ""over"": ""1.725"", ""under"": ""2.075""}",2026-05-12T10:23:35.252Z
61651650,2026-05-12 17:00,Veres Rivne,FC Kryvbas Kriviy Rih,Ukraine - Premier League,Bet365,Corners Totals,,,,,1.875,1.925,,,9.5,"{""hdp"": 9.5, ""over"": ""1.875"", ""under"": ""1.925""}",2026-05-11T22:15:51.899Z
61651650,2026-05-12 17:00,Veres Rivne,FC Kryvbas Kriviy Rih,Ukraine - Premier League,Bet365,Corners Totals HT,,,,,2.000,1.800,,,4.5,"{""hdp"": 4.5, ""over"": ""2.000"", ""under"": ""1.800""}",2026-05-11T23:12:20.424Z
61651650,2026-05-12 17:00,Veres Rivne,FC Kryvbas Kriviy Rih,Ukraine - Premier League,Bet365,Correct Score,1-1,,,,,,,,,"{""label"": ""1-1"", ""odds"": ""7.000""}",2026-05-12T10:05:09.554Z
61651650,2026-05-12 17:00,Veres Rivne,FC Kryvbas Kriviy Rih,Ukraine - Premier League,Bet365,Correct Score,0-0,,,,,,,,,"{""label"": ""0-0"", ""odds"": ""12.000""}",2026-05-12T10:05:09.554Z
61651650,2026-05-12 17:00,Veres Rivne,FC Kryvbas Kriviy Rih,Ukraine - Premier League,Bet365,Correct Score,1-0,,,,,,,,,"{""label"": ""1-0"", ""odds"": ""10.000""}",2026-05-12T10:05:09.554Z
61651650,2026-05-12 17:00,Veres Rivne,FC Kryvbas Kriviy Rih,Ukraine - Premier League,Bet365,Correct Score,3-1,,,,,,,,,"{""label"": ""3-1"", ""odds"": ""21.000""}",2026-05-12T10:05:09.554Z
61651650,2026-05-12 17:00,Veres Rivne,FC Kryvbas Kriviy Rih,Ukraine - Premier League,Bet365,Correct Score,2-2,,,,,,,,,"{""label"": ""2-2"", ""odds"": ""13.000""}",2026-05-12T10:05:09.554Z
61651650,2026-05-12 17:00,Veres Rivne,FC Kryvbas Kriviy Rih,Ukraine - Premier League,Bet365,Correct Score,4-2,,,,,,,,,"{""label"": ""4-2"", ""odds"": ""51.000""}",2026-05-12T10:05:09.554Z
61651650,2026-05-12 17:00,Veres Rivne,FC Kryvbas Kriviy Rih,Ukraine - Premier League,Bet365,Correct Score,4-3,,,,,,,,,"{""label"": ""4-3"", ""odds"": ""81.000""}",2026-05-12T10:05:09.554Z
61651650,2026-05-12 17:00,Veres Rivne,FC Kryvbas Kriviy Rih,Ukraine - Premier League,Bet365,Correct Score,4-4,,,,,,,,,"{""label"": ""4-4"", ""odds"": ""151.000""}",2026-05-12T10:05:09.554Z
61651650,2026-05-12 17:00,Veres Rivne,FC Kryvbas Kriviy Rih,Ukraine - Premier League,Bet365,Correct Score,2-0,,,,,,,,,"{""label"": ""2-0"", ""odds"": ""15.000""}",2026-05-12T10:05:09.554Z
61651650,2026-05-12 17:00,Veres Rivne,FC Kryvbas Kriviy Rih,Ukraine - Premier League,Bet365,Correct Score,2-1,,,,,,,,,"{""label"": ""2-1"", ""odds"": ""11.000""}",2026-05-12T10:05:09.554Z
61651650,2026-05-12 17:00,Veres Rivne,FC Kryvbas Kriviy Rih,Ukraine - Premier League,Bet365,Correct Score,3-2,,,,,,,,,"{""label"": ""3-2"", ""odds"": ""29.000""}",2026-05-12T10:05:09.554Z
61651650,2026-05-12 17:00,Veres Rivne,FC Kryvbas Kriviy Rih,Ukraine - Premier League,Bet365,Correct Score,5-2,,,,,,,,,"{""label"": ""5-2"", ""odds"": ""126.000""}",2026-05-12T10:05:09.554Z
61651650,2026-05-12 17:00,Veres Rivne,FC Kryvbas Kriviy Rih,Ukraine - Premier League,Bet365,Correct Score,3-3,,,,,,,,,"{""label"": ""3-3"", ""odds"": ""41.000""}",2026-05-12T10:05:09.554Z
61651650,2026-05-12 17:00,Veres Rivne,FC Kryvbas Kriviy Rih,Ukraine - Premier League,Bet365,Correct Score,4-0,,,,,,,,,"{""label"": ""4-0"", ""odds"": ""51.000""}",2026-05-12T10:05:09.554Z
61651650,2026-05-12 17:00,Veres Rivne,FC Kryvbas Kriviy Rih,Ukraine - Premier League,Bet365,Correct Score,4-1,,,,,,,,,"{""label"": ""4-1"", ""odds"": ""41.000""}",2026-05-12T10:05:09.554Z
61651650,2026-05-12 17:00,Veres Rivne,FC Kryvbas Kriviy Rih,Ukraine - Premier League,Bet365,Correct Score,5-0,,,,,,,,,"{""label"": ""5-0"", ""odds"": ""101.000""}",2026-05-12T10:05:09.554Z
61651650,2026-05-12 17:00,Veres Rivne,FC Kryvbas Kriviy Rih,Ukraine - Premier League,Bet365,Correct Score,5-1,,,,,,,,,"{""label"": ""5-1"", ""odds"": ""81.000""}",2026-05-12T10:05:09.554Z
61651650,2026-05-12 17:00,Veres Rivne,FC Kryvbas Kriviy Rih,Ukraine - Premier League,Bet365,Correct Score,3-0,,,,,,,,,"{""label"": ""3-0"", ""odds"": ""26.000""}",2026-05-12T10:05:09.554Z
61651650,2026-05-12 17:00,Veres Rivne,FC Kryvbas Kriviy Rih,Ukraine - Premier League,Bet365,Corners 2-Way,,,,,1.833,1.833,,,9.5,"{""hdp"": 9.5, ""over"": ""1.833"", ""under"": ""1.833""}",2026-05-11T21:09:03.546Z
61651650,2026-05-12 17:00,Veres Rivne,FC Kryvbas Kriviy Rih,Ukraine - Premier League,Bet365,Corners,,,,,2.375,1.833,,,10,"{""hdp"": 10, ""over"": ""2.375"", ""under"": ""1.833""}",2026-05-11T21:09:03.546Z
61651650,2026-05-12 17:00,Veres Rivne,FC Kryvbas Kriviy Rih,Ukraine - Premier League,Bet365,Half Time Result,1,,,,,3.100,,,1,"{""label"": ""1"", ""hdp"": 1, ""under"": ""3.100""}",2026-05-12T10:21:59.35Z
61651650,2026-05-12 17:00,Veres Rivne,FC Kryvbas Kriviy Rih,Ukraine - Premier League,Bet365,Half Time Result,Draw,,,,,2.200,,,,"{""label"": ""Draw"", ""under"": ""2.200""}",2026-05-12T10:21:59.35Z
61651650,2026-05-12 17:00,Veres Rivne,FC Kryvbas Kriviy Rih,Ukraine - Premier League,Bet365,Half Time Result,2,,,,,2.875,,,2,"{""label"": ""2"", ""hdp"": 2, ""under"": ""2.875""}",2026-05-12T10:21:59.35Z
71085578,2026-05-12 17:30,FK Mlada Boleslav,Dukla Prague,Czechia - 1. Liga,Bet365,ML,,1.900,3.500,3.500,,,,,,"{""home"": ""1.900"", ""draw"": ""3.500"", ""away"": ""3.500""}",2026-05-12T09:29:21.514Z
71085578,2026-05-12 17:30,FK Mlada Boleslav,Dukla Prague,Czechia - 1. Liga,Bet365,Draw No Bet,,1.500,,2.500,,,,,,"{""home"": ""1.500"", ""away"": ""2.500""}",2026-05-11T14:13:18.279Z
71085578,2026-05-12 17:30,FK Mlada Boleslav,Dukla Prague,Czechia - 1. Liga,Bet365,Double Chance,Mlada Boleslav or Draw,,,,,1.300,,,,"{""label"": ""Mlada Boleslav or Draw"", ""under"": ""1.300""}",2026-05-12T05:33:14.111Z
71085578,2026-05-12 17:30,FK Mlada Boleslav,Dukla Prague,Czechia - 1. Liga,Bet365,Double Chance,Draw or Dukla Praha,,,,,1.727,,,,"{""label"": ""Draw or Dukla Praha"", ""under"": ""1.727""}",2026-05-12T05:33:14.111Z
71085578,2026-05-12 17:30,FK Mlada Boleslav,Dukla Prague,Czechia - 1. Liga,Bet365,Double Chance,Mlada Boleslav or Dukla Praha,,,,,1.250,,,,"{""label"": ""Mlada Boleslav or Dukla Praha"", ""under"": ""1.250""}",2026-05-12T05:33:14.111Z
71085578,2026-05-12 17:30,FK Mlada Boleslav,Dukla Prague,Czechia - 1. Liga,Bet365,Spread,,1.975,,1.825,,,,,-0.5,"{""hdp"": -0.5, ""home"": ""1.975"", ""away"": ""1.825""}",2026-05-12T09:34:39.286Z
71085578,2026-05-12 17:30,FK Mlada Boleslav,Dukla Prague,Czechia - 1. Liga,Bet365,Totals,,,,,1.950,1.850,,,2.75,"{""hdp"": 2.75, ""over"": ""1.950"", ""under"": ""1.850""}",2026-05-12T09:57:56.599Z
71085578,2026-05-12 17:30,FK Mlada Boleslav,Dukla Prague,Czechia - 1. Liga,Bet365,Goals Over/Under,,,,,1.727,2.075,,,2.5,"{""hdp"": 2.5, ""over"": ""1.727"", ""under"": ""2.075""}",2026-05-11T18:14:23.325Z
71085578,2026-05-12 17:30,FK Mlada Boleslav,Dukla Prague,Czechia - 1. Liga,Bet365,Both Teams To Score,,,,,,,1.666,2.100,,"{""yes"": ""1.666"", ""no"": ""2.100""}",2026-05-12T05:59:52.625Z
71085578,2026-05-12 17:30,FK Mlada Boleslav,Dukla Prague,Czechia - 1. Liga,Bet365,Spread HT,,2.050,,1.750,,,,,-0.25,"{""hdp"": -0.25, ""home"": ""2.050"", ""away"": ""1.750""}",2026-05-12T10:45:47.795Z
71085578,2026-05-12 17:30,FK Mlada Boleslav,Dukla Prague,Czechia - 1. Liga,Bet365,Totals HT,,,,,2.100,1.700,,,1.25,"{""hdp"": 1.25, ""over"": ""2.100"", ""under"": ""1.700""}",2026-05-11T21:03:24.976Z
71085578,2026-05-12 17:30,FK Mlada Boleslav,Dukla Prague,Czechia - 1. Liga,Bet365,European Handicap,,3.500,,,,,,,-1,"{""hdp"": -1, ""home"": ""3.500""}",2026-05-12T10:56:39.888Z
71085578,2026-05-12 17:30,FK Mlada Boleslav,Dukla Prague,Czechia - 1. Liga,Bet365,European Handicap,,,4.000,1.800,,,,,1,"{""hdp"": 1, ""draw"": ""4.000"", ""away"": ""1.800""}",2026-05-12T10:56:39.888Z
71085578,2026-05-12 17:30,FK Mlada Boleslav,Dukla Prague,Czechia - 1. Liga,Bet365,European Handicap,,17.000,,,,,,,-3,"{""hdp"": -3, ""home"": ""17.000""}",2026-05-12T10:56:39.888Z
71085578,2026-05-12 17:30,FK Mlada Boleslav,Dukla Prague,Czechia - 1. Liga,Bet365,European Handicap,,7.500,11.000,21.000,,,,,-2,"{""hdp"": -2, ""home"": ""7.500"", ""draw"": ""11.000"", ""away"": ""21.000""}",2026-05-12T10:56:39.888Z
71085578,2026-05-12 17:30,FK Mlada Boleslav,Dukla Prague,Czechia - 1. Liga,Bet365,European Handicap,,1.071,5.500,1.285,,,,,2,"{""hdp"": 2, ""home"": ""1.071"", ""draw"": ""5.500"", ""away"": ""1.285""}",2026-05-12T10:56:39.888Z
71085578,2026-05-12 17:30,FK Mlada Boleslav,Dukla Prague,Czechia - 1. Liga,Bet365,European Handicap,,,11.000,1.083,,,,,3,"{""hdp"": 3, ""draw"": ""11.000"", ""away"": ""1.083""}",2026-05-12T10:56:39.888Z
71085578,2026-05-12 17:30,FK Mlada Boleslav,Dukla Prague,Czechia - 1. Liga,Bet365,Corners Spread,,1.850,,1.950,,,,,-1.5,"{""hdp"": -1.5, ""home"": ""1.850"", ""away"": ""1.950""}",2026-05-11T16:28:58.117Z
71085578,2026-05-12 17:30,FK Mlada Boleslav,Dukla Prague,Czechia - 1. Liga,Bet365,Corners Totals,,,,,1.850,1.950,,,10,"{""hdp"": 10, ""over"": ""1.850"", ""under"": ""1.950""}",2026-05-10T18:44:31.035Z
71085578,2026-05-12 17:30,FK Mlada Boleslav,Dukla Prague,Czechia - 1. Liga,Bet365,Corners Totals HT,,,,,1.825,1.975,,,4.5,"{""hdp"": 4.5, ""over"": ""1.825"", ""under"": ""1.975""}",2026-05-10T20:34:07.191Z
71085578,2026-05-12 17:30,FK Mlada Boleslav,Dukla Prague,Czechia - 1. Liga,Bet365,Corners Race,,2.500,,5.500,,,,,7,"{""hdp"": 7, ""home"": ""2.500"", ""away"": ""5.500""}",2026-05-11T15:43:11.024Z
71085578,2026-05-12 17:30,FK Mlada Boleslav,Dukla Prague,Czechia - 1. Liga,Bet365,Corners Race,,4.500,,13.000,,,,,9,"{""hdp"": 9, ""home"": ""4.500"", ""away"": ""13.000""}",2026-05-11T15:43:11.024Z
71085578,2026-05-12 17:30,FK Mlada Boleslav,Dukla Prague,Czechia - 1. Liga,Bet365,Corners Race,,1.500,,2.500,,,,,3,"{""hdp"": 3, ""home"": ""1.500"", ""away"": ""2.500""}",2026-05-11T15:43:11.024Z
71085578,2026-05-12 17:30,FK Mlada Boleslav,Dukla Prague,Czechia - 1. Liga,Bet365,Corners Race,,1.666,,3.100,,,,,5,"{""hdp"": 5, ""home"": ""1.666"", ""away"": ""3.100""}",2026-05-11T15:43:11.024Z
71085578,2026-05-12 17:30,FK Mlada Boleslav,Dukla Prague,Czechia - 1. Liga,Bet365,Specials,To Win From Behind (1),3.000,,,,,,,1,"{""label"": ""To Win From Behind (1)"", ""hdp"": 1, ""home"": ""3.000""}",2026-05-12T06:09:45.255Z
71085578,2026-05-12 17:30,FK Mlada Boleslav,Dukla Prague,Czechia - 1. Liga,Bet365,Specials,To Win From Behind (2),,,4.333,,,,,2,"{""label"": ""To Win From Behind (2)"", ""hdp"": 2, ""away"": ""4.333""}",2026-05-12T06:09:45.255Z
71085578,2026-05-12 17:30,FK Mlada Boleslav,Dukla Prague,Czechia - 1. Liga,Bet365,Exact Total Goals,5 Goals,,,,,9.000,,,,"{""label"": ""5 Goals"", ""under"": ""9.000""}",2026-05-12T00:11:42.529Z
71085578,2026-05-12 17:30,FK Mlada Boleslav,Dukla Prague,Czechia - 1. Liga,Bet365,Exact Total Goals,6 Goals,,,,,17.000,,,,"{""label"": ""6 Goals"", ""under"": ""17.000""}",2026-05-12T00:11:42.529Z
71085578,2026-05-12 17:30,FK Mlada Boleslav,Dukla Prague,Czechia - 1. Liga,Bet365,Exact Total Goals,0 Goals,,,,,13.000,,,,"{""label"": ""0 Goals"", ""under"": ""13.000""}",2026-05-12T00:11:42.529Z
71085578,2026-05-12 17:30,FK Mlada Boleslav,Dukla Prague,Czechia - 1. Liga,Bet365,Exact Total Goals,7+ Goals,,,,,23.000,,,,"{""label"": ""7+ Goals"", ""under"": ""23.000""}",2026-05-12T00:11:42.529Z
71085578,2026-05-12 17:30,FK Mlada Boleslav,Dukla Prague,Czechia - 1. Liga,Bet365,Exact Total Goals,3 Goals,,,,,4.000,,,,"{""label"": ""3 Goals"", ""under"": ""4.000""}",2026-05-12T00:11:42.529Z
71085578,2026-05-12 17:30,FK Mlada Boleslav,Dukla Prague,Czechia - 1. Liga,Bet365,Exact Total Goals,4 Goals,,,,,5.500,,,,"{""label"": ""4 Goals"", ""under"": ""5.500""}",2026-05-12T00:11:42.529Z
71085578,2026-05-12 17:30,FK Mlada Boleslav,Dukla Prague,Czechia - 1. Liga,Bet365,Exact Total Goals,1 Goal,,,,,5.500,,,,"{""label"": ""1 Goal"", ""under"": ""5.500""}",2026-05-12T00:11:42.529Z
71085578,2026-05-12 17:30,FK Mlada Boleslav,Dukla Prague,Czechia - 1. Liga,Bet365,Exact Total Goals,2 Goals,,,,,3.750,,,,"{""label"": ""2 Goals"", ""under"": ""3.750""}",2026-05-12T00:11:42.529Z
71085578,2026-05-12 17:30,FK Mlada Boleslav,Dukla Prague,Czechia - 1. Liga,Bet365,Corner Handicap,1 (-2),2.200,,,,,,,-2,"{""label"": ""1 (-2)"", ""hdp"": -2, ""home"": ""2.200""}",2026-05-11T16:35:57.479Z
71085578,2026-05-12 17:30,FK Mlada Boleslav,Dukla Prague,Czechia - 1. Liga,Bet365,Corner Handicap,Tie (2),,,1.909,,,,,2,"{""label"": ""Tie (2)"", ""hdp"": 2, ""away"": ""1.909""}",2026-05-11T16:35:57.479Z
71085578,2026-05-12 17:30,FK Mlada Boleslav,Dukla Prague,Czechia - 1. Liga,Bet365,1st Half Handicap,Tie (1),,,1.500,,,,,1,"{""label"": ""Tie (1)"", ""hdp"": 1, ""away"": ""1.500""}",2026-05-12T06:07:23.326Z
71085578,2026-05-12 17:30,FK Mlada Boleslav,Dukla Prague,Czechia - 1. Liga,Bet365,1st Half Handicap,1 (-1),7.500,,,,,,,-1,"{""label"": ""1 (-1)"", ""hdp"": -1, ""home"": ""7.500""}",2026-05-12T06:07:23.326Z
71085578,2026-05-12 17:30,FK Mlada Boleslav,Dukla Prague,Czechia - 1. Liga,Bet365,Total Corners,Under 6,,,,,13.000,,,,"{""label"": ""Under 6"", ""under"": ""13.000""}",2026-05-10T18:09:55.147Z
71085578,2026-05-12 17:30,FK Mlada Boleslav,Dukla Prague,Czechia - 1. Liga,Bet365,Total Corners,6 - 8,,,,,3.500,,,,"{""label"": ""6 - 8"", ""under"": ""3.500""}",2026-05-10T18:09:55.147Z
71085578,2026-05-12 17:30,FK Mlada Boleslav,Dukla Prague,Czechia - 1. Liga,Bet365,Total Corners,9 - 11,,,,,2.600,,,,"{""label"": ""9 - 11"", ""under"": ""2.600""}",2026-05-10T18:09:55.147Z
71085578,2026-05-12 17:30,FK Mlada Boleslav,Dukla Prague,Czechia - 1. Liga,Bet365,Total Corners,12 - 14,,,,,3.750,,,,"{""label"": ""12 - 14"", ""under"": ""3.750""}",2026-05-10T18:09:55.147Z
71085578,2026-05-12 17:30,FK Mlada Boleslav,Dukla Prague,Czechia - 1. Liga,Bet365,Total Corners,Over 14,,,,8.000,,,,,"{""label"": ""Over 14"", ""over"": ""8.000""}",2026-05-10T18:09:55.147Z
71085578,2026-05-12 17:30,FK Mlada Boleslav,Dukla Prague,Czechia - 1. Liga,Bet365,Half Time Result,1,,,,,2.600,,,1,"{""label"": ""1"", ""hdp"": 1, ""under"": ""2.600""}",2026-05-12T06:07:23.326Z
71085578,2026-05-12 17:30,FK Mlada Boleslav,Dukla Prague,Czechia - 1. Liga,Bet365,Half Time Result,2,,,,,4.000,,,2,"{""label"": ""2"", ""hdp"": 2, ""under"": ""4.000""}",2026-05-12T06:07:23.326Z
71085578,2026-05-12 17:30,FK Mlada Boleslav,Dukla Prague,Czechia - 1. Liga,Bet365,Half Time Result,Draw,,,,,2.300,,,,"{""label"": ""Draw"", ""under"": ""2.300""}",2026-05-12T06:07:23.326Z
71085578,2026-05-12 17:30,FK Mlada Boleslav,Dukla Prague,Czechia - 1. Liga,Bet365,First 10 Minutes (00:00 - 09:59),Corners (Over) (0.5),,,,1.533,2.375,,,0.5,"{""label"": ""Corners (Over) (0.5)"", ""hdp"": 0.5, ""over"": ""1.533"", ""under"": ""2.375""}",2026-05-10T18:09:55.147Z
71085578,2026-05-12 17:30,FK Mlada Boleslav,Dukla Prague,Czechia - 1. Liga,Bet365,Team Total Goals Home,,,,,3.750,1.250,,,2.5,"{""hdp"": 2.5, ""over"": ""3.750"", ""under"": ""1.250""}",2026-05-12T05:57:30.301Z
71085578,2026-05-12 17:30,FK Mlada Boleslav,Dukla Prague,Czechia - 1. Liga,Bet365,Team Total Goals Home,,,,,1.181,4.500,,,0.5,"{""hdp"": 0.5, ""over"": ""1.181"", ""under"": ""4.500""}",2026-05-12T05:57:30.301Z
71085578,2026-05-12 17:30,FK Mlada Boleslav,Dukla Prague,Czechia - 1. Liga,Bet365,Team Total Goals Home,,,,,1.833,1.833,,,1.5,"{""hdp"": 1.5, ""over"": ""1.833"", ""under"": ""1.833""}",2026-05-12T05:57:30.301Z
71085578,2026-05-12 17:30,FK Mlada Boleslav,Dukla Prague,Czechia - 1. Liga,Bet365,Team Total Goals Home,,,,,10.000,1.062,,,3.5,"{""hdp"": 3.5, ""over"": ""10.000"", ""under"": ""1.062""}",2026-05-12T05:57:30.301Z
71085578,2026-05-12 17:30,FK Mlada Boleslav,Dukla Prague,Czechia - 1. Liga,Bet365,Team Total Goals Home,,,,,23.000,1.012,,,4.5,"{""hdp"": 4.5, ""over"": ""23.000"", ""under"": ""1.012""}",2026-05-12T05:57:30.301Z
71085578,2026-05-12 17:30,FK Mlada Boleslav,Dukla Prague,Czechia - 1. Liga,Bet365,Team Total Goals Home,,,,,51.000,1.002,,,5.5,"{""hdp"": 5.5, ""over"": ""51.000"", ""under"": ""1.002""}",2026-05-12T05:57:30.301Z
71085578,2026-05-12 17:30,FK Mlada Boleslav,Dukla Prague,Czechia - 1. Liga,Bet365,Both Teams To Score HT,,,,,,,4.000,1.222,,"{""yes"": ""4.000"", ""no"": ""1.222""}",2026-05-11T18:14:23.325Z
71085578,2026-05-12 17:30,FK Mlada Boleslav,Dukla Prague,Czechia - 1. Liga,Bet365,Alternative Total Goals,,,,,51.000,1.002,,,7.5,"{""hdp"": 7.5, ""over"": ""51.000"", ""under"": ""1.002""}",2026-05-11T18:14:23.325Z
71085578,2026-05-12 17:30,FK Mlada Boleslav,Dukla Prague,Czechia - 1. Liga,Bet365,Alternative Total Goals,,,,,1.040,13.000,,,0.5,"{""hdp"": 0.5, ""over"": ""1.040"", ""under"": ""13.000""}",2026-05-11T18:14:23.325Z
71085578,2026-05-12 17:30,FK Mlada Boleslav,Dukla Prague,Czechia - 1. Liga,Bet365,Alternative Total Goals,,,,,1.222,4.000,,,1.5,"{""hdp"": 1.5, ""over"": ""1.222"", ""under"": ""4.000""}",2026-05-11T18:14:23.325Z
71085578,2026-05-12 17:30,FK Mlada Boleslav,Dukla Prague,Czechia - 1. Liga,Bet365,Alternative Total Goals,,,,,2.750,1.400,,,3.5,"{""hdp"": 3.5, ""over"": ""2.750"", ""under"": ""1.400""}",2026-05-11T18:14:23.325Z
71085578,2026-05-12 17:30,FK Mlada Boleslav,Dukla Prague,Czechia - 1. Liga,Bet365,Alternative Total Goals,,,,,5.500,1.142,,,4.5,"{""hdp"": 4.5, ""over"": ""5.500"", ""under"": ""1.142""}",2026-05-11T18:14:23.325Z
71085578,2026-05-12 17:30,FK Mlada Boleslav,Dukla Prague,Czechia - 1. Liga,Bet365,Alternative Total Goals,,,,,11.000,1.050,,,5.5,"{""hdp"": 5.5, ""over"": ""11.000"", ""under"": ""1.050""}",2026-05-11T18:14:23.325Z
71085578,2026-05-12 17:30,FK Mlada Boleslav,Dukla Prague,Czechia - 1. Liga,Bet365,Alternative Total Goals,,,,,23.000,1.012,,,6.5,"{""hdp"": 6.5, ""over"": ""23.000"", ""under"": ""1.012""}",2026-05-11T18:14:23.325Z
71085578,2026-05-12 17:30,FK Mlada Boleslav,Dukla Prague,Czechia - 1. Liga,Bet365,Both Teams To Score 2H,,,,,,,3.000,1.363,,"{""yes"": ""3.000"", ""no"": ""1.363""}",2026-05-12T01:05:48.109Z
71085578,2026-05-12 17:30,FK Mlada Boleslav,Dukla Prague,Czechia - 1. Liga,Bet365,Alternative Goal Line,,,,,1.140,5.750,,,1.25,"{""hdp"": 1.25, ""over"": ""1.140"", ""under"": ""5.750""}",2026-05-12T04:21:40.843Z
71085578,2026-05-12 17:30,FK Mlada Boleslav,Dukla Prague,Czechia - 1. Liga,Bet365,Alternative Goal Line,,,,,1.275,3.550,,,1.75,"{""hdp"": 1.75, ""over"": ""1.275"", ""under"": ""3.550""}",2026-05-12T04:21:40.843Z
71085578,2026-05-12 17:30,FK Mlada Boleslav,Dukla Prague,Czechia - 1. Liga,Bet365,Alternative Goal Line,,,,,1.525,2.425,,,2.25,"{""hdp"": 2.25, ""over"": ""1.525"", ""under"": ""2.425""}",2026-05-12T04:21:40.843Z
71085578,2026-05-12 17:30,FK Mlada Boleslav,Dukla Prague,Czechia - 1. Liga,Bet365,Alternative Goal Line,,,,,1.725,2.075,,,2.5,"{""hdp"": 2.5, ""over"": ""1.725"", ""under"": ""2.075""}",2026-05-12T04:21:40.843Z
71085578,2026-05-12 17:30,FK Mlada Boleslav,Dukla Prague,Czechia - 1. Liga,Bet365,Alternative Goal Line,,,,,2.750,1.425,,,3.5,"{""hdp"": 3.5, ""over"": ""2.750"", ""under"": ""1.425""}",2026-05-12T04:21:40.843Z
71085578,2026-05-12 17:30,FK Mlada Boleslav,Dukla Prague,Czechia - 1. Liga,Bet365,Alternative Goal Line,,,,,4.400,1.200,,,4,"{""hdp"": 4, ""over"": ""4.400"", ""under"": ""1.200""}",2026-05-12T04:21:40.843Z
71085578,2026-05-12 17:30,FK Mlada Boleslav,Dukla Prague,Czechia - 1. Liga,Bet365,Alternative Goal Line,,,,,5.250,1.160,,,4.5,"{""hdp"": 4.5, ""over"": ""5.250"", ""under"": ""1.160""}",2026-05-12T04:21:40.843Z
71085578,2026-05-12 17:30,FK Mlada Boleslav,Dukla Prague,Czechia - 1. Liga,Bet365,Alternative Goal Line,,,,,1.230,4.000,,,1.5,"{""hdp"": 1.5, ""over"": ""1.230"", ""under"": ""4.000""}",2026-05-12T04:21:40.843Z
71085578,2026-05-12 17:30,FK Mlada Boleslav,Dukla Prague,Czechia - 1. Liga,Bet365,Alternative Goal Line,,,,,1.350,3.100,,,2,"{""hdp"": 2, ""over"": ""1.350"", ""under"": ""3.100""}",2026-05-12T04:21:40.843Z
71085578,2026-05-12 17:30,FK Mlada Boleslav,Dukla Prague,Czechia - 1. Liga,Bet365,Alternative Goal Line,,,,,2.250,1.625,,,3,"{""hdp"": 3, ""over"": ""2.250"", ""under"": ""1.625""}",2026-05-12T04:21:40.843Z
71085578,2026-05-12 17:30,FK Mlada Boleslav,Dukla Prague,Czechia - 1. Liga,Bet365,Alternative Goal Line,,,,,2.500,1.500,,,3.25,"{""hdp"": 3.25, ""over"": ""2.500"", ""under"": ""1.500""}",2026-05-12T04:21:40.843Z
71085578,2026-05-12 17:30,FK Mlada Boleslav,Dukla Prague,Czechia - 1. Liga,Bet365,Alternative Goal Line,,,,,3.450,1.300,,,3.75,"{""hdp"": 3.75, ""over"": ""3.450"", ""under"": ""1.300""}",2026-05-12T04:21:40.843Z
71085578,2026-05-12 17:30,FK Mlada Boleslav,Dukla Prague,Czechia - 1. Liga,Bet365,Alternative Goal Line,,,,,4.800,1.175,,,4.25,"{""hdp"": 4.25, ""over"": ""4.800"", ""under"": ""1.175""}",2026-05-12T04:21:40.843Z
71085578,2026-05-12 17:30,FK Mlada Boleslav,Dukla Prague,Czechia - 1. Liga,Bet365,Alternative Goal Line,,,,,6.800,1.105,,,4.75,"{""hdp"": 4.75, ""over"": ""6.800"", ""under"": ""1.105""}",2026-05-12T04:21:40.843Z
71085578,2026-05-12 17:30,FK Mlada Boleslav,Dukla Prague,Czechia - 1. Liga,Bet365,Alternative Asian Handicap,,7.000,,1.100,,,,,-2.25,"{""hdp"": -2.25, ""home"": ""7.000"", ""away"": ""1.100""}",2026-05-12T10:12:10.55Z
71085578,2026-05-12 17:30,FK Mlada Boleslav,Dukla Prague,Czechia - 1. Liga,Bet365,Alternative Asian Handicap,,6.600,,1.110,,,,,-2,"{""hdp"": -2, ""home"": ""6.600"", ""away"": ""1.110""}",2026-05-12T10:12:10.55Z
71085578,2026-05-12 17:30,FK Mlada Boleslav,Dukla Prague,Czechia - 1. Liga,Bet365,Alternative Asian Handicap,,4.400,,1.200,,,,,-1.75,"{""hdp"": -1.75, ""home"": ""4.400"", ""away"": ""1.200""}",2026-05-12T10:12:10.55Z
71085578,2026-05-12 17:30,FK Mlada Boleslav,Dukla Prague,Czechia - 1. Liga,Bet365,Alternative Asian Handicap,,3.450,,1.300,,,,,-1.5,"{""hdp"": -1.5, ""home"": ""3.450"", ""away"": ""1.300""}",2026-05-12T10:12:10.55Z
71085578,2026-05-12 17:30,FK Mlada Boleslav,Dukla Prague,Czechia - 1. Liga,Bet365,Alternative Asian Handicap,,3.100,,7.000,,,,,-1.25,"{""hdp"": -1.25, ""home"": ""3.100"", ""away"": ""7.000""}",2026-05-12T10:12:10.55Z
71085578,2026-05-12 17:30,FK Mlada Boleslav,Dukla Prague,Czechia - 1. Liga,Bet365,Alternative Asian Handicap,,2.750,,6.600,,,,,-1,"{""hdp"": -1, ""home"": ""2.750"", ""away"": ""6.600""}",2026-05-12T10:12:10.55Z
71085578,2026-05-12 17:30,FK Mlada Boleslav,Dukla Prague,Czechia - 1. Liga,Bet365,Alternative Asian Handicap,,2.250,,4.250,,,,,-0.75,"{""hdp"": -0.75, ""home"": ""2.250"", ""away"": ""4.250""}",2026-05-12T10:12:10.55Z
71085578,2026-05-12 17:30,FK Mlada Boleslav,Dukla Prague,Czechia - 1. Liga,Bet365,Alternative Asian Handicap,,1.725,,3.000,,,,,-0.25,"{""hdp"": -0.25, ""home"": ""1.725"", ""away"": ""3.000""}",2026-05-12T10:12:10.55Z
71085578,2026-05-12 17:30,FK Mlada Boleslav,Dukla Prague,Czechia - 1. Liga,Bet365,Alternative Asian Handicap,,1.475,,2.600,,,,,0,"{""hdp"": 0, ""home"": ""1.475"", ""away"": ""2.600""}",2026-05-12T10:12:10.55Z
71085578,2026-05-12 17:30,FK Mlada Boleslav,Dukla Prague,Czechia - 1. Liga,Bet365,Alternative Asian Handicap,,1.375,,2.075,,,,,0.25,"{""hdp"": 0.25, ""home"": ""1.375"", ""away"": ""2.075""}",2026-05-12T10:12:10.55Z
71085578,2026-05-12 17:30,FK Mlada Boleslav,Dukla Prague,Czechia - 1. Liga,Bet365,Alternative Asian Handicap,,1.300,,3.450,,,,,0.5,"{""hdp"": 0.5, ""home"": ""1.300"", ""away"": ""3.450""}",2026-05-12T10:12:10.55Z
71085578,2026-05-12 17:30,FK Mlada Boleslav,Dukla Prague,Czechia - 1. Liga,Bet365,Alternative Asian Handicap,,1.210,,1.625,,,,,0.75,"{""hdp"": 0.75, ""home"": ""1.210"", ""away"": ""1.625""}",2026-05-12T10:12:10.55Z
71085578,2026-05-12 17:30,FK Mlada Boleslav,Dukla Prague,Czechia - 1. Liga,Bet365,Alternative Asian Handicap,,1.110,,1.425,,,,,1,"{""hdp"": 1, ""home"": ""1.110"", ""away"": ""1.425""}",2026-05-12T10:12:10.55Z
71085578,2026-05-12 17:30,FK Mlada Boleslav,Dukla Prague,Czechia - 1. Liga,Bet365,Alternative Asian Handicap,,1.100,,1.350,,,,,1.25,"{""hdp"": 1.25, ""home"": ""1.100"", ""away"": ""1.350""}",2026-05-12T10:12:10.55Z
71085578,2026-05-12 17:30,FK Mlada Boleslav,Dukla Prague,Czechia - 1. Liga,Bet365,Corners,,,,,2.000,2.100,,,10,"{""hdp"": 10, ""over"": ""2.000"", ""under"": ""2.100""}",2026-05-10T18:04:02.287Z
71085578,2026-05-12 17:30,FK Mlada Boleslav,Dukla Prague,Czechia - 1. Liga,Bet365,Corners 2-Way,,,,,2.000,1.727,,,10.5,"{""hdp"": 10.5, ""over"": ""2.000"", ""under"": ""1.727""}",2026-05-10T18:09:55.147Z
71085578,2026-05-12 17:30,FK Mlada Boleslav,Dukla Prague,Czechia - 1. Liga,Bet365,Number of Goals In Match,2 or 3 goals,,,,,2.000,,,,"{""label"": ""2 or 3 goals"", ""under"": ""2.000""}",2026-05-11T18:22:26.719Z
71085578,2026-05-12 17:30,FK Mlada Boleslav,Dukla Prague,Czechia - 1. Liga,Bet365,Number of Goals In Match,Under 2 goals,,,,,4.000,,,,"{""label"": ""Under 2 goals"", ""under"": ""4.000""}",2026-05-11T18:22:26.719Z
71085578,2026-05-12 17:30,FK Mlada Boleslav,Dukla Prague,Czechia - 1. Liga,Bet365,Number of Goals In Match,Over 3 goals,,,,2.750,,,,,"{""label"": ""Over 3 goals"", ""over"": ""2.750""}",2026-05-11T18:22:26.719Z
71085578,2026-05-12 17:30,FK Mlada Boleslav,Dukla Prague,Czechia - 1. Liga,Bet365,Team Total Goals Away,,,,,1.363,3.000,,,0.5,"{""hdp"": 0.5, ""over"": ""1.363"", ""under"": ""3.000""}",2026-05-12T05:57:30.301Z
71085578,2026-05-12 17:30,FK Mlada Boleslav,Dukla Prague,Czechia - 1. Liga,Bet365,Team Total Goals Away,,,,,7.000,1.100,,,2.5,"{""hdp"": 2.5, ""over"": ""7.000"", ""under"": ""1.100""}",2026-05-12T05:57:30.301Z
71085578,2026-05-12 17:30,FK Mlada Boleslav,Dukla Prague,Czechia - 1. Liga,Bet365,Team Total Goals Away,,,,,2.625,1.444,,,1.5,"{""hdp"": 1.5, ""over"": ""2.625"", ""under"": ""1.444""}",2026-05-12T05:57:30.301Z
71085578,2026-05-12 17:30,FK Mlada Boleslav,Dukla Prague,Czechia - 1. Liga,Bet365,Team Total Goals Away,,,,,51.000,1.002,,,4.5,"{""hdp"": 4.5, ""over"": ""51.000"", ""under"": ""1.002""}",2026-05-12T05:57:30.301Z
71085578,2026-05-12 17:30,FK Mlada Boleslav,Dukla Prague,Czechia - 1. Liga,Bet365,Team Total Goals Away,,,,,19.000,1.020,,,3.5,"{""hdp"": 3.5, ""over"": ""19.000"", ""under"": ""1.020""}",2026-05-12T05:57:30.301Z
71085578,2026-05-12 17:30,FK Mlada Boleslav,Dukla Prague,Czechia - 1. Liga,Bet365,Alternative Corners,,,,,1.040,19.000,,,5,"{""hdp"": 5, ""over"": ""1.040"", ""under"": ""19.000""}",2026-05-10T18:51:36.378Z
71085578,2026-05-12 17:30,FK Mlada Boleslav,Dukla Prague,Czechia - 1. Liga,Bet365,Alternative Corners,,,,,1.100,13.000,,,6,"{""hdp"": 6, ""over"": ""1.100"", ""under"": ""13.000""}",2026-05-10T18:51:36.378Z
71085578,2026-05-12 17:30,FK Mlada Boleslav,Dukla Prague,Czechia - 1. Liga,Bet365,Alternative Corners,,,,,1.200,7.000,,,7,"{""hdp"": 7, ""over"": ""1.200"", ""under"": ""7.000""}",2026-05-10T18:51:36.378Z
71085578,2026-05-12 17:30,FK Mlada Boleslav,Dukla Prague,Czechia - 1. Liga,Bet365,Alternative Corners,,,,,1.363,4.333,,,8,"{""hdp"": 8, ""over"": ""1.363"", ""under"": ""4.333""}",2026-05-10T18:51:36.378Z
71085578,2026-05-12 17:30,FK Mlada Boleslav,Dukla Prague,Czechia - 1. Liga,Bet365,Alternative Corners,,,,,1.666,3.000,,,9,"{""hdp"": 9, ""over"": ""1.666"", ""under"": ""3.000""}",2026-05-10T18:51:36.378Z
71085578,2026-05-12 17:30,FK Mlada Boleslav,Dukla Prague,Czechia - 1. Liga,Bet365,Alternative Corners,,,,,2.625,1.727,,,11,"{""hdp"": 11, ""over"": ""2.625"", ""under"": ""1.727""}",2026-05-10T18:51:36.378Z
71085578,2026-05-12 17:30,FK Mlada Boleslav,Dukla Prague,Czechia - 1. Liga,Bet365,Alternative Corners,,,,,3.750,1.444,,,12,"{""hdp"": 12, ""over"": ""3.750"", ""under"": ""1.444""}",2026-05-10T18:51:36.378Z
71085578,2026-05-12 17:30,FK Mlada Boleslav,Dukla Prague,Czechia - 1. Liga,Bet365,Alternative Corners,,,,,5.500,1.250,,,13,"{""hdp"": 13, ""over"": ""5.500"", ""under"": ""1.250""}",2026-05-10T18:51:36.378Z
71085578,2026-05-12 17:30,FK Mlada Boleslav,Dukla Prague,Czechia - 1. Liga,Bet365,Alternative Corners,,,,,8.000,1.142,,,14,"{""hdp"": 14, ""over"": ""8.000"", ""under"": ""1.142""}",2026-05-10T18:51:36.378Z
71085578,2026-05-12 17:30,FK Mlada Boleslav,Dukla Prague,Czechia - 1. Liga,Bet365,Alternative Corners,,,,,11.000,1.083,,,15,"{""hdp"": 15, ""over"": ""11.000"", ""under"": ""1.083""}",2026-05-10T18:51:36.378Z
71085578,2026-05-12 17:30,FK Mlada Boleslav,Dukla Prague,Czechia - 1. Liga,Bet365,Alternative Corners,,,,,15.000,1.050,,,16,"{""hdp"": 16, ""over"": ""15.000"", ""under"": ""1.050""}",2026-05-10T18:51:36.378Z
71085578,2026-05-12 17:30,FK Mlada Boleslav,Dukla Prague,Czechia - 1. Liga,Bet365,Alternative Corners,,,,,21.000,1.025,,,17,"{""hdp"": 17, ""over"": ""21.000"", ""under"": ""1.025""}",2026-05-10T18:51:36.378Z
71085578,2026-05-12 17:30,FK Mlada Boleslav,Dukla Prague,Czechia - 1. Liga,Bet365,Correct Score,1-0,,,,,,,,,"{""label"": ""1-0"", ""odds"": ""9.000""}",2026-05-12T06:04:49.137Z
71085578,2026-05-12 17:30,FK Mlada Boleslav,Dukla Prague,Czechia - 1. Liga,Bet365,Correct Score,2-0,,,,,,,,,"{""label"": ""2-0"", ""odds"": ""11.000""}",2026-05-12T06:04:49.137Z
71085578,2026-05-12 17:30,FK Mlada Boleslav,Dukla Prague,Czechia - 1. Liga,Bet365,Correct Score,0-0,,,,,,,,,"{""label"": ""0-0"", ""odds"": ""13.000""}",2026-05-12T06:04:49.137Z
71085578,2026-05-12 17:30,FK Mlada Boleslav,Dukla Prague,Czechia - 1. Liga,Bet365,Correct Score,1-1,,,,,,,,,"{""label"": ""1-1"", ""odds"": ""7.000""}",2026-05-12T06:04:49.137Z
71085578,2026-05-12 17:30,FK Mlada Boleslav,Dukla Prague,Czechia - 1. Liga,Bet365,Correct Score,2-2,,,,,,,,,"{""label"": ""2-2"", ""odds"": ""13.000""}",2026-05-12T06:04:49.137Z
71085578,2026-05-12 17:30,FK Mlada Boleslav,Dukla Prague,Czechia - 1. Liga,Bet365,Correct Score,3-0,,,,,,,,,"{""label"": ""3-0"", ""odds"": ""19.000""}",2026-05-12T06:04:49.137Z
71085578,2026-05-12 17:30,FK Mlada Boleslav,Dukla Prague,Czechia - 1. Liga,Bet365,Correct Score,3-1,,,,,,,,,"{""label"": ""3-1"", ""odds"": ""15.000""}",2026-05-12T06:04:49.137Z
71085578,2026-05-12 17:30,FK Mlada Boleslav,Dukla Prague,Czechia - 1. Liga,Bet365,Correct Score,3-2,,,,,,,,,"{""label"": ""3-2"", ""odds"": ""23.000""}",2026-05-12T06:04:49.137Z
71085578,2026-05-12 17:30,FK Mlada Boleslav,Dukla Prague,Czechia - 1. Liga,Bet365,Correct Score,3-3,,,,,,,,,"{""label"": ""3-3"", ""odds"": ""41.000""}",2026-05-12T06:04:49.137Z
71085578,2026-05-12 17:30,FK Mlada Boleslav,Dukla Prague,Czechia - 1. Liga,Bet365,Correct Score,4-2,,,,,,,,,"{""label"": ""4-2"", ""odds"": ""41.000""}",2026-05-12T06:04:49.137Z
71085578,2026-05-12 17:30,FK Mlada Boleslav,Dukla Prague,Czechia - 1. Liga,Bet365,Correct Score,4-3,,,,,,,,,"{""label"": ""4-3"", ""odds"": ""67.000""}",2026-05-12T06:04:49.137Z
71085578,2026-05-12 17:30,FK Mlada Boleslav,Dukla Prague,Czechia - 1. Liga,Bet365,Correct Score,4-4,,,,,,,,,"{""label"": ""4-4"", ""odds"": ""151.000""}",2026-05-12T06:04:49.137Z
71085578,2026-05-12 17:30,FK Mlada Boleslav,Dukla Prague,Czechia - 1. Liga,Bet365,Correct Score,5-0,,,,,,,,,"{""label"": ""5-0"", ""odds"": ""67.000""}",2026-05-12T06:04:49.137Z
71085578,2026-05-12 17:30,FK Mlada Boleslav,Dukla Prague,Czechia - 1. Liga,Bet365,Correct Score,5-2,,,,,,,,,"{""label"": ""5-2"", ""odds"": ""81.000""}",2026-05-12T06:04:49.137Z
71085578,2026-05-12 17:30,FK Mlada Boleslav,Dukla Prague,Czechia - 1. Liga,Bet365,Correct Score,5-3,,,,,,,,,"{""label"": ""5-3"", ""odds"": ""151.000""}",2026-05-12T06:04:49.137Z
71085578,2026-05-12 17:30,FK Mlada Boleslav,Dukla Prague,Czechia - 1. Liga,Bet365,Correct Score,5-4,,,,,,,,,"{""label"": ""5-4"", ""odds"": ""451.000""}",2026-05-12T06:04:49.137Z
71085578,2026-05-12 17:30,FK Mlada Boleslav,Dukla Prague,Czechia - 1. Liga,Bet365,Correct Score,6-1,,,,,,,,,"{""label"": ""6-1"", ""odds"": ""151.000""}",2026-05-12T06:04:49.137Z
71085578,2026-05-12 17:30,FK Mlada Boleslav,Dukla Prague,Czechia - 1. Liga,Bet365,Correct Score,6-2,,,,,,,,,"{""label"": ""6-2"", ""odds"": ""201.000""}",2026-05-12T06:04:49.137Z
71085578,2026-05-12 17:30,FK Mlada Boleslav,Dukla Prague,Czechia - 1. Liga,Bet365,Correct Score,7-1,,,,,,,,,"{""label"": ""7-1"", ""odds"": ""501.000""}",2026-05-12T06:04:49.137Z
71085578,2026-05-12 17:30,FK Mlada Boleslav,Dukla Prague,Czechia - 1. Liga,Bet365,Correct Score,2-1,,,,,,,,,"{""label"": ""2-1"", ""odds"": ""8.500""}",2026-05-12T06:04:49.137Z
71085578,2026-05-12 17:30,FK Mlada Boleslav,Dukla Prague,Czechia - 1. Liga,Bet365,Correct Score,4-0,,,,,,,,,"{""label"": ""4-0"", ""odds"": ""34.000""}",2026-05-12T06:04:49.137Z
71085578,2026-05-12 17:30,FK Mlada Boleslav,Dukla Prague,Czechia - 1. Liga,Bet365,Correct Score,4-1,,,,,,,,,"{""label"": ""4-1"", ""odds"": ""29.000""}",2026-05-12T06:04:49.137Z
71085578,2026-05-12 17:30,FK Mlada Boleslav,Dukla Prague,Czechia - 1. Liga,Bet365,Correct Score,5-1,,,,,,,,,"{""label"": ""5-1"", ""odds"": ""51.000""}",2026-05-12T06:04:49.137Z
71085578,2026-05-12 17:30,FK Mlada Boleslav,Dukla Prague,Czechia - 1. Liga,Bet365,Correct Score,6-0,,,,,,,,,"{""label"": ""6-0"", ""odds"": ""151.000""}",2026-05-12T06:04:49.137Z
71085578,2026-05-12 17:30,FK Mlada Boleslav,Dukla Prague,Czechia - 1. Liga,Bet365,Correct Score,6-3,,,,,,,,,"{""label"": ""6-3"", ""odds"": ""451.000""}",2026-05-12T06:04:49.137Z
71085578,2026-05-12 17:30,FK Mlada Boleslav,Dukla Prague,Czechia - 1. Liga,Bet365,Team Corners Away,,,,,2.200,1.615,,,4.5,"{""hdp"": 4.5, ""over"": ""2.200"", ""under"": ""1.615""}",2026-05-11T14:37:35.794Z
71085578,2026-05-12 17:30,FK Mlada Boleslav,Dukla Prague,Czechia - 1. Liga,Bet365,Team Corners Home,,,,,1.800,1.909,,,5.5,"{""hdp"": 5.5, ""over"": ""1.800"", ""under"": ""1.909""}",2026-05-11T14:37:35.794Z
71085582,2026-05-12 17:30,1. FC Slovacko Uherske Hradiste,FC Banik Ostrava,Czechia - 1. Liga,Bet365,ML,,2.550,3.400,2.400,,,,,,"{""home"": ""2.550"", ""draw"": ""3.400"", ""away"": ""2.400""}",2026-05-12T10:03:04.482Z
71085582,2026-05-12 17:30,1. FC Slovacko Uherske Hradiste,FC Banik Ostrava,Czechia - 1. Liga,Bet365,Draw No Bet,,1.833,,1.833,,,,,,"{""home"": ""1.833"", ""away"": ""1.833""}",2026-05-12T06:04:49.137Z
71085582,2026-05-12 17:30,1. FC Slovacko Uherske Hradiste,FC Banik Ostrava,Czechia - 1. Liga,Bet365,Double Chance,Slovacko or Draw,,,,,1.500,,,,"{""label"": ""Slovacko or Draw"", ""under"": ""1.500""}",2026-05-12T08:36:47.794Z
71085582,2026-05-12 17:30,1. FC Slovacko Uherske Hradiste,FC Banik Ostrava,Czechia - 1. Liga,Bet365,Double Chance,Slovacko or Banik Ostrava,,,,,1.300,,,,"{""label"": ""Slovacko or Banik Ostrava"", ""under"": ""1.300""}",2026-05-12T08:36:47.794Z
71085582,2026-05-12 17:30,1. FC Slovacko Uherske Hradiste,FC Banik Ostrava,Czechia - 1. Liga,Bet365,Double Chance,Draw or Banik Ostrava,,,,,1.500,,,,"{""label"": ""Draw or Banik Ostrava"", ""under"": ""1.500""}",2026-05-12T08:36:47.794Z
71085582,2026-05-12 17:30,1. FC Slovacko Uherske Hradiste,FC Banik Ostrava,Czechia - 1. Liga,Bet365,Spread,,1.950,,N/A,,,,,0,"{""hdp"": 0, ""home"": ""1.950"", ""away"": ""N/A""}",2026-05-12T10:39:24.72Z
71085582,2026-05-12 17:30,1. FC Slovacko Uherske Hradiste,FC Banik Ostrava,Czechia - 1. Liga,Bet365,Totals,,,,,2.000,1.800,,,2.75,"{""hdp"": 2.75, ""over"": ""2.000"", ""under"": ""1.800""}",2026-05-12T08:40:11.593Z
71085582,2026-05-12 17:30,1. FC Slovacko Uherske Hradiste,FC Banik Ostrava,Czechia - 1. Liga,Bet365,Goals Over/Under,,,,,1.800,2.000,,,2.5,"{""hdp"": 2.5, ""over"": ""1.800"", ""under"": ""2.000""}",2026-05-12T08:21:49.758Z
71085582,2026-05-12 17:30,1. FC Slovacko Uherske Hradiste,FC Banik Ostrava,Czechia - 1. Liga,Bet365,Both Teams To Score,,,,,,,1.666,2.100,,"{""yes"": ""1.666"", ""no"": ""2.100""}",2026-05-12T08:21:49.758Z
71085582,2026-05-12 17:30,1. FC Slovacko Uherske Hradiste,FC Banik Ostrava,Czechia - 1. Liga,Bet365,Spread HT,,1.950,,1.850,,,,,0,"{""hdp"": 0, ""home"": ""1.950"", ""away"": ""1.850""}",2026-05-12T10:23:57.474Z
71085582,2026-05-12 17:30,1. FC Slovacko Uherske Hradiste,FC Banik Ostrava,Czechia - 1. Liga,Bet365,Totals HT,,,,,1.725,2.075,,,1,"{""hdp"": 1, ""over"": ""1.725"", ""under"": ""2.075""}",2026-05-12T08:28:58.596Z
71085582,2026-05-12 17:30,1. FC Slovacko Uherske Hradiste,FC Banik Ostrava,Czechia - 1. Liga,Bet365,European Handicap,,1.500,,,,,,,1,"{""hdp"": 1, ""home"": ""1.500""}",2026-05-12T10:56:39.888Z
71085582,2026-05-12 17:30,1. FC Slovacko Uherske Hradiste,FC Banik Ostrava,Czechia - 1. Liga,Bet365,European Handicap,,,4.333,5.000,,,,,-1,"{""hdp"": -1, ""draw"": ""4.333"", ""away"": ""5.000""}",2026-05-12T10:56:39.888Z
71085582,2026-05-12 17:30,1. FC Slovacko Uherske Hradiste,FC Banik Ostrava,Czechia - 1. Liga,Bet365,European Handicap,,12.000,7.500,12.000,,,,,-2,"{""hdp"": -2, ""home"": ""12.000"", ""draw"": ""7.500"", ""away"": ""12.000""}",2026-05-12T10:56:39.888Z
71085582,2026-05-12 17:30,1. FC Slovacko Uherske Hradiste,FC Banik Ostrava,Czechia - 1. Liga,Bet365,European Handicap,,1.142,7.500,1.142,,,,,2,"{""hdp"": 2, ""home"": ""1.142"", ""draw"": ""7.500"", ""away"": ""1.142""}",2026-05-12T10:56:39.888Z
71085582,2026-05-12 17:30,1. FC Slovacko Uherske Hradiste,FC Banik Ostrava,Czechia - 1. Liga,Bet365,European Handicap,,1.040,,,,,,,3,"{""hdp"": 3, ""home"": ""1.040""}",2026-05-12T10:56:39.888Z
71085582,2026-05-12 17:30,1. FC Slovacko Uherske Hradiste,FC Banik Ostrava,Czechia - 1. Liga,Bet365,European Handicap,,,17.000,29.000,,,,,-3,"{""hdp"": -3, ""draw"": ""17.000"", ""away"": ""29.000""}",2026-05-12T10:56:39.888Z
71085582,2026-05-12 17:30,1. FC Slovacko Uherske Hradiste,FC Banik Ostrava,Czechia - 1. Liga,Bet365,Corners Spread,,1.800,,2.000,,,,,0.5,"{""hdp"": 0.5, ""home"": ""1.800"", ""away"": ""2.000""}",2026-05-12T09:43:30.349Z
71085582,2026-05-12 17:30,1. FC Slovacko Uherske Hradiste,FC Banik Ostrava,Czechia - 1. Liga,Bet365,Corners Totals,,,,,1.825,1.975,,,10,"{""hdp"": 10, ""over"": ""1.825"", ""under"": ""1.975""}",2026-05-10T18:41:35.489Z
71085582,2026-05-12 17:30,1. FC Slovacko Uherske Hradiste,FC Banik Ostrava,Czechia - 1. Liga,Bet365,Corners Totals HT,,,,,1.825,1.975,,,4.5,"{""hdp"": 4.5, ""over"": ""1.825"", ""under"": ""1.975""}",2026-05-10T18:39:42.345Z
71085582,2026-05-12 17:30,1. FC Slovacko Uherske Hradiste,FC Banik Ostrava,Czechia - 1. Liga,Bet365,Team Total Goals Away,,,,,1.250,3.750,,,0.5,"{""hdp"": 0.5, ""over"": ""1.250"", ""under"": ""3.750""}",2026-05-12T09:04:43.994Z
71085582,2026-05-12 17:30,1. FC Slovacko Uherske Hradiste,FC Banik Ostrava,Czechia - 1. Liga,Bet365,Team Total Goals Away,,,,,2.200,1.615,,,1.5,"{""hdp"": 1.5, ""over"": ""2.200"", ""under"": ""1.615""}",2026-05-12T09:04:43.994Z
71085582,2026-05-12 17:30,1. FC Slovacko Uherske Hradiste,FC Banik Ostrava,Czechia - 1. Liga,Bet365,Team Total Goals Away,,,,,34.000,1.005,,,4.5,"{""hdp"": 4.5, ""over"": ""34.000"", ""under"": ""1.005""}",2026-05-12T09:04:43.994Z
71085582,2026-05-12 17:30,1. FC Slovacko Uherske Hradiste,FC Banik Ostrava,Czechia - 1. Liga,Bet365,Team Total Goals Away,,,,,5.500,1.142,,,2.5,"{""hdp"": 2.5, ""over"": ""5.500"", ""under"": ""1.142""}",2026-05-12T09:04:43.994Z
71085582,2026-05-12 17:30,1. FC Slovacko Uherske Hradiste,FC Banik Ostrava,Czechia - 1. Liga,Bet365,Team Total Goals Away,,,,,15.000,1.030,,,3.5,"{""hdp"": 3.5, ""over"": ""15.000"", ""under"": ""1.030""}",2026-05-12T09:04:43.994Z
71085582,2026-05-12 17:30,1. FC Slovacko Uherske Hradiste,FC Banik Ostrava,Czechia - 1. Liga,Bet365,Corners,,,,,2.000,2.200,,,10,"{""hdp"": 10, ""over"": ""2.000"", ""under"": ""2.200""}",2026-05-10T17:50:55.648Z
71085582,2026-05-12 17:30,1. FC Slovacko Uherske Hradiste,FC Banik Ostrava,Czechia - 1. Liga,Bet365,Corner Handicap,1 (1),1.727,,,,,,,1,"{""label"": ""1 (1)"", ""hdp"": 1, ""home"": ""1.727""}",2026-05-11T01:13:20.211Z
71085582,2026-05-12 17:30,1. FC Slovacko Uherske Hradiste,FC Banik Ostrava,Czechia - 1. Liga,Bet365,Corner Handicap,Tie (-1),,,2.375,,,,,-1,"{""label"": ""Tie (-1)"", ""hdp"": -1, ""away"": ""2.375""}",2026-05-11T01:13:20.211Z
71085582,2026-05-12 17:30,1. FC Slovacko Uherske Hradiste,FC Banik Ostrava,Czechia - 1. Liga,Bet365,Team Corners Away,,,,,2.200,1.615,,,5.5,"{""hdp"": 5.5, ""over"": ""2.200"", ""under"": ""1.615""}",2026-05-11T01:26:16.834Z
71085582,2026-05-12 17:30,1. FC Slovacko Uherske Hradiste,FC Banik Ostrava,Czechia - 1. Liga,Bet365,Total Corners,Under 6,,,,,13.000,,,,"{""label"": ""Under 6"", ""under"": ""13.000""}",2026-05-10T18:01:55.523Z
71085582,2026-05-12 17:30,1. FC Slovacko Uherske Hradiste,FC Banik Ostrava,Czechia - 1. Liga,Bet365,Total Corners,6 - 8,,,,,3.600,,,,"{""label"": ""6 - 8"", ""under"": ""3.600""}",2026-05-10T18:01:55.523Z
71085582,2026-05-12 17:30,1. FC Slovacko Uherske Hradiste,FC Banik Ostrava,Czechia - 1. Liga,Bet365,Total Corners,9 - 11,,,,,2.600,,,,"{""label"": ""9 - 11"", ""under"": ""2.600""}",2026-05-10T18:01:55.523Z
71085582,2026-05-12 17:30,1. FC Slovacko Uherske Hradiste,FC Banik Ostrava,Czechia - 1. Liga,Bet365,Total Corners,12 - 14,,,,,3.750,,,,"{""label"": ""12 - 14"", ""under"": ""3.750""}",2026-05-10T18:01:55.523Z
71085582,2026-05-12 17:30,1. FC Slovacko Uherske Hradiste,FC Banik Ostrava,Czechia - 1. Liga,Bet365,Total Corners,Over 14,,,,8.000,,,,,"{""label"": ""Over 14"", ""over"": ""8.000""}",2026-05-10T18:01:55.523Z
71085582,2026-05-12 17:30,1. FC Slovacko Uherske Hradiste,FC Banik Ostrava,Czechia - 1. Liga,Bet365,Correct Score,0-0,,,,,,,,,"{""label"": ""0-0"", ""odds"": ""12.000""}",2026-05-12T08:11:57.189Z
71085582,2026-05-12 17:30,1. FC Slovacko Uherske Hradiste,FC Banik Ostrava,Czechia - 1. Liga,Bet365,Correct Score,3-1,,,,,,,,,"{""label"": ""3-1"", ""odds"": ""19.000""}",2026-05-12T08:11:57.189Z
71085582,2026-05-12 17:30,1. FC Slovacko Uherske Hradiste,FC Banik Ostrava,Czechia - 1. Liga,Bet365,Correct Score,5-0,,,,,,,,,"{""label"": ""5-0"", ""odds"": ""101.000""}",2026-05-12T08:11:57.189Z
71085582,2026-05-12 17:30,1. FC Slovacko Uherske Hradiste,FC Banik Ostrava,Czechia - 1. Liga,Bet365,Correct Score,5-2,,,,,,,,,"{""label"": ""5-2"", ""odds"": ""101.000""}",2026-05-12T08:11:57.189Z
71085582,2026-05-12 17:30,1. FC Slovacko Uherske Hradiste,FC Banik Ostrava,Czechia - 1. Liga,Bet365,Correct Score,6-0,,,,,,,,,"{""label"": ""6-0"", ""odds"": ""351.000""}",2026-05-12T08:11:57.189Z
71085582,2026-05-12 17:30,1. FC Slovacko Uherske Hradiste,FC Banik Ostrava,Czechia - 1. Liga,Bet365,Correct Score,6-1,,,,,,,,,"{""label"": ""6-1"", ""odds"": ""251.000""}",2026-05-12T08:11:57.189Z
71085582,2026-05-12 17:30,1. FC Slovacko Uherske Hradiste,FC Banik Ostrava,Czechia - 1. Liga,Bet365,Correct Score,6-2,,,,,,,,,"{""label"": ""6-2"", ""odds"": ""351.000""}",2026-05-12T08:11:57.189Z
71085582,2026-05-12 17:30,1. FC Slovacko Uherske Hradiste,FC Banik Ostrava,Czechia - 1. Liga,Bet365,Correct Score,1-0,,,,,,,,,"{""label"": ""1-0"", ""odds"": ""10.000""}",2026-05-12T08:11:57.189Z
71085582,2026-05-12 17:30,1. FC Slovacko Uherske Hradiste,FC Banik Ostrava,Czechia - 1. Liga,Bet365,Correct Score,2-1,,,,,,,,,"{""label"": ""2-1"", ""odds"": ""10.000""}",2026-05-12T08:11:57.189Z
71085582,2026-05-12 17:30,1. FC Slovacko Uherske Hradiste,FC Banik Ostrava,Czechia - 1. Liga,Bet365,Correct Score,2-2,,,,,,,,,"{""label"": ""2-2"", ""odds"": ""13.000""}",2026-05-12T08:11:57.189Z
71085582,2026-05-12 17:30,1. FC Slovacko Uherske Hradiste,FC Banik Ostrava,Czechia - 1. Liga,Bet365,Correct Score,3-3,,,,,,,,,"{""label"": ""3-3"", ""odds"": ""41.000""}",2026-05-12T08:11:57.189Z
71085582,2026-05-12 17:30,1. FC Slovacko Uherske Hradiste,FC Banik Ostrava,Czechia - 1. Liga,Bet365,Correct Score,4-0,,,,,,,,,"{""label"": ""4-0"", ""odds"": ""51.000""}",2026-05-12T08:11:57.189Z
71085582,2026-05-12 17:30,1. FC Slovacko Uherske Hradiste,FC Banik Ostrava,Czechia - 1. Liga,Bet365,Correct Score,4-1,,,,,,,,,"{""label"": ""4-1"", ""odds"": ""41.000""}",2026-05-12T08:11:57.189Z
71085582,2026-05-12 17:30,1. FC Slovacko Uherske Hradiste,FC Banik Ostrava,Czechia - 1. Liga,Bet365,Correct Score,4-2,,,,,,,,,"{""label"": ""4-2"", ""odds"": ""51.000""}",2026-05-12T08:11:57.189Z
71085582,2026-05-12 17:30,1. FC Slovacko Uherske Hradiste,FC Banik Ostrava,Czechia - 1. Liga,Bet365,Correct Score,4-3,,,,,,,,,"{""label"": ""4-3"", ""odds"": ""81.000""}",2026-05-12T08:11:57.189Z
71085582,2026-05-12 17:30,1. FC Slovacko Uherske Hradiste,FC Banik Ostrava,Czechia - 1. Liga,Bet365,Correct Score,4-4,,,,,,,,,"{""label"": ""4-4"", ""odds"": ""151.000""}",2026-05-12T08:11:57.189Z
71085582,2026-05-12 17:30,1. FC Slovacko Uherske Hradiste,FC Banik Ostrava,Czechia - 1. Liga,Bet365,Correct Score,5-4,,,,,,,,,"{""label"": ""5-4"", ""odds"": ""501.000""}",2026-05-12T08:11:57.189Z
71085582,2026-05-12 17:30,1. FC Slovacko Uherske Hradiste,FC Banik Ostrava,Czechia - 1. Liga,Bet365,Correct Score,1-1,,,,,,,,,"{""label"": ""1-1"", ""odds"": ""7.000""}",2026-05-12T08:11:57.189Z
71085582,2026-05-12 17:30,1. FC Slovacko Uherske Hradiste,FC Banik Ostrava,Czechia - 1. Liga,Bet365,Correct Score,2-0,,,,,,,,,"{""label"": ""2-0"", ""odds"": ""13.000""}",2026-05-12T08:11:57.189Z
71085582,2026-05-12 17:30,1. FC Slovacko Uherske Hradiste,FC Banik Ostrava,Czechia - 1. Liga,Bet365,Correct Score,3-0,,,,,,,,,"{""label"": ""3-0"", ""odds"": ""26.000""}",2026-05-12T08:11:57.189Z
71085582,2026-05-12 17:30,1. FC Slovacko Uherske Hradiste,FC Banik Ostrava,Czechia - 1. Liga,Bet365,Correct Score,3-2,,,,,,,,,"{""label"": ""3-2"", ""odds"": ""26.000""}",2026-05-12T08:11:57.189Z
71085582,2026-05-12 17:30,1. FC Slovacko Uherske Hradiste,FC Banik Ostrava,Czechia - 1. Liga,Bet365,Correct Score,5-1,,,,,,,,,"{""label"": ""5-1"", ""odds"": ""81.000""}",2026-05-12T08:11:57.189Z
71085582,2026-05-12 17:30,1. FC Slovacko Uherske Hradiste,FC Banik Ostrava,Czechia - 1. Liga,Bet365,Correct Score,5-3,,,,,,,,,"{""label"": ""5-3"", ""odds"": ""201.000""}",2026-05-12T08:11:57.189Z
71085582,2026-05-12 17:30,1. FC Slovacko Uherske Hradiste,FC Banik Ostrava,Czechia - 1. Liga,Bet365,Alternative Goal Line,,,,,1.150,5.500,,,1.25,"{""hdp"": 1.25, ""over"": ""1.150"", ""under"": ""5.500""}",2026-05-12T08:14:07.143Z
71085582,2026-05-12 17:30,1. FC Slovacko Uherske Hradiste,FC Banik Ostrava,Czechia - 1. Liga,Bet365,Alternative Goal Line,,,,,1.240,3.900,,,1.5,"{""hdp"": 1.5, ""over"": ""1.240"", ""under"": ""3.900""}",2026-05-12T08:14:07.143Z
71085582,2026-05-12 17:30,1. FC Slovacko Uherske Hradiste,FC Banik Ostrava,Czechia - 1. Liga,Bet365,Alternative Goal Line,,,,,1.300,3.450,,,1.75,"{""hdp"": 1.75, ""over"": ""1.300"", ""under"": ""3.450""}",2026-05-12T08:14:07.143Z
71085582,2026-05-12 17:30,1. FC Slovacko Uherske Hradiste,FC Banik Ostrava,Czechia - 1. Liga,Bet365,Alternative Goal Line,,,,,1.375,3.000,,,2,"{""hdp"": 2, ""over"": ""1.375"", ""under"": ""3.000""}",2026-05-12T08:14:07.143Z
71085582,2026-05-12 17:30,1. FC Slovacko Uherske Hradiste,FC Banik Ostrava,Czechia - 1. Liga,Bet365,Alternative Goal Line,,,,,1.575,2.350,,,2.25,"{""hdp"": 2.25, ""over"": ""1.575"", ""under"": ""2.350""}",2026-05-12T08:14:07.143Z
71085582,2026-05-12 17:30,1. FC Slovacko Uherske Hradiste,FC Banik Ostrava,Czechia - 1. Liga,Bet365,Alternative Goal Line,,,,,1.775,2.025,,,2.5,"{""hdp"": 2.5, ""over"": ""1.775"", ""under"": ""2.025""}",2026-05-12T08:14:07.143Z
71085582,2026-05-12 17:30,1. FC Slovacko Uherske Hradiste,FC Banik Ostrava,Czechia - 1. Liga,Bet365,Alternative Goal Line,,,,,2.350,1.575,,,3,"{""hdp"": 3, ""over"": ""2.350"", ""under"": ""1.575""}",2026-05-12T08:14:07.143Z
71085582,2026-05-12 17:30,1. FC Slovacko Uherske Hradiste,FC Banik Ostrava,Czechia - 1. Liga,Bet365,Alternative Goal Line,,,,,2.600,1.475,,,3.25,"{""hdp"": 3.25, ""over"": ""2.600"", ""under"": ""1.475""}",2026-05-12T08:14:07.143Z
71085582,2026-05-12 17:30,1. FC Slovacko Uherske Hradiste,FC Banik Ostrava,Czechia - 1. Liga,Bet365,Alternative Goal Line,,,,,2.850,1.400,,,3.5,"{""hdp"": 3.5, ""over"": ""2.850"", ""under"": ""1.400""}",2026-05-12T08:14:07.143Z
71085582,2026-05-12 17:30,1. FC Slovacko Uherske Hradiste,FC Banik Ostrava,Czechia - 1. Liga,Bet365,Alternative Goal Line,,,,,3.550,1.275,,,3.75,"{""hdp"": 3.75, ""over"": ""3.550"", ""under"": ""1.275""}",2026-05-12T08:14:07.143Z
71085582,2026-05-12 17:30,1. FC Slovacko Uherske Hradiste,FC Banik Ostrava,Czechia - 1. Liga,Bet365,Alternative Goal Line,,,,,4.650,1.180,,,4,"{""hdp"": 4, ""over"": ""4.650"", ""under"": ""1.180""}",2026-05-12T08:14:07.143Z
71085582,2026-05-12 17:30,1. FC Slovacko Uherske Hradiste,FC Banik Ostrava,Czechia - 1. Liga,Bet365,Alternative Goal Line,,,,,5.250,1.160,,,4.25,"{""hdp"": 4.25, ""over"": ""5.250"", ""under"": ""1.160""}",2026-05-12T08:14:07.143Z
71085582,2026-05-12 17:30,1. FC Slovacko Uherske Hradiste,FC Banik Ostrava,Czechia - 1. Liga,Bet365,Alternative Goal Line,,,,,5.750,1.140,,,4.5,"{""hdp"": 4.5, ""over"": ""5.750"", ""under"": ""1.140""}",2026-05-12T08:14:07.143Z
71085582,2026-05-12 17:30,1. FC Slovacko Uherske Hradiste,FC Banik Ostrava,Czechia - 1. Liga,Bet365,Alternative Goal Line,,,,,7.000,1.100,,,4.75,"{""hdp"": 4.75, ""over"": ""7.000"", ""under"": ""1.100""}",2026-05-12T08:14:07.143Z
71085582,2026-05-12 17:30,1. FC Slovacko Uherske Hradiste,FC Banik Ostrava,Czechia - 1. Liga,Bet365,Team Corners Home,,,,,1.727,2.000,,,4.5,"{""hdp"": 4.5, ""over"": ""1.727"", ""under"": ""2.000""}",2026-05-11T01:26:16.834Z
71085582,2026-05-12 17:30,1. FC Slovacko Uherske Hradiste,FC Banik Ostrava,Czechia - 1. Liga,Bet365,Specials,To Win From Behind (1),3.500,,,,,,,1,"{""label"": ""To Win From Behind (1)"", ""hdp"": 1, ""home"": ""3.500""}",2026-05-12T08:37:27.296Z
71085582,2026-05-12 17:30,1. FC Slovacko Uherske Hradiste,FC Banik Ostrava,Czechia - 1. Liga,Bet365,Specials,To Win From Behind (2),,,3.500,,,,,2,"{""label"": ""To Win From Behind (2)"", ""hdp"": 2, ""away"": ""3.500""}",2026-05-12T08:37:27.296Z
71085582,2026-05-12 17:30,1. FC Slovacko Uherske Hradiste,FC Banik Ostrava,Czechia - 1. Liga,Bet365,Alternative Corners,,,,,1.040,19.000,,,5,"{""hdp"": 5, ""over"": ""1.040"", ""under"": ""19.000""}",2026-05-10T21:05:20.801Z
71085582,2026-05-12 17:30,1. FC Slovacko Uherske Hradiste,FC Banik Ostrava,Czechia - 1. Liga,Bet365,Alternative Corners,,,,,1.100,13.000,,,6,"{""hdp"": 6, ""over"": ""1.100"", ""under"": ""13.000""}",2026-05-10T21:05:20.801Z
71085582,2026-05-12 17:30,1. FC Slovacko Uherske Hradiste,FC Banik Ostrava,Czechia - 1. Liga,Bet365,Alternative Corners,,,,,1.200,7.000,,,7,"{""hdp"": 7, ""over"": ""1.200"", ""under"": ""7.000""}",2026-05-10T21:05:20.801Z
71085582,2026-05-12 17:30,1. FC Slovacko Uherske Hradiste,FC Banik Ostrava,Czechia - 1. Liga,Bet365,Alternative Corners,,,,,1.363,4.333,,,8,"{""hdp"": 8, ""over"": ""1.363"", ""under"": ""4.333""}",2026-05-10T21:05:20.801Z
71085582,2026-05-12 17:30,1. FC Slovacko Uherske Hradiste,FC Banik Ostrava,Czechia - 1. Liga,Bet365,Alternative Corners,,,,,1.615,3.000,,,9,"{""hdp"": 9, ""over"": ""1.615"", ""under"": ""3.000""}",2026-05-10T21:05:20.801Z
71085582,2026-05-12 17:30,1. FC Slovacko Uherske Hradiste,FC Banik Ostrava,Czechia - 1. Liga,Bet365,Alternative Corners,,,,,2.625,1.727,,,11,"{""hdp"": 11, ""over"": ""2.625"", ""under"": ""1.727""}",2026-05-10T21:05:20.801Z
71085582,2026-05-12 17:30,1. FC Slovacko Uherske Hradiste,FC Banik Ostrava,Czechia - 1. Liga,Bet365,Alternative Corners,,,,,3.500,1.444,,,12,"{""hdp"": 12, ""over"": ""3.500"", ""under"": ""1.444""}",2026-05-10T21:05:20.801Z
71085582,2026-05-12 17:30,1. FC Slovacko Uherske Hradiste,FC Banik Ostrava,Czechia - 1. Liga,Bet365,Alternative Corners,,,,,5.000,1.285,,,13,"{""hdp"": 13, ""over"": ""5.000"", ""under"": ""1.285""}",2026-05-10T21:05:20.801Z
71085582,2026-05-12 17:30,1. FC Slovacko Uherske Hradiste,FC Banik Ostrava,Czechia - 1. Liga,Bet365,Alternative Corners,,,,,8.000,1.166,,,14,"{""hdp"": 14, ""over"": ""8.000"", ""under"": ""1.166""}",2026-05-10T21:05:20.801Z
71085582,2026-05-12 17:30,1. FC Slovacko Uherske Hradiste,FC Banik Ostrava,Czechia - 1. Liga,Bet365,Alternative Corners,,,,,11.000,1.083,,,15,"{""hdp"": 15, ""over"": ""11.000"", ""under"": ""1.083""}",2026-05-10T21:05:20.801Z
71085582,2026-05-12 17:30,1. FC Slovacko Uherske Hradiste,FC Banik Ostrava,Czechia - 1. Liga,Bet365,Alternative Corners,,,,,15.000,1.050,,,16,"{""hdp"": 16, ""over"": ""15.000"", ""under"": ""1.050""}",2026-05-10T21:05:20.801Z
71085582,2026-05-12 17:30,1. FC Slovacko Uherske Hradiste,FC Banik Ostrava,Czechia - 1. Liga,Bet365,Alternative Corners,,,,,21.000,1.025,,,17,"{""hdp"": 17, ""over"": ""21.000"", ""under"": ""1.025""}",2026-05-10T21:05:20.801Z
71085582,2026-05-12 17:30,1. FC Slovacko Uherske Hradiste,FC Banik Ostrava,Czechia - 1. Liga,Bet365,Both Teams To Score HT,,,,,,,4.000,1.222,,"{""yes"": ""4.000"", ""no"": ""1.222""}",2026-05-12T06:49:27.805Z
71085582,2026-05-12 17:30,1. FC Slovacko Uherske Hradiste,FC Banik Ostrava,Czechia - 1. Liga,Bet365,Corners Race,,2.250,,2.050,,,,,5,"{""hdp"": 5, ""home"": ""2.250"", ""away"": ""2.050""}",2026-05-12T09:32:06.446Z
71085582,2026-05-12 17:30,1. FC Slovacko Uherske Hradiste,FC Banik Ostrava,Czechia - 1. Liga,Bet365,Corners Race,,1.909,,1.800,,,,,3,"{""hdp"": 3, ""home"": ""1.909"", ""away"": ""1.800""}",2026-05-12T09:32:06.446Z
71085582,2026-05-12 17:30,1. FC Slovacko Uherske Hradiste,FC Banik Ostrava,Czechia - 1. Liga,Bet365,Corners Race,,3.600,,3.200,,,,,7,"{""hdp"": 7, ""home"": ""3.600"", ""away"": ""3.200""}",2026-05-12T09:32:06.446Z
71085582,2026-05-12 17:30,1. FC Slovacko Uherske Hradiste,FC Banik Ostrava,Czechia - 1. Liga,Bet365,Corners Race,,7.500,,6.500,,,,,9,"{""hdp"": 9, ""home"": ""7.500"", ""away"": ""6.500""}",2026-05-12T09:32:06.446Z
71085582,2026-05-12 17:30,1. FC Slovacko Uherske Hradiste,FC Banik Ostrava,Czechia - 1. Liga,Bet365,Team Total Goals Home,,,,,1.250,3.750,,,0.5,"{""hdp"": 0.5, ""over"": ""1.250"", ""under"": ""3.750""}",2026-05-12T09:04:43.994Z
71085582,2026-05-12 17:30,1. FC Slovacko Uherske Hradiste,FC Banik Ostrava,Czechia - 1. Liga,Bet365,Team Total Goals Home,,,,,5.500,1.142,,,2.5,"{""hdp"": 2.5, ""over"": ""5.500"", ""under"": ""1.142""}",2026-05-12T09:04:43.994Z
71085582,2026-05-12 17:30,1. FC Slovacko Uherske Hradiste,FC Banik Ostrava,Czechia - 1. Liga,Bet365,Team Total Goals Home,,,,,15.000,1.030,,,3.5,"{""hdp"": 3.5, ""over"": ""15.000"", ""under"": ""1.030""}",2026-05-12T09:04:43.994Z
71085582,2026-05-12 17:30,1. FC Slovacko Uherske Hradiste,FC Banik Ostrava,Czechia - 1. Liga,Bet365,Team Total Goals Home,,,,,34.000,1.005,,,4.5,"{""hdp"": 4.5, ""over"": ""34.000"", ""under"": ""1.005""}",2026-05-12T09:04:43.994Z
71085582,2026-05-12 17:30,1. FC Slovacko Uherske Hradiste,FC Banik Ostrava,Czechia - 1. Liga,Bet365,Team Total Goals Home,,,,,2.200,1.615,,,1.5,"{""hdp"": 1.5, ""over"": ""2.200"", ""under"": ""1.615""}",2026-05-12T09:04:43.994Z
71085582,2026-05-12 17:30,1. FC Slovacko Uherske Hradiste,FC Banik Ostrava,Czechia - 1. Liga,Bet365,Number of Goals In Match,Under 2 goals,,,,,4.000,,,,"{""label"": ""Under 2 goals"", ""under"": ""4.000""}",2026-05-12T07:39:53.913Z
71085582,2026-05-12 17:30,1. FC Slovacko Uherske Hradiste,FC Banik Ostrava,Czechia - 1. Liga,Bet365,Number of Goals In Match,2 or 3 goals,,,,,2.000,,,,"{""label"": ""2 or 3 goals"", ""under"": ""2.000""}",2026-05-12T07:39:53.913Z
71085582,2026-05-12 17:30,1. FC Slovacko Uherske Hradiste,FC Banik Ostrava,Czechia - 1. Liga,Bet365,Number of Goals In Match,Over 3 goals,,,,3.000,,,,,"{""label"": ""Over 3 goals"", ""over"": ""3.000""}",2026-05-12T07:39:53.913Z
71085582,2026-05-12 17:30,1. FC Slovacko Uherske Hradiste,FC Banik Ostrava,Czechia - 1. Liga,Bet365,Alternative Total Goals,,,,,13.000,1.040,,,5.5,"{""hdp"": 5.5, ""over"": ""13.000"", ""under"": ""1.040""}",2026-05-12T10:50:49.726Z
71085582,2026-05-12 17:30,1. FC Slovacko Uherske Hradiste,FC Banik Ostrava,Czechia - 1. Liga,Bet365,Alternative Total Goals,,,,,51.000,1.002,,,7.5,"{""hdp"": 7.5, ""over"": ""51.000"", ""under"": ""1.002""}",2026-05-12T10:50:49.726Z
71085582,2026-05-12 17:30,1. FC Slovacko Uherske Hradiste,FC Banik Ostrava,Czechia - 1. Liga,Bet365,Alternative Total Goals,,,,,1.040,13.000,,,0.5,"{""hdp"": 0.5, ""over"": ""1.040"", ""under"": ""13.000""}",2026-05-12T10:50:49.726Z
71085582,2026-05-12 17:30,1. FC Slovacko Uherske Hradiste,FC Banik Ostrava,Czechia - 1. Liga,Bet365,Alternative Total Goals,,,,,1.222,4.000,,,1.5,"{""hdp"": 1.5, ""over"": ""1.222"", ""under"": ""4.000""}",2026-05-12T10:50:49.726Z
71085582,2026-05-12 17:30,1. FC Slovacko Uherske Hradiste,FC Banik Ostrava,Czechia - 1. Liga,Bet365,Alternative Total Goals,,,,,5.500,1.142,,,4.5,"{""hdp"": 4.5, ""over"": ""5.500"", ""under"": ""1.142""}",2026-05-12T10:50:49.726Z
71085582,2026-05-12 17:30,1. FC Slovacko Uherske Hradiste,FC Banik Ostrava,Czechia - 1. Liga,Bet365,Alternative Total Goals,,,,,23.000,1.012,,,6.5,"{""hdp"": 6.5, ""over"": ""23.000"", ""under"": ""1.012""}",2026-05-12T10:50:49.726Z
71085582,2026-05-12 17:30,1. FC Slovacko Uherske Hradiste,FC Banik Ostrava,Czechia - 1. Liga,Bet365,Alternative Total Goals,,,,,3.000,1.363,,,3.5,"{""hdp"": 3.5, ""over"": ""3.000"", ""under"": ""1.363""}",2026-05-12T10:50:49.726Z
71085582,2026-05-12 17:30,1. FC Slovacko Uherske Hradiste,FC Banik Ostrava,Czechia - 1. Liga,Bet365,1st Half Handicap,Tie (-1),,,10.000,,,,,-1,"{""label"": ""Tie (-1)"", ""hdp"": -1, ""away"": ""10.000""}",2026-05-12T08:11:57.189Z
71085582,2026-05-12 17:30,1. FC Slovacko Uherske Hradiste,FC Banik Ostrava,Czechia - 1. Liga,Bet365,1st Half Handicap,1 (1),1.363,,,,,,,1,"{""label"": ""1 (1)"", ""hdp"": 1, ""home"": ""1.363""}",2026-05-12T08:11:57.189Z
71085582,2026-05-12 17:30,1. FC Slovacko Uherske Hradiste,FC Banik Ostrava,Czechia - 1. Liga,Bet365,Exact Total Goals,3 Goals,,,,,4.000,,,,"{""label"": ""3 Goals"", ""under"": ""4.000""}",2026-05-12T06:40:49.002Z
71085582,2026-05-12 17:30,1. FC Slovacko Uherske Hradiste,FC Banik Ostrava,Czechia - 1. Liga,Bet365,Exact Total Goals,0 Goals,,,,,12.000,,,,"{""label"": ""0 Goals"", ""under"": ""12.000""}",2026-05-12T06:40:49.002Z
71085582,2026-05-12 17:30,1. FC Slovacko Uherske Hradiste,FC Banik Ostrava,Czechia - 1. Liga,Bet365,Exact Total Goals,2 Goals,,,,,3.750,,,,"{""label"": ""2 Goals"", ""under"": ""3.750""}",2026-05-12T06:40:49.002Z
71085582,2026-05-12 17:30,1. FC Slovacko Uherske Hradiste,FC Banik Ostrava,Czechia - 1. Liga,Bet365,Exact Total Goals,4 Goals,,,,,5.500,,,,"{""label"": ""4 Goals"", ""under"": ""5.500""}",2026-05-12T06:40:49.002Z
71085582,2026-05-12 17:30,1. FC Slovacko Uherske Hradiste,FC Banik Ostrava,Czechia - 1. Liga,Bet365,Exact Total Goals,1 Goal,,,,,5.500,,,,"{""label"": ""1 Goal"", ""under"": ""5.500""}",2026-05-12T06:40:49.002Z
71085582,2026-05-12 17:30,1. FC Slovacko Uherske Hradiste,FC Banik Ostrava,Czechia - 1. Liga,Bet365,Exact Total Goals,5 Goals,,,,,9.500,,,,"{""label"": ""5 Goals"", ""under"": ""9.500""}",2026-05-12T06:40:49.002Z
71085582,2026-05-12 17:30,1. FC Slovacko Uherske Hradiste,FC Banik Ostrava,Czechia - 1. Liga,Bet365,Exact Total Goals,6 Goals,,,,,19.000,,,,"{""label"": ""6 Goals"", ""under"": ""19.000""}",2026-05-12T06:40:49.002Z
71085582,2026-05-12 17:30,1. FC Slovacko Uherske Hradiste,FC Banik Ostrava,Czechia - 1. Liga,Bet365,Exact Total Goals,7+ Goals,,,,,23.000,,,,"{""label"": ""7+ Goals"", ""under"": ""23.000""}",2026-05-12T06:40:49.002Z
71085582,2026-05-12 17:30,1. FC Slovacko Uherske Hradiste,FC Banik Ostrava,Czechia - 1. Liga,Bet365,Alternative Asian Handicap,,6.800,,6.600,,,,,-1.75,"{""hdp"": -1.75, ""home"": ""6.800"", ""away"": ""6.600""}",2026-05-12T10:28:13.627Z
71085582,2026-05-12 17:30,1. FC Slovacko Uherske Hradiste,FC Banik Ostrava,Czechia - 1. Liga,Bet365,Alternative Asian Handicap,,5.250,,5.000,,,,,-1.5,"{""hdp"": -1.5, ""home"": ""5.250"", ""away"": ""5.000""}",2026-05-12T10:28:13.627Z
71085582,2026-05-12 17:30,1. FC Slovacko Uherske Hradiste,FC Banik Ostrava,Czechia - 1. Liga,Bet365,Alternative Asian Handicap,,4.150,,4.100,,,,,-1,"{""hdp"": -1, ""home"": ""4.150"", ""away"": ""4.100""}",2026-05-12T10:28:13.627Z
71085582,2026-05-12 17:30,1. FC Slovacko Uherske Hradiste,FC Banik Ostrava,Czechia - 1. Liga,Bet365,Alternative Asian Handicap,,3.100,,3.000,,,,,-0.75,"{""hdp"": -0.75, ""home"": ""3.100"", ""away"": ""3.000""}",2026-05-12T10:28:13.627Z
71085582,2026-05-12 17:30,1. FC Slovacko Uherske Hradiste,FC Banik Ostrava,Czechia - 1. Liga,Bet365,Alternative Asian Handicap,,2.500,,2.425,,,,,-0.5,"{""hdp"": -0.5, ""home"": ""2.500"", ""away"": ""2.425""}",2026-05-12T10:28:13.627Z
71085582,2026-05-12 17:30,1. FC Slovacko Uherske Hradiste,FC Banik Ostrava,Czechia - 1. Liga,Bet365,Alternative Asian Handicap,,2.250,,2.200,,,,,-0.25,"{""hdp"": -0.25, ""home"": ""2.250"", ""away"": ""2.200""}",2026-05-12T10:28:13.627Z
71085582,2026-05-12 17:30,1. FC Slovacko Uherske Hradiste,FC Banik Ostrava,Czechia - 1. Liga,Bet365,Alternative Asian Handicap,,1.650,,1.625,,,,,0.25,"{""hdp"": 0.25, ""home"": ""1.650"", ""away"": ""1.625""}",2026-05-12T10:28:13.627Z
71085582,2026-05-12 17:30,1. FC Slovacko Uherske Hradiste,FC Banik Ostrava,Czechia - 1. Liga,Bet365,Alternative Asian Handicap,,1.525,,1.500,,,,,0.5,"{""hdp"": 0.5, ""home"": ""1.525"", ""away"": ""1.500""}",2026-05-12T10:28:13.627Z
71085582,2026-05-12 17:30,1. FC Slovacko Uherske Hradiste,FC Banik Ostrava,Czechia - 1. Liga,Bet365,Alternative Asian Handicap,,1.375,,1.350,,,,,0.75,"{""hdp"": 0.75, ""home"": ""1.375"", ""away"": ""1.350""}",2026-05-12T10:28:13.627Z
71085582,2026-05-12 17:30,1. FC Slovacko Uherske Hradiste,FC Banik Ostrava,Czechia - 1. Liga,Bet365,Alternative Asian Handicap,,1.225,,1.220,,,,,1,"{""hdp"": 1, ""home"": ""1.225"", ""away"": ""1.220""}",2026-05-12T10:28:13.627Z
71085582,2026-05-12 17:30,1. FC Slovacko Uherske Hradiste,FC Banik Ostrava,Czechia - 1. Liga,Bet365,Alternative Asian Handicap,,1.170,,1.160,,,,,1.5,"{""hdp"": 1.5, ""home"": ""1.170"", ""away"": ""1.160""}",2026-05-12T10:28:13.627Z
71085582,2026-05-12 17:30,1. FC Slovacko Uherske Hradiste,FC Banik Ostrava,Czechia - 1. Liga,Bet365,Alternative Asian Handicap,,1.110,,1.105,,,,,1.75,"{""hdp"": 1.75, ""home"": ""1.110"", ""away"": ""1.105""}",2026-05-12T10:28:13.627Z
71085582,2026-05-12 17:30,1. FC Slovacko Uherske Hradiste,FC Banik Ostrava,Czechia - 1. Liga,Bet365,Alternative Asian Handicap,,4.650,,4.500,,,,,-1.25,"{""hdp"": -1.25, ""home"": ""4.650"", ""away"": ""4.500""}",2026-05-12T10:28:13.627Z
71085582,2026-05-12 17:30,1. FC Slovacko Uherske Hradiste,FC Banik Ostrava,Czechia - 1. Liga,Bet365,Alternative Asian Handicap,,1.190,,1.180,,,,,1.25,"{""hdp"": 1.25, ""home"": ""1.190"", ""away"": ""1.180""}",2026-05-12T10:28:13.627Z
71085582,2026-05-12 17:30,1. FC Slovacko Uherske Hradiste,FC Banik Ostrava,Czechia - 1. Liga,Bet365,Both Teams To Score 2H,,,,,,,3.000,1.363,,"{""yes"": ""3.000"", ""no"": ""1.363""}",2026-05-12T10:50:49.726Z
71085582,2026-05-12 17:30,1. FC Slovacko Uherske Hradiste,FC Banik Ostrava,Czechia - 1. Liga,Bet365,Half Time Result,Draw,,,,,2.250,,,,"{""label"": ""Draw"", ""under"": ""2.250""}",2026-05-12T10:12:36.251Z
71085582,2026-05-12 17:30,1. FC Slovacko Uherske Hradiste,FC Banik Ostrava,Czechia - 1. Liga,Bet365,Half Time Result,1,,,,,3.200,,,1,"{""label"": ""1"", ""hdp"": 1, ""under"": ""3.200""}",2026-05-12T10:12:36.251Z
71085582,2026-05-12 17:30,1. FC Slovacko Uherske Hradiste,FC Banik Ostrava,Czechia - 1. Liga,Bet365,Half Time Result,2,,,,,3.100,,,2,"{""label"": ""2"", ""hdp"": 2, ""under"": ""3.100""}",2026-05-12T10:12:36.251Z
71085582,2026-05-12 17:30,1. FC Slovacko Uherske Hradiste,FC Banik Ostrava,Czechia - 1. Liga,Bet365,Corners 2-Way,,,,,2.000,1.727,,,10.5,"{""hdp"": 10.5, ""over"": ""2.000"", ""under"": ""1.727""}",2026-05-10T18:01:55.523Z
71085582,2026-05-12 17:30,1. FC Slovacko Uherske Hradiste,FC Banik Ostrava,Czechia - 1. Liga,Bet365,First 10 Minutes (00:00 - 09:59),Corners (Over) (0.5),,,,1.533,2.375,,,0.5,"{""label"": ""Corners (Over) (0.5)"", ""hdp"": 0.5, ""over"": ""1.533"", ""under"": ""2.375""}",2026-05-10T18:01:55.523Z
71328286,2026-05-12 18:00,FC Elva,Paide Linnameeskond,"Estonia - Cup, Women",Bet365,ML,,41.000,15.000,1.040,,,,,,"{""home"": ""41.000"", ""draw"": ""15.000"", ""away"": ""1.040""}",2026-05-12T07:36:19.627Z
71328286,2026-05-12 18:00,FC Elva,Paide Linnameeskond,"Estonia - Cup, Women",Bet365,Draw No Bet,,17.000,,1.005,,,,,,"{""home"": ""17.000"", ""away"": ""1.005""}",2026-05-12T09:11:54.886Z
71328286,2026-05-12 18:00,FC Elva,Paide Linnameeskond,"Estonia - Cup, Women",Bet365,Double Chance,FC Elva (W) or Draw,,,,,7.500,,,,"{""label"": ""FC Elva (W) or Draw"", ""under"": ""7.500""}",2026-05-12T05:21:00.1Z
71328286,2026-05-12 18:00,FC Elva,Paide Linnameeskond,"Estonia - Cup, Women",Bet365,Double Chance,Draw or Paide Linnanaiskond (W),,,,,1.001,,,,"{""label"": ""Draw or Paide Linnanaiskond (W)"", ""under"": ""1.001""}",2026-05-12T05:21:00.1Z
71328286,2026-05-12 18:00,FC Elva,Paide Linnameeskond,"Estonia - Cup, Women",Bet365,Double Chance,FC Elva (W) or Paide Linnanaiskond (W),,,,,1.020,,,,"{""label"": ""FC Elva (W) or Paide Linnanaiskond (W)"", ""under"": ""1.020""}",2026-05-12T05:21:00.1Z
71328286,2026-05-12 18:00,FC Elva,Paide Linnameeskond,"Estonia - Cup, Women",Bet365,Spread,,1.850,,1.950,,,,,3.5,"{""hdp"": 3.5, ""home"": ""1.850"", ""away"": ""1.950""}",2026-05-12T07:28:36.943Z
71328286,2026-05-12 18:00,FC Elva,Paide Linnameeskond,"Estonia - Cup, Women",Bet365,Totals,,,,,1.850,1.950,,,4.25,"{""hdp"": 4.25, ""over"": ""1.850"", ""under"": ""1.950""}",2026-05-12T09:55:53.105Z
71328286,2026-05-12 18:00,FC Elva,Paide Linnameeskond,"Estonia - Cup, Women",Bet365,Goals Over/Under,,,,,1.166,4.500,,,2.5,"{""hdp"": 2.5, ""over"": ""1.166"", ""under"": ""4.500""}",2026-05-12T10:19:31.065Z
71328286,2026-05-12 18:00,FC Elva,Paide Linnameeskond,"Estonia - Cup, Women",Bet365,Spread HT,,1.800,,2.000,,,,,1.5,"{""hdp"": 1.5, ""home"": ""1.800"", ""away"": ""2.000""}",2026-05-12T09:35:31.782Z
71328286,2026-05-12 18:00,FC Elva,Paide Linnameeskond,"Estonia - Cup, Women",Bet365,Totals HT,,,,,1.900,1.900,,,1.75,"{""hdp"": 1.75, ""over"": ""1.900"", ""under"": ""1.900""}",2026-05-12T09:33:19.567Z
71328286,2026-05-12 18:00,FC Elva,Paide Linnameeskond,"Estonia - Cup, Women",Bet365,Correct Score,2-0,,,,,,,,,"{""label"": ""2-0"", ""odds"": ""151.000""}",2026-05-12T10:05:09.554Z
71328286,2026-05-12 18:00,FC Elva,Paide Linnameeskond,"Estonia - Cup, Women",Bet365,Correct Score,3-1,,,,,,,,,"{""label"": ""3-1"", ""odds"": ""15.000""}",2026-05-12T10:05:09.554Z
71328286,2026-05-12 18:00,FC Elva,Paide Linnameeskond,"Estonia - Cup, Women",Bet365,Correct Score,3-2,,,,,,,,,"{""label"": ""3-2"", ""odds"": ""151.000""}",2026-05-12T10:05:09.554Z
71328286,2026-05-12 18:00,FC Elva,Paide Linnameeskond,"Estonia - Cup, Women",Bet365,Correct Score,3-3,,,,,,,,,"{""label"": ""3-3"", ""odds"": ""126.000""}",2026-05-12T10:05:09.554Z
71328286,2026-05-12 18:00,FC Elva,Paide Linnameeskond,"Estonia - Cup, Women",Bet365,Correct Score,4-3,,,,,,,,,"{""label"": ""4-3"", ""odds"": ""151.000""}",2026-05-12T10:05:09.554Z
71328286,2026-05-12 18:00,FC Elva,Paide Linnameeskond,"Estonia - Cup, Women",Bet365,Correct Score,6-0,,,,,,,,,"{""label"": ""6-0"", ""odds"": ""12.000""}",2026-05-12T10:05:09.554Z
71328286,2026-05-12 18:00,FC Elva,Paide Linnameeskond,"Estonia - Cup, Women",Bet365,Correct Score,9-0,,,,,,,,,"{""label"": ""9-0"", ""odds"": ""51.000""}",2026-05-12T10:05:09.554Z
71328286,2026-05-12 18:00,FC Elva,Paide Linnameeskond,"Estonia - Cup, Women",Bet365,Correct Score,2-2,,,,,,,,,"{""label"": ""2-2"", ""odds"": ""41.000""}",2026-05-12T10:05:09.554Z
71328286,2026-05-12 18:00,FC Elva,Paide Linnameeskond,"Estonia - Cup, Women",Bet365,Correct Score,4-1,,,,,,,,,"{""label"": ""4-1"", ""odds"": ""15.000""}",2026-05-12T10:05:09.554Z
71328286,2026-05-12 18:00,FC Elva,Paide Linnameeskond,"Estonia - Cup, Women",Bet365,Correct Score,4-2,,,,,,,,,"{""label"": ""4-2"", ""odds"": ""41.000""}",2026-05-12T10:05:09.554Z
71328286,2026-05-12 18:00,FC Elva,Paide Linnameeskond,"Estonia - Cup, Women",Bet365,Correct Score,5-1,,,,,,,,,"{""label"": ""5-1"", ""odds"": ""19.000""}",2026-05-12T10:05:09.554Z
71328286,2026-05-12 18:00,FC Elva,Paide Linnameeskond,"Estonia - Cup, Women",Bet365,Correct Score,5-2,,,,,,,,,"{""label"": ""5-2"", ""odds"": ""51.000""}",2026-05-12T10:05:09.554Z
71328286,2026-05-12 18:00,FC Elva,Paide Linnameeskond,"Estonia - Cup, Women",Bet365,Correct Score,6-2,,,,,,,,,"{""label"": ""6-2"", ""odds"": ""67.000""}",2026-05-12T10:05:09.554Z
71328286,2026-05-12 18:00,FC Elva,Paide Linnameeskond,"Estonia - Cup, Women",Bet365,Correct Score,7-1,,,,,,,,,"{""label"": ""7-1"", ""odds"": ""41.000""}",2026-05-12T10:05:09.554Z
71328286,2026-05-12 18:00,FC Elva,Paide Linnameeskond,"Estonia - Cup, Women",Bet365,Correct Score,7-2,,,,,,,,,"{""label"": ""7-2"", ""odds"": ""101.000""}",2026-05-12T10:05:09.554Z
71328286,2026-05-12 18:00,FC Elva,Paide Linnameeskond,"Estonia - Cup, Women",Bet365,Correct Score,0-0,,,,,,,,,"{""label"": ""0-0"", ""odds"": ""34.000""}",2026-05-12T10:05:09.554Z
71328286,2026-05-12 18:00,FC Elva,Paide Linnameeskond,"Estonia - Cup, Women",Bet365,Correct Score,1-0,,,,,,,,,"{""label"": ""1-0"", ""odds"": ""81.000""}",2026-05-12T10:05:09.554Z
71328286,2026-05-12 18:00,FC Elva,Paide Linnameeskond,"Estonia - Cup, Women",Bet365,Correct Score,1-1,,,,,,,,,"{""label"": ""1-1"", ""odds"": ""29.000""}",2026-05-12T10:05:09.554Z
71328286,2026-05-12 18:00,FC Elva,Paide Linnameeskond,"Estonia - Cup, Women",Bet365,Correct Score,2-1,,,,,,,,,"{""label"": ""2-1"", ""odds"": ""81.000""}",2026-05-12T10:05:09.554Z
71328286,2026-05-12 18:00,FC Elva,Paide Linnameeskond,"Estonia - Cup, Women",Bet365,Correct Score,3-0,,,,,,,,,"{""label"": ""3-0"", ""odds"": ""7.000""}",2026-05-12T10:05:09.554Z
71328286,2026-05-12 18:00,FC Elva,Paide Linnameeskond,"Estonia - Cup, Women",Bet365,Correct Score,4-0,,,,,,,,,"{""label"": ""4-0"", ""odds"": ""7.000""}",2026-05-12T10:05:09.554Z
71328286,2026-05-12 18:00,FC Elva,Paide Linnameeskond,"Estonia - Cup, Women",Bet365,Correct Score,5-0,,,,,,,,,"{""label"": ""5-0"", ""odds"": ""8.000""}",2026-05-12T10:05:09.554Z
71328286,2026-05-12 18:00,FC Elva,Paide Linnameeskond,"Estonia - Cup, Women",Bet365,Correct Score,5-3,,,,,,,,,"{""label"": ""5-3"", ""odds"": ""151.000""}",2026-05-12T10:05:09.554Z
71328286,2026-05-12 18:00,FC Elva,Paide Linnameeskond,"Estonia - Cup, Women",Bet365,Correct Score,6-1,,,,,,,,,"{""label"": ""6-1"", ""odds"": ""26.000""}",2026-05-12T10:05:09.554Z
71328286,2026-05-12 18:00,FC Elva,Paide Linnameeskond,"Estonia - Cup, Women",Bet365,Correct Score,7-0,,,,,,,,,"{""label"": ""7-0"", ""odds"": ""19.000""}",2026-05-12T10:05:09.554Z
71328286,2026-05-12 18:00,FC Elva,Paide Linnameeskond,"Estonia - Cup, Women",Bet365,Correct Score,8-0,,,,,,,,,"{""label"": ""8-0"", ""odds"": ""29.000""}",2026-05-12T10:05:09.554Z
71328286,2026-05-12 18:00,FC Elva,Paide Linnameeskond,"Estonia - Cup, Women",Bet365,Correct Score,8-1,,,,,,,,,"{""label"": ""8-1"", ""odds"": ""51.000""}",2026-05-12T10:05:09.554Z
71328286,2026-05-12 18:00,FC Elva,Paide Linnameeskond,"Estonia - Cup, Women",Bet365,Correct Score,8-2,,,,,,,,,"{""label"": ""8-2"", ""odds"": ""151.000""}",2026-05-12T10:05:09.554Z
71328286,2026-05-12 18:00,FC Elva,Paide Linnameeskond,"Estonia - Cup, Women",Bet365,Correct Score,9-1,,,,,,,,,"{""label"": ""9-1"", ""odds"": ""81.000""}",2026-05-12T10:05:09.554Z
71328286,2026-05-12 18:00,FC Elva,Paide Linnameeskond,"Estonia - Cup, Women",Bet365,Correct Score,10-0,,,,,,,,,"{""label"": ""10-0"", ""odds"": ""81.000""}",2026-05-12T10:05:09.554Z
71328286,2026-05-12 18:00,FC Elva,Paide Linnameeskond,"Estonia - Cup, Women",Bet365,Correct Score,10-1,,,,,,,,,"{""label"": ""10-1"", ""odds"": ""151.000""}",2026-05-12T10:05:09.554Z
71328286,2026-05-12 18:00,FC Elva,Paide Linnameeskond,"Estonia - Cup, Women",Bet365,Correct Score,11-0,,,,,,,,,"{""label"": ""11-0"", ""odds"": ""151.000""}",2026-05-12T10:05:09.554Z
71328286,2026-05-12 18:00,FC Elva,Paide Linnameeskond,"Estonia - Cup, Women",Bet365,Half Time Result,1,,,,,21.000,,,1,"{""label"": ""1"", ""hdp"": 1, ""under"": ""21.000""}",2026-05-12T10:17:25.753Z
71328286,2026-05-12 18:00,FC Elva,Paide Linnameeskond,"Estonia - Cup, Women",Bet365,Half Time Result,Draw,,,,,4.500,,,,"{""label"": ""Draw"", ""under"": ""4.500""}",2026-05-12T10:17:25.753Z
71328286,2026-05-12 18:00,FC Elva,Paide Linnameeskond,"Estonia - Cup, Women",Bet365,Half Time Result,2,,,,,1.181,,,2,"{""label"": ""2"", ""hdp"": 2, ""under"": ""1.181""}",2026-05-12T10:17:25.753Z
61651662,2026-05-12 17:00,FC Metalist 1925 Kharkiv,Karpaty Lviv,Ukraine - Premier League,Bet365,ML,,2.150,3.100,3.000,,,,,,"{""home"": ""2.150"", ""draw"": ""3.100"", ""away"": ""3.000""}",2026-05-12T10:08:47.938Z
61651662,2026-05-12 17:00,FC Metalist 1925 Kharkiv,Karpaty Lviv,Ukraine - Premier League,Bet365,Draw No Bet,,1.500,,2.500,,,,,,"{""home"": ""1.500"", ""away"": ""2.500""}",2026-05-12T10:17:25.753Z
61651662,2026-05-12 17:00,FC Metalist 1925 Kharkiv,Karpaty Lviv,Ukraine - Premier League,Bet365,Double Chance,FC Metalist 1925 or Draw,,,,,1.181,,,,"{""label"": ""FC Metalist 1925 or Draw"", ""under"": ""1.181""}",2026-05-11T15:35:00.684Z
61651662,2026-05-12 17:00,FC Metalist 1925 Kharkiv,Karpaty Lviv,Ukraine - Premier League,Bet365,Double Chance,Draw or Karpaty Lviv,,,,,1.800,,,,"{""label"": ""Draw or Karpaty Lviv"", ""under"": ""1.800""}",2026-05-11T15:35:00.684Z
61651662,2026-05-12 17:00,FC Metalist 1925 Kharkiv,Karpaty Lviv,Ukraine - Premier League,Bet365,Double Chance,FC Metalist 1925 or Karpaty Lviv,,,,,1.285,,,,"{""label"": ""FC Metalist 1925 or Karpaty Lviv"", ""under"": ""1.285""}",2026-05-11T15:35:00.684Z
61651662,2026-05-12 17:00,FC Metalist 1925 Kharkiv,Karpaty Lviv,Ukraine - Premier League,Bet365,Spread,,1.900,,1.900,,,,,-0.25,"{""hdp"": -0.25, ""home"": ""1.900"", ""away"": ""1.900""}",2026-05-12T10:27:29.313Z
61651662,2026-05-12 17:00,FC Metalist 1925 Kharkiv,Karpaty Lviv,Ukraine - Premier League,Bet365,Totals,,,,,1.825,1.975,,,2.25,"{""hdp"": 2.25, ""over"": ""1.825"", ""under"": ""1.975""}",2026-05-12T10:07:41.876Z
61651662,2026-05-12 17:00,FC Metalist 1925 Kharkiv,Karpaty Lviv,Ukraine - Premier League,Bet365,Goals Over/Under,,,,,2.100,1.700,,,2.5,"{""hdp"": 2.5, ""over"": ""2.100"", ""under"": ""1.700""}",2026-05-12T10:55:36.402Z
61651662,2026-05-12 17:00,FC Metalist 1925 Kharkiv,Karpaty Lviv,Ukraine - Premier League,Bet365,Spread HT,,2.100,,1.700,,,,,-0.25,"{""hdp"": -0.25, ""home"": ""2.100"", ""away"": ""1.700""}",2026-05-12T09:47:27.348Z
61651662,2026-05-12 17:00,FC Metalist 1925 Kharkiv,Karpaty Lviv,Ukraine - Premier League,Bet365,Totals HT,,,,,2.025,1.775,,,1,"{""hdp"": 1, ""over"": ""2.025"", ""under"": ""1.775""}",2026-05-12T09:37:47.882Z
61651662,2026-05-12 17:00,FC Metalist 1925 Kharkiv,Karpaty Lviv,Ukraine - Premier League,Bet365,Corners Totals,,,,,1.800,2.000,,,9.5,"{""hdp"": 9.5, ""over"": ""1.800"", ""under"": ""2.000""}",2026-05-11T19:43:26.599Z
61651662,2026-05-12 17:00,FC Metalist 1925 Kharkiv,Karpaty Lviv,Ukraine - Premier League,Bet365,Corners Totals HT,,,,,1.950,1.850,,,4.5,"{""hdp"": 4.5, ""over"": ""1.950"", ""under"": ""1.850""}",2026-05-11T19:17:28.323Z
61651662,2026-05-12 17:00,FC Metalist 1925 Kharkiv,Karpaty Lviv,Ukraine - Premier League,Bet365,Corners,,,,,2.250,1.909,,,10,"{""hdp"": 10, ""over"": ""2.250"", ""under"": ""1.909""}",2026-05-11T18:33:54.301Z
61651662,2026-05-12 17:00,FC Metalist 1925 Kharkiv,Karpaty Lviv,Ukraine - Premier League,Bet365,Corners 2-Way,,,,,1.800,1.909,,,9.5,"{""hdp"": 9.5, ""over"": ""1.800"", ""under"": ""1.909""}",2026-05-11T18:41:09.415Z
61651662,2026-05-12 17:00,FC Metalist 1925 Kharkiv,Karpaty Lviv,Ukraine - Premier League,Bet365,Correct Score,5-0,,,,,,,,,"{""label"": ""5-0"", ""odds"": ""67.000""}",2026-05-12T10:17:25.753Z
61651662,2026-05-12 17:00,FC Metalist 1925 Kharkiv,Karpaty Lviv,Ukraine - Premier League,Bet365,Correct Score,2-1,,,,,,,,,"{""label"": ""2-1"", ""odds"": ""9.500""}",2026-05-12T10:17:25.753Z
61651662,2026-05-12 17:00,FC Metalist 1925 Kharkiv,Karpaty Lviv,Ukraine - Premier League,Bet365,Correct Score,4-1,,,,,,,,,"{""label"": ""4-1"", ""odds"": ""41.000""}",2026-05-12T10:17:25.753Z
61651662,2026-05-12 17:00,FC Metalist 1925 Kharkiv,Karpaty Lviv,Ukraine - Premier League,Bet365,Correct Score,1-1,,,,,,,,,"{""label"": ""1-1"", ""odds"": ""6.500""}",2026-05-12T10:17:25.753Z
61651662,2026-05-12 17:00,FC Metalist 1925 Kharkiv,Karpaty Lviv,Ukraine - Premier League,Bet365,Correct Score,3-3,,,,,,,,,"{""label"": ""3-3"", ""odds"": ""51.000""}",2026-05-12T10:17:25.753Z
61651662,2026-05-12 17:00,FC Metalist 1925 Kharkiv,Karpaty Lviv,Ukraine - Premier League,Bet365,Correct Score,4-2,,,,,,,,,"{""label"": ""4-2"", ""odds"": ""51.000""}",2026-05-12T10:17:25.753Z
61651662,2026-05-12 17:00,FC Metalist 1925 Kharkiv,Karpaty Lviv,Ukraine - Premier League,Bet365,Correct Score,5-2,,,,,,,,,"{""label"": ""5-2"", ""odds"": ""126.000""}",2026-05-12T10:17:25.753Z
61651662,2026-05-12 17:00,FC Metalist 1925 Kharkiv,Karpaty Lviv,Ukraine - Premier League,Bet365,Correct Score,0-0,,,,,,,,,"{""label"": ""0-0"", ""odds"": ""8.500""}",2026-05-12T10:17:25.753Z
61651662,2026-05-12 17:00,FC Metalist 1925 Kharkiv,Karpaty Lviv,Ukraine - Premier League,Bet365,Correct Score,1-0,,,,,,,,,"{""label"": ""1-0"", ""odds"": ""7.000""}",2026-05-12T10:17:25.753Z
61651662,2026-05-12 17:00,FC Metalist 1925 Kharkiv,Karpaty Lviv,Ukraine - Premier League,Bet365,Correct Score,2-0,,,,,,,,,"{""label"": ""2-0"", ""odds"": ""9.500""}",2026-05-12T10:17:25.753Z
61651662,2026-05-12 17:00,FC Metalist 1925 Kharkiv,Karpaty Lviv,Ukraine - Premier League,Bet365,Correct Score,2-2,,,,,,,,,"{""label"": ""2-2"", ""odds"": ""15.000""}",2026-05-12T10:17:25.753Z
61651662,2026-05-12 17:00,FC Metalist 1925 Kharkiv,Karpaty Lviv,Ukraine - Premier League,Bet365,Correct Score,3-0,,,,,,,,,"{""label"": ""3-0"", ""odds"": ""19.000""}",2026-05-12T10:17:25.753Z
61651662,2026-05-12 17:00,FC Metalist 1925 Kharkiv,Karpaty Lviv,Ukraine - Premier League,Bet365,Correct Score,3-1,,,,,,,,,"{""label"": ""3-1"", ""odds"": ""19.000""}",2026-05-12T10:17:25.753Z
61651662,2026-05-12 17:00,FC Metalist 1925 Kharkiv,Karpaty Lviv,Ukraine - Premier League,Bet365,Correct Score,3-2,,,,,,,,,"{""label"": ""3-2"", ""odds"": ""29.000""}",2026-05-12T10:17:25.753Z
61651662,2026-05-12 17:00,FC Metalist 1925 Kharkiv,Karpaty Lviv,Ukraine - Premier League,Bet365,Correct Score,4-0,,,,,,,,,"{""label"": ""4-0"", ""odds"": ""41.000""}",2026-05-12T10:17:25.753Z
61651662,2026-05-12 17:00,FC Metalist 1925 Kharkiv,Karpaty Lviv,Ukraine - Premier League,Bet365,Correct Score,4-3,,,,,,,,,"{""label"": ""4-3"", ""odds"": ""101.000""}",2026-05-12T10:17:25.753Z
61651662,2026-05-12 17:00,FC Metalist 1925 Kharkiv,Karpaty Lviv,Ukraine - Premier League,Bet365,Correct Score,5-1,,,,,,,,,"{""label"": ""5-1"", ""odds"": ""81.000""}",2026-05-12T10:17:25.753Z
61651662,2026-05-12 17:00,FC Metalist 1925 Kharkiv,Karpaty Lviv,Ukraine - Premier League,Bet365,Half Time Result,1,,,,,2.625,,,1,"{""label"": ""1"", ""hdp"": 1, ""under"": ""2.625""}",2026-05-12T10:33:20.756Z
61651662,2026-05-12 17:00,FC Metalist 1925 Kharkiv,Karpaty Lviv,Ukraine - Premier League,Bet365,Half Time Result,2,,,,,4.000,,,2,"{""label"": ""2"", ""hdp"": 2, ""under"": ""4.000""}",2026-05-12T10:33:20.756Z
61651662,2026-05-12 17:00,FC Metalist 1925 Kharkiv,Karpaty Lviv,Ukraine - Premier League,Bet365,Half Time Result,Draw,,,,,2.050,,,,"{""label"": ""Draw"", ""under"": ""2.050""}",2026-05-12T10:33:20.756Z
68492514,2026-05-12 17:00,FK Liepaja,Ogre United,Latvia - Virsliga,Bet365,ML,,1.300,5.000,7.000,,,,,,"{""home"": ""1.300"", ""draw"": ""5.000"", ""away"": ""7.000""}",2026-05-12T08:24:16.182Z
68492514,2026-05-12 17:00,FK Liepaja,Ogre United,Latvia - Virsliga,Bet365,Draw No Bet,,1.100,,6.500,,,,,,"{""home"": ""1.100"", ""away"": ""6.500""}",2026-05-12T08:18:58.217Z
68492514,2026-05-12 17:00,FK Liepaja,Ogre United,Latvia - Virsliga,Bet365,Double Chance,FK Liepaja or Ogre United,,,,,1.111,,,,"{""label"": ""FK Liepaja or Ogre United"", ""under"": ""1.111""}",2026-05-12T07:19:46.982Z
68492514,2026-05-12 17:00,FK Liepaja,Ogre United,Latvia - Virsliga,Bet365,Double Chance,FK Liepaja or Draw,,,,,1.055,,,,"{""label"": ""FK Liepaja or Draw"", ""under"": ""1.055""}",2026-05-12T07:19:46.982Z
68492514,2026-05-12 17:00,FK Liepaja,Ogre United,Latvia - Virsliga,Bet365,Double Chance,Draw or Ogre United,,,,,3.400,,,,"{""label"": ""Draw or Ogre United"", ""under"": ""3.400""}",2026-05-12T07:19:46.982Z
68492514,2026-05-12 17:00,FK Liepaja,Ogre United,Latvia - Virsliga,Bet365,Spread,,1.900,,1.900,,,,,-1.5,"{""hdp"": -1.5, ""home"": ""1.900"", ""away"": ""1.900""}",2026-05-12T09:32:06.446Z
68492514,2026-05-12 17:00,FK Liepaja,Ogre United,Latvia - Virsliga,Bet365,Totals,,,,,1.900,1.900,,,3,"{""hdp"": 3, ""over"": ""1.900"", ""under"": ""1.900""}",2026-05-12T08:36:09.011Z
68492514,2026-05-12 17:00,FK Liepaja,Ogre United,Latvia - Virsliga,Bet365,Goals Over/Under,,,,,1.533,2.375,,,2.5,"{""hdp"": 2.5, ""over"": ""1.533"", ""under"": ""2.375""}",2026-05-12T07:11:15.579Z
68492514,2026-05-12 17:00,FK Liepaja,Ogre United,Latvia - Virsliga,Bet365,Both Teams To Score,,,,,,,1.909,1.800,,"{""yes"": ""1.909"", ""no"": ""1.800""}",2026-05-12T07:11:15.579Z
68492514,2026-05-12 17:00,FK Liepaja,Ogre United,Latvia - Virsliga,Bet365,Spread HT,,1.750,,2.050,,,,,-0.5,"{""hdp"": -0.5, ""home"": ""1.750"", ""away"": ""2.050""}",2026-05-12T10:43:59.991Z
68492514,2026-05-12 17:00,FK Liepaja,Ogre United,Latvia - Virsliga,Bet365,Totals HT,,,,,1.900,1.900,,,1.25,"{""hdp"": 1.25, ""over"": ""1.900"", ""under"": ""1.900""}",2026-05-12T09:25:24.947Z
68492514,2026-05-12 17:00,FK Liepaja,Ogre United,Latvia - Virsliga,Bet365,European Handicap,,11.000,,,,,,,-4,"{""hdp"": -4, ""home"": ""11.000""}",2026-05-12T10:56:39.888Z
68492514,2026-05-12 17:00,FK Liepaja,Ogre United,Latvia - Virsliga,Bet365,European Handicap,,5.500,,,,,,,-3,"{""hdp"": -3, ""home"": ""5.500""}",2026-05-12T10:56:39.888Z
68492514,2026-05-12 17:00,FK Liepaja,Ogre United,Latvia - Virsliga,Bet365,European Handicap,,1.833,10.000,19.000,,,,,-1,"{""hdp"": -1, ""home"": ""1.833"", ""draw"": ""10.000"", ""away"": ""19.000""}",2026-05-12T10:56:39.888Z
68492514,2026-05-12 17:00,FK Liepaja,Ogre United,Latvia - Virsliga,Bet365,European Handicap,,1.062,3.750,3.000,,,,,1,"{""hdp"": 1, ""home"": ""1.062"", ""draw"": ""3.750"", ""away"": ""3.000""}",2026-05-12T10:56:39.888Z
68492514,2026-05-12 17:00,FK Liepaja,Ogre United,Latvia - Virsliga,Bet365,European Handicap,,,9.000,1.090,,,,,4,"{""hdp"": 4, ""draw"": ""9.000"", ""away"": ""1.090""}",2026-05-12T10:56:39.888Z
68492514,2026-05-12 17:00,FK Liepaja,Ogre United,Latvia - Virsliga,Bet365,European Handicap,,,5.500,1.333,,,,,3,"{""hdp"": 3, ""draw"": ""5.500"", ""away"": ""1.333""}",2026-05-12T10:56:39.888Z
68492514,2026-05-12 17:00,FK Liepaja,Ogre United,Latvia - Virsliga,Bet365,Corners Totals,,,,,1.950,1.850,,,9,"{""hdp"": 9, ""over"": ""1.950"", ""under"": ""1.850""}",2026-05-11T19:21:30.12Z
68492514,2026-05-12 17:00,FK Liepaja,Ogre United,Latvia - Virsliga,Bet365,Corners Totals HT,,,,,1.750,2.050,,,4,"{""hdp"": 4, ""over"": ""1.750"", ""under"": ""2.050""}",2026-05-12T01:13:27.488Z
68492514,2026-05-12 17:00,FK Liepaja,Ogre United,Latvia - Virsliga,Bet365,Alternative Asian Handicap,,5.900,,1.130,,,,,-3.5,"{""hdp"": -3.5, ""home"": ""5.900"", ""away"": ""1.130""}",2026-05-12T10:29:36.948Z
68492514,2026-05-12 17:00,FK Liepaja,Ogre United,Latvia - Virsliga,Bet365,Alternative Asian Handicap,,5.500,,1.150,,,,,-3.25,"{""hdp"": -3.25, ""home"": ""5.500"", ""away"": ""1.150""}",2026-05-12T10:29:36.948Z
68492514,2026-05-12 17:00,FK Liepaja,Ogre United,Latvia - Virsliga,Bet365,Alternative Asian Handicap,,5.250,,1.160,,,,,-3,"{""hdp"": -3, ""home"": ""5.250"", ""away"": ""1.160""}",2026-05-12T10:29:36.948Z
68492514,2026-05-12 17:00,FK Liepaja,Ogre United,Latvia - Virsliga,Bet365,Alternative Asian Handicap,,3.700,,1.260,,,,,-2.75,"{""hdp"": -2.75, ""home"": ""3.700"", ""away"": ""1.260""}",2026-05-12T10:29:36.948Z
68492514,2026-05-12 17:00,FK Liepaja,Ogre United,Latvia - Virsliga,Bet365,Alternative Asian Handicap,,3.100,,1.350,,,,,-2.5,"{""hdp"": -2.5, ""home"": ""3.100"", ""away"": ""1.350""}",2026-05-12T10:29:36.948Z
68492514,2026-05-12 17:00,FK Liepaja,Ogre United,Latvia - Virsliga,Bet365,Alternative Asian Handicap,,2.750,,1.425,,,,,-2.25,"{""hdp"": -2.25, ""home"": ""2.750"", ""away"": ""1.425""}",2026-05-12T10:29:36.948Z
68492514,2026-05-12 17:00,FK Liepaja,Ogre United,Latvia - Virsliga,Bet365,Alternative Asian Handicap,,2.500,,1.500,,,,,-2,"{""hdp"": -2, ""home"": ""2.500"", ""away"": ""1.500""}",2026-05-12T10:29:36.948Z
68492514,2026-05-12 17:00,FK Liepaja,Ogre United,Latvia - Virsliga,Bet365,Alternative Asian Handicap,,2.100,,1.700,,,,,-1.75,"{""hdp"": -1.75, ""home"": ""2.100"", ""away"": ""1.700""}",2026-05-12T10:29:36.948Z
68492514,2026-05-12 17:00,FK Liepaja,Ogre United,Latvia - Virsliga,Bet365,Alternative Asian Handicap,,1.675,,2.150,,,,,-1.25,"{""hdp"": -1.25, ""home"": ""1.675"", ""away"": ""2.150""}",2026-05-12T10:29:36.948Z
68492514,2026-05-12 17:00,FK Liepaja,Ogre United,Latvia - Virsliga,Bet365,Alternative Asian Handicap,,1.475,,2.600,,,,,-1,"{""hdp"": -1, ""home"": ""1.475"", ""away"": ""2.600""}",2026-05-12T10:29:36.948Z
68492514,2026-05-12 17:00,FK Liepaja,Ogre United,Latvia - Virsliga,Bet365,Alternative Asian Handicap,,1.375,,3.000,,,,,-0.75,"{""hdp"": -0.75, ""home"": ""1.375"", ""away"": ""3.000""}",2026-05-12T10:29:36.948Z
68492514,2026-05-12 17:00,FK Liepaja,Ogre United,Latvia - Virsliga,Bet365,Alternative Asian Handicap,,1.325,,3.300,,,,,-0.5,"{""hdp"": -0.5, ""home"": ""1.325"", ""away"": ""3.300""}",2026-05-12T10:29:36.948Z
68492514,2026-05-12 17:00,FK Liepaja,Ogre United,Latvia - Virsliga,Bet365,Alternative Asian Handicap,,1.220,,6.800,,,,,-0.25,"{""hdp"": -0.25, ""home"": ""1.220"", ""away"": ""6.800""}",2026-05-12T10:29:36.948Z
68492514,2026-05-12 17:00,FK Liepaja,Ogre United,Latvia - Virsliga,Bet365,Alternative Asian Handicap,,1.120,,6.250,,,,,0,"{""hdp"": 0, ""home"": ""1.120"", ""away"": ""6.250""}",2026-05-12T10:29:36.948Z
68492514,2026-05-12 17:00,FK Liepaja,Ogre United,Latvia - Virsliga,Bet365,Alternative Asian Handicap,,1.105,,4.150,,,,,0.25,"{""hdp"": 0.25, ""home"": ""1.105"", ""away"": ""4.150""}",2026-05-12T10:29:36.948Z
68492514,2026-05-12 17:00,FK Liepaja,Ogre United,Latvia - Virsliga,Bet365,Corners 2-Way,,,,,1.666,2.100,,,8.5,"{""hdp"": 8.5, ""over"": ""1.666"", ""under"": ""2.100""}",2026-05-11T18:55:30.428Z
68492514,2026-05-12 17:00,FK Liepaja,Ogre United,Latvia - Virsliga,Bet365,Both Teams To Score 2H,,,,,,,3.500,1.285,,"{""yes"": ""3.500"", ""no"": ""1.285""}",2026-05-12T00:07:34.541Z
68492514,2026-05-12 17:00,FK Liepaja,Ogre United,Latvia - Virsliga,Bet365,Total Corners,Under 6,,,,,7.000,,,,"{""label"": ""Under 6"", ""under"": ""7.000""}",2026-05-11T18:55:30.428Z
68492514,2026-05-12 17:00,FK Liepaja,Ogre United,Latvia - Virsliga,Bet365,Total Corners,6 - 8,,,,,2.750,,,,"{""label"": ""6 - 8"", ""under"": ""2.750""}",2026-05-11T18:55:30.428Z
68492514,2026-05-12 17:00,FK Liepaja,Ogre United,Latvia - Virsliga,Bet365,Total Corners,9 - 11,,,,,2.750,,,,"{""label"": ""9 - 11"", ""under"": ""2.750""}",2026-05-11T18:55:30.428Z
68492514,2026-05-12 17:00,FK Liepaja,Ogre United,Latvia - Virsliga,Bet365,Total Corners,12 - 14,,,,,5.000,,,,"{""label"": ""12 - 14"", ""under"": ""5.000""}",2026-05-11T18:55:30.428Z
68492514,2026-05-12 17:00,FK Liepaja,Ogre United,Latvia - Virsliga,Bet365,Total Corners,Over 14,,,,13.000,,,,,"{""label"": ""Over 14"", ""over"": ""13.000""}",2026-05-11T18:55:30.428Z
68492514,2026-05-12 17:00,FK Liepaja,Ogre United,Latvia - Virsliga,Bet365,Exact Total Goals,1 Goal,,,,,6.500,,,,"{""label"": ""1 Goal"", ""under"": ""6.500""}",2026-05-12T00:19:22.024Z
68492514,2026-05-12 17:00,FK Liepaja,Ogre United,Latvia - Virsliga,Bet365,Exact Total Goals,5 Goals,,,,,7.500,,,,"{""label"": ""5 Goals"", ""under"": ""7.500""}",2026-05-12T00:19:22.024Z
68492514,2026-05-12 17:00,FK Liepaja,Ogre United,Latvia - Virsliga,Bet365,Exact Total Goals,6 Goals,,,,,13.000,,,,"{""label"": ""6 Goals"", ""under"": ""13.000""}",2026-05-12T00:19:22.024Z
68492514,2026-05-12 17:00,FK Liepaja,Ogre United,Latvia - Virsliga,Bet365,Exact Total Goals,0 Goals,,,,,17.000,,,,"{""label"": ""0 Goals"", ""under"": ""17.000""}",2026-05-12T00:19:22.024Z
68492514,2026-05-12 17:00,FK Liepaja,Ogre United,Latvia - Virsliga,Bet365,Exact Total Goals,7+ Goals,,,,,10.500,,,,"{""label"": ""7+ Goals"", ""under"": ""10.500""}",2026-05-12T00:19:22.024Z
68492514,2026-05-12 17:00,FK Liepaja,Ogre United,Latvia - Virsliga,Bet365,Exact Total Goals,2 Goals,,,,,4.333,,,,"{""label"": ""2 Goals"", ""under"": ""4.333""}",2026-05-12T00:19:22.024Z
68492514,2026-05-12 17:00,FK Liepaja,Ogre United,Latvia - Virsliga,Bet365,Exact Total Goals,3 Goals,,,,,4.000,,,,"{""label"": ""3 Goals"", ""under"": ""4.000""}",2026-05-12T00:19:22.024Z
68492514,2026-05-12 17:00,FK Liepaja,Ogre United,Latvia - Virsliga,Bet365,Exact Total Goals,4 Goals,,,,,5.000,,,,"{""label"": ""4 Goals"", ""under"": ""5.000""}",2026-05-12T00:19:22.024Z
68492514,2026-05-12 17:00,FK Liepaja,Ogre United,Latvia - Virsliga,Bet365,1st Half Handicap,1 (-1),3.750,,,,,,,-1,"{""label"": ""1 (-1)"", ""hdp"": -1, ""home"": ""3.750""}",2026-05-12T10:17:01.503Z
68492514,2026-05-12 17:00,FK Liepaja,Ogre United,Latvia - Virsliga,Bet365,1st Half Handicap,Tie (1),,,2.000,,,,,1,"{""label"": ""Tie (1)"", ""hdp"": 1, ""away"": ""2.000""}",2026-05-12T10:17:01.503Z
68492514,2026-05-12 17:00,FK Liepaja,Ogre United,Latvia - Virsliga,Bet365,Alternative Corners,,,,,1.040,26.000,,,4,"{""hdp"": 4, ""over"": ""1.040"", ""under"": ""26.000""}",2026-05-11T19:36:32.535Z
68492514,2026-05-12 17:00,FK Liepaja,Ogre United,Latvia - Virsliga,Bet365,Alternative Corners,,,,,1.100,13.000,,,5,"{""hdp"": 5, ""over"": ""1.100"", ""under"": ""13.000""}",2026-05-11T19:36:32.535Z
68492514,2026-05-12 17:00,FK Liepaja,Ogre United,Latvia - Virsliga,Bet365,Alternative Corners,,,,,1.200,7.000,,,6,"{""hdp"": 6, ""over"": ""1.200"", ""under"": ""7.000""}",2026-05-11T19:36:32.535Z
68492514,2026-05-12 17:00,FK Liepaja,Ogre United,Latvia - Virsliga,Bet365,Alternative Corners,,,,,1.400,4.333,,,7,"{""hdp"": 7, ""over"": ""1.400"", ""under"": ""4.333""}",2026-05-11T19:36:32.535Z
68492514,2026-05-12 17:00,FK Liepaja,Ogre United,Latvia - Virsliga,Bet365,Alternative Corners,,,,,1.666,2.750,,,8,"{""hdp"": 8, ""over"": ""1.666"", ""under"": ""2.750""}",2026-05-11T19:36:32.535Z
68492514,2026-05-12 17:00,FK Liepaja,Ogre United,Latvia - Virsliga,Bet365,Alternative Corners,,,,,2.750,1.666,,,10,"{""hdp"": 10, ""over"": ""2.750"", ""under"": ""1.666""}",2026-05-11T19:36:32.535Z
68492514,2026-05-12 17:00,FK Liepaja,Ogre United,Latvia - Virsliga,Bet365,Alternative Corners,,,,,4.000,1.400,,,11,"{""hdp"": 11, ""over"": ""4.000"", ""under"": ""1.400""}",2026-05-11T19:36:32.535Z
68492514,2026-05-12 17:00,FK Liepaja,Ogre United,Latvia - Virsliga,Bet365,Alternative Corners,,,,,6.000,1.222,,,12,"{""hdp"": 12, ""over"": ""6.000"", ""under"": ""1.222""}",2026-05-11T19:36:32.535Z
68492514,2026-05-12 17:00,FK Liepaja,Ogre United,Latvia - Virsliga,Bet365,Alternative Corners,,,,,9.000,1.125,,,13,"{""hdp"": 13, ""over"": ""9.000"", ""under"": ""1.125""}",2026-05-11T19:36:32.535Z
68492514,2026-05-12 17:00,FK Liepaja,Ogre United,Latvia - Virsliga,Bet365,Alternative Corners,,,,,13.000,1.071,,,14,"{""hdp"": 14, ""over"": ""13.000"", ""under"": ""1.071""}",2026-05-11T19:36:32.535Z
68492514,2026-05-12 17:00,FK Liepaja,Ogre United,Latvia - Virsliga,Bet365,Alternative Corners,,,,,17.000,1.035,,,15,"{""hdp"": 15, ""over"": ""17.000"", ""under"": ""1.035""}",2026-05-11T19:36:32.535Z
68492514,2026-05-12 17:00,FK Liepaja,Ogre United,Latvia - Virsliga,Bet365,Alternative Corners,,,,,23.000,1.020,,,16,"{""hdp"": 16, ""over"": ""23.000"", ""under"": ""1.020""}",2026-05-11T19:36:32.535Z
68492514,2026-05-12 17:00,FK Liepaja,Ogre United,Latvia - Virsliga,Bet365,Alternative Goal Line,,,,,1.200,4.400,,,1.75,"{""hdp"": 1.75, ""over"": ""1.200"", ""under"": ""4.400""}",2026-05-12T10:26:03.709Z
68492514,2026-05-12 17:00,FK Liepaja,Ogre United,Latvia - Virsliga,Bet365,Alternative Goal Line,,,,,1.170,5.000,,,1.5,"{""hdp"": 1.5, ""over"": ""1.170"", ""under"": ""5.000""}",2026-05-12T10:26:03.709Z
68492514,2026-05-12 17:00,FK Liepaja,Ogre United,Latvia - Virsliga,Bet365,Alternative Goal Line,,,,,1.230,4.000,,,2,"{""hdp"": 2, ""over"": ""1.230"", ""under"": ""4.000""}",2026-05-12T10:26:03.709Z
68492514,2026-05-12 17:00,FK Liepaja,Ogre United,Latvia - Virsliga,Bet365,Alternative Goal Line,,,,,1.375,3.000,,,2.25,"{""hdp"": 2.25, ""over"": ""1.375"", ""under"": ""3.000""}",2026-05-12T10:26:03.709Z
68492514,2026-05-12 17:00,FK Liepaja,Ogre United,Latvia - Virsliga,Bet365,Alternative Goal Line,,,,,1.650,2.200,,,2.75,"{""hdp"": 2.75, ""over"": ""1.650"", ""under"": ""2.200""}",2026-05-12T10:26:03.709Z
68492514,2026-05-12 17:00,FK Liepaja,Ogre United,Latvia - Virsliga,Bet365,Alternative Goal Line,,,,,2.350,1.575,,,3.5,"{""hdp"": 3.5, ""over"": ""2.350"", ""under"": ""1.575""}",2026-05-12T10:26:03.709Z
68492514,2026-05-12 17:00,FK Liepaja,Ogre United,Latvia - Virsliga,Bet365,Alternative Goal Line,,,,,2.675,1.450,,,3.75,"{""hdp"": 3.75, ""over"": ""2.675"", ""under"": ""1.450""}",2026-05-12T10:26:03.709Z
68492514,2026-05-12 17:00,FK Liepaja,Ogre United,Latvia - Virsliga,Bet365,Alternative Goal Line,,,,,3.550,1.275,,,4.25,"{""hdp"": 4.25, ""over"": ""3.550"", ""under"": ""1.275""}",2026-05-12T10:26:03.709Z
68492514,2026-05-12 17:00,FK Liepaja,Ogre United,Latvia - Virsliga,Bet365,Alternative Goal Line,,,,,3.900,1.240,,,4.5,"{""hdp"": 4.5, ""over"": ""3.900"", ""under"": ""1.240""}",2026-05-12T10:26:03.709Z
68492514,2026-05-12 17:00,FK Liepaja,Ogre United,Latvia - Virsliga,Bet365,Alternative Goal Line,,,,,5.000,1.170,,,4.75,"{""hdp"": 4.75, ""over"": ""5.000"", ""under"": ""1.170""}",2026-05-12T10:26:03.709Z
68492514,2026-05-12 17:00,FK Liepaja,Ogre United,Latvia - Virsliga,Bet365,Alternative Goal Line,,,,,6.800,1.105,,,5,"{""hdp"": 5, ""over"": ""6.800"", ""under"": ""1.105""}",2026-05-12T10:26:03.709Z
68492514,2026-05-12 17:00,FK Liepaja,Ogre United,Latvia - Virsliga,Bet365,Alternative Goal Line,,,,,3.450,1.300,,,4,"{""hdp"": 4, ""over"": ""3.450"", ""under"": ""1.300""}",2026-05-12T10:26:03.709Z
68492514,2026-05-12 17:00,FK Liepaja,Ogre United,Latvia - Virsliga,Bet365,Alternative Goal Line,,,,,1.100,7.000,,,1.25,"{""hdp"": 1.25, ""over"": ""1.100"", ""under"": ""7.000""}",2026-05-12T10:26:03.709Z
68492514,2026-05-12 17:00,FK Liepaja,Ogre United,Latvia - Virsliga,Bet365,Alternative Goal Line,,,,,1.550,2.375,,,2.5,"{""hdp"": 2.5, ""over"": ""1.550"", ""under"": ""2.375""}",2026-05-12T10:26:03.709Z
68492514,2026-05-12 17:00,FK Liepaja,Ogre United,Latvia - Virsliga,Bet365,Specials,To Win From Behind (1),2.000,,,,,,,1,"{""label"": ""To Win From Behind (1)"", ""hdp"": 1, ""home"": ""2.000""}",2026-05-12T10:32:02.717Z
68492514,2026-05-12 17:00,FK Liepaja,Ogre United,Latvia - Virsliga,Bet365,Specials,To Win From Behind (2),,,8.000,,,,,2,"{""label"": ""To Win From Behind (2)"", ""hdp"": 2, ""away"": ""8.000""}",2026-05-12T10:32:02.717Z
68492514,2026-05-12 17:00,FK Liepaja,Ogre United,Latvia - Virsliga,Bet365,Half Time Result,1,,,,,1.727,,,1,"{""label"": ""1"", ""hdp"": 1, ""under"": ""1.727""}",2026-05-12T10:17:01.503Z
68492514,2026-05-12 17:00,FK Liepaja,Ogre United,Latvia - Virsliga,Bet365,Half Time Result,Draw,,,,,2.600,,,,"{""label"": ""Draw"", ""under"": ""2.600""}",2026-05-12T10:17:01.503Z
68492514,2026-05-12 17:00,FK Liepaja,Ogre United,Latvia - Virsliga,Bet365,Half Time Result,2,,,,,7.000,,,2,"{""label"": ""2"", ""hdp"": 2, ""under"": ""7.000""}",2026-05-12T10:17:01.503Z
68492514,2026-05-12 17:00,FK Liepaja,Ogre United,Latvia - Virsliga,Bet365,Correct Score,1-0,,,,,,,,,"{""label"": ""1-0"", ""odds"": ""8.000""}",2026-05-12T08:18:58.217Z
68492514,2026-05-12 17:00,FK Liepaja,Ogre United,Latvia - Virsliga,Bet365,Correct Score,3-0,,,,,,,,,"{""label"": ""3-0"", ""odds"": ""8.500""}",2026-05-12T08:18:58.217Z
68492514,2026-05-12 17:00,FK Liepaja,Ogre United,Latvia - Virsliga,Bet365,Correct Score,3-2,,,,,,,,,"{""label"": ""3-2"", ""odds"": ""26.000""}",2026-05-12T08:18:58.217Z
68492514,2026-05-12 17:00,FK Liepaja,Ogre United,Latvia - Virsliga,Bet365,Correct Score,5-1,,,,,,,,,"{""label"": ""5-1"", ""odds"": ""29.000""}",2026-05-12T08:18:58.217Z
68492514,2026-05-12 17:00,FK Liepaja,Ogre United,Latvia - Virsliga,Bet365,Correct Score,5-3,,,,,,,,,"{""label"": ""5-3"", ""odds"": ""151.000""}",2026-05-12T08:18:58.217Z
68492514,2026-05-12 17:00,FK Liepaja,Ogre United,Latvia - Virsliga,Bet365,Correct Score,8-0,,,,,,,,,"{""label"": ""8-0"", ""odds"": ""151.000""}",2026-05-12T08:18:58.217Z
68492514,2026-05-12 17:00,FK Liepaja,Ogre United,Latvia - Virsliga,Bet365,Correct Score,1-1,,,,,,,,,"{""label"": ""1-1"", ""odds"": ""11.000""}",2026-05-12T08:18:58.217Z
68492514,2026-05-12 17:00,FK Liepaja,Ogre United,Latvia - Virsliga,Bet365,Correct Score,2-0,,,,,,,,,"{""label"": ""2-0"", ""odds"": ""7.000""}",2026-05-12T08:18:58.217Z
68492514,2026-05-12 17:00,FK Liepaja,Ogre United,Latvia - Virsliga,Bet365,Correct Score,2-1,,,,,,,,,"{""label"": ""2-1"", ""odds"": ""9.000""}",2026-05-12T08:18:58.217Z
68492514,2026-05-12 17:00,FK Liepaja,Ogre United,Latvia - Virsliga,Bet365,Correct Score,2-2,,,,,,,,,"{""label"": ""2-2"", ""odds"": ""21.000""}",2026-05-12T08:18:58.217Z
68492514,2026-05-12 17:00,FK Liepaja,Ogre United,Latvia - Virsliga,Bet365,Correct Score,3-1,,,,,,,,,"{""label"": ""3-1"", ""odds"": ""11.000""}",2026-05-12T08:18:58.217Z
68492514,2026-05-12 17:00,FK Liepaja,Ogre United,Latvia - Virsliga,Bet365,Correct Score,4-0,,,,,,,,,"{""label"": ""4-0"", ""odds"": ""13.000""}",2026-05-12T08:18:58.217Z
68492514,2026-05-12 17:00,FK Liepaja,Ogre United,Latvia - Virsliga,Bet365,Correct Score,4-1,,,,,,,,,"{""label"": ""4-1"", ""odds"": ""17.000""}",2026-05-12T08:18:58.217Z
68492514,2026-05-12 17:00,FK Liepaja,Ogre United,Latvia - Virsliga,Bet365,Correct Score,4-3,,,,,,,,,"{""label"": ""4-3"", ""odds"": ""81.000""}",2026-05-12T08:18:58.217Z
68492514,2026-05-12 17:00,FK Liepaja,Ogre United,Latvia - Virsliga,Bet365,Correct Score,5-0,,,,,,,,,"{""label"": ""5-0"", ""odds"": ""23.000""}",2026-05-12T08:18:58.217Z
68492514,2026-05-12 17:00,FK Liepaja,Ogre United,Latvia - Virsliga,Bet365,Correct Score,6-0,,,,,,,,,"{""label"": ""6-0"", ""odds"": ""41.000""}",2026-05-12T08:18:58.217Z
68492514,2026-05-12 17:00,FK Liepaja,Ogre United,Latvia - Virsliga,Bet365,Correct Score,7-0,,,,,,,,,"{""label"": ""7-0"", ""odds"": ""81.000""}",2026-05-12T08:18:58.217Z
68492514,2026-05-12 17:00,FK Liepaja,Ogre United,Latvia - Virsliga,Bet365,Correct Score,7-1,,,,,,,,,"{""label"": ""7-1"", ""odds"": ""101.000""}",2026-05-12T08:18:58.217Z
68492514,2026-05-12 17:00,FK Liepaja,Ogre United,Latvia - Virsliga,Bet365,Correct Score,4-2,,,,,,,,,"{""label"": ""4-2"", ""odds"": ""41.000""}",2026-05-12T08:18:58.217Z
68492514,2026-05-12 17:00,FK Liepaja,Ogre United,Latvia - Virsliga,Bet365,Correct Score,0-0,,,,,,,,,"{""label"": ""0-0"", ""odds"": ""17.000""}",2026-05-12T08:18:58.217Z
68492514,2026-05-12 17:00,FK Liepaja,Ogre United,Latvia - Virsliga,Bet365,Correct Score,3-3,,,,,,,,,"{""label"": ""3-3"", ""odds"": ""51.000""}",2026-05-12T08:18:58.217Z
68492514,2026-05-12 17:00,FK Liepaja,Ogre United,Latvia - Virsliga,Bet365,Correct Score,5-2,,,,,,,,,"{""label"": ""5-2"", ""odds"": ""51.000""}",2026-05-12T08:18:58.217Z
68492514,2026-05-12 17:00,FK Liepaja,Ogre United,Latvia - Virsliga,Bet365,Correct Score,6-1,,,,,,,,,"{""label"": ""6-1"", ""odds"": ""51.000""}",2026-05-12T08:18:58.217Z
68492514,2026-05-12 17:00,FK Liepaja,Ogre United,Latvia - Virsliga,Bet365,Correct Score,6-2,,,,,,,,,"{""label"": ""6-2"", ""odds"": ""101.000""}",2026-05-12T08:18:58.217Z
68492514,2026-05-12 17:00,FK Liepaja,Ogre United,Latvia - Virsliga,Bet365,Team Total Goals Away,,,,,21.000,1.002,,,3.5,"{""hdp"": 3.5, ""over"": ""21.000"", ""under"": ""1.002""}",2026-05-12T07:17:46.755Z
68492514,2026-05-12 17:00,FK Liepaja,Ogre United,Latvia - Virsliga,Bet365,Team Total Goals Away,,,,,1.800,1.909,,,0.5,"{""hdp"": 0.5, ""over"": ""1.800"", ""under"": ""1.909""}",2026-05-12T07:17:46.755Z
68492514,2026-05-12 17:00,FK Liepaja,Ogre United,Latvia - Virsliga,Bet365,Team Total Goals Away,,,,,4.500,1.166,,,1.5,"{""hdp"": 1.5, ""over"": ""4.500"", ""under"": ""1.166""}",2026-05-12T07:17:46.755Z
68492514,2026-05-12 17:00,FK Liepaja,Ogre United,Latvia - Virsliga,Bet365,Team Total Goals Away,,,,,10.500,1.025,,,2.5,"{""hdp"": 2.5, ""over"": ""10.500"", ""under"": ""1.025""}",2026-05-12T07:17:46.755Z
68492514,2026-05-12 17:00,FK Liepaja,Ogre United,Latvia - Virsliga,Bet365,Team Total Goals Home,,,,,1.062,8.000,,,0.5,"{""hdp"": 0.5, ""over"": ""1.062"", ""under"": ""8.000""}",2026-05-12T08:25:54.667Z
68492514,2026-05-12 17:00,FK Liepaja,Ogre United,Latvia - Virsliga,Bet365,Team Total Goals Home,,,,,3.750,1.250,,,3.5,"{""hdp"": 3.5, ""over"": ""3.750"", ""under"": ""1.250""}",2026-05-12T08:25:54.667Z
68492514,2026-05-12 17:00,FK Liepaja,Ogre United,Latvia - Virsliga,Bet365,Team Total Goals Home,,,,,10.500,1.025,,,5.5,"{""hdp"": 5.5, ""over"": ""10.500"", ""under"": ""1.025""}",2026-05-12T08:25:54.667Z
68492514,2026-05-12 17:00,FK Liepaja,Ogre United,Latvia - Virsliga,Bet365,Team Total Goals Home,,,,,17.000,1.005,,,6.5,"{""hdp"": 6.5, ""over"": ""17.000"", ""under"": ""1.005""}",2026-05-12T08:25:54.667Z
68492514,2026-05-12 17:00,FK Liepaja,Ogre United,Latvia - Virsliga,Bet365,Team Total Goals Home,,,,,7.000,1.083,,,4.5,"{""hdp"": 4.5, ""over"": ""7.000"", ""under"": ""1.083""}",2026-05-12T08:25:54.667Z
68492514,2026-05-12 17:00,FK Liepaja,Ogre United,Latvia - Virsliga,Bet365,Team Total Goals Home,,,,,1.363,3.000,,,1.5,"{""hdp"": 1.5, ""over"": ""1.363"", ""under"": ""3.000""}",2026-05-12T08:25:54.667Z
68492514,2026-05-12 17:00,FK Liepaja,Ogre United,Latvia - Virsliga,Bet365,Team Total Goals Home,,,,,2.100,1.666,,,2.5,"{""hdp"": 2.5, ""over"": ""2.100"", ""under"": ""1.666""}",2026-05-12T08:25:54.667Z
68492514,2026-05-12 17:00,FK Liepaja,Ogre United,Latvia - Virsliga,Bet365,Corners,,,,,2.100,2.100,,,9,"{""hdp"": 9, ""over"": ""2.100"", ""under"": ""2.100""}",2026-05-11T18:47:50.525Z
68492514,2026-05-12 17:00,FK Liepaja,Ogre United,Latvia - Virsliga,Bet365,Alternative Total Goals,,,,,2.250,1.571,,,3.5,"{""hdp"": 3.5, ""over"": ""2.250"", ""under"": ""1.571""}",2026-05-12T08:33:17.955Z
68492514,2026-05-12 17:00,FK Liepaja,Ogre United,Latvia - Virsliga,Bet365,Alternative Total Goals,,,,,21.000,1.002,,,8.5,"{""hdp"": 8.5, ""over"": ""21.000"", ""under"": ""1.002""}",2026-05-12T08:33:17.955Z
68492514,2026-05-12 17:00,FK Liepaja,Ogre United,Latvia - Virsliga,Bet365,Alternative Total Goals,,,,,1.005,17.000,,,0.5,"{""hdp"": 0.5, ""over"": ""1.005"", ""under"": ""17.000""}",2026-05-12T08:33:17.955Z
68492514,2026-05-12 17:00,FK Liepaja,Ogre United,Latvia - Virsliga,Bet365,Alternative Total Goals,,,,,1.166,4.500,,,1.5,"{""hdp"": 1.5, ""over"": ""1.166"", ""under"": ""4.500""}",2026-05-12T08:33:17.955Z
68492514,2026-05-12 17:00,FK Liepaja,Ogre United,Latvia - Virsliga,Bet365,Alternative Total Goals,,,,,10.500,1.025,,,6.5,"{""hdp"": 6.5, ""over"": ""10.500"", ""under"": ""1.025""}",2026-05-12T08:33:17.955Z
68492514,2026-05-12 17:00,FK Liepaja,Ogre United,Latvia - Virsliga,Bet365,Alternative Total Goals,,,,,17.000,1.005,,,7.5,"{""hdp"": 7.5, ""over"": ""17.000"", ""under"": ""1.005""}",2026-05-12T08:33:17.955Z
68492514,2026-05-12 17:00,FK Liepaja,Ogre United,Latvia - Virsliga,Bet365,Alternative Total Goals,,,,,4.000,1.222,,,4.5,"{""hdp"": 4.5, ""over"": ""4.000"", ""under"": ""1.222""}",2026-05-12T08:33:17.955Z
68492514,2026-05-12 17:00,FK Liepaja,Ogre United,Latvia - Virsliga,Bet365,Alternative Total Goals,,,,,7.000,1.083,,,5.5,"{""hdp"": 5.5, ""over"": ""7.000"", ""under"": ""1.083""}",2026-05-12T08:33:17.955Z
68492514,2026-05-12 17:00,FK Liepaja,Ogre United,Latvia - Virsliga,Bet365,Both Teams To Score HT,,,,,,,5.000,1.166,,"{""yes"": ""5.000"", ""no"": ""1.166""}",2026-05-12T07:11:15.579Z
68492514,2026-05-12 17:00,FK Liepaja,Ogre United,Latvia - Virsliga,Bet365,Number of Goals In Match,2 or 3 goals,,,,,2.100,,,,"{""label"": ""2 or 3 goals"", ""under"": ""2.100""}",2026-05-12T10:36:29.612Z
68492514,2026-05-12 17:00,FK Liepaja,Ogre United,Latvia - Virsliga,Bet365,Number of Goals In Match,Over 3 goals,,,,2.375,,,,,"{""label"": ""Over 3 goals"", ""over"": ""2.375""}",2026-05-12T10:36:29.612Z
68492514,2026-05-12 17:00,FK Liepaja,Ogre United,Latvia - Virsliga,Bet365,Number of Goals In Match,Under 2 goals,,,,,4.500,,,,"{""label"": ""Under 2 goals"", ""under"": ""4.500""}",2026-05-12T10:36:29.612Z
71338858,2026-05-12 17:30,AL Wahda FC,Khorfakkan,United Arab Emirates - U23 Pro League,Bet365,ML,,1.500,4.100,4.750,,,,,,"{""home"": ""1.500"", ""draw"": ""4.100"", ""away"": ""4.750""}",2026-05-12T09:23:55.229Z
71338858,2026-05-12 17:30,AL Wahda FC,Khorfakkan,United Arab Emirates - U23 Pro League,Bet365,Draw No Bet,,1.363,,3.000,,,,,,"{""home"": ""1.363"", ""away"": ""3.000""}",2026-05-12T10:27:29.313Z
71338858,2026-05-12 17:30,AL Wahda FC,Khorfakkan,United Arab Emirates - U23 Pro League,Bet365,Double Chance,Al Wahda Abu Dhabi U23 or Draw,,,,,1.222,,,,"{""label"": ""Al Wahda Abu Dhabi U23 or Draw"", ""under"": ""1.222""}",2026-05-12T09:52:58.601Z
71338858,2026-05-12 17:30,AL Wahda FC,Khorfakkan,United Arab Emirates - U23 Pro League,Bet365,Double Chance,Draw or Khor Fakkan U23,,,,,1.833,,,,"{""label"": ""Draw or Khor Fakkan U23"", ""under"": ""1.833""}",2026-05-12T09:52:58.601Z
71338858,2026-05-12 17:30,AL Wahda FC,Khorfakkan,United Arab Emirates - U23 Pro League,Bet365,Double Chance,Al Wahda Abu Dhabi U23 or Khor Fakkan U23,,,,,1.222,,,,"{""label"": ""Al Wahda Abu Dhabi U23 or Khor Fakkan U23"", ""under"": ""1.222""}",2026-05-12T09:52:58.601Z
71338858,2026-05-12 17:30,AL Wahda FC,Khorfakkan,United Arab Emirates - U23 Pro League,Bet365,Spread,,1.800,,2.000,,,,,-1,"{""hdp"": -1, ""home"": ""1.800"", ""away"": ""2.000""}",2026-05-12T10:08:47.938Z
71338858,2026-05-12 17:30,AL Wahda FC,Khorfakkan,United Arab Emirates - U23 Pro League,Bet365,Totals,,,,,1.825,1.975,,,3.25,"{""hdp"": 3.25, ""over"": ""1.825"", ""under"": ""1.975""}",2026-05-12T09:55:22.939Z
71338858,2026-05-12 17:30,AL Wahda FC,Khorfakkan,United Arab Emirates - U23 Pro League,Bet365,Goals Over/Under,,,,,1.500,2.500,,,2.5,"{""hdp"": 2.5, ""over"": ""1.500"", ""under"": ""2.500""}",2026-05-12T06:45:09.833Z
71338858,2026-05-12 17:30,AL Wahda FC,Khorfakkan,United Arab Emirates - U23 Pro League,Bet365,Spread HT,,1.900,,1.900,,,,,-0.25,"{""hdp"": -0.25, ""home"": ""1.900"", ""away"": ""1.900""}",2026-05-12T10:27:29.313Z
71338858,2026-05-12 17:30,AL Wahda FC,Khorfakkan,United Arab Emirates - U23 Pro League,Bet365,Totals HT,,,,,1.825,1.975,,,1.25,"{""hdp"": 1.25, ""over"": ""1.825"", ""under"": ""1.975""}",2026-05-12T09:27:27.799Z
71338858,2026-05-12 17:30,AL Wahda FC,Khorfakkan,United Arab Emirates - U23 Pro League,Bet365,Corners Totals,,,,,1.800,2.000,,,9.5,"{""hdp"": 9.5, ""over"": ""1.800"", ""under"": ""2.000""}",2026-05-11T19:57:33.576Z
71338858,2026-05-12 17:30,AL Wahda FC,Khorfakkan,United Arab Emirates - U23 Pro League,Bet365,Corners Totals HT,,,,,1.950,1.850,,,4.5,"{""hdp"": 4.5, ""over"": ""1.950"", ""under"": ""1.850""}",2026-05-12T10:12:36.251Z
71338858,2026-05-12 17:30,AL Wahda FC,Khorfakkan,United Arab Emirates - U23 Pro League,Bet365,Half Time Result,1,,,,,2.250,,,1,"{""label"": ""1"", ""hdp"": 1, ""under"": ""2.250""}",2026-05-12T09:10:03.065Z
71338858,2026-05-12 17:30,AL Wahda FC,Khorfakkan,United Arab Emirates - U23 Pro League,Bet365,Half Time Result,Draw,,,,,2.500,,,,"{""label"": ""Draw"", ""under"": ""2.500""}",2026-05-12T09:10:03.065Z
71338858,2026-05-12 17:30,AL Wahda FC,Khorfakkan,United Arab Emirates - U23 Pro League,Bet365,Half Time Result,2,,,,,3.750,,,2,"{""label"": ""2"", ""hdp"": 2, ""under"": ""3.750""}",2026-05-12T09:10:03.065Z
71338858,2026-05-12 17:30,AL Wahda FC,Khorfakkan,United Arab Emirates - U23 Pro League,Bet365,Corners 2-Way,,,,,1.800,1.909,,,9.5,"{""hdp"": 9.5, ""over"": ""1.800"", ""under"": ""1.909""}",2026-05-11T19:07:29.666Z
71338858,2026-05-12 17:30,AL Wahda FC,Khorfakkan,United Arab Emirates - U23 Pro League,Bet365,Corners,,,,,2.250,1.909,,,10,"{""hdp"": 10, ""over"": ""2.250"", ""under"": ""1.909""}",2026-05-11T18:55:59.896Z
71338858,2026-05-12 17:30,AL Wahda FC,Khorfakkan,United Arab Emirates - U23 Pro League,Bet365,Alternative Goal Line,,,,,1.150,5.500,,,1.5,"{""hdp"": 1.5, ""over"": ""1.150"", ""under"": ""5.500""}",2026-05-12T10:56:07.275Z
71338858,2026-05-12 17:30,AL Wahda FC,Khorfakkan,United Arab Emirates - U23 Pro League,Bet365,Alternative Goal Line,,,,,1.175,4.800,,,1.75,"{""hdp"": 1.75, ""over"": ""1.175"", ""under"": ""4.800""}",2026-05-12T10:56:07.275Z
71338858,2026-05-12 17:30,AL Wahda FC,Khorfakkan,United Arab Emirates - U23 Pro League,Bet365,Alternative Goal Line,,,,,1.200,4.400,,,2,"{""hdp"": 2, ""over"": ""1.200"", ""under"": ""4.400""}",2026-05-12T10:56:07.275Z
71338858,2026-05-12 17:30,AL Wahda FC,Khorfakkan,United Arab Emirates - U23 Pro League,Bet365,Alternative Goal Line,,,,,1.350,3.100,,,2.25,"{""hdp"": 2.25, ""over"": ""1.350"", ""under"": ""3.100""}",2026-05-12T10:56:07.275Z
71338858,2026-05-12 17:30,AL Wahda FC,Khorfakkan,United Arab Emirates - U23 Pro League,Bet365,Alternative Goal Line,,,,,1.500,2.500,,,2.5,"{""hdp"": 2.5, ""over"": ""1.500"", ""under"": ""2.500""}",2026-05-12T10:56:07.275Z
71338858,2026-05-12 17:30,AL Wahda FC,Khorfakkan,United Arab Emirates - U23 Pro League,Bet365,Alternative Goal Line,,,,,1.600,2.300,,,2.75,"{""hdp"": 2.75, ""over"": ""1.600"", ""under"": ""2.300""}",2026-05-12T10:56:07.275Z
71338858,2026-05-12 17:30,AL Wahda FC,Khorfakkan,United Arab Emirates - U23 Pro League,Bet365,Alternative Goal Line,,,,,1.750,2.050,,,3,"{""hdp"": 3, ""over"": ""1.750"", ""under"": ""2.050""}",2026-05-12T10:56:07.275Z
71338858,2026-05-12 17:30,AL Wahda FC,Khorfakkan,United Arab Emirates - U23 Pro League,Bet365,Alternative Goal Line,,,,,2.150,1.675,,,3.5,"{""hdp"": 3.5, ""over"": ""2.150"", ""under"": ""1.675""}",2026-05-12T10:56:07.275Z
71338858,2026-05-12 17:30,AL Wahda FC,Khorfakkan,United Arab Emirates - U23 Pro League,Bet365,Alternative Goal Line,,,,,2.425,1.525,,,3.75,"{""hdp"": 3.75, ""over"": ""2.425"", ""under"": ""1.525""}",2026-05-12T10:56:07.275Z
71338858,2026-05-12 17:30,AL Wahda FC,Khorfakkan,United Arab Emirates - U23 Pro League,Bet365,Alternative Goal Line,,,,,3.000,1.375,,,4,"{""hdp"": 4, ""over"": ""3.000"", ""under"": ""1.375""}",2026-05-12T10:56:07.275Z
71338858,2026-05-12 17:30,AL Wahda FC,Khorfakkan,United Arab Emirates - U23 Pro League,Bet365,Alternative Goal Line,,,,,3.300,1.325,,,4.25,"{""hdp"": 4.25, ""over"": ""3.300"", ""under"": ""1.325""}",2026-05-12T10:56:07.275Z
71338858,2026-05-12 17:30,AL Wahda FC,Khorfakkan,United Arab Emirates - U23 Pro League,Bet365,Alternative Goal Line,,,,,3.550,1.275,,,4.5,"{""hdp"": 4.5, ""over"": ""3.550"", ""under"": ""1.275""}",2026-05-12T10:56:07.275Z
71338858,2026-05-12 17:30,AL Wahda FC,Khorfakkan,United Arab Emirates - U23 Pro League,Bet365,Alternative Goal Line,,,,,4.250,1.210,,,4.75,"{""hdp"": 4.75, ""over"": ""4.250"", ""under"": ""1.210""}",2026-05-12T10:56:07.275Z
71338858,2026-05-12 17:30,AL Wahda FC,Khorfakkan,United Arab Emirates - U23 Pro League,Bet365,Alternative Goal Line,,,,,5.750,1.140,,,5,"{""hdp"": 5, ""over"": ""5.750"", ""under"": ""1.140""}",2026-05-12T10:56:07.275Z
71338858,2026-05-12 17:30,AL Wahda FC,Khorfakkan,United Arab Emirates - U23 Pro League,Bet365,Alternative Goal Line,,,,,5.900,1.130,,,5.25,"{""hdp"": 5.25, ""over"": ""5.900"", ""under"": ""1.130""}",2026-05-12T10:56:07.275Z
71338858,2026-05-12 17:30,AL Wahda FC,Khorfakkan,United Arab Emirates - U23 Pro League,Bet365,Correct Score,1-0,,,,,,,,,"{""label"": ""1-0"", ""odds"": ""11.000""}",2026-05-12T10:27:29.313Z
71338858,2026-05-12 17:30,AL Wahda FC,Khorfakkan,United Arab Emirates - U23 Pro League,Bet365,Correct Score,1-1,,,,,,,,,"{""label"": ""1-1"", ""odds"": ""8.000""}",2026-05-12T10:27:29.313Z
71338858,2026-05-12 17:30,AL Wahda FC,Khorfakkan,United Arab Emirates - U23 Pro League,Bet365,Correct Score,2-0,,,,,,,,,"{""label"": ""2-0"", ""odds"": ""11.000""}",2026-05-12T10:27:29.313Z
71338858,2026-05-12 17:30,AL Wahda FC,Khorfakkan,United Arab Emirates - U23 Pro League,Bet365,Correct Score,2-1,,,,,,,,,"{""label"": ""2-1"", ""odds"": ""10.000""}",2026-05-12T10:27:29.313Z
71338858,2026-05-12 17:30,AL Wahda FC,Khorfakkan,United Arab Emirates - U23 Pro League,Bet365,Correct Score,2-2,,,,,,,,,"{""label"": ""2-2"", ""odds"": ""13.000""}",2026-05-12T10:27:29.313Z
71338858,2026-05-12 17:30,AL Wahda FC,Khorfakkan,United Arab Emirates - U23 Pro League,Bet365,Correct Score,3-0,,,,,,,,,"{""label"": ""3-0"", ""odds"": ""15.000""}",2026-05-12T10:27:29.313Z
71338858,2026-05-12 17:30,AL Wahda FC,Khorfakkan,United Arab Emirates - U23 Pro League,Bet365,Correct Score,3-2,,,,,,,,,"{""label"": ""3-2"", ""odds"": ""21.000""}",2026-05-12T10:27:29.313Z
71338858,2026-05-12 17:30,AL Wahda FC,Khorfakkan,United Arab Emirates - U23 Pro League,Bet365,Correct Score,3-3,,,,,,,,,"{""label"": ""3-3"", ""odds"": ""34.000""}",2026-05-12T10:27:29.313Z
71338858,2026-05-12 17:30,AL Wahda FC,Khorfakkan,United Arab Emirates - U23 Pro League,Bet365,Correct Score,4-1,,,,,,,,,"{""label"": ""4-1"", ""odds"": ""23.000""}",2026-05-12T10:27:29.313Z
71338858,2026-05-12 17:30,AL Wahda FC,Khorfakkan,United Arab Emirates - U23 Pro League,Bet365,Correct Score,5-0,,,,,,,,,"{""label"": ""5-0"", ""odds"": ""41.000""}",2026-05-12T10:27:29.313Z
71338858,2026-05-12 17:30,AL Wahda FC,Khorfakkan,United Arab Emirates - U23 Pro League,Bet365,Correct Score,5-1,,,,,,,,,"{""label"": ""5-1"", ""odds"": ""41.000""}",2026-05-12T10:27:29.313Z
71338858,2026-05-12 17:30,AL Wahda FC,Khorfakkan,United Arab Emirates - U23 Pro League,Bet365,Correct Score,6-0,,,,,,,,,"{""label"": ""6-0"", ""odds"": ""67.000""}",2026-05-12T10:27:29.313Z
71338858,2026-05-12 17:30,AL Wahda FC,Khorfakkan,United Arab Emirates - U23 Pro League,Bet365,Correct Score,6-1,,,,,,,,,"{""label"": ""6-1"", ""odds"": ""67.000""}",2026-05-12T10:27:29.313Z
71338858,2026-05-12 17:30,AL Wahda FC,Khorfakkan,United Arab Emirates - U23 Pro League,Bet365,Correct Score,0-0,,,,,,,,,"{""label"": ""0-0"", ""odds"": ""17.000""}",2026-05-12T10:27:29.313Z
71338858,2026-05-12 17:30,AL Wahda FC,Khorfakkan,United Arab Emirates - U23 Pro League,Bet365,Correct Score,3-1,,,,,,,,,"{""label"": ""3-1"", ""odds"": ""13.000""}",2026-05-12T10:27:29.313Z
71338858,2026-05-12 17:30,AL Wahda FC,Khorfakkan,United Arab Emirates - U23 Pro League,Bet365,Correct Score,4-0,,,,,,,,,"{""label"": ""4-0"", ""odds"": ""23.000""}",2026-05-12T10:27:29.313Z
71338858,2026-05-12 17:30,AL Wahda FC,Khorfakkan,United Arab Emirates - U23 Pro League,Bet365,Correct Score,4-2,,,,,,,,,"{""label"": ""4-2"", ""odds"": ""34.000""}",2026-05-12T10:27:29.313Z
71338858,2026-05-12 17:30,AL Wahda FC,Khorfakkan,United Arab Emirates - U23 Pro League,Bet365,Correct Score,4-3,,,,,,,,,"{""label"": ""4-3"", ""odds"": ""51.000""}",2026-05-12T10:27:29.313Z
71338858,2026-05-12 17:30,AL Wahda FC,Khorfakkan,United Arab Emirates - U23 Pro League,Bet365,Correct Score,5-2,,,,,,,,,"{""label"": ""5-2"", ""odds"": ""51.000""}",2026-05-12T10:27:29.313Z
71085580,2026-05-12 17:30,FC Zlin,FK Teplice,Czechia - 1. Liga,Bet365,ML,,2.450,3.000,2.750,,,,,,"{""home"": ""2.450"", ""draw"": ""3.000"", ""away"": ""2.750""}",2026-05-12T06:17:48.63Z
71085580,2026-05-12 17:30,FC Zlin,FK Teplice,Czechia - 1. Liga,Bet365,Draw No Bet,,1.727,,2.000,,,,,,"{""home"": ""1.727"", ""away"": ""2.000""}",2026-05-12T07:02:33.238Z
71085580,2026-05-12 17:30,FC Zlin,FK Teplice,Czechia - 1. Liga,Bet365,Double Chance,FC Zlin or Draw,,,,,1.363,,,,"{""label"": ""FC Zlin or Draw"", ""under"": ""1.363""}",2026-05-12T06:12:55.052Z
71085580,2026-05-12 17:30,FC Zlin,FK Teplice,Czechia - 1. Liga,Bet365,Double Chance,Draw or FK Teplice,,,,,1.500,,,,"{""label"": ""Draw or FK Teplice"", ""under"": ""1.500""}",2026-05-12T06:12:55.052Z
71085580,2026-05-12 17:30,FC Zlin,FK Teplice,Czechia - 1. Liga,Bet365,Double Chance,FC Zlin or FK Teplice,,,,,1.333,,,,"{""label"": ""FC Zlin or FK Teplice"", ""under"": ""1.333""}",2026-05-12T06:12:55.052Z
71085580,2026-05-12 17:30,FC Zlin,FK Teplice,Czechia - 1. Liga,Bet365,Spread,,1.800,,N/A,,,,,0,"{""hdp"": 0, ""home"": ""1.800"", ""away"": ""N/A""}",2026-05-12T06:17:48.63Z
71085580,2026-05-12 17:30,FC Zlin,FK Teplice,Czechia - 1. Liga,Bet365,Totals,,,,,1.775,2.025,,,2,"{""hdp"": 2, ""over"": ""1.775"", ""under"": ""2.025""}",2026-05-12T09:41:51.561Z
71085580,2026-05-12 17:30,FC Zlin,FK Teplice,Czechia - 1. Liga,Bet365,Goals Over/Under,,,,,2.350,1.571,,,2.5,"{""hdp"": 2.5, ""over"": ""2.350"", ""under"": ""1.571""}",2026-05-12T09:11:54.886Z
71085580,2026-05-12 17:30,FC Zlin,FK Teplice,Czechia - 1. Liga,Bet365,Both Teams To Score,,,,,,,2.000,1.750,,"{""yes"": ""2.000"", ""no"": ""1.750""}",2026-05-12T09:11:54.886Z
71085580,2026-05-12 17:30,FC Zlin,FK Teplice,Czechia - 1. Liga,Bet365,Spread HT,,1.825,,1.975,,,,,0,"{""hdp"": 0, ""home"": ""1.825"", ""away"": ""1.975""}",2026-05-12T08:52:37.361Z
71085580,2026-05-12 17:30,FC Zlin,FK Teplice,Czechia - 1. Liga,Bet365,Totals HT,,,,,1.750,2.050,,,0.75,"{""hdp"": 0.75, ""over"": ""1.750"", ""under"": ""2.050""}",2026-05-12T09:59:43.187Z
71085580,2026-05-12 17:30,FC Zlin,FK Teplice,Czechia - 1. Liga,Bet365,European Handicap,,34.000,,,,,,,-3,"{""hdp"": -3, ""home"": ""34.000""}",2026-05-12T10:56:39.888Z
71085580,2026-05-12 17:30,FC Zlin,FK Teplice,Czechia - 1. Liga,Bet365,European Handicap,,13.000,9.000,17.000,,,,,-2,"{""hdp"": -2, ""home"": ""13.000"", ""draw"": ""9.000"", ""away"": ""17.000""}",2026-05-12T10:56:39.888Z
71085580,2026-05-12 17:30,FC Zlin,FK Teplice,Czechia - 1. Liga,Bet365,European Handicap,,1.363,,,,,,,1,"{""hdp"": 1, ""home"": ""1.363""}",2026-05-12T10:56:39.888Z
71085580,2026-05-12 17:30,FC Zlin,FK Teplice,Czechia - 1. Liga,Bet365,European Handicap,,1.100,7.500,1.125,,,,,2,"{""hdp"": 2, ""home"": ""1.100"", ""draw"": ""7.500"", ""away"": ""1.125""}",2026-05-12T10:56:39.888Z
71085580,2026-05-12 17:30,FC Zlin,FK Teplice,Czechia - 1. Liga,Bet365,European Handicap,,,4.333,6.500,,,,,-1,"{""hdp"": -1, ""draw"": ""4.333"", ""away"": ""6.500""}",2026-05-12T10:56:39.888Z
71085580,2026-05-12 17:30,FC Zlin,FK Teplice,Czechia - 1. Liga,Bet365,Corners Spread,,1.850,,1.950,,,,,0,"{""hdp"": 0, ""home"": ""1.850"", ""away"": ""1.950""}",2026-05-11T20:11:22.769Z
71085580,2026-05-12 17:30,FC Zlin,FK Teplice,Czechia - 1. Liga,Bet365,Corners Totals,,,,,2.000,1.800,,,9.5,"{""hdp"": 9.5, ""over"": ""2.000"", ""under"": ""1.800""}",2026-05-10T17:26:07.624Z
71085580,2026-05-12 17:30,FC Zlin,FK Teplice,Czechia - 1. Liga,Bet365,Corners Totals HT,,,,,2.075,1.725,,,4.5,"{""hdp"": 4.5, ""over"": ""2.075"", ""under"": ""1.725""}",2026-05-10T18:45:53.675Z
71085580,2026-05-12 17:30,FC Zlin,FK Teplice,Czechia - 1. Liga,Bet365,Corner Handicap,1 (-1),2.500,,,,,,,-1,"{""label"": ""1 (-1)"", ""hdp"": -1, ""home"": ""2.500""}",2026-05-11T19:36:55.141Z
71085580,2026-05-12 17:30,FC Zlin,FK Teplice,Czechia - 1. Liga,Bet365,Corner Handicap,Tie (1),,,1.727,,,,,1,"{""label"": ""Tie (1)"", ""hdp"": 1, ""away"": ""1.727""}",2026-05-11T19:36:55.141Z
71085580,2026-05-12 17:30,FC Zlin,FK Teplice,Czechia - 1. Liga,Bet365,Both Teams To Score HT,,,,,,,6.000,1.125,,"{""yes"": ""6.000"", ""no"": ""1.125""}",2026-05-12T06:11:45.799Z
71085580,2026-05-12 17:30,FC Zlin,FK Teplice,Czechia - 1. Liga,Bet365,Team Corners Home,,,,,1.833,1.833,,,4.5,"{""hdp"": 4.5, ""over"": ""1.833"", ""under"": ""1.833""}",2026-05-11T18:57:05.106Z
71085580,2026-05-12 17:30,FC Zlin,FK Teplice,Czechia - 1. Liga,Bet365,Number of Goals In Match,Under 2 goals,,,,,2.625,,,,"{""label"": ""Under 2 goals"", ""under"": ""2.625""}",2026-05-12T08:59:57.161Z
71085580,2026-05-12 17:30,FC Zlin,FK Teplice,Czechia - 1. Liga,Bet365,Number of Goals In Match,2 or 3 goals,,,,,1.952,,,,"{""label"": ""2 or 3 goals"", ""under"": ""1.952""}",2026-05-12T08:59:57.161Z
71085580,2026-05-12 17:30,FC Zlin,FK Teplice,Czechia - 1. Liga,Bet365,Number of Goals In Match,Over 3 goals,,,,4.500,,,,,"{""label"": ""Over 3 goals"", ""over"": ""4.500""}",2026-05-12T08:59:57.161Z
71085580,2026-05-12 17:30,FC Zlin,FK Teplice,Czechia - 1. Liga,Bet365,Corners,,,,,1.909,2.250,,,9,"{""hdp"": 9, ""over"": ""1.909"", ""under"": ""2.250""}",2026-05-10T18:21:27.106Z
71085580,2026-05-12 17:30,FC Zlin,FK Teplice,Czechia - 1. Liga,Bet365,Exact Total Goals,1 Goal,,,,,3.750,,,,"{""label"": ""1 Goal"", ""under"": ""3.750""}",2026-05-12T08:23:31.275Z
71085580,2026-05-12 17:30,FC Zlin,FK Teplice,Czechia - 1. Liga,Bet365,Exact Total Goals,2 Goals,,,,,3.400,,,,"{""label"": ""2 Goals"", ""under"": ""3.400""}",2026-05-12T08:23:31.275Z
71085580,2026-05-12 17:30,FC Zlin,FK Teplice,Czechia - 1. Liga,Bet365,Exact Total Goals,4 Goals,,,,,7.500,,,,"{""label"": ""4 Goals"", ""under"": ""7.500""}",2026-05-12T08:23:31.275Z
71085580,2026-05-12 17:30,FC Zlin,FK Teplice,Czechia - 1. Liga,Bet365,Exact Total Goals,6 Goals,,,,,34.000,,,,"{""label"": ""6 Goals"", ""under"": ""34.000""}",2026-05-12T08:23:31.275Z
71085580,2026-05-12 17:30,FC Zlin,FK Teplice,Czechia - 1. Liga,Bet365,Exact Total Goals,7+ Goals,,,,,51.000,,,,"{""label"": ""7+ Goals"", ""under"": ""51.000""}",2026-05-12T08:23:31.275Z
71085580,2026-05-12 17:30,FC Zlin,FK Teplice,Czechia - 1. Liga,Bet365,Exact Total Goals,0 Goals,,,,,7.000,,,,"{""label"": ""0 Goals"", ""under"": ""7.000""}",2026-05-12T08:23:31.275Z
71085580,2026-05-12 17:30,FC Zlin,FK Teplice,Czechia - 1. Liga,Bet365,Exact Total Goals,3 Goals,,,,,4.500,,,,"{""label"": ""3 Goals"", ""under"": ""4.500""}",2026-05-12T08:23:31.275Z
71085580,2026-05-12 17:30,FC Zlin,FK Teplice,Czechia - 1. Liga,Bet365,Exact Total Goals,5 Goals,,,,,17.000,,,,"{""label"": ""5 Goals"", ""under"": ""17.000""}",2026-05-12T08:23:31.275Z
71085580,2026-05-12 17:30,FC Zlin,FK Teplice,Czechia - 1. Liga,Bet365,Team Corners Away,,,,,1.909,1.800,,,4.5,"{""hdp"": 4.5, ""over"": ""1.909"", ""under"": ""1.800""}",2026-05-11T18:57:05.106Z
71085580,2026-05-12 17:30,FC Zlin,FK Teplice,Czechia - 1. Liga,Bet365,Team Total Goals Home,,,,,8.000,1.083,,,2.5,"{""hdp"": 2.5, ""over"": ""8.000"", ""under"": ""1.083""}",2026-05-12T09:59:43.187Z
71085580,2026-05-12 17:30,FC Zlin,FK Teplice,Czechia - 1. Liga,Bet365,Team Total Goals Home,,,,,1.363,3.000,,,0.5,"{""hdp"": 0.5, ""over"": ""1.363"", ""under"": ""3.000""}",2026-05-12T09:59:43.187Z
71085580,2026-05-12 17:30,FC Zlin,FK Teplice,Czechia - 1. Liga,Bet365,Team Total Goals Home,,,,,2.750,1.400,,,1.5,"{""hdp"": 1.5, ""over"": ""2.750"", ""under"": ""1.400""}",2026-05-12T09:59:43.187Z
71085580,2026-05-12 17:30,FC Zlin,FK Teplice,Czechia - 1. Liga,Bet365,Team Total Goals Home,,,,,21.000,1.015,,,3.5,"{""hdp"": 3.5, ""over"": ""21.000"", ""under"": ""1.015""}",2026-05-12T09:59:43.187Z
71085580,2026-05-12 17:30,FC Zlin,FK Teplice,Czechia - 1. Liga,Bet365,Team Total Goals Home,,,,,51.000,1.002,,,4.5,"{""hdp"": 4.5, ""over"": ""51.000"", ""under"": ""1.002""}",2026-05-12T09:59:43.187Z
71085580,2026-05-12 17:30,FC Zlin,FK Teplice,Czechia - 1. Liga,Bet365,Half Time Result,1,,,,,3.250,,,1,"{""label"": ""1"", ""hdp"": 1, ""under"": ""3.250""}",2026-05-12T09:26:19.392Z
71085580,2026-05-12 17:30,FC Zlin,FK Teplice,Czechia - 1. Liga,Bet365,Half Time Result,Draw,,,,,2.000,,,,"{""label"": ""Draw"", ""under"": ""2.000""}",2026-05-12T09:26:19.392Z
71085580,2026-05-12 17:30,FC Zlin,FK Teplice,Czechia - 1. Liga,Bet365,Half Time Result,2,,,,,3.600,,,2,"{""label"": ""2"", ""hdp"": 2, ""under"": ""3.600""}",2026-05-12T09:26:19.392Z
71085580,2026-05-12 17:30,FC Zlin,FK Teplice,Czechia - 1. Liga,Bet365,First 10 Minutes (00:00 - 09:59),Corners (Over) (0.5),,,,1.615,2.200,,,0.5,"{""label"": ""Corners (Over) (0.5)"", ""hdp"": 0.5, ""over"": ""1.615"", ""under"": ""2.200""}",2026-05-10T18:33:49.585Z
71085580,2026-05-12 17:30,FC Zlin,FK Teplice,Czechia - 1. Liga,Bet365,Alternative Total Goals,,,,,1.083,8.000,,,0.5,"{""hdp"": 0.5, ""over"": ""1.083"", ""under"": ""8.000""}",2026-05-12T09:11:54.886Z
71085580,2026-05-12 17:30,FC Zlin,FK Teplice,Czechia - 1. Liga,Bet365,Alternative Total Goals,,,,,4.500,1.181,,,3.5,"{""hdp"": 3.5, ""over"": ""4.500"", ""under"": ""1.181""}",2026-05-12T09:11:54.886Z
71085580,2026-05-12 17:30,FC Zlin,FK Teplice,Czechia - 1. Liga,Bet365,Alternative Total Goals,,,,,23.000,1.012,,,5.5,"{""hdp"": 5.5, ""over"": ""23.000"", ""under"": ""1.012""}",2026-05-12T09:11:54.886Z
71085580,2026-05-12 17:30,FC Zlin,FK Teplice,Czechia - 1. Liga,Bet365,Alternative Total Goals,,,,,1.444,2.625,,,1.5,"{""hdp"": 1.5, ""over"": ""1.444"", ""under"": ""2.625""}",2026-05-12T09:11:54.886Z
71085580,2026-05-12 17:30,FC Zlin,FK Teplice,Czechia - 1. Liga,Bet365,Alternative Total Goals,,,,,11.000,1.050,,,4.5,"{""hdp"": 4.5, ""over"": ""11.000"", ""under"": ""1.050""}",2026-05-12T09:11:54.886Z
71085580,2026-05-12 17:30,FC Zlin,FK Teplice,Czechia - 1. Liga,Bet365,Alternative Total Goals,,,,,51.000,1.002,,,6.5,"{""hdp"": 6.5, ""over"": ""51.000"", ""under"": ""1.002""}",2026-05-12T09:11:54.886Z
71085580,2026-05-12 17:30,FC Zlin,FK Teplice,Czechia - 1. Liga,Bet365,Specials,To Win From Behind (1),4.500,,,,,,,1,"{""label"": ""To Win From Behind (1)"", ""hdp"": 1, ""home"": ""4.500""}",2026-05-12T08:59:57.161Z
71085580,2026-05-12 17:30,FC Zlin,FK Teplice,Czechia - 1. Liga,Bet365,Specials,To Win From Behind (2),,,5.000,,,,,2,"{""label"": ""To Win From Behind (2)"", ""hdp"": 2, ""away"": ""5.000""}",2026-05-12T08:59:57.161Z
71085580,2026-05-12 17:30,FC Zlin,FK Teplice,Czechia - 1. Liga,Bet365,Correct Score,2-0,,,,,,,,,"{""label"": ""2-0"", ""odds"": ""11.000""}",2026-05-12T09:04:43.994Z
71085580,2026-05-12 17:30,FC Zlin,FK Teplice,Czechia - 1. Liga,Bet365,Correct Score,3-0,,,,,,,,,"{""label"": ""3-0"", ""odds"": ""26.000""}",2026-05-12T09:04:43.994Z
71085580,2026-05-12 17:30,FC Zlin,FK Teplice,Czechia - 1. Liga,Bet365,Correct Score,4-0,,,,,,,,,"{""label"": ""4-0"", ""odds"": ""51.000""}",2026-05-12T09:04:43.994Z
71085580,2026-05-12 17:30,FC Zlin,FK Teplice,Czechia - 1. Liga,Bet365,Correct Score,5-0,,,,,,,,,"{""label"": ""5-0"", ""odds"": ""151.000""}",2026-05-12T09:04:43.994Z
71085580,2026-05-12 17:30,FC Zlin,FK Teplice,Czechia - 1. Liga,Bet365,Correct Score,5-1,,,,,,,,,"{""label"": ""5-1"", ""odds"": ""151.000""}",2026-05-12T09:04:43.994Z
71085580,2026-05-12 17:30,FC Zlin,FK Teplice,Czechia - 1. Liga,Bet365,Correct Score,5-2,,,,,,,,,"{""label"": ""5-2"", ""odds"": ""251.000""}",2026-05-12T09:04:43.994Z
71085580,2026-05-12 17:30,FC Zlin,FK Teplice,Czechia - 1. Liga,Bet365,Correct Score,0-0,,,,,,,,,"{""label"": ""0-0"", ""odds"": ""7.000""}",2026-05-12T09:04:43.994Z
71085580,2026-05-12 17:30,FC Zlin,FK Teplice,Czechia - 1. Liga,Bet365,Correct Score,1-0,,,,,,,,,"{""label"": ""1-0"", ""odds"": ""7.000""}",2026-05-12T09:04:43.994Z
71085580,2026-05-12 17:30,FC Zlin,FK Teplice,Czechia - 1. Liga,Bet365,Correct Score,2-1,,,,,,,,,"{""label"": ""2-1"", ""odds"": ""10.000""}",2026-05-12T09:04:43.994Z
71085580,2026-05-12 17:30,FC Zlin,FK Teplice,Czechia - 1. Liga,Bet365,Correct Score,2-2,,,,,,,,,"{""label"": ""2-2"", ""odds"": ""17.000""}",2026-05-12T09:04:43.994Z
71085580,2026-05-12 17:30,FC Zlin,FK Teplice,Czechia - 1. Liga,Bet365,Correct Score,3-1,,,,,,,,,"{""label"": ""3-1"", ""odds"": ""23.000""}",2026-05-12T09:04:43.994Z
71085580,2026-05-12 17:30,FC Zlin,FK Teplice,Czechia - 1. Liga,Bet365,Correct Score,4-3,,,,,,,,,"{""label"": ""4-3"", ""odds"": ""151.000""}",2026-05-12T09:04:43.994Z
71085580,2026-05-12 17:30,FC Zlin,FK Teplice,Czechia - 1. Liga,Bet365,Correct Score,4-4,,,,,,,,,"{""label"": ""4-4"", ""odds"": ""451.000""}",2026-05-12T09:04:43.994Z
71085580,2026-05-12 17:30,FC Zlin,FK Teplice,Czechia - 1. Liga,Bet365,Correct Score,5-3,,,,,,,,,"{""label"": ""5-3"", ""odds"": ""501.000""}",2026-05-12T09:04:43.994Z
71085580,2026-05-12 17:30,FC Zlin,FK Teplice,Czechia - 1. Liga,Bet365,Correct Score,6-1,,,,,,,,,"{""label"": ""6-1"", ""odds"": ""501.000""}",2026-05-12T09:04:43.994Z
71085580,2026-05-12 17:30,FC Zlin,FK Teplice,Czechia - 1. Liga,Bet365,Correct Score,1-1,,,,,,,,,"{""label"": ""1-1"", ""odds"": ""6.000""}",2026-05-12T09:04:43.994Z
71085580,2026-05-12 17:30,FC Zlin,FK Teplice,Czechia - 1. Liga,Bet365,Correct Score,3-2,,,,,,,,,"{""label"": ""3-2"", ""odds"": ""41.000""}",2026-05-12T09:04:43.994Z
71085580,2026-05-12 17:30,FC Zlin,FK Teplice,Czechia - 1. Liga,Bet365,Correct Score,3-3,,,,,,,,,"{""label"": ""3-3"", ""odds"": ""67.000""}",2026-05-12T09:04:43.994Z
71085580,2026-05-12 17:30,FC Zlin,FK Teplice,Czechia - 1. Liga,Bet365,Correct Score,4-1,,,,,,,,,"{""label"": ""4-1"", ""odds"": ""51.000""}",2026-05-12T09:04:43.994Z
71085580,2026-05-12 17:30,FC Zlin,FK Teplice,Czechia - 1. Liga,Bet365,Correct Score,4-2,,,,,,,,,"{""label"": ""4-2"", ""odds"": ""81.000""}",2026-05-12T09:04:43.994Z
71085580,2026-05-12 17:30,FC Zlin,FK Teplice,Czechia - 1. Liga,Bet365,Alternative Asian Handicap,,2.150,,2.375,,,,,-0.25,"{""hdp"": -0.25, ""home"": ""2.150"", ""away"": ""2.375""}",2026-05-12T08:22:32.685Z
71085580,2026-05-12 17:30,FC Zlin,FK Teplice,Czechia - 1. Liga,Bet365,Alternative Asian Handicap,,1.550,,1.675,,,,,0.25,"{""hdp"": 0.25, ""home"": ""1.550"", ""away"": ""1.675""}",2026-05-12T08:22:32.685Z
71085580,2026-05-12 17:30,FC Zlin,FK Teplice,Czechia - 1. Liga,Bet365,Alternative Asian Handicap,,5.750,,6.400,,,,,-1.5,"{""hdp"": -1.5, ""home"": ""5.750"", ""away"": ""6.400""}",2026-05-12T08:22:32.685Z
71085580,2026-05-12 17:30,FC Zlin,FK Teplice,Czechia - 1. Liga,Bet365,Alternative Asian Handicap,,5.000,,5.900,,,,,-1.25,"{""hdp"": -1.25, ""home"": ""5.000"", ""away"": ""5.900""}",2026-05-12T08:22:32.685Z
71085580,2026-05-12 17:30,FC Zlin,FK Teplice,Czechia - 1. Liga,Bet365,Alternative Asian Handicap,,4.400,,5.250,,,,,-1,"{""hdp"": -1, ""home"": ""4.400"", ""away"": ""5.250""}",2026-05-12T08:22:32.685Z
71085580,2026-05-12 17:30,FC Zlin,FK Teplice,Czechia - 1. Liga,Bet365,Alternative Asian Handicap,,3.100,,3.450,,,,,-0.75,"{""hdp"": -0.75, ""home"": ""3.100"", ""away"": ""3.450""}",2026-05-12T08:22:32.685Z
71085580,2026-05-12 17:30,FC Zlin,FK Teplice,Czechia - 1. Liga,Bet365,Alternative Asian Handicap,,2.500,,2.750,,,,,-0.5,"{""hdp"": -0.5, ""home"": ""2.500"", ""away"": ""2.750""}",2026-05-12T08:22:32.685Z
71085580,2026-05-12 17:30,FC Zlin,FK Teplice,Czechia - 1. Liga,Bet365,Alternative Asian Handicap,,1.425,,1.500,,,,,0.5,"{""hdp"": 0.5, ""home"": ""1.425"", ""away"": ""1.500""}",2026-05-12T08:22:32.685Z
71085580,2026-05-12 17:30,FC Zlin,FK Teplice,Czechia - 1. Liga,Bet365,Alternative Asian Handicap,,1.300,,1.350,,,,,0.75,"{""hdp"": 0.75, ""home"": ""1.300"", ""away"": ""1.350""}",2026-05-12T08:22:32.685Z
71085580,2026-05-12 17:30,FC Zlin,FK Teplice,Czechia - 1. Liga,Bet365,Alternative Asian Handicap,,1.160,,1.200,,,,,1,"{""hdp"": 1, ""home"": ""1.160"", ""away"": ""1.200""}",2026-05-12T08:22:32.685Z
71085580,2026-05-12 17:30,FC Zlin,FK Teplice,Czechia - 1. Liga,Bet365,Alternative Asian Handicap,,1.130,,1.170,,,,,1.25,"{""hdp"": 1.25, ""home"": ""1.130"", ""away"": ""1.170""}",2026-05-12T08:22:32.685Z
71085580,2026-05-12 17:30,FC Zlin,FK Teplice,Czechia - 1. Liga,Bet365,Alternative Asian Handicap,,1.115,,1.140,,,,,1.5,"{""hdp"": 1.5, ""home"": ""1.115"", ""away"": ""1.140""}",2026-05-12T08:22:32.685Z
71085580,2026-05-12 17:30,FC Zlin,FK Teplice,Czechia - 1. Liga,Bet365,Team Total Goals Away,,,,,3.250,1.333,,,1.5,"{""hdp"": 1.5, ""over"": ""3.250"", ""under"": ""1.333""}",2026-05-12T09:59:43.187Z
71085580,2026-05-12 17:30,FC Zlin,FK Teplice,Czechia - 1. Liga,Bet365,Team Total Goals Away,,,,,9.000,1.071,,,2.5,"{""hdp"": 2.5, ""over"": ""9.000"", ""under"": ""1.071""}",2026-05-12T09:59:43.187Z
71085580,2026-05-12 17:30,FC Zlin,FK Teplice,Czechia - 1. Liga,Bet365,Team Total Goals Away,,,,,1.444,2.625,,,0.5,"{""hdp"": 0.5, ""over"": ""1.444"", ""under"": ""2.625""}",2026-05-12T09:59:43.187Z
71085580,2026-05-12 17:30,FC Zlin,FK Teplice,Czechia - 1. Liga,Bet365,Team Total Goals Away,,,,,26.000,1.010,,,3.5,"{""hdp"": 3.5, ""over"": ""26.000"", ""under"": ""1.010""}",2026-05-12T09:59:43.187Z
71085580,2026-05-12 17:30,FC Zlin,FK Teplice,Czechia - 1. Liga,Bet365,1st Half Handicap,1 (-1),12.000,,,,,,,-1,"{""label"": ""1 (-1)"", ""hdp"": -1, ""home"": ""12.000""}",2026-05-12T09:26:19.392Z
71085580,2026-05-12 17:30,FC Zlin,FK Teplice,Czechia - 1. Liga,Bet365,1st Half Handicap,Tie (1),,,1.333,,,,,1,"{""label"": ""Tie (1)"", ""hdp"": 1, ""away"": ""1.333""}",2026-05-12T09:26:19.392Z
71085580,2026-05-12 17:30,FC Zlin,FK Teplice,Czechia - 1. Liga,Bet365,Alternative Goal Line,,,,,1.105,6.800,,,0.75,"{""hdp"": 0.75, ""over"": ""1.105"", ""under"": ""6.800""}",2026-05-12T10:13:12.385Z
71085580,2026-05-12 17:30,FC Zlin,FK Teplice,Czechia - 1. Liga,Bet365,Alternative Goal Line,,,,,1.275,3.550,,,1.25,"{""hdp"": 1.25, ""over"": ""1.275"", ""under"": ""3.550""}",2026-05-12T10:13:12.385Z
71085580,2026-05-12 17:30,FC Zlin,FK Teplice,Czechia - 1. Liga,Bet365,Alternative Goal Line,,,,,5.900,1.130,,,3.75,"{""hdp"": 3.75, ""over"": ""5.900"", ""under"": ""1.130""}",2026-05-12T10:13:12.385Z
71085580,2026-05-12 17:30,FC Zlin,FK Teplice,Czechia - 1. Liga,Bet365,Alternative Goal Line,,,,,1.125,6.000,,,1,"{""hdp"": 1, ""over"": ""1.125"", ""under"": ""6.000""}",2026-05-12T10:13:12.385Z
71085580,2026-05-12 17:30,FC Zlin,FK Teplice,Czechia - 1. Liga,Bet365,Alternative Goal Line,,,,,1.425,2.750,,,1.5,"{""hdp"": 1.5, ""over"": ""1.425"", ""under"": ""2.750""}",2026-05-12T10:13:12.385Z
71085580,2026-05-12 17:30,FC Zlin,FK Teplice,Czechia - 1. Liga,Bet365,Alternative Goal Line,,,,,1.550,2.375,,,1.75,"{""hdp"": 1.75, ""over"": ""1.550"", ""under"": ""2.375""}",2026-05-12T10:13:12.385Z
71085580,2026-05-12 17:30,FC Zlin,FK Teplice,Czechia - 1. Liga,Bet365,Alternative Goal Line,,,,,2.050,1.750,,,2.25,"{""hdp"": 2.25, ""over"": ""2.050"", ""under"": ""1.750""}",2026-05-12T10:13:12.385Z
71085580,2026-05-12 17:30,FC Zlin,FK Teplice,Czechia - 1. Liga,Bet365,Alternative Goal Line,,,,,2.350,1.575,,,2.5,"{""hdp"": 2.5, ""over"": ""2.350"", ""under"": ""1.575""}",2026-05-12T10:13:12.385Z
71085580,2026-05-12 17:30,FC Zlin,FK Teplice,Czechia - 1. Liga,Bet365,Alternative Goal Line,,,,,2.750,1.425,,,2.75,"{""hdp"": 2.75, ""over"": ""2.750"", ""under"": ""1.425""}",2026-05-12T10:13:12.385Z
71085580,2026-05-12 17:30,FC Zlin,FK Teplice,Czechia - 1. Liga,Bet365,Alternative Goal Line,,,,,3.550,1.275,,,3,"{""hdp"": 3, ""over"": ""3.550"", ""under"": ""1.275""}",2026-05-12T10:13:12.385Z
71085580,2026-05-12 17:30,FC Zlin,FK Teplice,Czechia - 1. Liga,Bet365,Alternative Goal Line,,,,,4.000,1.230,,,3.25,"{""hdp"": 3.25, ""over"": ""4.000"", ""under"": ""1.230""}",2026-05-12T10:13:12.385Z
71085580,2026-05-12 17:30,FC Zlin,FK Teplice,Czechia - 1. Liga,Bet365,Alternative Goal Line,,,,,4.400,1.200,,,3.5,"{""hdp"": 3.5, ""over"": ""4.400"", ""under"": ""1.200""}",2026-05-12T10:13:12.385Z
71085580,2026-05-12 17:30,FC Zlin,FK Teplice,Czechia - 1. Liga,Bet365,Total Corners,Under 6,,,,,9.000,,,,"{""label"": ""Under 6"", ""under"": ""9.000""}",2026-05-10T18:33:49.585Z
71085580,2026-05-12 17:30,FC Zlin,FK Teplice,Czechia - 1. Liga,Bet365,Total Corners,6 - 8,,,,,3.000,,,,"{""label"": ""6 - 8"", ""under"": ""3.000""}",2026-05-10T18:33:49.585Z
71085580,2026-05-12 17:30,FC Zlin,FK Teplice,Czechia - 1. Liga,Bet365,Total Corners,9 - 11,,,,,2.625,,,,"{""label"": ""9 - 11"", ""under"": ""2.625""}",2026-05-10T18:33:49.585Z
71085580,2026-05-12 17:30,FC Zlin,FK Teplice,Czechia - 1. Liga,Bet365,Total Corners,12 - 14,,,,,4.750,,,,"{""label"": ""12 - 14"", ""under"": ""4.750""}",2026-05-10T18:33:49.585Z
71085580,2026-05-12 17:30,FC Zlin,FK Teplice,Czechia - 1. Liga,Bet365,Total Corners,Over 14,,,,11.000,,,,,"{""label"": ""Over 14"", ""over"": ""11.000""}",2026-05-10T18:33:49.585Z
71085580,2026-05-12 17:30,FC Zlin,FK Teplice,Czechia - 1. Liga,Bet365,Both Teams To Score 2H,,,,,,,4.000,1.222,,"{""yes"": ""4.000"", ""no"": ""1.222""}",2026-05-12T09:11:54.886Z
71085580,2026-05-12 17:30,FC Zlin,FK Teplice,Czechia - 1. Liga,Bet365,Corners 2-Way,,,,,1.909,1.800,,,9.5,"{""hdp"": 9.5, ""over"": ""1.909"", ""under"": ""1.800""}",2026-05-10T18:33:49.585Z
71085580,2026-05-12 17:30,FC Zlin,FK Teplice,Czechia - 1. Liga,Bet365,Corners Race,,1.800,,1.909,,,,,3,"{""hdp"": 3, ""home"": ""1.800"", ""away"": ""1.909""}",2026-05-12T05:01:41.353Z
71085580,2026-05-12 17:30,FC Zlin,FK Teplice,Czechia - 1. Liga,Bet365,Corners Race,,2.300,,2.400,,,,,5,"{""hdp"": 5, ""home"": ""2.300"", ""away"": ""2.400""}",2026-05-12T05:01:41.353Z
71085580,2026-05-12 17:30,FC Zlin,FK Teplice,Czechia - 1. Liga,Bet365,Corners Race,,9.000,,9.500,,,,,9,"{""hdp"": 9, ""home"": ""9.000"", ""away"": ""9.500""}",2026-05-12T05:01:41.353Z
71085580,2026-05-12 17:30,FC Zlin,FK Teplice,Czechia - 1. Liga,Bet365,Corners Race,,4.000,,4.333,,,,,7,"{""hdp"": 7, ""home"": ""4.000"", ""away"": ""4.333""}",2026-05-12T05:01:41.353Z
71085580,2026-05-12 17:30,FC Zlin,FK Teplice,Czechia - 1. Liga,Bet365,Alternative Corners,,,,,1.025,26.000,,,4,"{""hdp"": 4, ""over"": ""1.025"", ""under"": ""26.000""}",2026-05-10T19:03:02.113Z
71085580,2026-05-12 17:30,FC Zlin,FK Teplice,Czechia - 1. Liga,Bet365,Alternative Corners,,,,,1.071,17.000,,,5,"{""hdp"": 5, ""over"": ""1.071"", ""under"": ""17.000""}",2026-05-10T19:03:02.113Z
71085580,2026-05-12 17:30,FC Zlin,FK Teplice,Czechia - 1. Liga,Bet365,Alternative Corners,,,,,1.166,9.000,,,6,"{""hdp"": 6, ""over"": ""1.166"", ""under"": ""9.000""}",2026-05-10T19:03:02.113Z
71085580,2026-05-12 17:30,FC Zlin,FK Teplice,Czechia - 1. Liga,Bet365,Alternative Corners,,,,,1.333,5.000,,,7,"{""hdp"": 7, ""over"": ""1.333"", ""under"": ""5.000""}",2026-05-10T19:03:02.113Z
71085580,2026-05-12 17:30,FC Zlin,FK Teplice,Czechia - 1. Liga,Bet365,Alternative Corners,,,,,1.571,3.250,,,8,"{""hdp"": 8, ""over"": ""1.571"", ""under"": ""3.250""}",2026-05-10T19:03:02.113Z
71085580,2026-05-12 17:30,FC Zlin,FK Teplice,Czechia - 1. Liga,Bet365,Alternative Corners,,,,,2.625,1.800,,,10,"{""hdp"": 10, ""over"": ""2.625"", ""under"": ""1.800""}",2026-05-10T19:03:02.113Z
71085580,2026-05-12 17:30,FC Zlin,FK Teplice,Czechia - 1. Liga,Bet365,Alternative Corners,,,,,3.500,1.444,,,11,"{""hdp"": 11, ""over"": ""3.500"", ""under"": ""1.444""}",2026-05-10T19:03:02.113Z
71085580,2026-05-12 17:30,FC Zlin,FK Teplice,Czechia - 1. Liga,Bet365,Alternative Corners,,,,,5.000,1.285,,,12,"{""hdp"": 12, ""over"": ""5.000"", ""under"": ""1.285""}",2026-05-10T19:03:02.113Z
71085580,2026-05-12 17:30,FC Zlin,FK Teplice,Czechia - 1. Liga,Bet365,Alternative Corners,,,,,8.000,1.166,,,13,"{""hdp"": 13, ""over"": ""8.000"", ""under"": ""1.166""}",2026-05-10T19:03:02.113Z
71085580,2026-05-12 17:30,FC Zlin,FK Teplice,Czechia - 1. Liga,Bet365,Alternative Corners,,,,,11.000,1.083,,,14,"{""hdp"": 14, ""over"": ""11.000"", ""under"": ""1.083""}",2026-05-10T19:03:02.113Z
71085580,2026-05-12 17:30,FC Zlin,FK Teplice,Czechia - 1. Liga,Bet365,Alternative Corners,,,,,15.000,1.050,,,15,"{""hdp"": 15, ""over"": ""15.000"", ""under"": ""1.050""}",2026-05-10T19:03:02.113Z
71085580,2026-05-12 17:30,FC Zlin,FK Teplice,Czechia - 1. Liga,Bet365,Alternative Corners,,,,,21.000,1.025,,,16,"{""hdp"": 16, ""over"": ""21.000"", ""under"": ""1.025""}",2026-05-10T19:03:02.113Z
71338146,2026-05-12 18:00,Viking FK,Haugesund,Norway - NM Cup Women,Bet365,ML,,5.250,4.500,1.420,,,,,,"{""home"": ""5.250"", ""draw"": ""4.500"", ""away"": ""1.420""}",2026-05-12T08:27:52.187Z
71338146,2026-05-12 18:00,Viking FK,Haugesund,Norway - NM Cup Women,Bet365,Draw No Bet,,4.500,,1.166,,,,,,"{""home"": ""4.500"", ""away"": ""1.166""}",2026-05-12T10:06:06.016Z
71338146,2026-05-12 18:00,Viking FK,Haugesund,Norway - NM Cup Women,Bet365,Double Chance,Viking FK (W) or Draw,,,,,2.600,,,,"{""label"": ""Viking FK (W) or Draw"", ""under"": ""2.600""}",2026-05-12T10:36:04.67Z
71338146,2026-05-12 18:00,Viking FK,Haugesund,Norway - NM Cup Women,Bet365,Double Chance,Draw or Haugesund (W),,,,,1.100,,,,"{""label"": ""Draw or Haugesund (W)"", ""under"": ""1.100""}",2026-05-12T10:36:04.67Z
71338146,2026-05-12 18:00,Viking FK,Haugesund,Norway - NM Cup Women,Bet365,Double Chance,Viking FK (W) or Haugesund (W),,,,,1.125,,,,"{""label"": ""Viking FK (W) or Haugesund (W)"", ""under"": ""1.125""}",2026-05-12T10:36:04.67Z
71338146,2026-05-12 18:00,Viking FK,Haugesund,Norway - NM Cup Women,Bet365,Spread,,1.900,,1.900,,,,,1.25,"{""hdp"": 1.25, ""home"": ""1.900"", ""away"": ""1.900""}",2026-05-12T09:16:39.89Z
71338146,2026-05-12 18:00,Viking FK,Haugesund,Norway - NM Cup Women,Bet365,Totals,,,,,2.000,1.800,,,3.25,"{""hdp"": 3.25, ""over"": ""2.000"", ""under"": ""1.800""}",2026-05-12T08:56:38.994Z
71338146,2026-05-12 18:00,Viking FK,Haugesund,Norway - NM Cup Women,Bet365,Goals Over/Under,,,,,1.500,2.500,,,2.5,"{""hdp"": 2.5, ""over"": ""1.500"", ""under"": ""2.500""}",2026-05-12T09:25:53.932Z
71338146,2026-05-12 18:00,Viking FK,Haugesund,Norway - NM Cup Women,Bet365,Spread HT,,1.975,,1.825,,,,,0.5,"{""hdp"": 0.5, ""home"": ""1.975"", ""away"": ""1.825""}",2026-05-12T10:06:06.016Z
71338146,2026-05-12 18:00,Viking FK,Haugesund,Norway - NM Cup Women,Bet365,Totals HT,,,,,1.775,2.025,,,1.25,"{""hdp"": 1.25, ""over"": ""1.775"", ""under"": ""2.025""}",2026-05-12T09:27:27.799Z
71338146,2026-05-12 18:00,Viking FK,Haugesund,Norway - NM Cup Women,Bet365,Corners Totals,,,,,1.825,1.975,,,9.5,"{""hdp"": 9.5, ""over"": ""1.825"", ""under"": ""1.975""}",2026-05-11T19:01:57.312Z
71338146,2026-05-12 18:00,Viking FK,Haugesund,Norway - NM Cup Women,Bet365,Corners Totals HT,,,,,1.900,1.900,,,4.5,"{""hdp"": 4.5, ""over"": ""1.900"", ""under"": ""1.900""}",2026-05-12T06:17:48.63Z
71338146,2026-05-12 18:00,Viking FK,Haugesund,Norway - NM Cup Women,Bet365,Half Time Result,1,,,,,6.000,,,1,"{""label"": ""1"", ""hdp"": 1, ""under"": ""6.000""}",2026-05-12T10:38:15.191Z
71338146,2026-05-12 18:00,Viking FK,Haugesund,Norway - NM Cup Women,Bet365,Half Time Result,Draw,,,,,2.625,,,,"{""label"": ""Draw"", ""under"": ""2.625""}",2026-05-12T10:38:15.191Z
71338146,2026-05-12 18:00,Viking FK,Haugesund,Norway - NM Cup Women,Bet365,Half Time Result,2,,,,,1.800,,,2,"{""label"": ""2"", ""hdp"": 2, ""under"": ""1.800""}",2026-05-12T10:38:15.191Z
71338146,2026-05-12 18:00,Viking FK,Haugesund,Norway - NM Cup Women,Bet365,Correct Score,0-0,,,,,,,,,"{""label"": ""0-0"", ""odds"": ""19.000""}",2026-05-12T10:06:06.016Z
71338146,2026-05-12 18:00,Viking FK,Haugesund,Norway - NM Cup Women,Bet365,Correct Score,1-1,,,,,,,,,"{""label"": ""1-1"", ""odds"": ""10.000""}",2026-05-12T10:06:06.016Z
71338146,2026-05-12 18:00,Viking FK,Haugesund,Norway - NM Cup Women,Bet365,Correct Score,2-0,,,,,,,,,"{""label"": ""2-0"", ""odds"": ""34.000""}",2026-05-12T10:06:06.016Z
71338146,2026-05-12 18:00,Viking FK,Haugesund,Norway - NM Cup Women,Bet365,Correct Score,2-1,,,,,,,,,"{""label"": ""2-1"", ""odds"": ""19.000""}",2026-05-12T10:06:06.016Z
71338146,2026-05-12 18:00,Viking FK,Haugesund,Norway - NM Cup Women,Bet365,Correct Score,2-2,,,,,,,,,"{""label"": ""2-2"", ""odds"": ""17.000""}",2026-05-12T10:06:06.016Z
71338146,2026-05-12 18:00,Viking FK,Haugesund,Norway - NM Cup Women,Bet365,Correct Score,3-3,,,,,,,,,"{""label"": ""3-3"", ""odds"": ""41.000""}",2026-05-12T10:06:06.016Z
71338146,2026-05-12 18:00,Viking FK,Haugesund,Norway - NM Cup Women,Bet365,Correct Score,4-0,,,,,,,,,"{""label"": ""4-0"", ""odds"": ""151.000""}",2026-05-12T10:06:06.016Z
71338146,2026-05-12 18:00,Viking FK,Haugesund,Norway - NM Cup Women,Bet365,Correct Score,4-1,,,,,,,,,"{""label"": ""4-1"", ""odds"": ""81.000""}",2026-05-12T10:06:06.016Z
71338146,2026-05-12 18:00,Viking FK,Haugesund,Norway - NM Cup Women,Bet365,Correct Score,4-2,,,,,,,,,"{""label"": ""4-2"", ""odds"": ""81.000""}",2026-05-12T10:06:06.016Z
71338146,2026-05-12 18:00,Viking FK,Haugesund,Norway - NM Cup Women,Bet365,Correct Score,4-3,,,,,,,,,"{""label"": ""4-3"", ""odds"": ""101.000""}",2026-05-12T10:06:06.016Z
71338146,2026-05-12 18:00,Viking FK,Haugesund,Norway - NM Cup Women,Bet365,Correct Score,5-0,,,,,,,,,"{""label"": ""5-0"", ""odds"": ""29.000""}",2026-05-12T10:06:06.016Z
71338146,2026-05-12 18:00,Viking FK,Haugesund,Norway - NM Cup Women,Bet365,Correct Score,5-1,,,,,,,,,"{""label"": ""5-1"", ""odds"": ""34.000""}",2026-05-12T10:06:06.016Z
71338146,2026-05-12 18:00,Viking FK,Haugesund,Norway - NM Cup Women,Bet365,Correct Score,6-0,,,,,,,,,"{""label"": ""6-0"", ""odds"": ""51.000""}",2026-05-12T10:06:06.016Z
71338146,2026-05-12 18:00,Viking FK,Haugesund,Norway - NM Cup Women,Bet365,Correct Score,7-0,,,,,,,,,"{""label"": ""7-0"", ""odds"": ""101.000""}",2026-05-12T10:06:06.016Z
71338146,2026-05-12 18:00,Viking FK,Haugesund,Norway - NM Cup Women,Bet365,Correct Score,3-0,,,,,,,,,"{""label"": ""3-0"", ""odds"": ""67.000""}",2026-05-12T10:06:06.016Z
71338146,2026-05-12 18:00,Viking FK,Haugesund,Norway - NM Cup Women,Bet365,Correct Score,3-1,,,,,,,,,"{""label"": ""3-1"", ""odds"": ""41.000""}",2026-05-12T10:06:06.016Z
71338146,2026-05-12 18:00,Viking FK,Haugesund,Norway - NM Cup Women,Bet365,Correct Score,3-2,,,,,,,,,"{""label"": ""3-2"", ""odds"": ""41.000""}",2026-05-12T10:06:06.016Z
71338146,2026-05-12 18:00,Viking FK,Haugesund,Norway - NM Cup Women,Bet365,Correct Score,5-2,,,,,,,,,"{""label"": ""5-2"", ""odds"": ""51.000""}",2026-05-12T10:06:06.016Z
71338146,2026-05-12 18:00,Viking FK,Haugesund,Norway - NM Cup Women,Bet365,Correct Score,6-1,,,,,,,,,"{""label"": ""6-1"", ""odds"": ""51.000""}",2026-05-12T10:06:06.016Z
71338146,2026-05-12 18:00,Viking FK,Haugesund,Norway - NM Cup Women,Bet365,Correct Score,4-4,,,,,,,,,"{""label"": ""4-4"", ""odds"": ""151.000""}",2026-05-12T10:06:06.016Z
71338146,2026-05-12 18:00,Viking FK,Haugesund,Norway - NM Cup Women,Bet365,Correct Score,6-2,,,,,,,,,"{""label"": ""6-2"", ""odds"": ""81.000""}",2026-05-12T10:06:06.016Z
71338146,2026-05-12 18:00,Viking FK,Haugesund,Norway - NM Cup Women,Bet365,Correct Score,1-0,,,,,,,,,"{""label"": ""1-0"", ""odds"": ""21.000""}",2026-05-12T10:06:06.016Z
71338146,2026-05-12 18:00,Viking FK,Haugesund,Norway - NM Cup Women,Bet365,Correct Score,7-1,,,,,,,,,"{""label"": ""7-1"", ""odds"": ""101.000""}",2026-05-12T10:06:06.016Z
71338146,2026-05-12 18:00,Viking FK,Haugesund,Norway - NM Cup Women,Bet365,Correct Score,5-3,,,,,,,,,"{""label"": ""5-3"", ""odds"": ""101.000""}",2026-05-12T10:06:06.016Z
71338146,2026-05-12 18:00,Viking FK,Haugesund,Norway - NM Cup Women,Bet365,Method of Victory,90 Mins (2),,,17.000,,,,,2,"{""label"": ""90 Mins (2)"", ""hdp"": 2, ""away"": ""17.000""}",2026-05-12T10:06:06.016Z
71338146,2026-05-12 18:00,Viking FK,Haugesund,Norway - NM Cup Women,Bet365,Method of Victory,90 Mins (1),21.000,,,,,,,1,"{""label"": ""90 Mins (1)"", ""hdp"": 1, ""home"": ""21.000""}",2026-05-12T10:06:06.016Z
71338146,2026-05-12 18:00,Viking FK,Haugesund,Norway - NM Cup Women,Bet365,Corners,,,,,2.250,1.909,,,10,"{""hdp"": 10, ""over"": ""2.250"", ""under"": ""1.909""}",2026-05-11T20:15:55.263Z
71338146,2026-05-12 18:00,Viking FK,Haugesund,Norway - NM Cup Women,Bet365,Corners 2-Way,,,,,1.800,1.909,,,9.5,"{""hdp"": 9.5, ""over"": ""1.800"", ""under"": ""1.909""}",2026-05-11T20:16:49.662Z
