fixture_id,match_date,match_time,side,source_team,normalized_source_team,matched_model_team,match_type,suggested_model_team
odds_api_io_61853456,2026-05-16,12:00,home_team,1. FC Bocholt,1 bocholt,,unmatched,
odds_api_io_61853456,2026-05-16,12:00,away_team,RW Oberhausen,rw oberhausen,,unmatched,
odds_api_io_61853440,2026-05-16,12:00,home_team,1. FC Cologne II,1 cologne ii,,unmatched,
odds_api_io_61853440,2026-05-16,12:00,away_team,FC Schalke 04 II,schalke 04 ii,,suggested_alias_needed,Schalke 04
odds_api_io_61515296,2026-05-16,13:30,home_team,1. FC Heidenheim,1 heidenheim,,suggested_alias_needed,Heidenheim
odds_api_io_61515296,2026-05-16,13:30,away_team,FSV Mainz,fsv mainz,,unmatched,
odds_api_io_61712376,2026-05-16,12:00,home_team,1. FC Lokomotive Leipzig,1 lokomotive leipzig,,unmatched,
odds_api_io_61712376,2026-05-16,12:00,away_team,FC Magdeburg II,magdeburg ii,,unmatched,
odds_api_io_61854752,2026-05-16,12:00,home_team,1 FC Nuremberg II,1 nuremberg ii,,unmatched,
odds_api_io_61854752,2026-05-16,12:00,away_team,SpVgg Hankofen-Hailing,spvgg hankofen-hailing,,unmatched,
odds_api_io_61709700,2026-05-16,11:30,home_team,1. FC Saarbrucken,1 saarbrucken,,unmatched,
odds_api_io_61709700,2026-05-16,11:30,away_team,Hansa Rostock,hansa rostock,,unmatched,
odds_api_io_61709718,2026-05-16,11:30,home_team,1. FC Schweinfurt 05,1 schweinfurt 05,,unmatched,
odds_api_io_61709718,2026-05-16,11:30,away_team,Erzgebirge Aue,erzgebirge aue,,unmatched,
odds_api_io_71085584,2026-05-16,15:00,home_team,1. FC Slovacko Uherske Hradiste,1 slovacko uherske hradiste,,unmatched,
odds_api_io_71085584,2026-05-16,15:00,away_team,FK Mlada Boleslav,fk mlada boleslav,,unmatched,
odds_api_io_61911542,2026-05-16,14:00,home_team,A-Xiii Auhof Center,a-xiii auhof center,,unmatched,
odds_api_io_61911542,2026-05-16,14:00,away_team,WAF Vorwarts Brigittenau,waf vorwarts brigittenau,,unmatched,
odds_api_io_70321600,2026-05-16,19:00,home_team,ABC FC RN,abc rn,,unmatched,
odds_api_io_70321600,2026-05-16,19:00,away_team,Sousa EC PB,sousa ec pb,,unmatched,
odds_api_io_69279788,2026-05-16,18:30,home_team,AC Goianiense GO,ac goianiense go,,unmatched,
odds_api_io_69279788,2026-05-16,18:30,away_team,Cerrado EC GO,cerrado ec go,,unmatched,
odds_api_io_70317952,2026-05-16,13:00,home_team,AC Horsens,ac horsens,,unmatched,
odds_api_io_70317952,2026-05-16,13:00,away_team,Hvidovre IF,hvidovre if,,unmatched,
odds_api_io_67091310,2026-05-16,16:00,home_team,AC Oulu,ac oulu,,unmatched,
odds_api_io_67091310,2026-05-16,16:00,away_team,Turun Palloseura,turun palloseura,,unmatched,
odds_api_io_71485706,2026-05-16,15:00,home_team,AC Virtus,ac virtus,,unmatched,
odds_api_io_71485706,2026-05-16,15:00,away_team,SP La Fiorita,sp la fiorita,,unmatched,
odds_api_io_68351380,2026-05-16,15:30,home_team,Academica de Coimbra,academica de coimbra,,unmatched,
odds_api_io_68351380,2026-05-16,15:30,away_team,CD Trofense,cd trofense,,unmatched,
odds_api_io_61967610,2026-05-16,13:30,home_team,ACV Assen,acv assen,,unmatched,
odds_api_io_61967610,2026-05-16,13:30,away_team,Koninklijke HFC,koninklijke h,,unmatched,
odds_api_io_61687610,2026-05-16,19:00,home_team,AD Alcorcon,ad alcorcon,,unmatched,
odds_api_io_61687610,2026-05-16,19:00,away_team,Marbella FC,marbella,,unmatched,
odds_api_io_70885346,2026-05-16,18:00,home_team,AD Cabofriense RJ,ad cabofriense rj,,unmatched,
odds_api_io_70885346,2026-05-16,18:00,away_team,Serrano FC RJ,serrano rj,,unmatched,
odds_api_io_61623892,2026-05-16,14:15,home_team,AD Ceuta,ad ceuta,,unmatched,
odds_api_io_61623892,2026-05-16,14:15,away_team,Malaga CF,malaga,,unmatched,
odds_api_io_67807386,2026-05-16,04:00,home_team,Adamstown Rosebud FC,adamstown rosebud,,unmatched,
odds_api_io_67807386,2026-05-16,04:00,away_team,Charlestown Azzurri FC,charlestown azzurri,,unmatched,
odds_api_io_68050292,2026-05-16,02:45,home_team,Adelaide Atletico Victory Reserves,adelaide atletico victory reserves,,unmatched,
odds_api_io_68050292,2026-05-16,02:45,away_team,Eastern United Reserve,eastern united reserve,,unmatched,
odds_api_io_68051602,2026-05-16,05:30,home_team,Adelaide Atletico VSC,adelaide atletico vsc,,unmatched,
odds_api_io_68051602,2026-05-16,05:30,away_team,Eastern United,eastern united,,unmatched,
odds_api_io_68051606,2026-05-16,05:30,home_team,Adelaide Blue Eagles,adelaide blue eagles,,unmatched,
odds_api_io_68051606,2026-05-16,05:30,away_team,Fulham United FC,fulham united,,unmatched,
odds_api_io_68050296,2026-05-16,03:15,home_team,Adelaide Blue Eagles Reserves,adelaide blue eagles reserves,,unmatched,
odds_api_io_68050296,2026-05-16,03:15,away_team,Fulham United FC Reserve,fulham united reserve,,unmatched,
odds_api_io_68051610,2026-05-16,09:30,home_team,Adelaide Cobras,adelaide cobras,,unmatched,
odds_api_io_68051610,2026-05-16,09:30,away_team,Modbury Jets SC,modbury jets sc,,unmatched,
odds_api_io_68050302,2026-05-16,07:15,home_team,Adelaide Cobras Reserves,adelaide cobras reserves,,unmatched,
odds_api_io_68050302,2026-05-16,07:15,away_team,Modbury Jets SC Reserve,modbury jets sc reserve,,unmatched,
odds_api_io_62227492,2026-05-16,13:30,home_team,ADO 20 Heemskerk,ado 20 heemskerk,,unmatched,
odds_api_io_62227492,2026-05-16,13:30,away_team,VV Scherpenzeel,vv scherpenzeel,,unmatched,
odds_api_io_71186820,2026-05-16,15:00,home_team,AEK Larnaca,aek larnaca,,unmatched,
odds_api_io_71186820,2026-05-16,15:00,away_team,Pafos FC,pafos,,unmatched,
odds_api_io_69744648,2026-05-16,15:30,home_team,AFK Csikszereda Miercurea Ciuc,afk csikszereda miercurea ciuc,,unmatched,
odds_api_io_69744648,2026-05-16,15:30,away_team,FC Botosani,botosani,,unmatched,
odds_api_io_64055867,2026-05-16,18:00,home_team,Al Ahli Saudi FC,al ahli saudi,,unmatched,
odds_api_io_64055867,2026-05-16,18:00,away_team,Al-Kholood,al-kholood,,unmatched,
odds_api_io_71468312,2026-05-16,15:30,home_team,Al Ain FC,al ain,,unmatched,
odds_api_io_71468312,2026-05-16,15:30,away_team,Dibba Al Fujairah,dibba al fujairah,,unmatched,
odds_api_io_71468310,2026-05-16,15:30,home_team,Al Dhafra SSC,al dhafra ssc,,unmatched,
odds_api_io_71468310,2026-05-16,15:30,away_team,Al Wahda FC (UAE),al wahda (uae),,unmatched,
odds_api_io_64055873,2026-05-16,16:05,home_team,Al Hilal SFC,al hilal s,,unmatched,
odds_api_io_64055873,2026-05-16,16:05,away_team,Neom SC,neom sc,,unmatched,
odds_api_io_71491072,2026-05-16,14:10,home_team,AL Ittihad Kalba,al ittihad kalba,,unmatched,
odds_api_io_71491072,2026-05-16,14:10,away_team,AL Wasl,al wasl,,unmatched,
odds_api_io_71468314,2026-05-16,15:30,home_team,Al Jazira (UAE),al jazira (uae),,unmatched,
odds_api_io_71468314,2026-05-16,15:30,away_team,Baniyas Club,baniyas club,,unmatched,
odds_api_io_68528346,2026-05-16,17:45,home_team,Al Nassr Club,al nassr club,,unmatched,
odds_api_io_68528346,2026-05-16,17:45,away_team,Gamba Osaka,gamba osaka,,unmatched,
odds_api_io_71464974,2026-05-16,14:30,home_team,Al-Muharraq SC,al-muharraq sc,,unmatched,
odds_api_io_71464974,2026-05-16,14:30,away_team,Aali,aali,,unmatched,
odds_api_io_71464972,2026-05-16,14:30,home_team,Al-Najma Manama,al-najma manama,,unmatched,
odds_api_io_71464972,2026-05-16,14:30,away_team,AL-Khaldiya SC,al-khaldiya sc,,unmatched,
odds_api_io_64055875,2026-05-16,16:05,home_team,Al-Okhdood Club,al-okhdood club,,unmatched,
odds_api_io_64055875,2026-05-16,16:05,away_team,Al-Khaleej Club,al-khaleej club,,unmatched,
odds_api_io_67648300,2026-05-16,05:00,home_team,Albirex Niigata,albirex niigata,,unmatched,
odds_api_io_67648300,2026-05-16,05:00,away_team,Nara Club,nara club,,unmatched,
odds_api_io_65586778,2026-05-16,11:30,home_team,Albirex Niigata (S),albirex niigata (s),,unmatched,
odds_api_io_65586778,2026-05-16,11:30,away_team,Young Lions FC,young lions,,unmatched,
odds_api_io_61709714,2026-05-16,11:30,home_team,Alemannia Aachen,alemannia aachen,,unmatched,
odds_api_io_61709714,2026-05-16,11:30,away_team,TSV Havelse,tsv havelse,,unmatched,
odds_api_io_61687612,2026-05-16,19:00,home_team,CF Algeciras,algeciras,,unmatched,
odds_api_io_61687612,2026-05-16,19:00,away_team,Hercules de Alicante CF,hercules de alicante,,unmatched,
odds_api_io_71335206,2026-05-16,20:30,home_team,Alianza FC Valledupar,alianza valledupar,,unmatched,
odds_api_io_71335206,2026-05-16,20:30,away_team,CD Real Santander,cd real santander,,unmatched,
fd_SP2_2026-05-16_Almeria_Las_Palmas,2026-05-16,17:30,home_team,Almeria,almeria,Almeria,exact_normalized,
fd_SP2_2026-05-16_Almeria_Las_Palmas,2026-05-16,17:30,away_team,Las Palmas,las palmas,Las Palmas,exact_normalized,
odds_api_io_62284598,2026-05-16,16:00,home_team,Altona 93,altona 93,,unmatched,
odds_api_io_62284598,2026-05-16,16:00,away_team,Kickers Emden,kickers emden,,unmatched,
odds_api_io_68161706,2026-05-16,08:15,home_team,Altona City SC,altona city sc,,unmatched,
odds_api_io_68161706,2026-05-16,08:15,away_team,Keilor Park SC,keilor park sc,,unmatched,
odds_api_io_68161324,2026-05-16,06:00,home_team,Altona Magic SC,altona magic sc,,unmatched,
odds_api_io_68161324,2026-05-16,06:00,away_team,Preston Lions FC,preston lions,,unmatched,
odds_api_io_61454191,2026-05-16,18:15,home_team,Aluminij Kidricevo,aluminij kidricevo,,unmatched,
odds_api_io_61454191,2026-05-16,18:15,away_team,Primorje Ajdovscina,primorje ajdovscina,,unmatched,
odds_api_io_62670405,2026-05-16,13:00,home_team,AmaZulu FC,amazulu,,unmatched,
odds_api_io_62670405,2026-05-16,13:00,away_team,Kaizer Chiefs,kaizer chiefs,,unmatched,
odds_api_io_68215844,2026-05-16,18:00,home_team,America FC MG,america mg,,unmatched,
odds_api_io_68215844,2026-05-16,18:00,away_team,Atletico Mineiro MG,atletico mineiro mg,,unmatched,
odds_api_io_70323122,2026-05-16,18:00,home_team,America FC RJ,america rj,,unmatched,
odds_api_io_70323122,2026-05-16,18:00,away_team,Madureira RJ,madureira rj,,unmatched,
odds_api_io_68046514,2026-05-16,10:00,home_team,Ansan Greeners FC,ansan greeners,,unmatched,
odds_api_io_68046514,2026-05-16,10:00,away_team,Gimpo FC,gimpo,,unmatched,
odds_api_io_71186818,2026-05-16,15:00,home_team,APOEL Nikosia,apoel nikosia,,unmatched,
odds_api_io_71186818,2026-05-16,15:00,away_team,AC Omonia Nicosia,ac omonia nicosia,,unmatched,
odds_api_io_71186822,2026-05-16,15:00,home_team,Apollon Limassol,apollon limassol,,unmatched,
odds_api_io_71186822,2026-05-16,15:00,away_team,Aris Limassol FC,aris limassol,,unmatched,
odds_api_io_70906730,2026-05-16,16:00,home_team,FC Arda Kardzhali,arda kardzhali,,unmatched,
odds_api_io_70906730,2026-05-16,16:00,away_team,PFC Lokomotiv Plovdiv,p lokomotiv plovdiv,,unmatched,
odds_api_io_67915836,2026-05-16,14:00,home_team,Arendal FK,arendal fk,,unmatched,
odds_api_io_67915836,2026-05-16,14:00,away_team,FK Jerv,fk jerv,,unmatched,
odds_api_io_61731552,2026-05-16,17:00,home_team,FC Arouca,arouca,,unmatched,
odds_api_io_61731552,2026-05-16,17:00,away_team,CD Tondela,cd tondela,,unmatched,
fd_P1_2026-05-16_Arouca_Tondela,2026-05-16,18:00,home_team,Arouca,arouca,,unmatched,
fd_P1_2026-05-16_Arouca_Tondela,2026-05-16,18:00,away_team,Tondela,tondela,,unmatched,
odds_api_io_62214280,2026-05-16,16:00,home_team,AS Beauvais Oise,as beauvais oise,,unmatched,
odds_api_io_62214280,2026-05-16,16:00,away_team,Biesheim ASC,biesheim asc,,unmatched,
odds_api_io_62214760,2026-05-16,16:00,home_team,AS Cannes,as cannes,,unmatched,
odds_api_io_62214760,2026-05-16,16:00,away_team,Lusitanos Saint-Maur,lusitanos saint-maur,,unmatched,
odds_api_io_68728636,2026-05-16,04:00,home_team,AS Harima Albion,as harima albion,,unmatched,
odds_api_io_68728636,2026-05-16,04:00,away_team,Orca Kamogawa FC,orca kamogawa,,unmatched,
odds_api_io_71463588,2026-05-16,13:00,home_team,AS Monaco,as monaco,,suggested_alias_needed,Monaco
odds_api_io_71463588,2026-05-16,13:00,away_team,Valenciennes FC,valenciennes,,unmatched,
odds_api_io_62383336,2026-05-16,13:00,home_team,AS Roma,as roma,,unmatched,
odds_api_io_62383336,2026-05-16,13:00,away_team,Genoa CFC Women,genoa c women,,unmatched,
odds_api_io_69463406,2026-05-16,15:00,home_team,AS Trencin,as trencin,,unmatched,
odds_api_io_69463406,2026-05-16,15:00,away_team,FK Kosice,fk kosice,,unmatched,
odds_api_io_70323120,2026-05-16,19:00,home_team,Associacao Portuguesa de Desportos SP,associacao portuguesa de desportos sp,,unmatched,
odds_api_io_70323120,2026-05-16,19:00,away_team,EC Agua Santa SP,ec agua santa sp,,unmatched,
fd_G1_2026-05-16_Asteras_Tripolis_Kifisia,2026-05-16,17:00,home_team,Asteras Tripolis,asteras tripolis,,unmatched,
fd_G1_2026-05-16_Asteras_Tripolis_Kifisia,2026-05-16,17:00,away_team,Kifisia,kifisia,,unmatched,
odds_api_io_66855372,2026-05-16,17:00,home_team,Athlone Town FC,athlone town,,unmatched,
odds_api_io_66855372,2026-05-16,17:00,away_team,Treaty United,treaty united,,unmatched,
odds_api_io_71464112,2026-05-16,19:30,home_team,Atletico El Vigia,atletico el vigia,,unmatched,
odds_api_io_71464112,2026-05-16,19:30,away_team,Zamora FC Barinas II,zamora barinas ii,,unmatched,
odds_api_io_66886788,2026-05-16,21:30,home_team,Atletico Mineiro MG,atletico mineiro mg,,unmatched,
odds_api_io_66886788,2026-05-16,21:30,away_team,Mirassol FC SP,mirassol sp,,unmatched,
odds_api_io_71379426,2026-05-16,20:30,home_team,Atletico Nacional SA,atletico nacional sa,,unmatched,
odds_api_io_71379426,2026-05-16,20:30,away_team,Once Caldas Sa,once caldas sa,,unmatched,
odds_api_io_61898620,2026-05-16,17:30,home_team,ATSV Wolfsberg,atsv wolfsberg,,unmatched,
odds_api_io_61898620,2026-05-16,17:30,away_team,SC St. Veit,sc st veit,,unmatched,
odds_api_io_61854758,2026-05-16,12:00,home_team,FC Augsburg II,augsburg ii,,suggested_alias_needed,Augsburg
odds_api_io_61854758,2026-05-16,12:00,away_team,FC Memmingen,memmingen,,unmatched,
odds_api_io_62036272,2026-05-16,15:00,home_team,Avia Swidnik,avia swidnik,,unmatched,
odds_api_io_62036272,2026-05-16,15:00,away_team,Korona II Kielce SA,korona ii kielce sa,,unmatched,
odds_api_io_68162376,2026-05-16,05:00,home_team,Avondale FC,avondale,,unmatched,
odds_api_io_68162376,2026-05-16,05:00,away_team,Spring Hills FC,spring hills,,unmatched,
odds_api_io_61712382,2026-05-16,12:00,home_team,BFC Dynamo,b dynamo,,unmatched,
odds_api_io_61712382,2026-05-16,12:00,away_team,Chemnitzer FC,chemnitzer,,unmatched,
odds_api_io_67993576,2026-05-16,14:30,home_team,B36 Torshavn II,b36 torshavn ii,,unmatched,
odds_api_io_67993576,2026-05-16,14:30,away_team,EB/Streymur II,eb/streymur ii,,unmatched,
odds_api_io_67919270,2026-05-16,12:00,home_team,Baerum SK,baerum sk,,unmatched,
odds_api_io_67919270,2026-05-16,12:00,away_team,Asker Fotball,asker fotball,,unmatched,
odds_api_io_69090834,2026-05-16,02:30,home_team,Ballard FC,ballard,,unmatched,
odds_api_io_69090834,2026-05-16,02:30,away_team,FC Olympia,olympia,,unmatched,
odds_api_io_71085586,2026-05-16,15:00,home_team,FC Banik Ostrava,banik ostrava,,unmatched,
odds_api_io_71085586,2026-05-16,15:00,away_team,FC Zlin,zlin,,unmatched,
odds_api_io_67692238,2026-05-16,07:00,home_team,Bankstown United FC,bankstown united,,unmatched,
odds_api_io_67692238,2026-05-16,07:00,away_team,Hawkesbury City SC,hawkesbury city sc,,unmatched,
odds_api_io_71501264,2026-05-16,20:00,home_team,Bath Estate,bath estate,,unmatched,
odds_api_io_71501264,2026-05-16,20:00,away_team,Harlem United FC,harlem united,,unmatched,
odds_api_io_69460604,2026-05-16,03:00,home_team,Bay Olympic,bay olympic,,unmatched,
odds_api_io_69460604,2026-05-16,03:00,away_team,Auckland United FC,auckland united,,unmatched,
odds_api_io_61515276,2026-05-16,13:30,home_team,Bayer Leverkusen,bayer leverkusen,,unmatched,
odds_api_io_61515276,2026-05-16,13:30,away_team,Hamburger SV,hamburger sv,,unmatched,
odds_api_io_61859546,2026-05-16,12:00,home_team,FC Bayern Alzenau,bayern alzenau,,unmatched,
odds_api_io_61859546,2026-05-16,12:00,away_team,SGV Freiberg,sgv freiberg,,unmatched,
odds_api_io_61515274,2026-05-16,13:30,home_team,Bayern Munich,bayern munich,Bayern Munich,exact_normalized,
odds_api_io_61515274,2026-05-16,13:30,away_team,1. FC Cologne,1 cologne,,unmatched,
fd_D1_2026-05-16_Bayern_Munich_FC_Koln,2026-05-16,14:30,home_team,Bayern Munich,bayern munich,Bayern Munich,exact_normalized,
fd_D1_2026-05-16_Bayern_Munich_FC_Koln,2026-05-16,14:30,away_team,FC Koln,koln,FC Koln,exact_normalized,
odds_api_io_68161700,2026-05-16,05:00,home_team,Bayside Argonauts FC,bayside argonauts,,unmatched,
odds_api_io_68161700,2026-05-16,05:00,away_team,Springvale White Eagles,springvale white eagles,,unmatched,
odds_api_io_69195810,2026-05-16,04:15,home_team,Belconnen United FC,belconnen united,,unmatched,
odds_api_io_69195810,2026-05-16,04:15,away_team,Monaro Panthers FC,monaro panthers,,unmatched,
odds_api_io_71453940,2026-05-16,18:00,home_team,Belgrano de Cordoba,belgrano de cordoba,,unmatched,
odds_api_io_71453940,2026-05-16,18:00,away_team,Boca Juniors,boca juniors,,unmatched,
odds_api_io_67807384,2026-05-16,05:00,home_team,Belmont Swansea United FC,belmont swansea united,,unmatched,
odds_api_io_67807384,2026-05-16,05:00,away_team,Valentine FC,valentine,,unmatched,
odds_api_io_68161316,2026-05-16,03:00,home_team,Bentleigh Greens SC,bentleigh greens sc,,unmatched,
odds_api_io_68161316,2026-05-16,03:00,away_team,Heidelberg United FC,heidelberg united,,unmatched,
odds_api_io_61687614,2026-05-16,19:00,home_team,Betis Deportivo Balompie,betis deportivo balompie,,unmatched,
odds_api_io_61687614,2026-05-16,19:00,away_team,SD Tarazona,sd tarazona,,unmatched,
odds_api_io_70730780,2026-05-16,12:00,home_team,BK Frem,bk frem,,unmatched,
odds_api_io_70730780,2026-05-16,12:00,away_team,IF Lyseng,if lyseng,,unmatched,
odds_api_io_70730372,2026-05-16,13:00,home_team,BK Fremad Amager,bk fremad amager,,unmatched,
odds_api_io_70730372,2026-05-16,13:00,away_team,Ishoej IF,ishoej if,,unmatched,
odds_api_io_62036896,2026-05-16,10:00,home_team,BKS Sparta Katowice,bks sparta katowice,,unmatched,
odds_api_io_62036896,2026-05-16,10:00,away_team,SKRA Czestochowa,skra czestochowa,,unmatched,
odds_api_io_69751700,2026-05-16,15:00,home_team,Blau-Weiss Linz,blau-weiss linz,,unmatched,
odds_api_io_69751700,2026-05-16,15:00,away_team,Grazer AK 1902,grazer ak 1902,,unmatched,
odds_api_io_70379176,2026-05-16,23:30,home_team,Blooming Santa Cruz,blooming santa cruz,,unmatched,
odds_api_io_70379176,2026-05-16,23:30,away_team,GV Club Deportivo San Jose de Oruro,gv club deportivo san jose de oruro,,unmatched,
odds_api_io_70323310,2026-05-16,18:00,home_team,Blumenau EC SC,blumenau ec sc,,unmatched,
odds_api_io_70323310,2026-05-16,18:00,away_team,CN Marcilio Dias SC,cn marcilio dias sc,,unmatched,
odds_api_io_67015190,2026-05-16,16:00,home_team,Bodoe/Glimt,bodoe/glimt,,unmatched,
odds_api_io_67015190,2026-05-16,16:00,away_team,Tromsoe IL,tromsoe il,,unmatched,
odds_api_io_67692242,2026-05-16,09:00,home_team,Bonnyrigg W. E.,bonnyrigg w e,,unmatched,
odds_api_io_67692242,2026-05-16,09:00,away_team,Sydney University SFC,sydney university s,,unmatched,
odds_api_io_70885348,2026-05-16,18:00,home_team,Bonsucesso FC RJ,bonsucesso rj,,unmatched,
odds_api_io_70885348,2026-05-16,18:00,away_team,Audax Rio EC RJ,audax rio ec rj,,unmatched,
odds_api_io_61853454,2026-05-16,12:00,home_team,Borussia Monchengladbach II,borussia monchengladbach ii,,unmatched,
odds_api_io_61853454,2026-05-16,12:00,away_team,FC Gutersloh 2000,gutersloh 2000,,unmatched,
odds_api_io_68751788,2026-05-16,18:00,home_team,Botafogo FR RJ,botafogo fr rj,,unmatched,
odds_api_io_68751788,2026-05-16,18:00,away_team,Cruzeiro EC MG,cruzeiro ec mg,,unmatched,
odds_api_io_70906732,2026-05-16,16:00,home_team,Botev Plovdiv,botev plovdiv,,unmatched,
odds_api_io_70906732,2026-05-16,16:00,away_team,PFC Cherno More Varna,p cherno more varna,,unmatched,
odds_api_io_68161702,2026-05-16,05:00,home_team,Box Hill United FC,box hill united,,unmatched,
odds_api_io_68161702,2026-05-16,05:00,away_team,Goulburn Valley Suns,goulburn valley suns,,unmatched,
odds_api_io_71335200,2026-05-16,20:30,home_team,Boyaca Chico FC,boyaca chico,,unmatched,
odds_api_io_71335200,2026-05-16,20:30,away_team,Atletico FC Cali,atletico cali,,unmatched,
odds_api_io_70730370,2026-05-16,12:00,home_team,Brabrand IF,brabrand if,,unmatched,
odds_api_io_70730370,2026-05-16,12:00,away_team,Vsk Aarhus,vsk aarhus,,unmatched,
odds_api_io_62322496,2026-05-16,12:00,home_team,Brighton and Hove Albion WFC,brighton and hove albion w,,unmatched,
odds_api_io_62322496,2026-05-16,12:00,away_team,Tottenham Hotspur FC,tottenham hotspur,Tottenham,alias,
odds_api_io_67905672,2026-05-16,04:45,home_team,Brisbane Strikers,brisbane strikers,,unmatched,
odds_api_io_67905672,2026-05-16,04:45,away_team,Holland Park Hawks,holland park hawks,,unmatched,
odds_api_io_69090850,2026-05-16,21:00,home_team,Brooke House FC,brooke house,,unmatched,
odds_api_io_69090850,2026-05-16,21:00,away_team,Nona FC,nona,,unmatched,
odds_api_io_71307978,2026-05-16,23:00,home_team,Brooklyn FC,brooklyn,,unmatched,
odds_api_io_71307978,2026-05-16,23:00,away_team,Hartford Athletic,hartford athletic,,unmatched,
odds_api_io_67017924,2026-05-16,14:00,home_team,Bryne FK,bryne fk,,unmatched,
odds_api_io_67017924,2026-05-16,14:00,away_team,Stroemmen IF,stroemmen if,,unmatched,
odds_api_io_67343106,2026-05-16,08:00,home_team,Budapest Honved,budapest honved,,unmatched,
odds_api_io_67343106,2026-05-16,08:00,away_team,MTK Budapest,mtk budapest,,unmatched,
odds_api_io_67563282,2026-05-16,13:00,home_team,Bulawayo Chiefs FC,bulawayo chiefs,,unmatched,
odds_api_io_67563282,2026-05-16,13:00,away_team,Hardrock FC,hardrock,,unmatched,
odds_api_io_68162382,2026-05-16,07:45,home_team,FC Bulleen Lions,bulleen lions,,unmatched,
odds_api_io_68162382,2026-05-16,07:45,away_team,Alamein FC,alamein,,unmatched,
odds_api_io_68159822,2026-05-16,05:30,home_team,FC Bulleen Lions U20,bulleen lions u20,,unmatched,
odds_api_io_68159822,2026-05-16,05:30,away_team,Alamein FC U20,alamein u20,,unmatched,
odds_api_io_67122870,2026-05-16,18:30,home_team,CA Atlas,ca atlas,,unmatched,
odds_api_io_67122870,2026-05-16,18:30,away_team,AD Berazategui,ad berazategui,,unmatched,
odds_api_io_71486862,2026-05-16,16:00,home_team,CA Batna,ca batna,,unmatched,
odds_api_io_71486862,2026-05-16,16:00,away_team,CR Temouchent,cr temouchent,,unmatched,
odds_api_io_71459876,2026-05-16,15:00,home_team,CA Boston River,ca boston river,,unmatched,
odds_api_io_71459876,2026-05-16,15:00,away_team,CA Cerro,ca cerro,,unmatched,
odds_api_io_67119310,2026-05-16,18:30,home_team,CA Defensores Unidos,ca defensores unidos,,unmatched,
odds_api_io_67119310,2026-05-16,18:30,away_team,CA Ituzaingo,ca ituzaingo,,unmatched,
odds_api_io_67122884,2026-05-16,18:30,home_team,CA General Lamadrid,ca general lamadrid,,unmatched,
odds_api_io_67122884,2026-05-16,18:30,away_team,ASD Justo Jose de Urquiza,asd justo jose de urquiza,,unmatched,
odds_api_io_71459878,2026-05-16,18:00,home_team,CA Juventud de Las Piedras,ca juventud de las piedras,,unmatched,
odds_api_io_71459878,2026-05-16,18:00,away_team,CA Progreso,ca progreso,,unmatched,
odds_api_io_71459880,2026-05-16,21:30,home_team,CA Penarol Montevideo,ca penarol montevideo,,unmatched,
odds_api_io_71459880,2026-05-16,21:30,away_team,Liverpool Montevideo,liverpool montevideo,,unmatched,
odds_api_io_71495712,2026-05-16,22:30,home_team,CA River Plate (ARG),ca river plate (arg),,unmatched,
odds_api_io_71495712,2026-05-16,22:30,away_team,CA Rosario Central,ca rosario central,,unmatched,
odds_api_io_71475804,2026-05-16,16:00,home_team,CA River Plate (URU),ca river plate (uru),,unmatched,
odds_api_io_71475804,2026-05-16,16:00,away_team,Paysandu FC,paysandu,,unmatched,
odds_api_io_67119324,2026-05-16,18:30,home_team,CA Villa San Carlos,ca villa san carlos,,unmatched,
odds_api_io_67119324,2026-05-16,18:30,away_team,Argentino de Merlo,argentino de merlo,,unmatched,
odds_api_io_71466052,2026-05-16,14:00,home_team,Calcio Lecco 1912 U19,calcio lecco 1912 u19,,unmatched,
odds_api_io_71466052,2026-05-16,14:00,away_team,Pisa Calcio,pisa calcio,,unmatched,
odds_api_io_67904142,2026-05-16,07:00,home_team,Caloundra FC,caloundra,,unmatched,
odds_api_io_67904142,2026-05-16,07:00,away_team,Grange Thistle,grange thistle,,unmatched,
odds_api_io_70320270,2026-05-16,22:00,home_team,Capital CF DF,capital df,,unmatched,
odds_api_io_70320270,2026-05-16,22:00,away_team,Ceilandia EC DF,ceilandia ec df,,unmatched,
odds_api_io_61712378,2026-05-16,12:00,home_team,FC Carl Zeiss Jena,carl zeiss jena,,unmatched,
odds_api_io_61712378,2026-05-16,12:00,away_team,FC Rot-Weiss Erfurt,rot-weiss erfurt,,unmatched,
odds_api_io_62509066,2026-05-16,23:00,home_team,Carolina Ascent,carolina ascent,,unmatched,
odds_api_io_62509066,2026-05-16,23:00,away_team,Sporting Jacksonville,sporting jacksonville,,unmatched,
odds_api_io_68156614,2026-05-16,22:00,home_team,Carolina Core FC,carolina core,,unmatched,
odds_api_io_68156614,2026-05-16,22:00,away_team,Chicago Fire FC II,chicago fire ii,,unmatched,
odds_api_io_62037498,2026-05-16,16:00,home_team,Cartusia Kartuzy,cartusia kartuzy,,unmatched,
odds_api_io_62037498,2026-05-16,16:00,away_team,Pogon Nowe Skalmierzyce,pogon nowe skalmierzyce,,unmatched,
fd_P1_2026-05-16_Casa_Pia_Rio_Ave,2026-05-16,18:00,home_team,Casa Pia,casa pia,,unmatched,
fd_P1_2026-05-16_Casa_Pia_Rio_Ave,2026-05-16,18:00,away_team,Rio Ave,rio ave,,unmatched,
odds_api_io_61731550,2026-05-16,17:00,home_team,Casa Pia Lisbon,casa pia lisbon,,unmatched,
odds_api_io_61731550,2026-05-16,17:00,away_team,Rio Ave FC,rio ave,,unmatched,
odds_api_io_68097898,2026-05-16,19:00,home_team,CD Cobreloa Calama,cd cobreloa calama,,unmatched,
odds_api_io_68097898,2026-05-16,19:00,away_team,Deportes Copiapo,deportes copiapo,,unmatched,
odds_api_io_71432872,2026-05-16,20:00,home_team,CD Inca,cd inca,,unmatched,
odds_api_io_71432872,2026-05-16,20:00,away_team,Atletico Balboa,atletico balboa,,unmatched,
odds_api_io_71218648,2026-05-16,02:15,home_team,CD Marathon San Pedro Sula,cd marathon san pedro sula,,unmatched,
odds_api_io_71218648,2026-05-16,02:15,away_team,CD Olimpia Tegucigalpa,cd olimpia tegucigalpa,,unmatched,
odds_api_io_67681864,2026-05-16,21:30,home_team,CD O´Higgins,cd o´higgins,,unmatched,
odds_api_io_67681864,2026-05-16,21:30,away_team,Universidad de Concepcion,universidad de concepcion,,unmatched,
odds_api_io_71379424,2026-05-16,20:00,home_team,CD Real Santander,cd real santander,,unmatched,
odds_api_io_71379424,2026-05-16,20:00,away_team,CDP Junior FC,cdp junior,,unmatched,
odds_api_io_61687626,2026-05-16,19:00,home_team,CD Teruel,cd teruel,,unmatched,
odds_api_io_61687626,2026-05-16,19:00,away_team,Atletico Sanluqueno,atletico sanluqueno,,unmatched,
odds_api_io_71507330,2026-05-16,23:00,home_team,CD Tolima,cd tolima,,unmatched,
odds_api_io_71507330,2026-05-16,23:00,away_team,Atletico Nacional Medellin,atletico nacional medellin,,unmatched,
odds_api_io_67119330,2026-05-16,18:30,home_team,CD UAI Urquiza,cd uai urquiza,,unmatched,
odds_api_io_67119330,2026-05-16,18:30,away_team,Villa Dalmine,villa dalmine,,unmatched,
odds_api_io_68687652,2026-05-16,21:30,home_team,CD Universidad Catolica del Ecuador,cd universidad catolica del ecuador,,unmatched,
odds_api_io_68687652,2026-05-16,21:30,away_team,Delfin SC,delfin sc,,unmatched,
odds_api_io_61737724,2026-05-16,14:00,home_team,CE Carroi,ce carroi,,unmatched,
odds_api_io_61737724,2026-05-16,14:00,away_team,Inter Club de Escaldes,inter club de escaldes,,unmatched,
odds_api_io_70320268,2026-05-16,20:00,home_team,CE Operario Varzea-Grandense MT,ce operario varzea-grandense mt,,unmatched,
odds_api_io_70320268,2026-05-16,20:00,away_team,Uniao EC MT,uniao ec mt,,unmatched,
odds_api_io_61687624,2026-05-16,19:00,home_team,CE Sabadell FC,ce sabadell,,unmatched,
odds_api_io_61687624,2026-05-16,19:00,away_team,Antequera CF,antequera,,unmatched,
fd_SC0_2026-05-16_Celtic_Hearts,2026-05-16,12:30,home_team,Celtic,celtic,,unmatched,
fd_SC0_2026-05-16_Celtic_Hearts,2026-05-16,12:30,away_team,Hearts,hearts,,unmatched,
odds_api_io_70674832,2026-05-16,11:30,home_team,Celtic Glasgow,celtic glasgow,,unmatched,
odds_api_io_70674832,2026-05-16,11:30,away_team,Heart of Midlothian FC,heart of midlothian,,unmatched,
odds_api_io_67122886,2026-05-16,18:30,home_team,Centro Espanol,centro espanol,,unmatched,
odds_api_io_67122886,2026-05-16,18:30,away_team,CA Fenix Pilar,ca fenix pilar,,unmatched,
odds_api_io_67266628,2026-05-16,04:00,home_team,Cerezo Osaka Sakai Ladies,cerezo osaka sakai ladies,,unmatched,
odds_api_io_67266628,2026-05-16,04:00,away_team,AC Nagano Parceiro,ac nagano parceiro,,unmatched,
odds_api_io_71478624,2026-05-16,21:30,home_team,Cerro Porteno,cerro porteno,,unmatched,
odds_api_io_71478624,2026-05-16,21:30,away_team,Recoleta FC,recoleta,,unmatched,
fd_SP2_2026-05-16_Ceuta_Malaga,2026-05-16,15:15,home_team,Ceuta,ceuta,,suggested_alias_needed,Celta
fd_SP2_2026-05-16_Ceuta_Malaga,2026-05-16,15:15,away_team,Malaga,malaga,,unmatched,
fd_B1_2026-05-16_Charleroi_Westerlo,2026-05-16,15:00,home_team,Charleroi,charleroi,,unmatched,
fd_B1_2026-05-16_Charleroi_Westerlo,2026-05-16,15:00,away_team,Westerlo,westerlo,,unmatched,
odds_api_io_67807824,2026-05-16,06:00,home_team,Charlestown Azzurri FC,charlestown azzurri,,unmatched,
odds_api_io_67807824,2026-05-16,06:00,away_team,Adamstown Rosebud JFC,adamstown rosebud j,,unmatched,
odds_api_io_66299176,2026-05-16,23:30,home_team,Charlotte FC,charlotte,,unmatched,
odds_api_io_66299176,2026-05-16,23:30,away_team,Toronto FC,toronto,,unmatched,
odds_api_io_71096656,2026-05-16,14:00,home_team,Chelsea FC,chelsea,Chelsea,exact_normalized,
odds_api_io_71096656,2026-05-16,14:00,away_team,Manchester City,manchester city,,unmatched,
odds_api_io_62322498,2026-05-16,12:00,home_team,Chelsea FC,chelsea,Chelsea,exact_normalized,
odds_api_io_62322498,2026-05-16,12:00,away_team,Manchester United WFC,manchester united w,,unmatched,
odds_api_io_68746510,2026-05-16,11:30,home_team,Chennaiyin FC,chennaiyin,,unmatched,
odds_api_io_68746510,2026-05-16,11:30,away_team,Bengaluru FC,bengaluru,,unmatched,
odds_api_io_61840784,2026-05-16,13:30,home_team,FC Chernomorets Odessa,chernomorets odessa,,unmatched,
odds_api_io_61840784,2026-05-16,13:30,away_team,FC Livyi Bereh Kyiv,livyi bereh kyiv,,unmatched,
odds_api_io_62670407,2026-05-16,13:00,home_team,Chippa United FC,chippa united,,unmatched,
odds_api_io_62670407,2026-05-16,13:00,away_team,Lamontville Golden Arrows,lamontville golden arrows,,unmatched,
odds_api_io_70381480,2026-05-16,12:30,home_team,Chitipa United,chitipa united,,unmatched,
odds_api_io_70381480,2026-05-16,12:30,away_team,Civil Service United FC,civil service united,,unmatched,
odds_api_io_69090836,2026-05-16,23:00,home_team,Christos FC,christos,,unmatched,
odds_api_io_69090836,2026-05-16,23:00,away_team,Lionsbridge FC,lionsbridge,,unmatched,
odds_api_io_63004419,2026-05-16,17:30,home_team,Chrobry Glogow,chrobry glogow,,unmatched,
odds_api_io_63004419,2026-05-16,17:30,away_team,MKS Znicz Pruszkow,mks znicz pruszkow,,unmatched,
odds_api_io_68916292,2026-05-16,05:00,home_team,Chuncheon FC,chuncheon,,unmatched,
odds_api_io_68916292,2026-05-16,05:00,away_team,Jeonbuk FC II,jeonbuk ii,,unmatched,
odds_api_io_71453182,2026-05-16,15:00,home_team,Club America,club america,,unmatched,
odds_api_io_71453182,2026-05-16,15:00,away_team,Guadalajara,guadalajara,,unmatched,
odds_api_io_71464110,2026-05-16,19:30,home_team,Club Atletico Barinas,club atletico barinas,,unmatched,
odds_api_io_71464110,2026-05-16,19:30,away_team,Barquisimeto SC,barquisimeto sc,,unmatched,
odds_api_io_70221532,2026-05-16,11:30,home_team,Club Brugge YLA,club brugge yla,,unmatched,
odds_api_io_70221532,2026-05-16,11:30,away_team,Oud-Heverlee Leuven,oud-heverlee leuven,,unmatched,
odds_api_io_61687616,2026-05-16,19:00,home_team,Club Deportivo Eldense,club deportivo eldense,,unmatched,
odds_api_io_61687616,2026-05-16,19:00,away_team,Atletico Madrid B,atletico madrid b,,unmatched,
odds_api_io_67122880,2026-05-16,18:30,home_team,Club El Porvenir,club el porvenir,,unmatched,
odds_api_io_67122880,2026-05-16,18:30,away_team,Juventud Unida San Miguel,juventud unida san miguel,,unmatched,
odds_api_io_68042482,2026-05-16,20:15,home_team,Club Guarani Asuncion,club guarani asuncion,,unmatched,
odds_api_io_68042482,2026-05-16,20:15,away_team,Sportivo Ameliano,sportivo ameliano,,unmatched,
odds_api_io_69767604,2026-05-16,07:00,home_team,Cockburn City,cockburn city,,unmatched,
odds_api_io_69767604,2026-05-16,07:00,away_team,Joondalup City,joondalup city,,unmatched,
odds_api_io_69768174,2026-05-16,05:00,home_team,Cockburn City SC Reserves,cockburn city sc reserves,,unmatched,
odds_api_io_69768174,2026-05-16,05:00,away_team,Joondalup City FC Reserve,joondalup city reserve,,unmatched,
odds_api_io_62214274,2026-05-16,16:00,home_team,Colmar,colmar,,unmatched,
odds_api_io_62214274,2026-05-16,16:00,away_team,Wasquehal Football,wasquehal football,,unmatched,
odds_api_io_71475806,2026-05-16,19:00,home_team,Colon FC,colon,,unmatched,
odds_api_io_71475806,2026-05-16,19:00,away_team,Plaza Colonia,plaza colonia,,unmatched,
odds_api_io_71439906,2026-05-16,14:00,home_team,Corluspor 1947,corluspor 1947,,unmatched,
odds_api_io_71439906,2026-05-16,14:00,away_team,Malatya Yesilyurt Belediyespor,malatya yesilyurt belediyespor,,unmatched,
odds_api_io_68971750,2026-05-16,18:00,home_team,CR Vasco da Gama RJ,cr vasco da gama rj,,unmatched,
odds_api_io_68971750,2026-05-16,18:00,away_team,Rio Negro RR,rio negro rr,,unmatched,
odds_api_io_70381478,2026-05-16,12:30,home_team,Creck SC,creck sc,,unmatched,
odds_api_io_70381478,2026-05-16,12:30,away_team,Kamuzu Barracks FC,kamuzu barracks,,unmatched,
odds_api_io_68751790,2026-05-16,18:00,home_team,Criciuma EC SC,criciuma ec sc,,unmatched,
odds_api_io_68751790,2026-05-16,18:00,away_team,Fluminense FC RJ,fluminense rj,,unmatched,
odds_api_io_70881726,2026-05-16,22:45,home_team,CS Cienciano,cs cienciano,,unmatched,
odds_api_io_70881726,2026-05-16,22:45,away_team,Alianza Lima,alianza lima,,unmatched,
odds_api_io_71421860,2026-05-16,08:00,home_team,CS Dinamo Bucuresti,cs dinamo bucuresti,,unmatched,
odds_api_io_71421860,2026-05-16,08:00,away_team,CSC 1599 Selimbar,csc 1599 selimbar,,unmatched,
odds_api_io_67119314,2026-05-16,18:30,home_team,CS Dock Sud,cs dock sud,,unmatched,
odds_api_io_67119314,2026-05-16,18:30,away_team,CSD Flandria,csd flandria,,unmatched,
odds_api_io_68664048,2026-05-16,09:00,home_team,CS. Dong Thap,cs dong thap,,unmatched,
odds_api_io_68664048,2026-05-16,09:00,away_team,Long An FC,long an,,unmatched,
odds_api_io_71464028,2026-05-16,21:00,home_team,CS Maritimo de la Guaira,cs maritimo de la guaira,,unmatched,
odds_api_io_71464028,2026-05-16,21:00,away_team,Aragua FC,aragua,,unmatched,
odds_api_io_71325532,2026-05-16,20:15,home_team,CS Santos FC,cs santos,,unmatched,
odds_api_io_71325532,2026-05-16,20:15,away_team,Bentin Tacna Heroica,bentin tacna heroica,,unmatched,
odds_api_io_69910282,2026-05-16,08:00,home_team,Csa Steaua Bucuresti,csa steaua bucuresti,,unmatched,
odds_api_io_69910282,2026-05-16,08:00,away_team,SC FC Voluntari,sc voluntari,,unmatched,
odds_api_io_67119326,2026-05-16,18:30,home_team,CSD Liniers,csd liniers,,unmatched,
odds_api_io_67119326,2026-05-16,18:30,away_team,Arsenal de Sarandi,arsenal de sarandi,,unmatched,
odds_api_io_68687646,2026-05-16,19:00,home_team,CSD Macara,csd macara,,unmatched,
odds_api_io_68687646,2026-05-16,19:00,away_team,CSD Independiente del Valle,csd independiente del valle,,unmatched,
odds_api_io_71512054,2026-05-16,15:00,home_team,Csd Macara,csd macara,,unmatched,
odds_api_io_71512054,2026-05-16,15:00,away_team,Deportivo Ibarra,deportivo ibarra,,unmatched,
odds_api_io_71325528,2026-05-16,18:00,home_team,CSDC Alianza Universidad,csdc alianza universidad,,unmatched,
odds_api_io_71325528,2026-05-16,18:00,away_team,CD Estudiantil Cni,cd estudiantil cni,,unmatched,
odds_api_io_70905776,2026-05-16,13:00,home_team,FC CSKA 1948,cska 1948,,unmatched,
odds_api_io_70905776,2026-05-16,13:00,away_team,PFC Ludogorets 1945 Razgrad,p ludogorets 1945 razgrad,,unmatched,
odds_api_io_68156616,2026-05-16,22:00,home_team,CT United FC,ct united,,unmatched,
odds_api_io_68156616,2026-05-16,22:00,away_team,Toronto FC II,toronto ii,,unmatched,
odds_api_io_71335210,2026-05-16,20:30,home_team,Cucuta Deportivo FC,cucuta deportivo,,unmatched,
odds_api_io_71335210,2026-05-16,20:30,away_team,Itagui Leones FC,itagui leones,,unmatched,
odds_api_io_68822902,2026-05-16,23:30,home_team,Cuiaba EC MT,cuiaba ec mt,,unmatched,
odds_api_io_68822902,2026-05-16,23:30,away_team,Gremio Novorizontino SP,gremio novorizontino sp,,unmatched,
fd_SP2_2026-05-16_Cultural_Leonesa_Eibar,2026-05-16,15:15,home_team,Cultural Leonesa,cultural leonesa,,unmatched,
fd_SP2_2026-05-16_Cultural_Leonesa_Eibar,2026-05-16,15:15,away_team,Eibar,eibar,,unmatched,
odds_api_io_61623904,2026-05-16,14:15,home_team,Cultural Leonesa,cultural leonesa,,unmatched,
odds_api_io_61623904,2026-05-16,14:15,away_team,SD Eibar,sd eibar,,unmatched,
odds_api_io_68097900,2026-05-16,21:30,home_team,Curico Unido,curico unido,,unmatched,
odds_api_io_68097900,2026-05-16,21:30,away_team,Santiago Wanderers,santiago wanderers,,unmatched,
odds_api_io_69768168,2026-05-16,05:00,home_team,Curtin University SC Reserves,curtin university sc reserves,,unmatched,
odds_api_io_69768168,2026-05-16,05:00,away_team,Murdoch University Melville FC Reserves,murdoch university melville reserves,,unmatched,
odds_api_io_69463468,2026-05-16,15:00,home_team,DAC 1904 Dunajska Streda,dac 1904 dunajska streda,,unmatched,
odds_api_io_69463468,2026-05-16,15:00,away_team,FC Spartak Trnava,spartak trnava,,unmatched,
odds_api_io_67817702,2026-05-16,07:30,home_team,Daejeon Citizen FC,daejeon citizen,,unmatched,
odds_api_io_67817702,2026-05-16,07:30,away_team,FC Seoul,seoul,,unmatched,
odds_api_io_68377666,2026-05-16,12:00,home_team,Dalstorps IF,dalstorps if,,unmatched,
odds_api_io_68377666,2026-05-16,12:00,away_team,Astorps FF,astorps ff,,unmatched,
odds_api_io_68161320,2026-05-16,05:00,home_team,Dandenong City SC,dandenong city sc,,unmatched,
odds_api_io_68161320,2026-05-16,05:00,away_team,Oakleigh Cannons FC,oakleigh cannons,,unmatched,
odds_api_io_68161318,2026-05-16,03:00,home_team,Dandenong Thunder FC,dandenong thunder,,unmatched,
odds_api_io_68161318,2026-05-16,03:00,away_team,ST Albans Saints Dinamo SC,st albans saints dinamo sc,,unmatched,
odds_api_io_68916294,2026-05-16,05:00,home_team,Dangjin Citizen,dangjin citizen,,unmatched,
odds_api_io_68916294,2026-05-16,05:00,away_team,Daejeon Korail FC,daejeon korail,,unmatched,
odds_api_io_66299178,2026-05-16,23:30,home_team,DC United,dc united,,unmatched,
odds_api_io_66299178,2026-05-16,23:30,away_team,Saint Louis City SC,saint louis city sc,,unmatched,
odds_api_io_62214026,2026-05-16,16:00,home_team,FC De Montlouis,de montlouis,,unmatched,
odds_api_io_62214026,2026-05-16,16:00,away_team,US Saint-Malo,us saint-malo,,unmatched,
odds_api_io_67343110,2026-05-16,12:00,home_team,Debreceni VSC,debreceni vsc,,unmatched,
odds_api_io_67343110,2026-05-16,12:00,away_team,Gyori ETO FC,gyori eto,,unmatched,
odds_api_io_61272927,2026-05-16,15:15,home_team,Debreceni VSC,debreceni vsc,,unmatched,
odds_api_io_61272927,2026-05-16,15:15,away_team,Ujpest FC Budapest,ujpest budapest,,unmatched,
odds_api_io_71496248,2026-05-16,18:00,home_team,Defensor SC Montevideo,defensor sc montevideo,,unmatched,
odds_api_io_71496248,2026-05-16,18:00,away_team,CA Penarol Montevideo,ca penarol montevideo,,unmatched,
odds_api_io_68097902,2026-05-16,16:30,home_team,Deportes Magallanes,deportes magallanes,,unmatched,
odds_api_io_68097902,2026-05-16,16:30,away_team,Deportes Recoleta,deportes recoleta,,unmatched,
odds_api_io_67119318,2026-05-16,18:00,home_team,Deportivo Camioneros,deportivo camioneros,,unmatched,
odds_api_io_67119318,2026-05-16,18:00,away_team,CA Brown de Adrogue,ca brown de adrogue,,unmatched,
odds_api_io_71464114,2026-05-16,21:00,home_team,Deportivo Lara,deportivo lara,,unmatched,
odds_api_io_71464114,2026-05-16,21:00,away_team,Real Frontera FC,real frontera,,unmatched,
odds_api_io_67119316,2026-05-16,22:00,home_team,Deportivo Merlo,deportivo merlo,,unmatched,
odds_api_io_67119316,2026-05-16,22:00,away_team,CD Armenio,cd armenio,,unmatched,
odds_api_io_61894052,2026-05-16,15:00,home_team,FC Deutschkreutz,deutschkreutz,,unmatched,
odds_api_io_61894052,2026-05-16,15:00,away_team,ASK Horitschon/U,ask horitschon/u,,unmatched,
odds_api_io_69115200,2026-05-16,09:00,home_team,Dianella White Eagles SC,dianella white eagles sc,,unmatched,
odds_api_io_69115200,2026-05-16,09:00,away_team,Balcatta,balcatta,,unmatched,
odds_api_io_69115736,2026-05-16,07:00,home_team,Dianella White Eagles SC,dianella white eagles sc,,unmatched,
odds_api_io_69115736,2026-05-16,07:00,away_team,Balcatta Etna FC,balcatta etna,,unmatched,
odds_api_io_70224426,2026-05-16,17:00,home_team,FC Dinamo Batumi,dinamo batumi,,unmatched,
odds_api_io_70224426,2026-05-16,17:00,away_team,FC Meshakhte Tkibuli,meshakhte tkibuli,,unmatched,
odds_api_io_69785250,2026-05-16,18:00,home_team,FC Dinamo Bucuresti 1948,dinamo bucuresti 1948,,unmatched,
odds_api_io_69785250,2026-05-16,18:00,away_team,FC CFR 1907 Cluj,r 1907 cluj,,unmatched,
odds_api_io_70224428,2026-05-16,15:00,home_team,FC Dinamo Tbilisi,dinamo tbilisi,,unmatched,
odds_api_io_70224428,2026-05-16,15:00,away_team,FC Iberia 1999,iberia 1999,,unmatched,
odds_api_io_62214008,2026-05-16,16:00,home_team,Dinan-Lehon FC,dinan-lehon,,unmatched,
odds_api_io_62214008,2026-05-16,16:00,away_team,Angouleme Charente FC,angouleme charente,,unmatched,
odds_api_io_61272925,2026-05-16,15:15,home_team,Diosgyori VTK,diosgyori vtk,,unmatched,
odds_api_io_61272925,2026-05-16,15:15,away_team,Paksi FC,paksi,,unmatched,
odds_api_io_61854760,2026-05-16,12:00,home_team,DJK Vilzing,djk vilzing,,unmatched,
odds_api_io_61854760,2026-05-16,12:00,away_team,Greuther Furth II,greuther furth ii,,unmatched,
odds_api_io_66855362,2026-05-16,14:00,home_team,DLR Waves,dlr waves,,unmatched,
odds_api_io_66855362,2026-05-16,14:00,away_team,Cork City Wfc,cork city w,,unmatched,
odds_api_io_68971746,2026-05-16,18:00,home_team,Doce Mel EC BA,doce mel ec ba,,unmatched,
odds_api_io_68971746,2026-05-16,18:00,away_team,Perolas Negras RJ,perolas negras rj,,unmatched,
odds_api_io_71495160,2026-05-16,14:30,home_team,FC Dordoi Bishkek,dordoi bishkek,,unmatched,
odds_api_io_71495160,2026-05-16,14:30,away_team,FC Ozgon,ozgon,,unmatched,
odds_api_io_67691604,2026-05-16,07:00,home_team,Dulwich Hill,dulwich hill,,unmatched,
odds_api_io_67691604,2026-05-16,07:00,away_team,Rydalmere Lions FC,rydalmere lions,,unmatched,
odds_api_io_67692244,2026-05-16,09:00,home_team,Dunbar Rovers FC,dunbar rovers,,unmatched,
odds_api_io_67692244,2026-05-16,09:00,away_team,Fraser Park FC,fraser park,,unmatched,
odds_api_io_71267594,2026-05-16,07:30,home_team,Dynamic Herb Cebu FC,dynamic herb cebu,,unmatched,
odds_api_io_71267594,2026-05-16,07:30,away_team,Manila Digger FC,manila digger,,unmatched,
odds_api_io_68954838,2026-05-16,15:30,home_team,Dziugas,dziugas,,unmatched,
odds_api_io_68954838,2026-05-16,15:30,away_team,FK Banga Gargzdai,fk banga gargzdai,,unmatched,
odds_api_io_69460610,2026-05-16,06:00,home_team,East Coast Bays,east coast bays,,unmatched,
odds_api_io_69460610,2026-05-16,06:00,away_team,Eastern Suburbs AFC,eastern suburbs a,,unmatched,
odds_api_io_70813642,2026-05-16,10:00,home_team,Eastern District,eastern district,,unmatched,
odds_api_io_70813642,2026-05-16,10:00,away_team,Hong Kong Rangers,hong kong rangers,,unmatched,
odds_api_io_68215842,2026-05-16,19:00,home_team,EC Bahia BA,ec bahia ba,,unmatched,
odds_api_io_68215842,2026-05-16,19:00,away_team,SC Internacional RS,sc internacional rs,,unmatched,
odds_api_io_68751774,2026-05-16,18:00,home_team,EC Juventude RS,ec juventude rs,,unmatched,
odds_api_io_68751774,2026-05-16,18:00,away_team,CR Flamengo RJ,cr flamengo rj,,unmatched,
odds_api_io_70323182,2026-05-16,20:00,home_team,EC Noroeste SP,ec noroeste sp,,unmatched,
odds_api_io_70323182,2026-05-16,20:00,away_team,AE Velo Clube SP,ae velo clube sp,,unmatched,
odds_api_io_71243190,2026-05-16,14:00,home_team,Edinburgh City FC,edinburgh city,,unmatched,
odds_api_io_71243190,2026-05-16,14:00,away_team,Brora Rangers,brora rangers,,unmatched,
odds_api_io_68728642,2026-05-16,05:00,home_team,Ehime FC Ladies,ehime ladies,,unmatched,
odds_api_io_68728642,2026-05-16,05:00,away_team,NHK Spring Yokohama FC Seagulls,nhk spring yokohama seagulls,,unmatched,
odds_api_io_61712392,2026-05-16,12:00,home_team,FC Eilenburg,eilenburg,,unmatched,
odds_api_io_61712392,2026-05-16,12:00,away_team,Hallescher FC,hallescher,,unmatched,
fd_D1_2026-05-16_Ein_Frankfurt_Stuttgart,2026-05-16,14:30,home_team,Ein Frankfurt,ein frankfurt,Ein Frankfurt,exact_normalized,
fd_D1_2026-05-16_Ein_Frankfurt_Stuttgart,2026-05-16,14:30,away_team,Stuttgart,stuttgart,Stuttgart,exact_normalized,
odds_api_io_61515278,2026-05-16,13:30,home_team,Eintracht Frankfurt,eintracht frankfurt,,suggested_alias_needed,Ein Frankfurt
odds_api_io_61515278,2026-05-16,13:30,away_team,VfB Stuttgart,vfb stuttgart,,suggested_alias_needed,Stuttgart
odds_api_io_62284590,2026-05-16,16:00,home_team,Eintracht Norderstedt,eintracht norderstedt,,unmatched,
odds_api_io_62284590,2026-05-16,16:00,away_team,HSC Hannover,hsc hannover,,unmatched,
odds_api_io_61859544,2026-05-16,12:00,home_team,Eintracht Trier,eintracht trier,,unmatched,
odds_api_io_61859544,2026-05-16,12:00,away_team,TSV Schott Mainz,tsv schott mainz,,unmatched,
odds_api_io_70381484,2026-05-16,12:30,home_team,Ekhaya FC,ekhaya,,unmatched,
odds_api_io_70381484,2026-05-16,12:30,away_team,Moyale Barracks,moyale barracks,,unmatched,
odds_api_io_71426262,2026-05-16,13:00,home_team,Encarnacion FC,encarnacion,,unmatched,
odds_api_io_71426262,2026-05-16,13:00,away_team,CA Tembetary Ypane,ca tembetary ypane,,unmatched,
odds_api_io_62214276,2026-05-16,16:00,home_team,Entente Feignies Aulnoye,entente feignies aulnoye,,unmatched,
odds_api_io_62214276,2026-05-16,16:00,away_team,FCSR Haguenau,sr haguenau,,unmatched,
odds_api_io_71339478,2026-05-16,17:00,home_team,Erbil SC,erbil sc,,unmatched,
odds_api_io_71339478,2026-05-16,17:00,away_team,Newroz SC,newroz sc,,unmatched,
odds_api_io_71343136,2026-05-16,17:00,home_team,ES Setif,es setif,,unmatched,
odds_api_io_71343136,2026-05-16,17:00,away_team,CR Belouizdad,cr belouizdad,,unmatched,
odds_api_io_68162378,2026-05-16,05:00,home_team,Essendon Royals SC,essendon royals sc,,unmatched,
odds_api_io_68162378,2026-05-16,05:00,away_team,South Melbourne FC,south melbourne,,unmatched,
odds_api_io_68159812,2026-05-16,02:30,home_team,Essendon Royals SC U20,essendon royals sc u20,,unmatched,
odds_api_io_68159812,2026-05-16,02:30,away_team,South Melbourne FC U20,south melbourne u20,,unmatched,
fd_P1_2026-05-16_Estoril_Benfica,2026-05-16,20:30,home_team,Estoril,estoril,,unmatched,
fd_P1_2026-05-16_Estoril_Benfica,2026-05-16,20:30,away_team,Benfica,benfica,,unmatched,
odds_api_io_61731546,2026-05-16,19:30,home_team,Estoril Praia,estoril praia,,unmatched,
odds_api_io_61731546,2026-05-16,19:30,away_team,SL Benfica,sl benfica,,unmatched,
odds_api_io_62322500,2026-05-16,12:00,home_team,Everton FC,everton,Everton,exact_normalized,
odds_api_io_62322500,2026-05-16,12:00,away_team,Leicester City WFC,leicester city w,,unmatched,
odds_api_io_61967614,2026-05-16,13:30,home_team,Excelsior Maassluis,excelsior maassluis,,unmatched,
odds_api_io_61967614,2026-05-16,13:30,away_team,Jong Almere City FC,jong almere city,,unmatched,
odds_api_io_70730728,2026-05-16,12:00,home_team,FA 2000,fa 2000,,unmatched,
odds_api_io_70730728,2026-05-16,12:00,away_team,Vanloese IF,vanloese if,,unmatched,
odds_api_io_70674834,2026-05-16,11:30,home_team,Falkirk FC,falkirk,,unmatched,
odds_api_io_70674834,2026-05-16,11:30,away_team,Glasgow Rangers,glasgow rangers,,unmatched,
fd_SC0_2026-05-16_Falkirk_Rangers,2026-05-16,12:30,home_team,Falkirk,falkirk,,unmatched,
fd_SC0_2026-05-16_Falkirk_Rangers,2026-05-16,12:30,away_team,Rangers,rangers,,suggested_alias_needed,Angers
fd_P1_2026-05-16_Famalicao_Alverca,2026-05-16,20:30,home_team,Famalicao,famalicao,,unmatched,
fd_P1_2026-05-16_Famalicao_Alverca,2026-05-16,20:30,away_team,Alverca,alverca,,unmatched,
odds_api_io_61731540,2026-05-16,19:30,home_team,FC Famalicao,famalicao,,unmatched,
odds_api_io_61731540,2026-05-16,19:30,away_team,FC Alverca SAD,alverca sad,,unmatched,
odds_api_io_67802920,2026-05-16,10:00,home_team,FC Famalicao,famalicao,,unmatched,
odds_api_io_67802920,2026-05-16,10:00,away_team,SL Benfica,sl benfica,,unmatched,
odds_api_io_63039303,2026-05-16,11:00,home_team,Fatih Karagumruk,fatih karagumruk,,unmatched,
odds_api_io_63039303,2026-05-16,11:00,away_team,Aytemiz Alanyaspor,aytemiz alanyaspor,,unmatched,
odds_api_io_61730244,2026-05-16,14:00,home_team,Fatih Karagumruk Istanbul,fatih karagumruk istanbul,,unmatched,
odds_api_io_61730244,2026-05-16,14:00,away_team,Alanyaspor,alanyaspor,,unmatched,
odds_api_io_70881720,2026-05-16,18:00,home_team,FBC Melgar,fbc melgar,,unmatched,
odds_api_io_70881720,2026-05-16,18:00,away_team,Sport Huancayo,sport huancayo,,unmatched,
odds_api_io_69460612,2026-05-16,06:30,home_team,Fencibles United FC,fencibles united,,unmatched,
odds_api_io_69460612,2026-05-16,06:30,away_team,Birkenhead United AFC,birkenhead united a,,unmatched,
odds_api_io_61272929,2026-05-16,15:15,home_team,Ferencvarosi Budapest,ferencvarosi budapest,,unmatched,
odds_api_io_61272929,2026-05-16,15:15,away_team,Zalaegerszeg TE,zalaegerszeg te,,unmatched,
odds_api_io_69255022,2026-05-16,22:30,home_team,Figueirense FC SC,figueirense sc,,unmatched,
odds_api_io_69255022,2026-05-16,22:30,away_team,AO Itabaiana SE,ao itabaiana se,,unmatched,
odds_api_io_70633272,2026-05-16,12:00,home_team,First Vienna FC 1894,first vienna 1894,,unmatched,
odds_api_io_70633272,2026-05-16,12:00,away_team,LASK,lask,,unmatched,
odds_api_io_68048868,2026-05-16,07:30,home_team,FK Beograd,fk beograd,,unmatched,
odds_api_io_68048868,2026-05-16,07:30,away_team,Campbelltown City SC,campbelltown city sc,,unmatched,
odds_api_io_69078170,2026-05-16,18:00,home_team,FK Bokelj Kotor,fk bokelj kotor,,unmatched,
odds_api_io_69078170,2026-05-16,18:00,away_team,FK Arsenal Tivat,fk arsenal tivat,,unmatched,
odds_api_io_61737330,2026-05-16,16:00,home_team,FK Borac Banja Luka,fk borac banja luka,,unmatched,
odds_api_io_61737330,2026-05-16,16:00,away_team,FK Zeljeznicar Sarajevo,fk zeljeznicar sarajevo,,unmatched,
odds_api_io_69078162,2026-05-16,18:00,home_team,FK Buducnost,fk buducnost,,unmatched,
odds_api_io_69078162,2026-05-16,18:00,away_team,FK Mornar Bar,fk mornar bar,,unmatched,
odds_api_io_67915832,2026-05-16,13:00,home_team,FK Eik Toensberg 871,fk eik toensberg 871,,unmatched,
odds_api_io_67915832,2026-05-16,13:00,away_team,Mjoendalen IF,mjoendalen if,,unmatched,
odds_api_io_67017926,2026-05-16,14:00,home_team,FK Haugesund,fk haugesund,,unmatched,
odds_api_io_67017926,2026-05-16,14:00,away_team,Aasane Fotball,aasane fotball,,unmatched,
odds_api_io_70709024,2026-05-16,18:00,home_team,FK Javor Ivanjica,fk javor ivanjica,,unmatched,
odds_api_io_70709024,2026-05-16,18:00,away_team,FK Mladost Lucani,fk mladost lucani,,unmatched,
odds_api_io_69078166,2026-05-16,18:00,home_team,FK Jezero Plav,fk jezero plav,,unmatched,
odds_api_io_69078166,2026-05-16,18:00,away_team,OFK Mladost DG,ofk mladost dg,,unmatched,
odds_api_io_68344652,2026-05-16,12:00,home_team,FK Karlskrona,fk karlskrona,,unmatched,
odds_api_io_68344652,2026-05-16,12:00,away_team,Staffanstorp United,staffanstorp united,,unmatched,
odds_api_io_68954836,2026-05-16,11:15,home_team,FK Kauno Zalgiris,fk kauno zalgiris,,unmatched,
odds_api_io_68954836,2026-05-16,11:15,away_team,FA Siauliai,fa siauliai,,unmatched,
odds_api_io_67920362,2026-05-16,13:00,home_team,FK Mandalskameratene,fk mandalskameratene,,unmatched,
odds_api_io_67920362,2026-05-16,13:00,away_team,Vindbjart FK,vindbjart fk,,unmatched,
odds_api_io_69501864,2026-05-16,15:00,home_team,FK Metta / Lu,fk metta / lu,,unmatched,
odds_api_io_69501864,2026-05-16,15:00,away_team,JDFS Alberts,jdfs alberts,,unmatched,
odds_api_io_66606550,2026-05-16,15:00,home_team,FK Nachod,fk nachod,,unmatched,
odds_api_io_66606550,2026-05-16,15:00,away_team,FK Dobrovice,fk dobrovice,,unmatched,
odds_api_io_70709022,2026-05-16,18:00,home_team,FK Napredak Krusevac,fk napredak krusevac,,unmatched,
odds_api_io_70709022,2026-05-16,18:00,away_team,FK Radnicki 1923 Kragujevac,fk radnicki 1923 kragujevac,,unmatched,
odds_api_io_67921072,2026-05-16,12:00,home_team,FK Oern-Horten,fk oern-horten,,unmatched,
odds_api_io_67921072,2026-05-16,12:00,away_team,Bjoerkelangen,bjoerkelangen,,unmatched,
odds_api_io_62091692,2026-05-16,15:00,home_team,FK Pribram,fk pribram,,unmatched,
odds_api_io_62091692,2026-05-16,15:00,away_team,1.SK Prostejov,1sk prostejov,,unmatched,
odds_api_io_63534057,2026-05-16,15:00,home_team,FK Radnik Hadzici,fk radnik hadzici,,unmatched,
odds_api_io_63534057,2026-05-16,15:00,away_team,FK Igman Konjic,fk igman konjic,,unmatched,
odds_api_io_69501866,2026-05-16,17:00,home_team,FK Rfs II,fk rfs ii,,unmatched,
odds_api_io_69501866,2026-05-16,17:00,away_team,Leevon Ppk,leevon ppk,,unmatched,
odds_api_io_71238548,2026-05-16,15:00,home_team,FK Romanija Pale,fk romanija pale,,unmatched,
odds_api_io_71238548,2026-05-16,15:00,away_team,FK Zvijezda 09,fk zvijezda 09,,unmatched,
odds_api_io_61737328,2026-05-16,16:00,home_team,FK Sarajevo,fk sarajevo,,unmatched,
odds_api_io_61737328,2026-05-16,16:00,away_team,NK Siroki Brijeg,nk siroki brijeg,,unmatched,
odds_api_io_66606304,2026-05-16,15:00,home_team,FK Seko Louny,fk seko louny,,unmatched,
odds_api_io_66606304,2026-05-16,15:00,away_team,Tempo Prague,tempo prague,,unmatched,
odds_api_io_61737332,2026-05-16,16:00,home_team,FK Sloga Doboj,fk sloga doboj,,unmatched,
odds_api_io_61737332,2026-05-16,16:00,away_team,FK Radnik Bijeljina,fk radnik bijeljina,,unmatched,
odds_api_io_70709018,2026-05-16,18:00,home_team,FK Spartak Subotica,fk spartak subotica,,unmatched,
odds_api_io_70709018,2026-05-16,18:00,away_team,FK IMT Novi Beograd,fk imt novi beograd,,unmatched,
odds_api_io_70973654,2026-05-16,18:00,home_team,FK Sutjeska Niksic,fk sutjeska niksic,,unmatched,
odds_api_io_70973654,2026-05-16,18:00,away_team,FK Decic Tuzi,fk decic tuzi,,unmatched,
odds_api_io_69670712,2026-05-16,11:00,home_team,FK Tauras Taurage,fk tauras taurage,,unmatched,
odds_api_io_69670712,2026-05-16,11:00,away_team,FK Jonava,fk jonava,,unmatched,
odds_api_io_71085588,2026-05-16,15:00,home_team,FK Teplice,fk teplice,,unmatched,
odds_api_io_71085588,2026-05-16,15:00,away_team,Dukla Prague,dukla prague,,unmatched,
odds_api_io_70709020,2026-05-16,18:00,home_team,FK TSC Backa Topola,fk tsc backa topola,,unmatched,
odds_api_io_70709020,2026-05-16,18:00,away_team,FK Radnicki Nis,fk radnicki nis,,unmatched,
odds_api_io_63534055,2026-05-16,15:00,home_team,FK Tuzla City,fk tuzla city,,unmatched,
odds_api_io_63534055,2026-05-16,15:00,away_team,NK Celik Zenica,nk celik zenica,,unmatched,
odds_api_io_61326651,2026-05-16,15:00,home_team,FK Usti nad Labem,fk usti nad labem,,unmatched,
odds_api_io_61326651,2026-05-16,15:00,away_team,SK Slavia Prague B,sk slavia prague b,,unmatched,
odds_api_io_66606310,2026-05-16,08:30,home_team,FK Usti Nad Labem II,fk usti nad labem ii,,unmatched,
odds_api_io_66606310,2026-05-16,08:30,away_team,SK Ujezd Praha 4,sk ujezd praha 4,,unmatched,
odds_api_io_61737336,2026-05-16,16:00,home_team,FK Velez Mostar,fk velez mostar,,unmatched,
odds_api_io_61737336,2026-05-16,16:00,away_team,FK Rudar Prijedor,fk rudar prijedor,,unmatched,
odds_api_io_69255026,2026-05-16,22:30,home_team,Floresta EC CE,floresta ec ce,,unmatched,
odds_api_io_69255026,2026-05-16,22:30,away_team,Amazonas FC AM,amazonas am,,unmatched,
odds_api_io_71481668,2026-05-16,14:00,home_team,Floriana FC,floriana,,unmatched,
odds_api_io_71481668,2026-05-16,14:00,away_team,Marsaxlokk FC,marsaxlokk,,unmatched,
odds_api_io_66886778,2026-05-16,22:00,home_team,Fluminense FC RJ,fluminense rj,,unmatched,
odds_api_io_66886778,2026-05-16,22:00,away_team,Sao Paulo FC SP,sao paulo sp,,unmatched,
odds_api_io_67915578,2026-05-16,12:00,home_team,Follo,follo,,unmatched,
odds_api_io_67915578,2026-05-16,12:00,away_team,Loerenskog IF,loerenskog if,,unmatched,
odds_api_io_67844008,2026-05-16,23:30,home_team,Fort Wayne FC,fort wayne,,unmatched,
odds_api_io_67844008,2026-05-16,23:30,away_team,Indy Eleven,indy eleven,,unmatched,
odds_api_io_68751780,2026-05-16,18:00,home_team,Fortaleza EC CE,fortaleza ec ce,,unmatched,
odds_api_io_68751780,2026-05-16,18:00,away_team,Santos FC SP,santos sp,,unmatched,
odds_api_io_67844000,2026-05-16,22:00,home_team,Forward Madison FC,forward madison,,unmatched,
odds_api_io_67844000,2026-05-16,22:00,away_team,Detroit City FC,detroit city,,unmatched,
odds_api_io_67015180,2026-05-16,14:00,home_team,Fredrikstad FK,fredrikstad fk,,unmatched,
odds_api_io_67015180,2026-05-16,14:00,away_team,HamKam,hamkam,,unmatched,
fd_D1_2026-05-16_Freiburg_RB_Leipzig,2026-05-16,14:30,home_team,Freiburg,freiburg,Freiburg,exact_normalized,
fd_D1_2026-05-16_Freiburg_RB_Leipzig,2026-05-16,14:30,away_team,RB Leipzig,rb leipzig,RB Leipzig,exact_normalized,
odds_api_io_71415288,2026-05-16,05:00,home_team,Fremantle City FC,fremantle city,,unmatched,
odds_api_io_71415288,2026-05-16,05:00,away_team,Olympic Kingsway SC,olympic kingsway sc,,unmatched,
odds_api_io_61859542,2026-05-16,12:00,home_team,FSV Mainz II,fsv mainz ii,,unmatched,
odds_api_io_61859542,2026-05-16,12:00,away_team,SC Freiburg II,sc freiburg ii,,unmatched,
odds_api_io_62284594,2026-05-16,16:00,home_team,FSV Schoningen 2011,fsv schoningen 2011,,unmatched,
odds_api_io_62284594,2026-05-16,16:00,away_team,1. FC Phonix Lubeck,1 phonix lubeck,,unmatched,
odds_api_io_61712380,2026-05-16,12:00,home_team,FSV Zwickau,fsv zwickau,,unmatched,
odds_api_io_61712380,2026-05-16,12:00,away_team,BSG Chemie Leipzig,bsg chemie leipzig,,unmatched,
odds_api_io_67648142,2026-05-16,05:00,home_team,Fukushima United FC,fukushima united,,unmatched,
odds_api_io_67648142,2026-05-16,05:00,away_team,Hokkaido Consadole Sapporo,hokkaido consadole sapporo,,unmatched,
odds_api_io_61854748,2026-05-16,12:00,home_team,FV Illertissen,fv illertissen,,unmatched,
odds_api_io_61854748,2026-05-16,12:00,away_team,Schwaben Augsburg,schwaben augsburg,,unmatched,
odds_api_io_70224434,2026-05-16,13:00,home_team,FC Gagra,gagra,,unmatched,
odds_api_io_70224434,2026-05-16,13:00,away_team,FC Rustavi,rustavi,,unmatched,
odds_api_io_67126554,2026-05-16,13:00,home_team,GAIS,gais,,unmatched,
odds_api_io_67126554,2026-05-16,13:00,away_team,Degerfors IF,degerfors if,,unmatched,
odds_api_io_71501324,2026-05-16,16:30,home_team,Gambia Ports Authority,gambia ports authority,,unmatched,
odds_api_io_71501324,2026-05-16,16:30,away_team,Hart FC,hart,,unmatched,
odds_api_io_67473258,2026-05-16,13:00,home_team,Gamla Upsala SK,gamla upsala sk,,unmatched,
odds_api_io_67473258,2026-05-16,13:00,away_team,Linkopings FC,linkopings,,unmatched,
fd_T1_2026-05-16_Gaziantep_Buyuksehyr,2026-05-16,18:00,home_team,Gaziantep,gaziantep,,unmatched,
fd_T1_2026-05-16_Gaziantep_Buyuksehyr,2026-05-16,18:00,away_team,Buyuksehyr,buyuksehyr,,unmatched,
odds_api_io_61730246,2026-05-16,17:00,home_team,Gaziantep FK,gaziantep fk,,unmatched,
odds_api_io_61730246,2026-05-16,17:00,away_team,Istanbul Basaksehir,istanbul basaksehir,,unmatched,
odds_api_io_63039305,2026-05-16,12:00,home_team,Gaziantep FK,gaziantep fk,,unmatched,
odds_api_io_63039305,2026-05-16,12:00,away_team,Istanbul Basaksehir FK,istanbul basaksehir fk,,unmatched,
odds_api_io_61687622,2026-05-16,19:00,home_team,Gimnastic de Tarragona,gimnastic de tarragona,,unmatched,
odds_api_io_61687622,2026-05-16,19:00,away_team,CE Europa,ce europa,,unmatched,
odds_api_io_71073820,2026-05-16,10:00,home_team,GKS Katowice,gks katowice,,unmatched,
odds_api_io_71073820,2026-05-16,10:00,away_team,Czarni Sosnowiec,czarni sosnowiec,,unmatched,
odds_api_io_70663766,2026-05-16,10:00,home_team,Glostrup FK,glostrup fk,,unmatched,
odds_api_io_70663766,2026-05-16,10:00,away_team,Alleroed FK,alleroed fk,,unmatched,
odds_api_io_68822896,2026-05-16,21:30,home_team,Goias EC GO,goias ec go,,unmatched,
odds_api_io_68822896,2026-05-16,21:30,away_team,Botafogo FC SP,botafogo sp,,unmatched,
odds_api_io_67904740,2026-05-16,06:15,home_team,Gold Coast United FC,gold coast united,,unmatched,
odds_api_io_67904740,2026-05-16,06:15,away_team,Brisbane City FC,brisbane city,,unmatched,
odds_api_io_71304054,2026-05-16,16:00,home_team,FC Gori,gori,,unmatched,
odds_api_io_71304054,2026-05-16,16:00,away_team,Aragvi Dusheti,aragvi dusheti,,unmatched,
odds_api_io_63004423,2026-05-16,17:30,home_team,Gornik Leczna,gornik leczna,,unmatched,
odds_api_io_63004423,2026-05-16,17:30,away_team,Odra Opole,odra opole,,unmatched,
fd_SP2_2026-05-16_Granada_Burgos,2026-05-16,17:30,home_team,Granada,granada,Granada,exact_normalized,
fd_SP2_2026-05-16_Granada_Burgos,2026-05-16,17:30,away_team,Burgos,burgos,,unmatched,
odds_api_io_67692240,2026-05-16,07:30,home_team,Granville Rage,granville rage,,unmatched,
odds_api_io_67692240,2026-05-16,07:30,away_team,Nepean FC,nepean,,unmatched,
odds_api_io_68751778,2026-05-16,18:00,home_team,Gremio FB Porto Alegrense RS,gremio fb porto alegrense rs,,unmatched,
odds_api_io_68751778,2026-05-16,18:00,away_team,Avai FC SC,avai sc,,unmatched,
odds_api_io_68215836,2026-05-16,19:00,home_team,Gremio FB Porto Alegrense RS,gremio fb porto alegrense rs,,unmatched,
odds_api_io_68215836,2026-05-16,19:00,away_team,Mixto EC MT,mixto ec mt,,unmatched,
odds_api_io_71426260,2026-05-16,13:00,home_team,Guairena FC,guairena,,unmatched,
odds_api_io_71426260,2026-05-16,13:00,away_team,Resistencia SC,resistencia sc,,unmatched,
odds_api_io_70350996,2026-05-16,20:30,home_team,Gualaceo SC,gualaceo sc,,unmatched,
odds_api_io_70350996,2026-05-16,20:30,away_team,San Antonio FC,san antonio,,unmatched,
odds_api_io_71000978,2026-05-16,11:35,home_team,Guangxi Pingguo,guangxi pingguo,,unmatched,
odds_api_io_71000978,2026-05-16,11:35,away_team,Guangdong Meizhou Hakka FC,guangdong meizhou hakka,,unmatched,
odds_api_io_70968260,2026-05-16,11:00,home_team,Guangzhou Dandelion Alpha FC,guangzhou dandelion alpha,,unmatched,
odds_api_io_70968260,2026-05-16,11:00,away_team,Wuxi Wugou,wuxi wugou,,unmatched,
odds_api_io_68663474,2026-05-16,11:00,home_team,Haiphong FC,haiphong,,unmatched,
odds_api_io_68663474,2026-05-16,11:00,away_team,Becamex Ho Chi Minh City,becamex ho chi minh city,,unmatched,
odds_api_io_67691596,2026-05-16,06:30,home_team,Hakoah,hakoah,,unmatched,
odds_api_io_67691596,2026-05-16,06:30,away_team,Inter Lions FC,inter lions,,unmatched,
odds_api_io_67693538,2026-05-16,08:30,home_team,Hakoah Sydney City East FC,hakoah sydney city east,,unmatched,
odds_api_io_67693538,2026-05-16,08:30,away_team,Inter Lions FC,inter lions,,unmatched,
odds_api_io_67126564,2026-05-16,13:00,home_team,Halmstads BK,halmstads bk,,unmatched,
odds_api_io_67126564,2026-05-16,13:00,away_team,IF Elfsborg,if elfsborg,,unmatched,
odds_api_io_62284592,2026-05-16,16:00,home_team,Hamburger SV II,hamburger sv ii,,unmatched,
odds_api_io_62284592,2026-05-16,16:00,away_team,Blau-Weiss Lohne,blau-weiss lohne,,unmatched,
odds_api_io_70267802,2026-05-16,13:00,home_team,Hammarby IF,hammarby if,,unmatched,
odds_api_io_70267802,2026-05-16,13:00,away_team,Hacken Gothenburg,hacken gothenburg,,unmatched,
odds_api_io_68310894,2026-05-16,14:00,home_team,Hammarby Talang FF,hammarby talang ff,,unmatched,
odds_api_io_68310894,2026-05-16,14:00,away_team,FC Stockholm Internazionale,stockholm internazionale,,unmatched,
odds_api_io_62284586,2026-05-16,16:00,home_team,Hannover 96 II,hannover 96 ii,,unmatched,
odds_api_io_62284586,2026-05-16,16:00,away_team,Bremer SV 1906,bremer sv 1906,,unmatched,
odds_api_io_71446512,2026-05-16,08:00,home_team,Hapoel Ironi Kiryat Shmona,hapoel ironi kiryat shmona,,unmatched,
odds_api_io_71446512,2026-05-16,08:00,away_team,Hapoel Ako,hapoel ako,,unmatched,
odds_api_io_71446522,2026-05-16,08:00,home_team,Hapoel Kfar Saba,hapoel kfar saba,,unmatched,
odds_api_io_71446522,2026-05-16,08:00,away_team,Bnei Yehuda Tel Aviv,bnei yehuda tel aviv,,unmatched,
odds_api_io_71446520,2026-05-16,07:45,home_team,Hapoel Rishon Letzion,hapoel rishon letzion,,unmatched,
odds_api_io_71446520,2026-05-16,07:45,away_team,Maccabi Herzliya,maccabi herzliya,,unmatched,
odds_api_io_71312950,2026-05-16,14:15,home_team,Hapoel Tel Aviv,hapoel tel aviv,,unmatched,
odds_api_io_71312950,2026-05-16,14:15,away_team,Maccabi Haifa,maccabi haifa,,unmatched,
odds_api_io_68214652,2026-05-16,14:00,home_team,Harju JK Laagri,harju jk laagri,,unmatched,
odds_api_io_68214652,2026-05-16,14:00,away_team,Parnu JK Vaprus,parnu jk vaprus,,unmatched,
odds_api_io_68959688,2026-05-16,09:30,home_team,Harju JK Laagri,harju jk laagri,,unmatched,
odds_api_io_68959688,2026-05-16,09:30,away_team,Viimsi JK,viimsi jk,,unmatched,
odds_api_io_68954834,2026-05-16,14:00,home_team,FC Hegelmann Kaunas,hegelmann kaunas,,unmatched,
odds_api_io_68954834,2026-05-16,14:00,away_team,FK Suduva Marijampole,fk suduva marijampole,,unmatched,
fd_D1_2026-05-16_Heidenheim_Mainz,2026-05-16,14:30,home_team,Heidenheim,heidenheim,Heidenheim,exact_normalized,
fd_D1_2026-05-16_Heidenheim_Mainz,2026-05-16,14:30,away_team,Mainz,mainz,Mainz,exact_normalized,
odds_api_io_67919268,2026-05-16,11:00,home_team,Heming,heming,,unmatched,
odds_api_io_67919268,2026-05-16,11:00,away_team,Ready Fotball,ready fotball,,unmatched,
odds_api_io_61712390,2026-05-16,12:00,home_team,FC Hertha 03 Zehlendorf,hertha 03 zehlendorf,,unmatched,
odds_api_io_61712390,2026-05-16,12:00,away_team,Greifswalder FC,greifswalder,,unmatched,
odds_api_io_61967622,2026-05-16,13:30,home_team,HHC Hardenberg,hhc hardenberg,,unmatched,
odds_api_io_61967622,2026-05-16,13:30,away_team,Kozakken Boys Werkendam,kozakken boys werkendam,,unmatched,
fd_SC0_2026-05-16_Hibernian_Motherwell,2026-05-16,12:30,home_team,Hibernian,hibernian,,unmatched,
fd_SC0_2026-05-16_Hibernian_Motherwell,2026-05-16,12:30,away_team,Motherwell,motherwell,,unmatched,
odds_api_io_70730316,2026-05-16,12:00,home_team,HIK Hellerup,hik hellerup,,unmatched,
odds_api_io_70730316,2026-05-16,12:00,away_team,Thisted FC,thisted,,unmatched,
odds_api_io_70317948,2026-05-16,11:00,home_team,Hillerod Fodbold,hillerod fodbold,,unmatched,
odds_api_io_70317948,2026-05-16,11:00,away_team,Esbjerg FB,esbjerg fb,,unmatched,
odds_api_io_67091304,2026-05-16,11:00,home_team,HJK Helsinki,hjk helsinki,,unmatched,
odds_api_io_67091304,2026-05-16,11:00,away_team,Tampereen Ilves,tampereen ilves,,unmatched,
odds_api_io_61286593,2026-05-16,14:00,home_team,HNK Gorica,hnk gorica,,unmatched,
odds_api_io_61286593,2026-05-16,14:00,away_team,NK Osijek,nk osijek,,unmatched,
odds_api_io_67017928,2026-05-16,14:00,home_team,Hoedd IL,hoedd il,,unmatched,
odds_api_io_67017928,2026-05-16,14:00,away_team,Sogndal Fotball,sogndal fotball,,unmatched,
odds_api_io_61967620,2026-05-16,13:30,home_team,Hoek,hoek,,unmatched,
odds_api_io_61967620,2026-05-16,13:30,away_team,Rijnsburgse Boys,rijnsburgse boys,,unmatched,
odds_api_io_70730782,2026-05-16,11:00,home_team,Holbaek B&I,holbaek bandi,,unmatched,
odds_api_io_70730782,2026-05-16,11:00,away_team,Odder IGF,odder igf,,unmatched,
odds_api_io_61737334,2026-05-16,16:00,home_team,HSK Zrinjski Mostar,hsk zrinjski mostar,,unmatched,
odds_api_io_61737334,2026-05-16,16:00,away_team,HSK Posusje,hsk posusje,,unmatched,
odds_api_io_67012520,2026-05-16,07:30,home_team,Hualian WFT,hualian wft,,unmatched,
odds_api_io_67012520,2026-05-16,07:30,away_team,AC Taipei,ac taipei,,unmatched,
odds_api_io_69108996,2026-05-16,13:00,home_team,Huima/Urho,huima/urho,,unmatched,
odds_api_io_69108996,2026-05-16,13:00,away_team,FC Vaajakoski,vaajakoski,,unmatched,
odds_api_io_68160148,2026-05-16,04:00,home_team,Hume City,hume city,,unmatched,
odds_api_io_68160148,2026-05-16,04:00,away_team,Avondale FC,avondale,,unmatched,
odds_api_io_67091312,2026-05-16,16:00,home_team,IF Gnistan,if gnistan,,unmatched,
odds_api_io_67091312,2026-05-16,16:00,away_team,FF Jaro,ff jaro,,unmatched,
odds_api_io_67473260,2026-05-16,14:00,home_team,IFK Goteborg,ifk goteborg,,unmatched,
odds_api_io_67473260,2026-05-16,14:00,away_team,Orebro SK Soder,orebro sk soder,,unmatched,
odds_api_io_68377544,2026-05-16,11:00,home_team,IFK Haninge,ifk haninge,,unmatched,
odds_api_io_68377544,2026-05-16,11:00,away_team,Karlslunds IF HFK,karlslunds if hfk,,unmatched,
odds_api_io_68320788,2026-05-16,14:00,home_team,IFK Lidingo FK,ifk lidingo fk,,unmatched,
odds_api_io_68320788,2026-05-16,14:00,away_team,FC Gute,gute,,unmatched,
odds_api_io_67091306,2026-05-16,14:00,home_team,IFK Mariehamn,ifk mariehamn,,unmatched,
odds_api_io_67091306,2026-05-16,14:00,away_team,Kuopion Palloseura,kuopion palloseura,,unmatched,
odds_api_io_68344654,2026-05-16,13:00,home_team,IFK Trelleborg,ifk trelleborg,,unmatched,
odds_api_io_68344654,2026-05-16,13:00,away_team,Osterlen FF,osterlen ff,,unmatched,
odds_api_io_67126114,2026-05-16,15:00,home_team,IK Brage,ik brage,,unmatched,
odds_api_io_67126114,2026-05-16,15:00,away_team,IFK Norrkoping FK,ifk norrkoping fk,,unmatched,
odds_api_io_61974268,2026-05-16,13:00,home_team,Immigration FC,immigration,,unmatched,
odds_api_io_61974268,2026-05-16,13:00,away_team,Melaka FC,melaka,,unmatched,
odds_api_io_67817704,2026-05-16,10:00,home_team,Incheon United FC,incheon united,,unmatched,
odds_api_io_67817704,2026-05-16,10:00,away_team,Gwangju FC,gwangju,,unmatched,
odds_api_io_69767600,2026-05-16,07:00,home_team,Inglewood United,inglewood united,,unmatched,
odds_api_io_69767600,2026-05-16,07:00,away_team,Quinns FC,quinns,,unmatched,
odds_api_io_69768170,2026-05-16,05:00,home_team,Inglewood United Reserves,inglewood united reserves,,unmatched,
odds_api_io_69768170,2026-05-16,05:00,away_team,Quinns FC Reserve,quinns reserve,,unmatched,
odds_api_io_61709702,2026-05-16,11:30,home_team,FC Ingolstadt 04,ingolstadt 04,,unmatched,
odds_api_io_61709702,2026-05-16,11:30,away_team,SV Waldhof Mannheim 07,sv waldhof mannheim 07,,unmatched,
odds_api_io_67905676,2026-05-16,05:45,home_team,Ipswich FC,ipswich,Ipswich,exact_normalized,
odds_api_io_67905676,2026-05-16,05:45,away_team,Broadbeach United,broadbeach united,,unmatched,
odds_api_io_71243528,2026-05-16,16:00,home_team,Ireland,ireland,,unmatched,
odds_api_io_71243528,2026-05-16,16:00,away_team,Grenada,grenada,,suggested_alias_needed,Granada
odds_api_io_61709710,2026-05-16,11:30,home_team,Jahn Regensburg,jahn regensburg,,unmatched,
odds_api_io_61709710,2026-05-16,11:30,away_team,Energie Cottbus,energie cottbus,,unmatched,
odds_api_io_69109000,2026-05-16,14:00,home_team,Jakobstads Bollklubb,jakobstads bollklubb,,unmatched,
odds_api_io_69109000,2026-05-16,14:00,away_team,JS Hercules,js hercules,,unmatched,
odds_api_io_67604808,2026-05-16,13:00,home_team,JaPS,japs,,unmatched,
odds_api_io_67604808,2026-05-16,13:00,away_team,FC KTP Kotka,ktp kotka,,unmatched,
odds_api_io_67266624,2026-05-16,04:00,home_team,JEF United Ichihara Chiba,jef united ichihara chiba,,unmatched,
odds_api_io_67266624,2026-05-16,04:00,away_team,Urawa Red Diamonds,urawa red diamonds,,unmatched,
odds_api_io_68046510,2026-05-16,07:30,home_team,Jeonnam Dragons,jeonnam dragons,,unmatched,
odds_api_io_68046510,2026-05-16,07:30,away_team,Chungbuk Cheongju FC,chungbuk cheongju,,unmatched,
odds_api_io_67473262,2026-05-16,13:00,home_team,Jitex Molndal BK,jitex molndal bk,,unmatched,
odds_api_io_67473262,2026-05-16,13:00,away_team,Trelleborgs FF,trelleborgs ff,,unmatched,
odds_api_io_68538252,2026-05-16,15:30,home_team,JJK Jyvaskyla,jjk jyvaskyla,,unmatched,
odds_api_io_68538252,2026-05-16,15:30,away_team,SalPa,salpa,,unmatched,
odds_api_io_61967626,2026-05-16,13:30,home_team,Jong Sparta Rotterdam,jong sparta rotterdam,,unmatched,
odds_api_io_61967626,2026-05-16,13:30,away_team,De Treffers Groesbeek,de treffers groesbeek,,unmatched,
odds_api_io_70881722,2026-05-16,20:15,home_team,Juan Pablo II College,juan pablo ii college,,unmatched,
odds_api_io_70881722,2026-05-16,20:15,away_team,Alianza Atletico,alianza atletico,,unmatched,
odds_api_io_67648144,2026-05-16,05:30,home_team,Jubilo Iwata,jubilo iwata,,unmatched,
odds_api_io_67648144,2026-05-16,05:30,away_team,Fujieda MYFC,fujieda my,,unmatched,
odds_api_io_71477480,2026-05-16,18:00,home_team,Juve Stabia,juve stabia,,unmatched,
odds_api_io_71477480,2026-05-16,18:00,away_team,AC Monza,ac monza,,unmatched,
odds_api_io_61687618,2026-05-16,19:00,home_team,Juventud Torremolinos CF,juventud torremolinos,,unmatched,
odds_api_io_61687618,2026-05-16,19:00,away_team,Real Murcia CF,real murcia,,unmatched,
odds_api_io_68664050,2026-05-16,10:00,home_team,K. Khanh Hoa,k khanh hoa,,unmatched,
odds_api_io_68664050,2026-05-16,10:00,away_team,Bac Ninh,bac ninh,,unmatched,
odds_api_io_69463410,2026-05-16,15:00,home_team,KFC Komarno,k komarno,,unmatched,
odds_api_io_69463410,2026-05-16,15:00,away_team,1. FC Tatran Presov,1 tatran presov,,unmatched,
odds_api_io_70221644,2026-05-16,17:30,home_team,KAA Gent,kaa gent,,unmatched,
odds_api_io_70221644,2026-05-16,17:30,away_team,KRC Genk,krc genk,,unmatched,
fd_T1_2026-05-16_Karagumruk_Alanyaspor,2026-05-16,15:00,home_team,Karagumruk,karagumruk,,unmatched,
fd_T1_2026-05-16_Karagumruk_Alanyaspor,2026-05-16,15:00,away_team,Alanyaspor,alanyaspor,,unmatched,
odds_api_io_68310892,2026-05-16,11:00,home_team,Karlbergs BK,karlbergs bk,,unmatched,
odds_api_io_68310892,2026-05-16,11:00,away_team,FC Jarfalla,jarfalla,,unmatched,
odds_api_io_71267596,2026-05-16,10:15,home_team,Kaya FC–Iloilo,kaya –iloilo,,unmatched,
odds_api_io_71267596,2026-05-16,10:15,away_team,Davao Aguilas,davao aguilas,,unmatched,
odds_api_io_63039299,2026-05-16,14:00,home_team,Kayserispor,kayserispor,,unmatched,
odds_api_io_63039299,2026-05-16,14:00,away_team,Konyaspor,konyaspor,,unmatched,
odds_api_io_68162380,2026-05-16,05:00,home_team,Keilor Park SC,keilor park sc,,unmatched,
odds_api_io_68162380,2026-05-16,05:00,away_team,Boroondara Eagles,boroondara eagles,,unmatched,
odds_api_io_70023854,2026-05-16,14:00,home_team,KF Bashkimi Kumanovo 1947,kf bashkimi kumanovo 1947,,unmatched,
odds_api_io_70023854,2026-05-16,14:00,away_team,FK Makedonija Gjorce Petrov,fk makedonija gjorce petrov,,unmatched,
odds_api_io_71453378,2026-05-16,14:00,home_team,KF Tefik Canga,kf tefik canga,,unmatched,
odds_api_io_71453378,2026-05-16,14:00,away_team,KF Kika,kf kika,,unmatched,
odds_api_io_71462680,2026-05-16,13:00,home_team,KF Teuta,kf teuta,,unmatched,
odds_api_io_71462680,2026-05-16,13:00,away_team,KS Pogradeci,ks pogradeci,,unmatched,
odds_api_io_70365240,2026-05-16,11:00,home_team,KIF Orebro DFF,kif orebro dff,,unmatched,
odds_api_io_70365240,2026-05-16,11:00,away_team,Enskede IK,enskede ik,,unmatched,
odds_api_io_69767608,2026-05-16,10:00,home_team,Kingsley Westside FC,kingsley westside,,unmatched,
odds_api_io_69767608,2026-05-16,10:00,away_team,Floreat Athena,floreat athena,,unmatched,
odds_api_io_69768178,2026-05-16,08:00,home_team,Kingsley Westside FC,kingsley westside,,unmatched,
odds_api_io_69768178,2026-05-16,08:00,away_team,Floreat Athena FC Reserves,floreat athena reserves,,unmatched,
odds_api_io_61272933,2026-05-16,15:15,home_team,Kisvarda FC,kisvarda,,unmatched,
odds_api_io_61272933,2026-05-16,15:15,away_team,WKW ETO FC Gyor,wkw eto gyor,,unmatched,
odds_api_io_67915576,2026-05-16,12:00,home_team,Kjelsaas,kjelsaas,,unmatched,
odds_api_io_67915576,2026-05-16,12:00,away_team,Skeid Fotball,skeid fotball,,unmatched,
odds_api_io_71341574,2026-05-16,15:00,home_team,FC Kolkheti-1913 Poti,kolkheti-1913 poti,,unmatched,
odds_api_io_71341574,2026-05-16,15:00,away_team,FC Gareji Sagarejo,gareji sagarejo,,unmatched,
odds_api_io_70813640,2026-05-16,07:00,home_team,Kowloon City,kowloon city,,unmatched,
odds_api_io_70813640,2026-05-16,07:00,away_team,Hong Kong FC,hong kong,,unmatched,
odds_api_io_62036890,2026-05-16,18:00,home_team,KS Lechia Zielona Gora,ks lechia zielona gora,,unmatched,
odds_api_io_62036890,2026-05-16,18:00,away_team,LZS Starowice,lzs starowice,,unmatched,
odds_api_io_62036898,2026-05-16,10:00,home_team,KS Sleza Wroclaw,ks sleza wroclaw,,unmatched,
odds_api_io_62036898,2026-05-16,10:00,away_team,Slowianin Woliborz,slowianin woliborz,,unmatched,
odds_api_io_62037806,2026-05-16,11:00,home_team,KS Wasilkow,ks wasilkow,,unmatched,
odds_api_io_62037806,2026-05-16,11:00,away_team,Wigry Suwalki,wigry suwalki,,unmatched,
odds_api_io_62036288,2026-05-16,15:00,home_team,KS Wisloka Debica,ks wisloka debica,,unmatched,
odds_api_io_62036288,2026-05-16,15:00,away_team,Wislanie Skawina,wislanie skawina,,unmatched,
odds_api_io_62036278,2026-05-16,14:00,home_team,KSZO Ostrowiec Swietokrzyski,kszo ostrowiec swietokrzyski,,unmatched,
odds_api_io_62036278,2026-05-16,14:00,away_team,Sokol Kolbuszowa Dolna,sokol kolbuszowa dolna,,unmatched,
odds_api_io_70698894,2026-05-16,14:00,home_team,KV Vesturbaer,kv vesturbaer,,unmatched,
odds_api_io_70698894,2026-05-16,14:00,away_team,Hottur/Huginn,hottur/huginn,,unmatched,
odds_api_io_67915828,2026-05-16,11:00,home_team,Kvik Halden FK,kvik halden fk,,unmatched,
odds_api_io_67915828,2026-05-16,11:00,away_team,IL Sandviken,il sandviken,,unmatched,
odds_api_io_61967618,2026-05-16,13:30,home_team,K.v.v. Quick Boys,kvv quick boys,,unmatched,
odds_api_io_61967618,2026-05-16,13:30,away_team,IJsselmeervogels,ijsselmeervogels,,unmatched,
odds_api_io_61911546,2026-05-16,14:00,home_team,LAC Inter,lac inter,,unmatched,
odds_api_io_61911546,2026-05-16,14:00,away_team,Gerasd. Stammersd.,gerasd stammersd,,unmatched,
odds_api_io_70322106,2026-05-16,23:00,home_team,Lagarto FC SE,lagarto se,,unmatched,
odds_api_io_70322106,2026-05-16,23:00,away_team,CS Sergipe SE,cs sergipe se,,unmatched,
odds_api_io_67807382,2026-05-16,04:00,home_team,Lambton Jaffas FC,lambton jaffas,,unmatched,
odds_api_io_67807382,2026-05-16,04:00,away_team,Kahibah FC,kahibah,,unmatched,
odds_api_io_70968252,2026-05-16,07:30,home_team,Lanzhou Longyuan Athletic,lanzhou longyuan athletic,,unmatched,
odds_api_io_70968252,2026-05-16,07:30,away_team,Meizhou Hakka,meizhou hakka,,unmatched,
fd_G1_2026-05-16_Larisa_Atromitos,2026-05-16,17:00,home_team,Larisa,larisa,,unmatched,
fd_G1_2026-05-16_Larisa_Atromitos,2026-05-16,17:00,away_team,Atromitos,atromitos,,unmatched,
odds_api_io_70448544,2026-05-16,16:00,home_team,Lausanne-Sport,lausanne-sport,,unmatched,
odds_api_io_70448544,2026-05-16,16:00,away_team,Grasshopper Club Zurich,grasshopper club zurich,,unmatched,
odds_api_io_67122876,2026-05-16,18:30,home_team,Leones de Rosario FC,leones de rosario,,unmatched,
odds_api_io_67122876,2026-05-16,18:30,away_team,CA Lugano,ca lugano,,unmatched,
odds_api_io_62214004,2026-05-16,16:00,home_team,Les Herbiers,les herbiers,,unmatched,
odds_api_io_62214004,2026-05-16,16:00,away_team,Voltigeurs de Chateaubriant,voltigeurs de chateaubriant,,unmatched,
odds_api_io_67915580,2026-05-16,13:00,home_team,Levanger FK,levanger fk,,unmatched,
odds_api_io_67915580,2026-05-16,13:00,away_team,Trygg/Lade,trygg/lade,,unmatched,
fd_D1_2026-05-16_Leverkusen_Hamburg,2026-05-16,14:30,home_team,Leverkusen,leverkusen,Leverkusen,exact_normalized,
fd_D1_2026-05-16_Leverkusen_Hamburg,2026-05-16,14:30,away_team,Hamburg,hamburg,,unmatched,
odds_api_io_62509064,2026-05-16,21:00,home_team,Lexington SC,lexington sc,,unmatched,
odds_api_io_62509064,2026-05-16,21:00,away_team,Tampa Bay Sun FC,tampa bay sun,,unmatched,
odds_api_io_67015182,2026-05-16,14:00,home_team,Lillestroem SK,lillestroem sk,,unmatched,
odds_api_io_67015182,2026-05-16,14:00,away_team,Sandefjord Fotball,sandefjord fotball,,unmatched,
odds_api_io_67920600,2026-05-16,13:00,home_team,Lillestrom SK 2,lillestrom sk 2,,unmatched,
odds_api_io_67920600,2026-05-16,13:00,away_team,Skedsmo,skedsmo,,unmatched,
odds_api_io_62214756,2026-05-16,16:00,home_team,FC Limonest Dardilly Saint-Didier,limonest dardilly saint-didier,,unmatched,
odds_api_io_62214756,2026-05-16,16:00,away_team,Nimes Olympique,nimes olympique,,unmatched,
odds_api_io_62322502,2026-05-16,12:00,home_team,Liverpool LFC,liverpool l,,suggested_alias_needed,Liverpool
odds_api_io_62322502,2026-05-16,12:00,away_team,Arsenal WFC,arsenal w,,suggested_alias_needed,Arsenal
odds_api_io_61062325,2026-05-16,12:45,home_team,LKP Motor Lublin,lkp motor lublin,,unmatched,
odds_api_io_61062325,2026-05-16,12:45,away_team,MKS Cracovia Krakow,mks cracovia krakow,,unmatched,
odds_api_io_62038116,2026-05-16,17:26,home_team,LKS 1926 Lomza,lks 1926 lomza,,unmatched,
odds_api_io_62038116,2026-05-16,17:26,away_team,GKS Belchatow,gks belchatow,,unmatched,
odds_api_io_62036892,2026-05-16,10:00,home_team,LKS Goczalkowice-Zdroj,lks goczalkowice-zdroj,,unmatched,
odds_api_io_62036892,2026-05-16,10:00,away_team,Gornik Zabrze II,gornik zabrze ii,,unmatched,
odds_api_io_62322504,2026-05-16,12:00,home_team,London City Lionesses,london city lionesses,,unmatched,
odds_api_io_62322504,2026-05-16,12:00,away_team,Aston Villa WFC,aston villa w,,suggested_alias_needed,Aston Villa
odds_api_io_66854764,2026-05-16,18:30,home_team,Longford Town FC,longford town,,unmatched,
odds_api_io_66854764,2026-05-16,18:30,away_team,Cork City FC,cork city,,unmatched,
odds_api_io_71296716,2026-05-16,20:00,home_team,Lota Schwager,lota schwager,,unmatched,
odds_api_io_71296716,2026-05-16,20:00,away_team,Deportes Rengo,deportes rengo,,unmatched,
odds_api_io_71280706,2026-05-16,18:30,home_team,L.R. Vicenza,lr vicenza,,unmatched,
odds_api_io_71280706,2026-05-16,18:30,away_team,Benevento Calcio,benevento calcio,,unmatched,
odds_api_io_67017930,2026-05-16,14:00,home_team,Lyn 1896 FK,lyn 1896 fk,,unmatched,
odds_api_io_67017930,2026-05-16,14:00,away_team,Kongsvinger IL Toppfotball,kongsvinger il toppfotball,,unmatched,
odds_api_io_62641009,2026-05-16,11:00,home_team,Lyngby,lyngby,,unmatched,
odds_api_io_62641009,2026-05-16,11:00,away_team,FC Nordsjaelland,nordsjaelland,,unmatched,
fd_D1_2026-05-16_M'gladbach_Hoffenheim,2026-05-16,14:30,home_team,M'gladbach,m'gladbach,M'gladbach,exact_normalized,
fd_D1_2026-05-16_M'gladbach_Hoffenheim,2026-05-16,14:30,away_team,Hoffenheim,hoffenheim,Hoffenheim,exact_normalized,
odds_api_io_67691598,2026-05-16,06:30,home_team,Macarthur Rams,macarthur rams,,unmatched,
odds_api_io_67691598,2026-05-16,06:30,away_team,Canterbury Bankstown FC,canterbury bankstown,,unmatched,
odds_api_io_67693540,2026-05-16,08:30,home_team,Macarthur Rams FC,macarthur rams,,unmatched,
odds_api_io_67693540,2026-05-16,08:30,away_team,Canterbury Bankstown Berries,canterbury bankstown berries,,unmatched,
odds_api_io_70812406,2026-05-16,15:00,home_team,Maccabi Haifa FC,maccabi haifa,,unmatched,
odds_api_io_70812406,2026-05-16,15:00,away_team,Hapoel Petah Tikva FC,hapoel petah tikva,,unmatched,
odds_api_io_71312958,2026-05-16,14:10,home_team,Maccabi Petah Tikva,maccabi petah tikva,,unmatched,
odds_api_io_71312958,2026-05-16,14:10,away_team,Maccabi Netanya,maccabi netanya,,unmatched,
odds_api_io_70812410,2026-05-16,17:30,home_team,Maccabi Tel Aviv FC,maccabi tel aviv,,unmatched,
odds_api_io_70812410,2026-05-16,17:30,away_team,Beitar Jerusalem FC,beitar jerusalem,,unmatched,
odds_api_io_62083180,2026-05-16,12:00,home_team,Malut United,malut united,,suggested_alias_needed,Man United
odds_api_io_62083180,2026-05-16,12:00,away_team,Persita Tangerang,persita tangerang,,unmatched,
odds_api_io_69767606,2026-05-16,07:00,home_team,Mandurah City,mandurah city,,unmatched,
odds_api_io_69767606,2026-05-16,07:00,away_team,UWA Nedlands FC,uwa nedlands,,unmatched,
odds_api_io_69768176,2026-05-16,05:00,home_team,Mandurah City FC Reserves,mandurah city reserves,,unmatched,
odds_api_io_69768176,2026-05-16,05:00,away_team,Uwa Nedlands FC Reserves,uwa nedlands reserves,,unmatched,
odds_api_io_67690860,2026-05-16,07:00,home_team,Manly United FC,manly united,,suggested_alias_needed,Man United
odds_api_io_67690860,2026-05-16,07:00,away_team,Wollongong Wolves FC,wollongong wolves,,unmatched,
odds_api_io_68160928,2026-05-16,03:00,home_team,Manningham United Blues FC,manningham united blues,,unmatched,
odds_api_io_68160928,2026-05-16,03:00,away_team,Brunswick Juventus FC,brunswick juventus,,unmatched,
odds_api_io_70320680,2026-05-16,18:30,home_team,Maracana EC CE,maracana ec ce,,unmatched,
odds_api_io_70320680,2026-05-16,18:30,away_team,Iguatu CE,iguatu ce,,unmatched,
odds_api_io_70323184,2026-05-16,20:00,home_team,Marica FC RJ,marica rj,,unmatched,
odds_api_io_70323184,2026-05-16,20:00,away_team,EC XV de Novembro Piracicaba SP,ec xv de novembro piracicaba sp,,unmatched,
odds_api_io_71415290,2026-05-16,06:15,home_team,Melbourne City FC,melbourne city,,unmatched,
odds_api_io_71415290,2026-05-16,06:15,away_team,Wellington Phoenix,wellington phoenix,,unmatched,
odds_api_io_68160930,2026-05-16,05:00,home_team,FC Melbourne Srbija,melbourne srbija,,unmatched,
odds_api_io_68160930,2026-05-16,05:00,away_team,Brunswick City SC,brunswick city sc,,unmatched,
odds_api_io_69460608,2026-05-16,03:00,home_team,Melville United AFC,melville united a,,unmatched,
odds_api_io_69460608,2026-05-16,03:00,away_team,Manukau United FC,manukau united,,suggested_alias_needed,Man United
odds_api_io_71332666,2026-05-16,12:00,home_team,FC Merani Martvili,merani martvili,,unmatched,
odds_api_io_71332666,2026-05-16,12:00,away_team,FC Telavi,telavi,,unmatched,
odds_api_io_61651670,2026-05-16,10:00,home_team,FC Metalist 1925 Kharkiv,metalist 1925 kharkiv,,unmatched,
odds_api_io_61651670,2026-05-16,10:00,away_team,FC Epitsentr Kamianets-Podilskyi,epitsentr kamianets-podilskyi,,unmatched,
odds_api_io_71438748,2026-05-16,15:00,home_team,MFK Karvina,mfk karvina,,unmatched,
odds_api_io_71438748,2026-05-16,15:00,away_team,SK Sigma Olomouc,sk sigma olomouc,,unmatched,
odds_api_io_69463408,2026-05-16,15:00,home_team,MFK Skalica,mfk skalica,,unmatched,
odds_api_io_69463408,2026-05-16,15:00,away_team,MFK Ruzomberok,mfk ruzomberok,,unmatched,
odds_api_io_71307980,2026-05-16,23:00,home_team,Miami FC,miami,,unmatched,
odds_api_io_71307980,2026-05-16,23:00,away_team,Tampa Bay Rowdies,tampa bay rowdies,,unmatched,
odds_api_io_70318292,2026-05-16,12:00,home_team,Middelfart BK,middelfart bk,,unmatched,
odds_api_io_70318292,2026-05-16,12:00,away_team,HB Koege,hb koege,,unmatched,
odds_api_io_62036894,2026-05-16,11:00,home_team,Miedz Legnica II,miedz legnica ii,,unmatched,
odds_api_io_62036894,2026-05-16,11:00,away_team,GKS Pniowek Pawlowice,gks pniowek pawlowice,,unmatched,
odds_api_io_71127902,2026-05-16,08:30,home_team,Mindil Aces,mindil aces,,unmatched,
odds_api_io_71127902,2026-05-16,08:30,away_team,Hellenic Athletic Club,hellenic athletic club,,unmatched,
odds_api_io_71464032,2026-05-16,19:30,home_team,Mineros de Guayana,mineros de guayana,,unmatched,
odds_api_io_71464032,2026-05-16,19:30,away_team,Deportivo Miranda,deportivo miranda,,unmatched,
odds_api_io_67645554,2026-05-16,05:00,home_team,Mito Hollyhock,mito hollyhock,,unmatched,
odds_api_io_67645554,2026-05-16,05:00,away_team,Tokyo Verdy,tokyo verdy,,unmatched,
odds_api_io_70381482,2026-05-16,14:30,home_team,Mitundu Baptist,mitundu baptist,,unmatched,
odds_api_io_70381482,2026-05-16,14:30,away_team,Mighty Wanderers FC,mighty wanderers,,unmatched,
odds_api_io_70320266,2026-05-16,21:00,home_team,Mixto EC MT,mixto ec mt,,unmatched,
odds_api_io_70320266,2026-05-16,21:00,away_team,Goiatuba EC GO,goiatuba ec go,,unmatched,
odds_api_io_61467293,2026-05-16,14:00,home_team,MKS Chojniczanka Chojnice,mks chojniczanka chojnice,,unmatched,
odds_api_io_61467293,2026-05-16,14:00,away_team,Zaglebie Sosnowiec,zaglebie sosnowiec,,unmatched,
odds_api_io_62037510,2026-05-16,12:00,home_team,MKS Viktoria Wrzesnia,mks viktoria wrzesnia,,unmatched,
odds_api_io_62037510,2026-05-16,12:00,away_team,Zks Kluczevia Stargard,zks kluczevia stargard,,unmatched,
odds_api_io_67015184,2026-05-16,14:00,home_team,Molde FK,molde fk,,unmatched,
odds_api_io_67015184,2026-05-16,14:00,away_team,Kristiansund BK,kristiansund bk,,unmatched,
odds_api_io_66299180,2026-05-16,20:30,home_team,CF Montreal,montreal,,unmatched,
odds_api_io_66299180,2026-05-16,20:30,away_team,Chicago Fire,chicago fire,,unmatched,
fd_P1_2026-05-16_Moreirense_AVS,2026-05-16,15:30,home_team,Moreirense,moreirense,,unmatched,
fd_P1_2026-05-16_Moreirense_AVS,2026-05-16,15:30,away_team,AVS,avs,,unmatched,
odds_api_io_61731538,2026-05-16,14:30,home_team,Moreirense FC,moreirense,,unmatched,
odds_api_io_61731538,2026-05-16,14:30,away_team,AVS Futebol SAD,avs futebol sad,,unmatched,
odds_api_io_70320678,2026-05-16,20:00,home_team,Moto Club MA,moto club ma,,unmatched,
odds_api_io_70320678,2026-05-16,20:00,away_team,Iape MA,iape ma,,unmatched,
odds_api_io_71446518,2026-05-16,09:00,home_team,MS Ashdod,ms ashdod,,unmatched,
odds_api_io_71446518,2026-05-16,09:00,away_team,Hapoel Nir Ramat Hasharon,hapoel nir ramat hasharon,,unmatched,
odds_api_io_61940948,2026-05-16,15:00,home_team,MSK Namestovo,msk namestovo,,unmatched,
odds_api_io_61940948,2026-05-16,15:00,away_team,MFK Dukla Banska Bystrica B,mfk dukla banska bystrica b,,unmatched,
odds_api_io_69463472,2026-05-16,15:00,home_team,MSK Zilina,msk zilina,,unmatched,
odds_api_io_69463472,2026-05-16,15:00,away_team,FK Zeleziarne Podbrezova,fk zeleziarne podbrezova,,unmatched,
odds_api_io_61709712,2026-05-16,11:30,home_team,MSV Duisburg,msv duisburg,,unmatched,
odds_api_io_61709712,2026-05-16,11:30,away_team,FC Viktoria Cologne,viktoria cologne,,unmatched,
odds_api_io_67266620,2026-05-16,04:00,home_team,Mynavi Sendai Ladies,mynavi sendai ladies,,unmatched,
odds_api_io_67266620,2026-05-16,04:00,away_team,Chifure AS Elfen Saitama,chifure as elfen saitama,,unmatched,
fd_P1_2026-05-16_Nacional_Guimaraes,2026-05-16,18:00,home_team,Nacional,nacional,,unmatched,
fd_P1_2026-05-16_Nacional_Guimaraes,2026-05-16,18:00,away_team,Guimaraes,guimaraes,,unmatched,
odds_api_io_70318418,2026-05-16,20:00,home_team,Nacional FC AM,nacional am,,unmatched,
odds_api_io_70318418,2026-05-16,20:00,away_team,Manauara EC AM,manauara ec am,,unmatched,
odds_api_io_61731548,2026-05-16,17:00,home_team,Nacional da Madeira,nacional da madeira,,unmatched,
odds_api_io_61731548,2026-05-16,17:00,away_team,Vitoria SC Guimaraes,vitoria sc guimaraes,,unmatched,
odds_api_io_70730726,2026-05-16,12:00,home_team,Naesby BK,naesby bk,,unmatched,
odds_api_io_70730726,2026-05-16,12:00,away_team,Bronshoj BK,bronshoj bk,,unmatched,
odds_api_io_69670710,2026-05-16,11:00,home_team,FC Neptunas Klaipeda,neptunas klaipeda,,unmatched,
odds_api_io_69670710,2026-05-16,11:00,away_team,FK Minija 2017,fk minija 2017,,unmatched,
odds_api_io_69090842,2026-05-16,23:00,home_team,New England FC,new england,,unmatched,
odds_api_io_69090842,2026-05-16,23:00,away_team,AC Connecticut,ac connecticut,,unmatched,
odds_api_io_66299182,2026-05-16,23:30,home_team,New England Revolution,new england revolution,,unmatched,
odds_api_io_66299182,2026-05-16,23:30,away_team,Minnesota United FC,minnesota united,,unmatched,
odds_api_io_71220890,2026-05-16,19:00,home_team,New Jersey United AC,new jersey united ac,,unmatched,
odds_api_io_71220890,2026-05-16,19:00,away_team,Jackson Lions FC,jackson lions,,unmatched,
odds_api_io_66299184,2026-05-16,23:30,home_team,New York Red Bulls,new york red bulls,,unmatched,
odds_api_io_66299184,2026-05-16,23:30,away_team,New York City FC,new york city,,unmatched,
odds_api_io_71240196,2026-05-16,09:40,home_team,Newcastle United Jets,newcastle united jets,,unmatched,
odds_api_io_71240196,2026-05-16,09:40,away_team,Sydney FC,sydney,,unmatched,
odds_api_io_63534047,2026-05-16,15:00,home_team,NK Bratstvo Gracanica,nk bratstvo gracanica,,unmatched,
odds_api_io_63534047,2026-05-16,15:00,away_team,FK Buducnost Banovici,fk buducnost banovici,,unmatched,
odds_api_io_69972720,2026-05-16,15:30,home_team,NK BSK Bijelo Brdo,nk bsk bijelo brdo,,unmatched,
odds_api_io_69972720,2026-05-16,15:30,away_team,NK Hrvace,nk hrvace,,unmatched,
odds_api_io_61454189,2026-05-16,15:30,home_team,NK Celje,nk celje,,unmatched,
odds_api_io_61454189,2026-05-16,15:30,away_team,FC Koper,koper,,unmatched,
odds_api_io_71183106,2026-05-16,15:30,home_team,NK Dugo Selo,nk dugo selo,,unmatched,
odds_api_io_71183106,2026-05-16,15:30,away_team,NK Grobnican,nk grobnican,,unmatched,
odds_api_io_61286599,2026-05-16,16:15,home_team,NK Lokomotiva Zagreb,nk lokomotiva zagreb,,unmatched,
odds_api_io_61286599,2026-05-16,16:15,away_team,HNK Hajduk Split,hnk hajduk split,,unmatched,
odds_api_io_69972726,2026-05-16,11:45,home_team,NK Sesvete,nk sesvete,,unmatched,
odds_api_io_69972726,2026-05-16,11:45,away_team,NK Dugopolje,nk dugopolje,,unmatched,
odds_api_io_71183104,2026-05-16,15:30,home_team,NK Solin,nk solin,,unmatched,
odds_api_io_71183104,2026-05-16,15:30,away_team,NK Segesta,nk segesta,,unmatched,
odds_api_io_71183110,2026-05-16,15:30,home_team,NK Uljanik,nk uljanik,,unmatched,
odds_api_io_71183110,2026-05-16,15:30,away_team,NK Uskok,nk uskok,,unmatched,
odds_api_io_62252174,2026-05-16,12:00,home_team,NK Vrhnika,nk vrhnika,,unmatched,
odds_api_io_62252174,2026-05-16,12:00,away_team,NK Sencur,nk sencur,,unmatched,
odds_api_io_69463270,2026-05-16,02:45,home_team,Nomads United AFC,nomads united a,,unmatched,
odds_api_io_69463270,2026-05-16,02:45,away_team,Ferrymead Bays,ferrymead bays,,unmatched,
odds_api_io_71405098,2026-05-16,11:00,home_team,Nongbua Pitchaya FC,nongbua pitchaya,,unmatched,
odds_api_io_71405098,2026-05-16,11:00,away_team,Pattani FC,pattani,,unmatched,
odds_api_io_67919264,2026-05-16,11:00,home_team,Nordstrand,nordstrand,,unmatched,
odds_api_io_67919264,2026-05-16,11:00,away_team,Konnerud,konnerud,,unmatched,
odds_api_io_67912070,2026-05-16,22:30,home_team,North Carolina Courage,north carolina courage,,unmatched,
odds_api_io_67912070,2026-05-16,22:30,away_team,Chicago Stars FC,chicago stars,,unmatched,
odds_api_io_68048866,2026-05-16,07:45,home_team,North Eastern Metrostars SC,north eastern metrostars sc,,unmatched,
odds_api_io_68048866,2026-05-16,07:45,away_team,Adelaide Comets FC,adelaide comets,,unmatched,
odds_api_io_68050028,2026-05-16,05:00,home_team,North Eastern Metrostars SC Reserves,north eastern metrostars sc reserves,,unmatched,
odds_api_io_68050028,2026-05-16,05:00,away_team,Adelaide Comets Reserves,adelaide comets reserves,,unmatched,
odds_api_io_68160558,2026-05-16,07:00,home_team,North Geelong Warriors FC,north geelong warriors,,unmatched,
odds_api_io_68160558,2026-05-16,07:00,away_team,Langwarrin SC,langwarrin sc,,unmatched,
odds_api_io_67904432,2026-05-16,08:00,home_team,North Pine,north pine,,unmatched,
odds_api_io_67904432,2026-05-16,08:00,away_team,AC Carina,ac carina,,unmatched,
odds_api_io_67691600,2026-05-16,06:30,home_team,Northern Tigers,northern tigers,,unmatched,
odds_api_io_67691600,2026-05-16,06:30,away_team,Western City Rangers FC,western city rangers,,unmatched,
odds_api_io_70323180,2026-05-16,20:00,home_team,Nova Iguacu RJ,nova iguacu rj,,unmatched,
odds_api_io_70323180,2026-05-16,20:00,away_team,Sampaio Correa FE RJ,sampaio correa fe rj,,unmatched,
odds_api_io_67690864,2026-05-16,07:30,home_team,NWS Spirit,nws spirit,,unmatched,
odds_api_io_67690864,2026-05-16,07:30,away_team,Marconi Stallions,marconi stallions,,unmatched,
odds_api_io_69194910,2026-05-16,05:00,home_team,O'Connor Knights FC,o'connor knights,,unmatched,
odds_api_io_69194910,2026-05-16,05:00,away_team,Canberra Croatia FC,canberra croatia,,unmatched,
odds_api_io_69195806,2026-05-16,02:30,home_team,O'Connor Knights SC,o'connor knights sc,,unmatched,
odds_api_io_69195806,2026-05-16,02:30,away_team,Canberra Croatia FC,canberra croatia,,unmatched,
odds_api_io_67017932,2026-05-16,14:00,home_team,Odds BK,odds bk,,unmatched,
odds_api_io_67017932,2026-05-16,14:00,away_team,Moss FK,moss fk,,unmatched,
odds_api_io_70730400,2026-05-16,14:00,home_team,Odisha FC,odisha,,unmatched,
odds_api_io_70730400,2026-05-16,14:00,away_team,Punjab FC,punjab,,unmatched,
odds_api_io_69342852,2026-05-16,12:00,home_team,FC Okzhetpes,okzhetpes,,unmatched,
odds_api_io_69342852,2026-05-16,12:00,away_team,FC Astana,astana,,unmatched,
odds_api_io_70885352,2026-05-16,18:00,home_team,Olaria RJ,olaria rj,,unmatched,
odds_api_io_70885352,2026-05-16,18:00,away_team,Perolas Negras RJ,perolas negras rj,,unmatched,
odds_api_io_71186514,2026-05-16,18:00,home_team,Olympique Club de Safi,olympique club de safi,,unmatched,
odds_api_io_71186514,2026-05-16,18:00,away_team,Olympique Dcheira,olympique dcheira,,unmatched,
odds_api_io_67844004,2026-05-16,23:00,home_team,One Knoxville SC,one knoxville sc,,unmatched,
odds_api_io_67844004,2026-05-16,23:00,away_team,San Antonio FC,san antonio,,unmatched,
odds_api_io_68377662,2026-05-16,14:00,home_team,Onsala BK,onsala bk,,unmatched,
odds_api_io_68377662,2026-05-16,14:00,away_team,Hestrafors IF,hestrafors if,,unmatched,
odds_api_io_68822892,2026-05-16,19:00,home_team,Operario Ferroviario EC PR,operario ferroviario ec pr,,unmatched,
odds_api_io_68822892,2026-05-16,19:00,away_team,Nautico PE,nautico pe,,unmatched,
odds_api_io_70322858,2026-05-16,20:00,home_team,Operario FC MS,operario ms,,unmatched,
odds_api_io_70322858,2026-05-16,20:00,away_team,Ivinhema MS,ivinhema ms,,unmatched,
odds_api_io_61737730,2026-05-16,14:00,home_team,FC Ordino,ordino,,suggested_alias_needed,Torino
odds_api_io_61737730,2026-05-16,14:00,away_team,CF Esperanca D Andorra,esperanca d andorra,,unmatched,
odds_api_io_69972724,2026-05-16,15:30,home_team,Orijent 1919 Rijeka,orijent 1919 rijeka,,unmatched,
odds_api_io_69972724,2026-05-16,15:30,away_team,NK Karlovac 1919,nk karlovac 1919,,unmatched,
odds_api_io_66299186,2026-05-16,23:30,home_team,Orlando City SC,orlando city sc,,unmatched,
odds_api_io_66299186,2026-05-16,23:30,away_team,Atlanta United FC,atlanta united,,unmatched,
odds_api_io_62670409,2026-05-16,13:00,home_team,Orlando Pirates FC,orlando pirates,,unmatched,
odds_api_io_62670409,2026-05-16,13:00,away_team,Durban City FC 2024,durban city 2024,,unmatched,
odds_api_io_68351378,2026-05-16,15:30,home_team,CF Os Belenenses,os belenenses,,unmatched,
odds_api_io_68351378,2026-05-16,15:30,away_team,CD Mafra,cd mafra,,unmatched,
odds_api_io_70905778,2026-05-16,13:00,home_team,PFC Levski Sofia,p levski sofia,,unmatched,
odds_api_io_70905778,2026-05-16,13:00,away_team,PFC CSKA Sofia,p cska sofia,,unmatched,
odds_api_io_68959608,2026-05-16,16:00,home_team,Paide Linnameeskond,paide linnameeskond,,unmatched,
odds_api_io_68959608,2026-05-16,16:00,away_team,Saku Sporting,saku sporting,,unmatched,
fd_G1_2026-05-16_Panserraikos_Panetolikos,2026-05-16,17:00,home_team,Panserraikos,panserraikos,,unmatched,
fd_G1_2026-05-16_Panserraikos_Panetolikos,2026-05-16,17:00,away_team,Panetolikos,panetolikos,,unmatched,
odds_api_io_68048864,2026-05-16,05:30,home_team,Para Hills Knights SC,para hills knights sc,,unmatched,
odds_api_io_68048864,2026-05-16,05:30,away_team,Adelaide United FC,adelaide united,,unmatched,
odds_api_io_71489828,2026-05-16,18:30,home_team,Paranavai PR,paranavai pr,,unmatched,
odds_api_io_71489828,2026-05-16,18:30,away_team,Patriotas FC PR,patriotas pr,,unmatched,
odds_api_io_71364770,2026-05-16,19:00,home_team,Paris FC,paris,,unmatched,
odds_api_io_71364770,2026-05-16,19:00,away_team,Paris Saint-Germain,paris saint-germain,,unmatched,
odds_api_io_67692236,2026-05-16,07:00,home_team,Parramatta FC Eagles,parramatta eagles,,unmatched,
odds_api_io_67692236,2026-05-16,07:00,away_team,Camden Tigers FC,camden tigers,,unmatched,
odds_api_io_67905196,2026-05-16,06:00,home_team,Peninsula Power,peninsula power,,unmatched,
odds_api_io_67905196,2026-05-16,06:00,away_team,Gold Coast Knights FC,gold coast knights,,unmatched,
odds_api_io_62083176,2026-05-16,08:30,home_team,Persik Kediri,persik kediri,,unmatched,
odds_api_io_62083176,2026-05-16,08:30,away_team,Persija Jakarta,persija jakarta,,unmatched,
odds_api_io_62083178,2026-05-16,12:00,home_team,Persis Solo,persis solo,,unmatched,
odds_api_io_62083178,2026-05-16,12:00,away_team,Dewa United,dewa united,,unmatched,
odds_api_io_69115206,2026-05-16,08:00,home_team,Perth Glory FC,perth glory,,unmatched,
odds_api_io_69115206,2026-05-16,08:00,away_team,Bayswater City,bayswater city,,unmatched,
odds_api_io_69115732,2026-05-16,05:00,home_team,Perth Redstar FC,perth redstar,,unmatched,
odds_api_io_69115732,2026-05-16,05:00,away_team,Armadale SC,armadale sc,,unmatched,
odds_api_io_66299188,2026-05-16,23:30,home_team,Philadelphia Union,philadelphia union,,unmatched,
odds_api_io_66299188,2026-05-16,23:30,away_team,Columbus Crew,columbus crew,,unmatched,
odds_api_io_67904146,2026-05-16,08:00,home_team,Pine Hills,pine hills,,unmatched,
odds_api_io_67904146,2026-05-16,08:00,away_team,Virginia United,virginia united,,unmatched,
odds_api_io_68048860,2026-05-16,05:30,home_team,Playford City,playford city,,unmatched,
odds_api_io_68048860,2026-05-16,05:30,away_team,Adelaide City FC,adelaide city,,unmatched,
odds_api_io_68916296,2026-05-16,05:00,home_team,Pocheon Citizen FC,pocheon citizen,,unmatched,
odds_api_io_68916296,2026-05-16,05:00,away_team,Changwon FC,changwon,,unmatched,
odds_api_io_61467285,2026-05-16,16:00,home_team,Podbeskidzie Bielsko-Biała,podbeskidzie bielsko-biała,,unmatched,
odds_api_io_61467285,2026-05-16,16:00,away_team,Sokol Kleczew,sokol kleczew,,unmatched,
odds_api_io_71501266,2026-05-16,22:30,home_team,Point Michel,point michel,,unmatched,
odds_api_io_71501266,2026-05-16,22:30,away_team,Middleham United FC,middleham united,,unmatched,
odds_api_io_62670419,2026-05-16,13:00,home_team,Polokwane City,polokwane city,,unmatched,
odds_api_io_62670419,2026-05-16,13:00,away_team,Marumo Gallants FC,marumo gallants,,unmatched,
odds_api_io_67915840,2026-05-16,16:00,home_team,Pors Grenland,pors grenland,,unmatched,
odds_api_io_67915840,2026-05-16,16:00,away_team,Notodden FK,notodden fk,,unmatched,
odds_api_io_71127904,2026-05-16,10:30,home_team,Port Darwin FC,port darwin,,unmatched,
odds_api_io_71127904,2026-05-16,10:30,away_team,Darwin Olympic SC,darwin olympic sc,,unmatched,
odds_api_io_67843998,2026-05-16,20:00,home_team,Portland Hearts of Pine,portland hearts of pine,,unmatched,
odds_api_io_67843998,2026-05-16,20:00,away_team,Rhode Island FC,rhode island,,unmatched,
fd_P1_2026-05-16_Porto_Santa_Clara,2026-05-16,15:30,home_team,Porto,porto,,unmatched,
fd_P1_2026-05-16_Porto_Santa_Clara,2026-05-16,15:30,away_team,Santa Clara,santa clara,,unmatched,
odds_api_io_61731544,2026-05-16,14:30,home_team,FC Porto,porto,,unmatched,
odds_api_io_61731544,2026-05-16,14:30,away_team,Santa Clara Azores,santa clara azores,,unmatched,
odds_api_io_70323124,2026-05-16,19:00,home_team,Pouso Alegre MG,pouso alegre mg,,unmatched,
odds_api_io_70323124,2026-05-16,19:00,away_team,AA Portuguesa RJ,aa portuguesa rj,,unmatched,
odds_api_io_62216472,2026-05-16,17:00,home_team,FC Prishtina Bern,prishtina bern,,unmatched,
odds_api_io_62216472,2026-05-16,17:00,away_team,Lancy FC,lancy,,unmatched,
odds_api_io_63185775,2026-05-16,13:00,home_team,Qarabag FK,qarabag fk,,unmatched,
odds_api_io_63185775,2026-05-16,13:00,away_team,Imisli FK,imisli fk,,unmatched,
odds_api_io_71186482,2026-05-16,15:00,home_team,Rachad Bernoussi,rachad bernoussi,,unmatched,
odds_api_io_71186482,2026-05-16,15:00,away_team,FUS Rabat,fus rabat,,unmatched,
odds_api_io_61623894,2026-05-16,16:30,home_team,Racing Santander,racing santander,,unmatched,
odds_api_io_61623894,2026-05-16,16:30,away_team,Real Valladolid,real valladolid,,suggested_alias_needed,Valladolid
odds_api_io_71327332,2026-05-16,18:00,home_team,Raja Casablanca Athletic,raja casablanca athletic,,unmatched,
odds_api_io_71327332,2026-05-16,18:00,away_team,JS Massira,js massira,,unmatched,
odds_api_io_71486662,2026-05-16,17:00,home_team,Ramtha SC,ramtha sc,,unmatched,
odds_api_io_71486662,2026-05-16,17:00,away_team,Al Hussein Irbid,al hussein irbid,,unmatched,
odds_api_io_67915582,2026-05-16,15:00,home_team,Rana FK,rana fk,,unmatched,
odds_api_io_67915582,2026-05-16,15:00,away_team,IK Junkeren,ik junkeren,,unmatched,
odds_api_io_61737728,2026-05-16,18:45,home_team,FC Rangers,rangers,,suggested_alias_needed,Angers
odds_api_io_61737728,2026-05-16,18:45,away_team,FC Santa Coloma,santa coloma,,unmatched,
odds_api_io_70431586,2026-05-16,20:00,home_team,Real Noroeste ES,real noroeste es,,unmatched,
odds_api_io_70431586,2026-05-16,20:00,away_team,Rio Branco AC ES,rio branco ac es,,unmatched,
odds_api_io_71299762,2026-05-16,16:00,home_team,Real Oviedo Vetusta,real oviedo vetusta,,unmatched,
odds_api_io_71299762,2026-05-16,16:00,away_team,CD Tudelano,cd tudelano,,unmatched,
odds_api_io_67119328,2026-05-16,18:30,home_team,Real Pilar FC,real pilar,,unmatched,
odds_api_io_67119328,2026-05-16,18:30,away_team,CA Excursionistas,ca excursionistas,,unmatched,
odds_api_io_61623910,2026-05-16,12:00,home_team,Real Sociedad San Sebastian B,real sociedad san sebastian b,,unmatched,
odds_api_io_61623910,2026-05-16,12:00,away_team,CD Mirandes,cd mirandes,,unmatched,
odds_api_io_70698900,2026-05-16,14:00,home_team,Reynir Sandgerdi,reynir sandgerdi,,unmatched,
odds_api_io_70698900,2026-05-16,14:00,away_team,KF Fjallabyggd,kf fjallabyggd,,unmatched,
odds_api_io_69501862,2026-05-16,13:00,home_team,Rezeknes Fa/Bjss,rezeknes fa/bjss,,unmatched,
odds_api_io_69501862,2026-05-16,13:00,away_team,FK Tukums 2000/Tss II,fk tukums 2000/tss ii,,unmatched,
odds_api_io_62670411,2026-05-16,13:00,home_team,Richards Bay FC,richards bay,,unmatched,
odds_api_io_62670411,2026-05-16,13:00,away_team,Sekhukhune United,sekhukhune united,,unmatched,
odds_api_io_67844006,2026-05-16,22:00,home_team,Richmond Kickers,richmond kickers,,unmatched,
odds_api_io_67844006,2026-05-16,22:00,away_team,Charleston Battery,charleston battery,,unmatched,
odds_api_io_68492524,2026-05-16,16:00,home_team,Riga FC,riga,,unmatched,
odds_api_io_68492524,2026-05-16,16:00,away_team,FS Jelgava,fs jelgava,,unmatched,
odds_api_io_69501860,2026-05-16,13:00,home_team,Riga Mariners,riga mariners,,unmatched,
odds_api_io_69501860,2026-05-16,13:00,away_team,Valmiera FC,valmiera,,suggested_alias_needed,Almeria
odds_api_io_61967616,2026-05-16,13:30,home_team,Rkav Volendam,rkav volendam,,unmatched,
odds_api_io_61967616,2026-05-16,13:30,away_team,BVV Barendrecht,bvv barendrecht,,unmatched,
odds_api_io_61062329,2026-05-16,18:15,home_team,RKS Radomiak Radom,rks radomiak radom,,unmatched,
odds_api_io_61062329,2026-05-16,18:15,away_team,KKS Lech Poznan,kks lech poznan,,unmatched,
odds_api_io_67905194,2026-05-16,06:00,home_team,Rochedale Rovers,rochedale rovers,,unmatched,
odds_api_io_67905194,2026-05-16,06:00,away_team,Magic United TFA,magic united tfa,,unmatched,
odds_api_io_67015186,2026-05-16,14:00,home_team,Rosenborg BK,rosenborg bk,,unmatched,
odds_api_io_67015186,2026-05-16,14:00,away_team,Aalesunds FK,aalesunds fk,,unmatched,
odds_api_io_70730318,2026-05-16,12:00,home_team,FC Roskilde,roskilde,,unmatched,
odds_api_io_70730318,2026-05-16,12:00,away_team,Naestved BK,naestved bk,,unmatched,
odds_api_io_70207500,2026-05-16,14:00,home_team,Royal Charleroi SC,royal charleroi sc,,unmatched,
odds_api_io_70207500,2026-05-16,14:00,away_team,KVC Westerlo,kvc westerlo,,unmatched,
odds_api_io_71186484,2026-05-16,18:00,home_team,Rs Berkane,rs berkane,,unmatched,
odds_api_io_71186484,2026-05-16,18:00,away_team,Wydad Fes,wydad fes,,unmatched,
odds_api_io_67648460,2026-05-16,05:00,home_team,Sagan Tosu,sagan tosu,,unmatched,
odds_api_io_67648460,2026-05-16,05:00,away_team,Renofa Yamaguchi,renofa yamaguchi,,unmatched,
odds_api_io_71325378,2026-05-16,18:00,home_team,Sampaio Correa FC MA,sampaio correa ma,,unmatched,
odds_api_io_71325378,2026-05-16,18:00,away_team,Tiradentes PA,tiradentes pa,,unmatched,
fd_T1_2026-05-16_Samsunspor_Goztep,2026-05-16,18:00,home_team,Samsunspor,samsunspor,,unmatched,
fd_T1_2026-05-16_Samsunspor_Goztep,2026-05-16,18:00,away_team,Goztep,goztep,,unmatched,
odds_api_io_63039307,2026-05-16,12:00,home_team,Samsunspor,samsunspor,,unmatched,
odds_api_io_63039307,2026-05-16,12:00,away_team,Goztepe,goztepe,,unmatched,
odds_api_io_61730248,2026-05-16,17:00,home_team,Samsunspor,samsunspor,,unmatched,
odds_api_io_61730248,2026-05-16,17:00,away_team,Goztepe Izmir,goztepe izmir,,unmatched,
odds_api_io_71341350,2026-05-16,12:00,home_team,FC Samtredia,samtredia,,unmatched,
odds_api_io_71341350,2026-05-16,12:00,away_team,SFC Shturmi Sartichala,s shturmi sartichala,,unmatched,
odds_api_io_70323242,2026-05-16,18:00,home_team,Santa Catarina SC,santa catarina sc,,unmatched,
odds_api_io_70323242,2026-05-16,18:00,away_team,Joinville EC SC,joinville ec sc,,unmatched,
odds_api_io_67802918,2026-05-16,14:00,home_team,Santa Clara SAD,santa clara sad,,unmatched,
odds_api_io_67802918,2026-05-16,14:00,away_team,Rio Ave FC,rio ave,,unmatched,
odds_api_io_69255034,2026-05-16,20:00,home_team,Santa Cruz FC PE,santa cruz pe,,unmatched,
odds_api_io_69255034,2026-05-16,20:00,away_team,Volta Redonda FC RJ,volta redonda rj,,unmatched,
fd_SP2_2026-05-16_Santander_Valladolid,2026-05-16,17:30,home_team,Santander,santander,,unmatched,
fd_SP2_2026-05-16_Santander_Valladolid,2026-05-16,17:30,away_team,Valladolid,valladolid,Valladolid,exact_normalized,
odds_api_io_68822888,2026-05-16,19:00,home_team,Sao Bernardo FC,sao bernardo,,unmatched,
odds_api_io_68822888,2026-05-16,19:00,away_team,America FC MG,america mg,,unmatched,
odds_api_io_70885350,2026-05-16,18:00,home_team,Sao Goncalo EC RJ,sao goncalo ec rj,,unmatched,
odds_api_io_70885350,2026-05-16,18:00,away_team,Resende FC RJ,resende rj,,unmatched,
odds_api_io_61731554,2026-05-16,17:00,home_team,SC Braga,sc braga,,unmatched,
odds_api_io_61731554,2026-05-16,17:00,away_team,Estrela Amadora,estrela amadora,,unmatched,
odds_api_io_68751784,2026-05-16,18:00,home_team,SC Corinthians SP,sc corinthians sp,,unmatched,
odds_api_io_68751784,2026-05-16,18:00,away_team,CR Vasco da Gama RJ,cr vasco da gama rj,,unmatched,
odds_api_io_61515282,2026-05-16,13:30,home_team,SC Freiburg,sc freiburg,,suggested_alias_needed,Freiburg
odds_api_io_61515282,2026-05-16,13:30,away_team,RB Leipzig,rb leipzig,RB Leipzig,exact_normalized,
odds_api_io_66886790,2026-05-16,21:30,home_team,SC Internacional RS,sc internacional rs,,unmatched,
odds_api_io_66886790,2026-05-16,21:30,away_team,CR Vasco da Gama RJ,cr vasco da gama rj,,unmatched,
odds_api_io_70855838,2026-05-16,17:00,home_team,SC Kalsdorf,sc kalsdorf,,unmatched,
odds_api_io_70855838,2026-05-16,17:00,away_team,Wohnbau Dietach,wohnbau dietach,,unmatched,
odds_api_io_61853444,2026-05-16,12:00,home_team,SC Paderborn 07 II,sc paderborn 07 ii,,unmatched,
odds_api_io_61853444,2026-05-16,12:00,away_team,SV Rodinghausen,sv rodinghausen,,unmatched,
odds_api_io_61651678,2026-05-16,10:00,home_team,SC Poltava,sc poltava,,unmatched,
odds_api_io_61651678,2026-05-16,10:00,away_team,FC Dynamo Kyiv,dynamo kyiv,,unmatched,
odds_api_io_68971738,2026-05-16,18:00,home_team,SC Recife PE,sc recife pe,,unmatched,
odds_api_io_68971738,2026-05-16,18:00,away_team,Itabirito FC MG,itabirito mg,,unmatched,
odds_api_io_62274218,2026-05-16,14:00,home_team,SC Retz,sc retz,,unmatched,
odds_api_io_62274218,2026-05-16,14:00,away_team,SV Gloggnitz,sv gloggnitz,,unmatched,
odds_api_io_67647982,2026-05-16,05:00,home_team,SC Sagamihara,sc sagamihara,,unmatched,
odds_api_io_67647982,2026-05-16,05:00,away_team,Vanraure Hachinohe FC,vanraure hachinohe,,unmatched,
odds_api_io_61709716,2026-05-16,11:30,home_team,SC Verl,sc verl,,unmatched,
odds_api_io_61709716,2026-05-16,11:30,away_team,TSV 1860 Munich,tsv 1860 munich,,unmatched,
odds_api_io_61853442,2026-05-16,12:00,home_team,SC Wiedenbruck,sc wiedenbruck,,unmatched,
odds_api_io_61853442,2026-05-16,12:00,away_team,Borussia Dortmund II,borussia dortmund ii,,unmatched,
odds_api_io_62274216,2026-05-16,15:00,home_team,SC Wiener Viktoria,sc wiener viktoria,,unmatched,
odds_api_io_62274216,2026-05-16,15:00,away_team,FC Marchfeld Donauauen,marchfeld donauauen,,unmatched,
odds_api_io_67563292,2026-05-16,13:00,home_team,Scottland FC,scottland,,unmatched,
odds_api_io_67563292,2026-05-16,13:00,away_team,ZPC Kariba,zpc kariba,,unmatched,
odds_api_io_69751702,2026-05-16,15:00,home_team,SCR Altach,scr altach,,unmatched,
odds_api_io_69751702,2026-05-16,15:00,away_team,SV Ried,sv ried,,unmatched,
odds_api_io_67690858,2026-05-16,07:00,home_team,SD Raiders FC,sd raiders,,unmatched,
odds_api_io_67690858,2026-05-16,07:00,away_team,Sutherland Sharks,sutherland sharks,,unmatched,
odds_api_io_70319970,2026-05-16,22:30,home_team,SE Gama DF,se gama df,,unmatched,
odds_api_io_70319970,2026-05-16,22:30,away_team,Brasiliense FC DF,brasiliense df,,unmatched,
odds_api_io_71422912,2026-05-16,22:30,home_team,Seaview Gardens FC,seaview gardens,,unmatched,
odds_api_io_71422912,2026-05-16,22:30,away_team,Browns Town FC,browns town,,unmatched,
odds_api_io_71118462,2026-05-16,18:30,home_team,SEF Torres Sassari,sef torres sassari,,unmatched,
odds_api_io_71118462,2026-05-16,18:30,away_team,AC Bra,ac bra,,unmatched,
odds_api_io_67091308,2026-05-16,14:00,home_team,Seinajoen JK,seinajoen jk,,unmatched,
odds_api_io_67091308,2026-05-16,14:00,away_team,FC Inter Turku,inter turku,,unmatched,
odds_api_io_69463268,2026-05-16,03:00,home_team,Selwyn United FC,selwyn united,,unmatched,
odds_api_io_69463268,2026-05-16,03:00,away_team,Wanaka AFC,wanaka a,,unmatched,
odds_api_io_68046508,2026-05-16,07:30,home_team,Seoul E-Land FC,seoul e-land,,unmatched,
odds_api_io_68046508,2026-05-16,07:30,away_team,Yongin City FC,yongin city,,unmatched,
odds_api_io_70322108,2026-05-16,19:30,home_team,Serra Branca EC PB,serra branca ec pb,,unmatched,
odds_api_io_70322108,2026-05-16,19:30,away_team,Treze FC PB,treze pb,,unmatched,
odds_api_io_61859540,2026-05-16,12:00,home_team,SG Barockstadt Fulda-Lehnerz,sg barockstadt fulda-lehnerz,,unmatched,
odds_api_io_61859540,2026-05-16,12:00,away_team,FSV Frankfurt 1899,fsv frankfurt 1899,,unmatched,
odds_api_io_71468308,2026-05-16,15:30,home_team,Shabab Al Ahli Dubai,shabab al ahli dubai,,unmatched,
odds_api_io_71468308,2026-05-16,15:30,away_team,AL Bataeh (UAE),al bataeh (uae),,unmatched,
odds_api_io_63185779,2026-05-16,13:00,home_team,Shamakhi FK,shamakhi fk,,unmatched,
odds_api_io_63185779,2026-05-16,13:00,away_team,Turan Tovuz,turan tovuz,,unmatched,
odds_api_io_66855368,2026-05-16,14:00,home_team,Shamrock Rovers FC,shamrock rovers,,unmatched,
odds_api_io_66855368,2026-05-16,14:00,away_team,Bohemian FC,bohemian,,unmatched,
odds_api_io_68995152,2026-05-16,11:35,home_team,Shandong Taishan FC,shandong taishan,,unmatched,
odds_api_io_68995152,2026-05-16,11:35,away_team,Chongqing Tonglianglong FC,chongqing tonglianglong,,unmatched,
odds_api_io_70968240,2026-05-16,07:30,home_team,Shanghai Second,shanghai second,,unmatched,
odds_api_io_70968240,2026-05-16,07:30,away_team,Yanbian Longding,yanbian longding,,unmatched,
odds_api_io_70968264,2026-05-16,07:30,home_team,Shanxi Chongde Ronghai,shanxi chongde ronghai,,unmatched,
odds_api_io_70968264,2026-05-16,07:30,away_team,Changchun Yatai,changchun yatai,,unmatched,
odds_api_io_66855366,2026-05-16,15:00,home_team,Shelbourne LFC,shelbourne l,,unmatched,
odds_api_io_66855366,2026-05-16,15:00,away_team,Galway United Wfc,galway united w,,unmatched,
odds_api_io_67647980,2026-05-16,05:00,home_team,Shonan Bellmare,shonan bellmare,,unmatched,
odds_api_io_67647980,2026-05-16,05:00,away_team,Vegalta Sendai,vegalta sendai,,unmatched,
odds_api_io_62036286,2026-05-16,15:00,home_team,Siarka Tarnobrzeg,siarka tarnobrzeg,,unmatched,
odds_api_io_62036286,2026-05-16,15:00,away_team,Wisla II Krakow,wisla ii krakow,,unmatched,
odds_api_io_71000976,2026-05-16,10:00,home_team,Sichuan WFC,sichuan w,,unmatched,
odds_api_io_71000976,2026-05-16,10:00,away_team,Wuhan Jiangda,wuhan jiangda,,unmatched,
odds_api_io_61326643,2026-05-16,15:00,home_team,FC Silon Taborsko,silon taborsko,,unmatched,
odds_api_io_61326643,2026-05-16,15:00,away_team,SFC Opava,s opava,,unmatched,
odds_api_io_61911540,2026-05-16,13:00,home_team,Simmeringer SC,simmeringer sc,,unmatched,
odds_api_io_61911540,2026-05-16,13:00,away_team,FC 1980 Wien,1980 wien,,unmatched,
odds_api_io_71303960,2026-05-16,17:00,home_team,Sioni Bolnisi,sioni bolnisi,,unmatched,
odds_api_io_71303960,2026-05-16,17:00,away_team,Odishi,odishi,,unmatched,
odds_api_io_71464970,2026-05-16,14:30,home_team,Sitra Club,sitra club,,unmatched,
odds_api_io_71464970,2026-05-16,14:30,away_team,Malkiya Club,malkiya club,,unmatched,
odds_api_io_62670413,2026-05-16,13:00,home_team,Siwelele FC,siwelele,,unmatched,
odds_api_io_62670413,2026-05-16,13:00,away_team,Magesi FC,magesi,,unmatched,
odds_api_io_61326645,2026-05-16,15:00,home_team,SK Artis Brno,sk artis brno,,unmatched,
odds_api_io_61326645,2026-05-16,15:00,away_team,FK Viktoria Zizkov,fk viktoria zizkov,,unmatched,
odds_api_io_61541410,2026-05-16,13:00,home_team,SK Bischofshofen,sk bischofshofen,,unmatched,
odds_api_io_61541410,2026-05-16,13:00,away_team,FC Lauterach,lauterach,,unmatched,
odds_api_io_67015178,2026-05-16,12:00,home_team,SK Brann,sk brann,,unmatched,
odds_api_io_67015178,2026-05-16,12:00,away_team,KFUM Oslo,kfum oslo,,unmatched,
odds_api_io_61326639,2026-05-16,15:00,home_team,SK Dynamo Ceske Budejovice,sk dynamo ceske budejovice,,unmatched,
odds_api_io_61326639,2026-05-16,15:00,away_team,MFK Chrudim,mfk chrudim,,unmatched,
odds_api_io_61326649,2026-05-16,15:00,home_team,SK Hanacka Slavia Kromeriz,sk hanacka slavia kromeriz,,unmatched,
odds_api_io_61326649,2026-05-16,15:00,away_team,FC Zbrojovka Brno,zbrojovka brno,,unmatched,
odds_api_io_69463470,2026-05-16,15:00,home_team,SK Slovan Bratislava,sk slovan bratislava,,unmatched,
odds_api_io_69463470,2026-05-16,15:00,away_team,MFK Zemplin Michalovce,mfk zemplin michalovce,,unmatched,
odds_api_io_68492522,2026-05-16,13:00,home_team,SK Super Nova,sk super nova,,unmatched,
odds_api_io_68492522,2026-05-16,13:00,away_team,Ogre United,ogre united,,unmatched,
odds_api_io_70223968,2026-05-16,12:00,home_team,Slavia Prague,slavia prague,,unmatched,
odds_api_io_70223968,2026-05-16,12:00,away_team,Sparta Prague,sparta prague,,unmatched,
odds_api_io_66854054,2026-05-16,18:45,home_team,Sligo Rovers FC,sligo rovers,,unmatched,
odds_api_io_66854054,2026-05-16,18:45,away_team,Galway United FC,galway united,,unmatched,
odds_api_io_66601878,2026-05-16,08:00,home_team,FC Slovan Liberec,slovan liberec,,unmatched,
odds_api_io_66601878,2026-05-16,08:00,away_team,FC Banik Ostrava,banik ostrava,,unmatched,
odds_api_io_70966372,2026-05-16,12:00,home_team,FC Slovan Liberec B,slovan liberec b,,unmatched,
odds_api_io_70966372,2026-05-16,12:00,away_team,FC Teplice,teplice,,unmatched,
odds_api_io_71453938,2026-05-16,12:30,home_team,Social Atletico Television,social atletico television,,unmatched,
odds_api_io_71453938,2026-05-16,12:30,away_team,Union de Santa Fe,union de santa fe,,unmatched,
fd_SP2_2026-05-16_Sociedad_B_Mirandes,2026-05-16,13:00,home_team,Sociedad B,sociedad b,,suggested_alias_needed,Sociedad
fd_SP2_2026-05-16_Sociedad_B_Mirandes,2026-05-16,13:00,away_team,Mirandes,mirandes,,unmatched,
odds_api_io_62216098,2026-05-16,16:00,home_team,FC Solothurn,solothurn,,unmatched,
odds_api_io_62216098,2026-05-16,16:00,away_team,BSC Old Boys,bsc old boys,,unmatched,
odds_api_io_68663476,2026-05-16,11:00,home_team,Song Lam Nghe An,song lam nghe an,,unmatched,
odds_api_io_68663476,2026-05-16,11:00,away_team,Ninh Binh FC,ninh binh,,unmatched,
odds_api_io_69115198,2026-05-16,07:00,home_team,Sorrento FC,sorrento,,unmatched,
odds_api_io_69115198,2026-05-16,07:00,away_team,Perth Azzurri,perth azzurri,,unmatched,
odds_api_io_69115734,2026-05-16,05:00,home_team,Sorrento FC,sorrento,,unmatched,
odds_api_io_69115734,2026-05-16,05:00,away_team,Perth SC,perth sc,,unmatched,
odds_api_io_68051604,2026-05-16,05:30,home_team,South Adelaide FC,south adelaide,,unmatched,
odds_api_io_68051604,2026-05-16,05:30,away_team,Salisbury United,salisbury united,,unmatched,
odds_api_io_68050294,2026-05-16,03:15,home_team,South Adelaide Reserve,south adelaide reserve,,unmatched,
odds_api_io_68050294,2026-05-16,03:15,away_team,Salisbury United Reserve,salisbury united reserve,,unmatched,
odds_api_io_67904144,2026-05-16,08:00,home_team,Souths United FC,souths united,,unmatched,
odds_api_io_67904144,2026-05-16,08:00,away_team,SWQ Thunder FC,swq thunder,,unmatched,
odds_api_io_67904148,2026-05-16,08:30,home_team,Southside Eagles,southside eagles,,unmatched,
odds_api_io_67904148,2026-05-16,08:30,away_team,Mitchelton FC,mitchelton,,unmatched,
fd_P1_2026-05-16_Sp_Braga_Estrela,2026-05-16,18:00,home_team,Sp Braga,sp braga,,unmatched,
fd_P1_2026-05-16_Sp_Braga_Estrela,2026-05-16,18:00,away_team,Estrela,estrela,,unmatched,
fd_P1_2026-05-16_Sp_Lisbon_Gil_Vicente,2026-05-16,20:30,home_team,Sp Lisbon,sp lisbon,,unmatched,
fd_P1_2026-05-16_Sp_Lisbon_Gil_Vicente,2026-05-16,20:30,away_team,Gil Vicente,gil vicente,,unmatched,
odds_api_io_71485700,2026-05-16,13:00,home_team,SP Tre Penne,sp tre penne,,unmatched,
odds_api_io_71485700,2026-05-16,13:00,away_team,FC Domagnano,domagnano,,unmatched,
odds_api_io_61326647,2026-05-16,15:00,home_team,Sparta Prague B,sparta prague b,,unmatched,
odds_api_io_61326647,2026-05-16,15:00,away_team,FC Vysocina Jihlava,vysocina jihlava,,unmatched,
odds_api_io_71476294,2026-05-16,07:30,home_team,Speranza Osaka,speranza osaka,,unmatched,
odds_api_io_71476294,2026-05-16,07:30,away_team,Renofa Yamaguchi FC Ladies,renofa yamaguchi ladies,,unmatched,
odds_api_io_62509070,2026-05-16,20:00,home_team,Spokane Zephyr FC,spokane zephyr,,unmatched,
odds_api_io_62509070,2026-05-16,20:00,away_team,Brooklyn FC,brooklyn,,unmatched,
odds_api_io_61853446,2026-05-16,12:00,home_team,Sportfreunde Siegen 1899,sportfreunde siegen 1899,,unmatched,
odds_api_io_61853446,2026-05-16,12:00,away_team,SSVg Velbert,ssvg velbert,,unmatched,
odds_api_io_61731542,2026-05-16,19:30,home_team,Sporting CP,sporting cp,,unmatched,
odds_api_io_61731542,2026-05-16,19:30,away_team,Gil Vicente Barcelos,gil vicente barcelos,,unmatched,
odds_api_io_71180484,2026-05-16,15:00,home_team,Sporting Cristal,sporting cristal,,unmatched,
odds_api_io_71180484,2026-05-16,15:00,away_team,FC Killas,killas,,unmatched,
odds_api_io_71478620,2026-05-16,19:15,home_team,Sportivo 2 de Mayo,sportivo 2 de mayo,,unmatched,
odds_api_io_71478620,2026-05-16,19:15,away_team,Sportivo Trinidense,sportivo trinidense,,unmatched,
odds_api_io_71478552,2026-05-16,17:00,home_team,Sportivo Luqueno,sportivo luqueno,,unmatched,
odds_api_io_71478552,2026-05-16,17:00,away_team,Rubio Nu,rubio nu,,unmatched,
odds_api_io_61854754,2026-05-16,12:00,home_team,SpVgg Ansbach,spvgg ansbach,,unmatched,
odds_api_io_61854754,2026-05-16,12:00,away_team,FC Wurzburger Kickers,wurzburger kickers,,unmatched,
odds_api_io_61854746,2026-05-16,12:00,home_team,SpVgg Unterhaching,spvgg unterhaching,,unmatched,
odds_api_io_61854746,2026-05-16,12:00,away_team,Wacker Burghausen,wacker burghausen,,unmatched,
odds_api_io_70962960,2026-05-16,13:00,home_team,Sreenidi Deccan FC,sreenidi deccan,,unmatched,
odds_api_io_70962960,2026-05-16,13:00,away_team,Chanmari FC,chanmari,,unmatched,
odds_api_io_61709706,2026-05-16,11:30,home_team,SSV Ulm 1846,ssv ulm 1846,,unmatched,
odds_api_io_61709706,2026-05-16,11:30,away_team,Rot-Weiss Essen,rot-weiss essen,,unmatched,
odds_api_io_67693048,2026-05-16,06:30,home_team,St George FC,st george,,unmatched,
odds_api_io_67693048,2026-05-16,06:30,away_team,Sydney United 58 FC,sydney united 58,,unmatched,
odds_api_io_67690866,2026-05-16,08:30,home_team,St George Saints FC,st george saints,,unmatched,
odds_api_io_67690866,2026-05-16,08:30,away_team,Sydney United 58 FC,sydney united 58,,unmatched,
odds_api_io_61515292,2026-05-16,13:30,home_team,FC St. Pauli,st pauli,St Pauli,exact_normalized,
odds_api_io_61515292,2026-05-16,13:30,away_team,VFL Wolfsburg,vfl wolfsburg,,suggested_alias_needed,Wolfsburg
fd_D1_2026-05-16_St_Pauli_Wolfsburg,2026-05-16,14:30,home_team,St Pauli,st pauli,St Pauli,exact_normalized,
fd_D1_2026-05-16_St_Pauli_Wolfsburg,2026-05-16,14:30,away_team,Wolfsburg,wolfsburg,Wolfsburg,exact_normalized,
fd_B1_2026-05-16_St_Truiden_Gent,2026-05-16,19:45,home_team,St Truiden,st truiden,,unmatched,
fd_B1_2026-05-16_St_Truiden_Gent,2026-05-16,19:45,away_team,Gent,gent,,unmatched,
odds_api_io_70207430,2026-05-16,18:45,home_team,St. Truidense VV,st truidense vv,,unmatched,
odds_api_io_70207430,2026-05-16,18:45,away_team,KAA Gent,kaa gent,,unmatched,
odds_api_io_67017934,2026-05-16,14:00,home_team,Stabaek IF,stabaek if,,unmatched,
odds_api_io_67017934,2026-05-16,14:00,away_team,Raufoss IL,raufoss il,,unmatched,
fd_B1_2026-05-16_Standard_Genk,2026-05-16,17:15,home_team,Standard,standard,,unmatched,
fd_B1_2026-05-16_Standard_Genk,2026-05-16,17:15,away_team,Genk,genk,,unmatched,
odds_api_io_70207502,2026-05-16,16:15,home_team,Standard Liege,standard liege,,unmatched,
odds_api_io_70207502,2026-05-16,16:15,away_team,KRC Genk,krc genk,,unmatched,
odds_api_io_62670415,2026-05-16,13:00,home_team,Stellenbosch FC,stellenbosch,,unmatched,
odds_api_io_62670415,2026-05-16,13:00,away_team,Orbit College FC,orbit college,,unmatched,
odds_api_io_71406952,2026-05-16,16:30,home_team,Stenhousemuir FC,stenhousemuir,,unmatched,
odds_api_io_71406952,2026-05-16,16:30,away_team,Alloa Athletic FC,alloa athletic,,unmatched,
odds_api_io_67017936,2026-05-16,14:00,home_team,Stroemsgodset IF,stroemsgodset if,,unmatched,
odds_api_io_67017936,2026-05-16,14:00,away_team,Ranheim,ranheim,,unmatched,
odds_api_io_68048858,2026-05-16,05:30,home_team,Sturt Lions,sturt lions,,unmatched,
odds_api_io_68048858,2026-05-16,05:30,away_team,Croydon FC,croydon,,unmatched,
odds_api_io_68050020,2026-05-16,03:00,home_team,Sturt Lions Reserve,sturt lions reserve,,unmatched,
odds_api_io_68050020,2026-05-16,03:00,away_team,Croydon Kings FC Reserve,croydon kings reserve,,unmatched,
odds_api_io_61859538,2026-05-16,12:00,home_team,Stuttgarter Kickers,stuttgarter kickers,,unmatched,
odds_api_io_61859538,2026-05-16,12:00,away_team,SG Sonnenhof Grossaspach,sg sonnenhof grossaspach,,unmatched,
odds_api_io_69767602,2026-05-16,07:00,home_team,Subiaco AFC,subiaco a,,unmatched,
odds_api_io_69767602,2026-05-16,07:00,away_team,Gwelup Croatia SC,gwelup croatia sc,,unmatched,
odds_api_io_69768172,2026-05-16,05:00,home_team,Subiaco AFC Reserve,subiaco a reserve,,unmatched,
odds_api_io_69768172,2026-05-16,05:00,away_team,Gwelup Croatia SC Reserves,gwelup croatia sc reserves,,unmatched,
odds_api_io_67905674,2026-05-16,06:00,home_team,Sunshine Coast Wanderers,sunshine coast wanderers,,unmatched,
odds_api_io_67905674,2026-05-16,06:00,away_team,St George Willawong,st george willawong,,unmatched,
odds_api_io_62229200,2026-05-16,13:30,home_team,SV Meerssen,sv meerssen,,unmatched,
odds_api_io_62229200,2026-05-16,13:30,away_team,FC Rijnvogels,rijnvogels,,unmatched,
odds_api_io_62284596,2026-05-16,16:00,home_team,SV Meppen 1912,sv meppen 1912,,unmatched,
odds_api_io_62284596,2026-05-16,16:00,away_team,FC St. Pauli II,st pauli ii,,suggested_alias_needed,St Pauli
odds_api_io_61859532,2026-05-16,12:00,home_team,SV Sandhausen,sv sandhausen,,unmatched,
odds_api_io_61859532,2026-05-16,12:00,away_team,FC 08 Homburg-Saar,08 homburg-saar,,unmatched,
odds_api_io_61902048,2026-05-16,15:00,home_team,SV Tillmitsch,sv tillmitsch,,unmatched,
odds_api_io_61902048,2026-05-16,15:00,away_team,FC Schladming,schladming,,unmatched,
odds_api_io_62229202,2026-05-16,13:30,home_team,SV Togb,sv togb,,unmatched,
odds_api_io_62229202,2026-05-16,13:30,away_team,Groene Ster,groene ster,,unmatched,
odds_api_io_61709708,2026-05-16,11:30,home_team,SV Wehen Wiesbaden,sv wehen wiesbaden,,unmatched,
odds_api_io_61709708,2026-05-16,11:30,away_team,TSG Hoffenheim II,tsg hoffenheim ii,,unmatched,
odds_api_io_70221642,2026-05-16,14:00,home_team,SV Zulte Waregem,sv zulte waregem,,unmatched,
odds_api_io_70221642,2026-05-16,14:00,away_team,KVC Westerlo,kvc westerlo,,unmatched,
odds_api_io_62180518,2026-05-16,09:00,home_team,Szeged-Csanad Grosics Akademia II,szeged-csanad grosics akademia ii,,unmatched,
odds_api_io_62180518,2026-05-16,09:00,away_team,Martfui Lse,martfui lse,,unmatched,
odds_api_io_68320784,2026-05-16,14:00,home_team,Taby FK,taby fk,,unmatched,
odds_api_io_68320784,2026-05-16,14:00,away_team,Sunnersta AIF,sunnersta aif,,unmatched,
odds_api_io_71267598,2026-05-16,13:00,home_team,Taguig FC,taguig,,unmatched,
odds_api_io_71267598,2026-05-16,13:00,away_team,Stallion Laguna FC,stallion laguna,,unmatched,
odds_api_io_69460602,2026-05-16,03:00,home_team,Tauranga City AFC,tauranga city a,,unmatched,
odds_api_io_69460602,2026-05-16,03:00,away_team,Western Springs AFC,western springs a,,unmatched,
odds_api_io_68051608,2026-05-16,07:30,home_team,The Cove FC,the cove,,unmatched,
odds_api_io_68051608,2026-05-16,07:30,away_team,Adelaide Croatia Raiders SC,adelaide croatia raiders sc,,unmatched,
odds_api_io_68050300,2026-05-16,05:00,home_team,The Cove FC Reserves,the cove reserves,,unmatched,
odds_api_io_68050300,2026-05-16,05:00,away_team,Adelaide Croatia Raiders SC Reserve,adelaide croatia raiders sc reserve,,unmatched,
odds_api_io_62214272,2026-05-16,16:00,home_team,Thionville US Lusitanos,thionville us lusitanos,,unmatched,
odds_api_io_62214272,2026-05-16,16:00,away_team,FC Chambly Oise,chambly oise,,unmatched,
odds_api_io_69195812,2026-05-16,05:30,home_team,Tigers FC,tigers,,unmatched,
odds_api_io_69195812,2026-05-16,05:30,away_team,Canberra Olympic FC,canberra olympic,,unmatched,
odds_api_io_67647984,2026-05-16,05:00,home_team,Tochigi City FC,tochigi city,,unmatched,
odds_api_io_67647984,2026-05-16,05:00,away_team,Montedio Yamagata,montedio yamagata,,unmatched,
odds_api_io_67266626,2026-05-16,04:00,home_team,Tokyo Verdy Beleza,tokyo verdy beleza,,unmatched,
odds_api_io_67266626,2026-05-16,04:00,away_team,Albirex Niigata,albirex niigata,,unmatched,
odds_api_io_70322922,2026-05-16,21:00,home_team,Tombense FC MG,tombense mg,,unmatched,
odds_api_io_70322922,2026-05-16,21:00,away_team,EC Democrata MG,ec democrata mg,,unmatched,
odds_api_io_63666471,2026-05-16,10:00,home_team,Trabzonspor AS,trabzonspor as,,unmatched,
odds_api_io_63666471,2026-05-16,10:00,away_team,Prolift Giresun Sanayispor,prolift giresun sanayispor,,unmatched,
odds_api_io_68664052,2026-05-16,11:00,home_team,Truong Tuoi Dong Nai FC,truong tuoi dong nai,,unmatched,
odds_api_io_68664052,2026-05-16,11:00,away_team,DH van Hien,dh van hien,,unmatched,
odds_api_io_61859548,2026-05-16,12:00,home_team,TSG Balingen 1848,tsg balingen 1848,,unmatched,
odds_api_io_61859548,2026-05-16,12:00,away_team,FC Astoria Walldorf,astoria walldorf,,unmatched,
odds_api_io_61859536,2026-05-16,12:00,home_team,TSV Steinbach Haiger,tsv steinbach haiger,,unmatched,
odds_api_io_61859536,2026-05-16,12:00,away_team,Bahlinger SC,bahlinger sc,,unmatched,
odds_api_io_69195808,2026-05-16,07:15,home_team,Tuggeranong United FC,tuggeranong united,,unmatched,
odds_api_io_69195808,2026-05-16,07:15,away_team,Brindabella Blues FC,brindabella blues,,unmatched,
odds_api_io_70469892,2026-05-16,14:30,home_team,FC Twente Enschede,twente enschede,,unmatched,
odds_api_io_70469892,2026-05-16,14:30,away_team,PSV Eindhoven,psv eindhoven,,unmatched,
odds_api_io_61623896,2026-05-16,16:30,home_team,UD Almeria,ud almeria,,suggested_alias_needed,Almeria
odds_api_io_61623896,2026-05-16,16:30,away_team,UD Las Palmas,ud las palmas,,suggested_alias_needed,Las Palmas
odds_api_io_61687620,2026-05-16,19:00,home_team,UD Ibiza,ud ibiza,,unmatched,
odds_api_io_61687620,2026-05-16,19:00,away_team,FC Cartagena,cartagena,,unmatched,
odds_api_io_71300068,2026-05-16,18:15,home_team,UD Logrones,ud logrones,,unmatched,
odds_api_io_71300068,2026-05-16,18:15,away_team,Getafe CF B,getafe b,,suggested_alias_needed,Getafe
odds_api_io_68351376,2026-05-16,15:30,home_team,UD Santarem,ud santarem,,unmatched,
odds_api_io_68351376,2026-05-16,15:30,away_team,Varzim SC,varzim sc,,unmatched,
odds_api_io_68971740,2026-05-16,18:00,home_team,UDA AL,uda al,,unmatched,
odds_api_io_68971740,2026-05-16,18:00,away_team,Itacoatiara FC AM,itacoatiara am,,unmatched,
odds_api_io_67919266,2026-05-16,11:00,home_team,Ullern,ullern,,unmatched,
odds_api_io_67919266,2026-05-16,11:00,away_team,Frigg Oslo FK,frigg oslo fk,,unmatched,
odds_api_io_68916300,2026-05-16,10:00,home_team,Ulsan Citizen FC,ulsan citizen,,unmatched,
odds_api_io_68916300,2026-05-16,10:00,away_team,Yangpyeong FC,yangpyeong,,unmatched,
odds_api_io_69342854,2026-05-16,10:00,home_team,Ulytau FC,ulytau,,unmatched,
odds_api_io_69342854,2026-05-16,10:00,away_team,FC Kaspiy Aktau,kaspiy aktau,,unmatched,
odds_api_io_70687992,2026-05-16,14:00,home_team,UMF Selfoss,umf selfoss,,unmatched,
odds_api_io_70687992,2026-05-16,14:00,away_team,Kormakur/Hvot,kormakur/hvot,,unmatched,
odds_api_io_70698898,2026-05-16,17:00,home_team,UMF Tindastoll,umf tindastoll,,unmatched,
odds_api_io_70698898,2026-05-16,17:00,away_team,Arbaer,arbaer,,unmatched,
odds_api_io_67802924,2026-05-16,16:00,home_team,Uniao de Leiria,uniao de leiria,,unmatched,
odds_api_io_67802924,2026-05-16,16:00,away_team,Gil Vicente,gil vicente,,unmatched,
fd_D1_2026-05-16_Union_Berlin_Augsburg,2026-05-16,14:30,home_team,Union Berlin,union berlin,Union Berlin,exact_normalized,
fd_D1_2026-05-16_Union_Berlin_Augsburg,2026-05-16,14:30,away_team,Augsburg,augsburg,Augsburg,exact_normalized,
odds_api_io_69254650,2026-05-16,21:00,home_team,Universidad de Chile,universidad de chile,,unmatched,
odds_api_io_69254650,2026-05-16,21:00,away_team,Santiago Wanderers,santiago wanderers,,unmatched,
odds_api_io_70379172,2026-05-16,19:00,home_team,FC Universitario de Vinto,universitario de vinto,,unmatched,
odds_api_io_70379172,2026-05-16,19:00,away_team,Club Bolivar,club bolivar,,unmatched,
odds_api_io_67693058,2026-05-16,03:00,home_team,University of NSW,university of nsw,,unmatched,
odds_api_io_67693058,2026-05-16,03:00,away_team,Rockdale Ilinden FC,rockdale ilinden,,unmatched,
odds_api_io_67645556,2026-05-16,07:00,home_team,Urawa Red Diamonds,urawa red diamonds,,unmatched,
odds_api_io_67645556,2026-05-16,07:00,away_team,FC Tokyo,tokyo,,unmatched,
odds_api_io_71475802,2026-05-16,13:00,home_team,Uruguay Montevideo FC,uruguay montevideo,,unmatched,
odds_api_io_71475802,2026-05-16,13:00,away_team,CS Cerrito,cs cerrito,,unmatched,
odds_api_io_71486864,2026-05-16,16:00,home_team,USM EL Harrach,usm el harrach,,unmatched,
odds_api_io_71486864,2026-05-16,16:00,away_team,US Chaouia,us chaouia,,unmatched,
odds_api_io_62227500,2026-05-16,13:30,home_team,USV Hercules,usv hercules,,unmatched,
odds_api_io_62227500,2026-05-16,13:30,away_team,Harkemase Boys,harkemase boys,,unmatched,
odds_api_io_67015192,2026-05-16,18:00,home_team,Vaalerenga IF,vaalerenga if,,unmatched,
odds_api_io_67015192,2026-05-16,18:00,away_team,Sarpsborg 08,sarpsborg 08,,unmatched,
odds_api_io_67012522,2026-05-16,08:30,home_team,Valkyrie,valkyrie,,unmatched,
odds_api_io_67012522,2026-05-16,08:30,away_team,Taichung Blue Whale,taichung blue whale,,unmatched,
odds_api_io_67919898,2026-05-16,11:00,home_team,Varegg,varegg,,unmatched,
odds_api_io_67919898,2026-05-16,11:00,away_team,Aasane Fotball 2,aasane fotball 2,,unmatched,
odds_api_io_70730778,2026-05-16,11:00,home_team,Vejgaard BK,vejgaard bk,,unmatched,
odds_api_io_70730778,2026-05-16,11:00,away_team,Sundby BK,sundby bk,,unmatched,
odds_api_io_67648146,2026-05-16,07:00,home_team,Ventforet Kofu,ventforet kofu,,unmatched,
odds_api_io_67648146,2026-05-16,07:00,away_team,FC Gifu,gifu,,unmatched,
odds_api_io_61711846,2026-05-16,15:30,home_team,Vevey-Sports,vevey-sports,,unmatched,
odds_api_io_61711846,2026-05-16,15:30,away_team,FC Bulle,bulle,,unmatched,
odds_api_io_61854762,2026-05-16,12:00,home_team,VfB Eichstatt,vfb eichstatt,,unmatched,
odds_api_io_61854762,2026-05-16,12:00,away_team,TSV Buchbach,tsv buchbach,,unmatched,
odds_api_io_61541424,2026-05-16,15:00,home_team,VfB Hohenems,vfb hohenems,,unmatched,
odds_api_io_61541424,2026-05-16,15:00,away_team,SV Wals-Grunau,sv wals-grunau,,unmatched,
odds_api_io_62284588,2026-05-16,16:00,home_team,VfB Lubeck,vfb lubeck,,unmatched,
odds_api_io_62284588,2026-05-16,16:00,away_team,SC Weiche Flensburg 08,sc weiche flensburg 08,,unmatched,
odds_api_io_62284584,2026-05-16,16:00,home_team,VfB Oldenburg,vfb oldenburg,,unmatched,
odds_api_io_62284584,2026-05-16,16:00,away_team,SV Werder Bremen II,sv werder bremen ii,,suggested_alias_needed,Werder Bremen
odds_api_io_61709704,2026-05-16,11:30,home_team,VfB Stuttgart II,vfb stuttgart ii,,unmatched,
odds_api_io_61709704,2026-05-16,11:30,away_team,VfL 1899 Osnabruck,vfl 1899 osnabruck,,unmatched,
odds_api_io_61853452,2026-05-16,12:00,home_team,VfL Bochum II,vfl bochum ii,,unmatched,
odds_api_io_61853452,2026-05-16,12:00,away_team,Fortuna Dusseldorf II,fortuna dusseldorf ii,,unmatched,
odds_api_io_61853448,2026-05-16,12:00,home_team,VfL Sportfreunde Lotte 1929,vfl sportfreunde lotte 1929,,unmatched,
odds_api_io_61853448,2026-05-16,12:00,away_team,Fortuna Cologne,fortuna cologne,,unmatched,
odds_api_io_68320786,2026-05-16,11:00,home_team,Viggbyholms IK FF,viggbyholms ik ff,,unmatched,
odds_api_io_68320786,2026-05-16,11:00,away_team,IK Franke,ik franke,,unmatched,
odds_api_io_67015188,2026-05-16,14:00,home_team,Viking FK,viking fk,,unmatched,
odds_api_io_67015188,2026-05-16,14:00,away_team,IK Start,ik start,,unmatched,
odds_api_io_61854756,2026-05-16,12:00,home_team,Viktoria Aschaffenburg,viktoria aschaffenburg,,unmatched,
odds_api_io_61854756,2026-05-16,12:00,away_team,Bayern Munich II,bayern munich ii,,suggested_alias_needed,Bayern Munich
odds_api_io_61687628,2026-05-16,19:00,home_team,Villarreal CF B,villarreal b,,suggested_alias_needed,Villarreal
odds_api_io_61687628,2026-05-16,19:00,away_team,Sevilla Atletico,sevilla atletico,,unmatched,
odds_api_io_68351382,2026-05-16,15:30,home_team,Vitoria Guimaraes B,vitoria guimaraes b,,unmatched,
odds_api_io_68351382,2026-05-16,15:30,away_team,Amarante FC,amarante,,unmatched,
odds_api_io_61326653,2026-05-16,15:00,home_team,FC Vlasim,vlasim,,unmatched,
odds_api_io_61326653,2026-05-16,15:00,away_team,FC Banik Ostrava B,banik ostrava b,,unmatched,
odds_api_io_71424670,2026-05-16,17:00,home_team,Vllaznia Shkoder,vllaznia shkoder,,unmatched,
odds_api_io_71424670,2026-05-16,17:00,away_team,FC Dinamo City,dinamo city,,unmatched,
odds_api_io_61712384,2026-05-16,12:00,home_team,VSG Altglienicke,vsg altglienicke,,unmatched,
odds_api_io_61712384,2026-05-16,12:00,away_team,BFC Preussen Berlin,b preussen berlin,,unmatched,
odds_api_io_62229194,2026-05-16,13:30,home_team,VV Gemert,vv gemert,,unmatched,
odds_api_io_62229194,2026-05-16,13:30,away_team,Stedoco,stedoco,,unmatched,
odds_api_io_66855364,2026-05-16,14:00,home_team,Waterford FC,waterford,,unmatched,
odds_api_io_66855364,2026-05-16,14:00,away_team,Sligo Rovers,sligo rovers,,unmatched,
odds_api_io_69462618,2026-05-16,02:30,home_team,Waterside Karori,waterside karori,,unmatched,
odds_api_io_69462618,2026-05-16,02:30,away_team,Western Suburbs FC,western suburbs,,unmatched,
odds_api_io_62037512,2026-05-16,15:00,home_team,WDA Swiecie,wda swiecie,,unmatched,
odds_api_io_62037512,2026-05-16,15:00,away_team,Gzs Tluchovia Tluchowo,gzs tluchovia tluchowo,,unmatched,
odds_api_io_69462622,2026-05-16,03:45,home_team,Wellington Olympic,wellington olympic,,unmatched,
odds_api_io_69462622,2026-05-16,03:45,away_team,Petone FC,petone,,unmatched,
odds_api_io_69462620,2026-05-16,03:00,home_team,Wellington Phoenix FC Reserve,wellington phoenix reserve,,unmatched,
odds_api_io_69462620,2026-05-16,03:00,away_team,Island Bay United,island bay united,,unmatched,
odds_api_io_61515284,2026-05-16,13:30,home_team,Werder Bremen,werder bremen,Werder Bremen,exact_normalized,
odds_api_io_61515284,2026-05-16,13:30,away_team,Borussia Dortmund,borussia dortmund,,unmatched,
fd_D1_2026-05-16_Werder_Bremen_Dortmund,2026-05-16,14:30,home_team,Werder Bremen,werder bremen,Werder Bremen,exact_normalized,
fd_D1_2026-05-16_Werder_Bremen_Dortmund,2026-05-16,14:30,away_team,Dortmund,dortmund,Dortmund,exact_normalized,
odds_api_io_68048862,2026-05-16,05:30,home_team,West Adelaide SC,west adelaide sc,,unmatched,
odds_api_io_68048862,2026-05-16,05:30,away_team,West Torrens Birkalla,west torrens birkalla,,unmatched,
odds_api_io_68050024,2026-05-16,03:15,home_team,West Adelaide SC Reserve,west adelaide sc reserve,,unmatched,
odds_api_io_68050024,2026-05-16,03:15,away_team,West Torrens Birkalla Reserve,west torrens birkalla reserve,,unmatched,
odds_api_io_62322506,2026-05-16,12:00,home_team,West Ham United FC,west ham united,,unmatched,
odds_api_io_62322506,2026-05-16,12:00,away_team,Manchester City WFC,manchester city w,,unmatched,
odds_api_io_69115740,2026-05-16,05:00,home_team,Western Knights SC,western knights sc,,unmatched,
odds_api_io_69115740,2026-05-16,05:00,away_team,Stirling Macedonia FC,stirling macedonia,,unmatched,
odds_api_io_67693050,2026-05-16,07:00,home_team,Western Sydney Wanderers,western sydney wanderers,,unmatched,
odds_api_io_67693050,2026-05-16,07:00,away_team,Blacktown City FC,blacktown city,,unmatched,
odds_api_io_69090876,2026-05-16,23:00,home_team,Weston FC,weston,,unmatched,
odds_api_io_69090876,2026-05-16,23:00,away_team,Fort Lauderdale United FC,fort lauderdale united,,unmatched,
odds_api_io_66855370,2026-05-16,17:00,home_team,Wexford Youths AFC,wexford youths a,,unmatched,
odds_api_io_66855370,2026-05-16,17:00,away_team,Peamount United Dublin,peamount united dublin,,unmatched,
odds_api_io_71412170,2026-05-16,18:00,home_team,Willem II Tilburg,willem ii tilburg,,unmatched,
odds_api_io_71412170,2026-05-16,18:00,away_team,Almere City FC,almere city,,unmatched,
odds_api_io_70448546,2026-05-16,16:00,home_team,FC Winterthur,winterthur,,unmatched,
odds_api_io_70448546,2026-05-16,16:00,away_team,FC Luzern,luzern,,unmatched,
odds_api_io_61062321,2026-05-16,15:30,home_team,Wisla Plock,wisla plock,,unmatched,
odds_api_io_61062321,2026-05-16,15:30,away_team,Gornik Zabrze,gornik zabrze,,unmatched,
odds_api_io_69401910,2026-05-16,10:00,home_team,WKS Slask Wroclaw,wks slask wroclaw,,unmatched,
odds_api_io_69401910,2026-05-16,10:00,away_team,Pogon Tczew,pogon tczew,,unmatched,
odds_api_io_69751698,2026-05-16,15:00,home_team,Wolfsberger AC,wolfsberger ac,,unmatched,
odds_api_io_69751698,2026-05-16,15:00,away_team,WSG Tirol,wsg tirol,,unmatched,
odds_api_io_68995150,2026-05-16,11:00,home_team,Wuhan Three Towns FC,wuhan three towns,,unmatched,
odds_api_io_68995150,2026-05-16,11:00,away_team,Liaoning Tieren FC,liaoning tieren,,unmatched,
odds_api_io_61853450,2026-05-16,12:00,home_team,Wuppertaler SV,wuppertaler sv,,unmatched,
odds_api_io_61853450,2026-05-16,12:00,away_team,Bonner SC,bonner sc,,unmatched,
odds_api_io_67905192,2026-05-16,06:00,home_team,Wynnum Wolves FC,wynnum wolves,,unmatched,
odds_api_io_67905192,2026-05-16,06:00,away_team,Eastern Suburbs,eastern suburbs,,unmatched,
odds_api_io_71464036,2026-05-16,19:30,home_team,Yaracuyanos FC,yaracuyanos,,unmatched,
odds_api_io_71464036,2026-05-16,19:30,away_team,Academia Puerto Cabello B,academia puerto cabello b,,unmatched,
odds_api_io_68916298,2026-05-16,05:00,home_team,Yeoju FC,yeoju,,unmatched,
odds_api_io_68916298,2026-05-16,05:00,away_team,Busan Transportation Corporation FC,busan transportation corporation,,unmatched,
odds_api_io_67904430,2026-05-16,08:00,home_team,Yeronga Eagles FC,yeronga eagles,,unmatched,
odds_api_io_67904430,2026-05-16,08:00,away_team,Newmarket SFC,newmarket s,,unmatched,
odds_api_io_67645558,2026-05-16,08:00,home_team,Yokohama F Marinos,yokohama f marinos,,unmatched,
odds_api_io_67645558,2026-05-16,08:00,away_team,Kashiwa Reysol,kashiwa reysol,,unmatched,
odds_api_io_69255032,2026-05-16,20:00,home_team,Ypiranga FC RS,ypiranga rs,,unmatched,
odds_api_io_69255032,2026-05-16,20:00,away_team,Maringa FC PR,maringa pr,,unmatched,
odds_api_io_68995154,2026-05-16,12:00,home_team,Yunnan Yukun,yunnan yukun,,unmatched,
odds_api_io_68995154,2026-05-16,12:00,away_team,Shanghai Shenhua FC,shanghai shenhua,,unmatched,
odds_api_io_67122888,2026-05-16,18:30,home_team,Yupanqui,yupanqui,,unmatched,
odds_api_io_67122888,2026-05-16,18:30,away_team,Club Estrella Del Sur (Alejandro Korn),club estrella del sur (alejandro korn),,unmatched,
odds_api_io_61712388,2026-05-16,12:00,home_team,ZFC Meuselwitz,z meuselwitz,,unmatched,
odds_api_io_61712388,2026-05-16,12:00,away_team,FSV Luckenwalde,fsv luckenwalde,,unmatched,
odds_api_io_71339476,2026-05-16,14:30,home_team,Zakho FC,zakho,,unmatched,
odds_api_io_71339476,2026-05-16,14:30,away_team,AL Najaf,al najaf,,unmatched,
odds_api_io_71069112,2026-05-16,18:00,home_team,Zamalek SC,zamalek sc,,unmatched,
odds_api_io_71069112,2026-05-16,18:00,away_team,USM Alger,usm alger,,unmatched,
odds_api_io_71000974,2026-05-16,08:00,home_team,Zhejiang Hangzhou,zhejiang hangzhou,,unmatched,
odds_api_io_71000974,2026-05-16,08:00,away_team,Liaoning Shenbei Hefeng,liaoning shenbei hefeng,,unmatched,
odds_api_io_63004429,2026-05-16,17:30,home_team,ZKS Stal Rzeszow,zks stal rzeszow,,unmatched,
odds_api_io_63004429,2026-05-16,17:30,away_team,Wieczysta Krakow,wieczysta krakow,,unmatched,
odds_api_io_70448548,2026-05-16,16:00,home_team,FC Zurich,zurich,,unmatched,
odds_api_io_70448548,2026-05-16,16:00,away_team,Servette Geneva,servette geneva,,unmatched,
odds_api_io_67849988,2026-05-17,16:15,home_team,07 Vestur Sorvagur,07 vestur sorvagur,,unmatched,
odds_api_io_67849988,2026-05-17,16:15,away_team,NSI Runavik,nsi runavik,,unmatched,
odds_api_io_61515244,2026-05-17,13:30,home_team,1. FC Magdeburg,1 magdeburg,,unmatched,
odds_api_io_61515244,2026-05-17,13:30,away_team,1 FC Kaiserslautern,1 kaiserslautern,,unmatched,
odds_api_io_67844014,2026-05-17,01:00,home_team,AC Boise,ac boise,,unmatched,
odds_api_io_67844014,2026-05-17,01:00,away_team,Monterey Bay FC,monterey bay,,unmatched,
odds_api_io_68051600,2026-05-17,07:00,home_team,Adelaide Olympic FC,adelaide olympic,,unmatched,
odds_api_io_68051600,2026-05-17,07:00,away_team,Cumberland United,cumberland united,,unmatched,
odds_api_io_68050298,2026-05-17,04:45,home_team,Adelaide Olympic FC Reserve,adelaide olympic reserve,,unmatched,
odds_api_io_68050298,2026-05-17,04:45,away_team,Cumberland United Reserve,cumberland united reserve,,unmatched,
fd_G1_2026-05-17_AEK_Olympiakos,2026-05-17,17:30,home_team,AEK,aek,,unmatched,
fd_G1_2026-05-17_AEK_Olympiakos,2026-05-17,17:30,away_team,Olympiakos,olympiakos,,unmatched,
odds_api_io_70231856,2026-05-17,16:30,home_team,AEK Athens,aek athens,,unmatched,
odds_api_io_70231856,2026-05-17,16:30,away_team,Olympiacos Piraeus,olympiacos piraeus,,unmatched,
odds_api_io_71424672,2026-05-17,17:00,home_team,Af Elbasani,af elbasani,,unmatched,
odds_api_io_71424672,2026-05-17,17:00,away_team,KF Egnatia Rrogozhine,kf egnatia rrogozhine,,unmatched,
odds_api_io_69653778,2026-05-17,16:00,home_team,AGF Aarhus,agf aarhus,,unmatched,
odds_api_io_69653778,2026-05-17,16:00,away_team,Viborg FF,viborg ff,,unmatched,
odds_api_io_71460002,2026-05-17,21:00,home_team,Albion FC,albion,,unmatched,
odds_api_io_71460002,2026-05-17,21:00,away_team,Montevideo Wanderers,montevideo wanderers,,unmatched,
odds_api_io_69255028,2026-05-17,21:00,home_team,Anapolis FC GO,anapolis go,,unmatched,
odds_api_io_69255028,2026-05-17,21:00,away_team,Barra FC SC,barra sc,,unmatched,
fd_B1_2026-05-17_Anderlecht_Mechelen,2026-05-17,12:30,home_team,Anderlecht,anderlecht,,unmatched,
fd_B1_2026-05-17_Anderlecht_Mechelen,2026-05-17,12:30,away_team,Mechelen,mechelen,,unmatched,
odds_api_io_69221030,2026-05-17,11:00,home_team,Angkor Tiger FC,angkor tiger,,unmatched,
odds_api_io_69221030,2026-05-17,11:00,away_team,Nagaworld FC,nagaworld,,unmatched,
fd_T1_2026-05-17_Antalyaspor_Kocaelispor,2026-05-17,18:00,home_team,Antalyaspor,antalyaspor,,unmatched,
fd_T1_2026-05-17_Antalyaspor_Kocaelispor,2026-05-17,18:00,away_team,Kocaelispor,kocaelispor,,unmatched,
odds_api_io_71494650,2026-05-17,20:00,home_team,Argentinos Juniors,argentinos juniors,,unmatched,
odds_api_io_71494650,2026-05-17,20:00,away_team,CA Belgrano de Cordoba,ca belgrano de cordoba,,unmatched,
fd_G1_2026-05-17_Aris_Levadeiakos,2026-05-17,15:00,home_team,Aris,aris,,unmatched,
fd_G1_2026-05-17_Aris_Levadeiakos,2026-05-17,15:00,away_team,Levadeiakos,levadeiakos,,unmatched,
odds_api_io_70231956,2026-05-17,14:00,home_team,Aris Thessaloniki,aris thessaloniki,,unmatched,
odds_api_io_70231956,2026-05-17,14:00,away_team,APO Levadiakos FC,apo levadiakos,,unmatched,
odds_api_io_61515256,2026-05-17,13:30,home_team,Arminia Bielefeld,arminia bielefeld,,unmatched,
odds_api_io_61515256,2026-05-17,13:30,away_team,Hertha BSC,hertha bsc,,unmatched,
odds_api_io_61061679,2026-05-17,10:30,home_team,AS Roma,as roma,,unmatched,
odds_api_io_61061679,2026-05-17,10:30,away_team,Lazio Rome,lazio rome,,unmatched,
odds_api_io_70881732,2026-05-17,16:00,home_team,Asociacion Deportiva Tarma,asociacion deportiva tarma,,unmatched,
odds_api_io_70881732,2026-05-17,16:00,away_team,Comerciantes Unidos,comerciantes unidos,,unmatched,
fd_I1_2026-05-17_Atalanta_Bologna,2026-05-17,17:00,home_team,Atalanta,atalanta,Atalanta,exact_normalized,
fd_I1_2026-05-17_Atalanta_Bologna,2026-05-17,17:00,away_team,Bologna,bologna,Bologna,exact_normalized,
odds_api_io_61061665,2026-05-17,16:00,home_team,Atalanta BC,atalanta bc,,suggested_alias_needed,Atalanta
odds_api_io_61061665,2026-05-17,16:00,away_team,Bologna FC,bologna,Bologna,exact_normalized,
fd_SP1_2026-05-17_Ath_Bilbao_Celta,2026-05-17,18:00,home_team,Ath Bilbao,ath bilbao,Ath Bilbao,exact_normalized,
fd_SP1_2026-05-17_Ath_Bilbao_Celta,2026-05-17,18:00,away_team,Celta,celta,Celta,exact_normalized,
fd_SP1_2026-05-17_Ath_Madrid_Girona,2026-05-17,18:00,home_team,Ath Madrid,ath madrid,Ath Madrid,exact_normalized,
fd_SP1_2026-05-17_Ath_Madrid_Girona,2026-05-17,18:00,away_team,Girona,girona,Girona,exact_normalized,
odds_api_io_61624658,2026-05-17,17:00,home_team,Athletic Bilbao,athletic bilbao,,suggested_alias_needed,Ath Bilbao
odds_api_io_61624658,2026-05-17,17:00,away_team,RC Celta de Vigo,rc celta de vigo,,unmatched,
odds_api_io_68822890,2026-05-17,19:00,home_team,Athletic Club Sjdr MG,athletic club sjdr mg,,unmatched,
odds_api_io_68822890,2026-05-17,19:00,away_team,EC Juventude RS,ec juventude rs,,unmatched,
odds_api_io_61624660,2026-05-17,17:00,home_team,Atletico Madrid,atletico madrid,,unmatched,
odds_api_io_61624660,2026-05-17,17:00,away_team,Girona FC,girona,Girona,exact_normalized,
odds_api_io_68685982,2026-05-17,17:00,home_team,Atletico Ottawa,atletico ottawa,,unmatched,
odds_api_io_68685982,2026-05-17,17:00,away_team,HFX Wanderers FC,hfx wanderers,,unmatched,
odds_api_io_66299190,2026-05-17,00:30,home_team,Austin FC,austin,,unmatched,
odds_api_io_66299190,2026-05-17,00:30,away_team,Sporting Kansas City,sporting kansas city,,unmatched,
fd_N1_2026-05-17_AZ_Alkmaar_NAC_Breda,2026-05-17,13:30,home_team,AZ Alkmaar,az alkmaar,,unmatched,
fd_N1_2026-05-17_AZ_Alkmaar_NAC_Breda,2026-05-17,13:30,away_team,NAC Breda,nac breda,,unmatched,
fd_SP1_2026-05-17_Barcelona_Betis,2026-05-17,20:15,home_team,Barcelona,barcelona,Barcelona,exact_normalized,
fd_SP1_2026-05-17_Barcelona_Betis,2026-05-17,20:15,away_team,Betis,betis,Betis,exact_normalized,
odds_api_io_61624662,2026-05-17,19:15,home_team,FC Barcelona,barcelona,Barcelona,exact_normalized,
odds_api_io_61624662,2026-05-17,19:15,away_team,Real Betis Seville,real betis seville,,unmatched,
odds_api_io_68687644,2026-05-17,00:00,home_team,Barcelona SC,barcelona sc,,suggested_alias_needed,Barcelona
odds_api_io_68687644,2026-05-17,00:00,away_team,SD Aucas,sd aucas,,unmatched,
odds_api_io_71475324,2026-05-17,22:00,home_team,Barranquilla FC,barranquilla,,unmatched,
odds_api_io_71475324,2026-05-17,22:00,away_team,Union Magdalena,union magdalena,,unmatched,
fd_D2_2026-05-17_Bielefeld_Hertha,2026-05-17,14:30,home_team,Bielefeld,bielefeld,,unmatched,
fd_D2_2026-05-17_Bielefeld_Hertha,2026-05-17,14:30,away_team,Hertha,hertha,Hertha,exact_normalized,
odds_api_io_69221032,2026-05-17,11:00,home_team,Boeung Ket Angkor FC,boeung ket angkor,,unmatched,
odds_api_io_69221032,2026-05-17,11:00,away_team,MOI Kompong Dewa FC,moi kompong dewa,,unmatched,
odds_api_io_66886780,2026-05-17,19:00,home_team,Botafogo FR RJ,botafogo fr rj,,unmatched,
odds_api_io_66886780,2026-05-17,19:00,away_team,SC Corinthians SP,sc corinthians sp,,unmatched,
fd_E0_2026-05-17_Brentford_Crystal_Palace,2026-05-17,15:00,home_team,Brentford,brentford,Brentford,exact_normalized,
fd_E0_2026-05-17_Brentford_Crystal_Palace,2026-05-17,15:00,away_team,Crystal Palace,crystal palace,Crystal Palace,exact_normalized,
fd_F1_2026-05-17_Brest_Angers,2026-05-17,20:00,home_team,Brest,brest,Brest,exact_normalized,
fd_F1_2026-05-17_Brest_Angers,2026-05-17,20:00,away_team,Angers,angers,Angers,exact_normalized,
odds_api_io_67807388,2026-05-17,03:00,home_team,Broadmeadow Magic FC,broadmeadow magic,,unmatched,
odds_api_io_67807388,2026-05-17,03:00,away_team,Edgeworth FC,edgeworth,,unmatched,
odds_api_io_67808464,2026-05-17,01:00,home_team,Broadmeadow Magic FC Reserve,broadmeadow magic reserve,,unmatched,
odds_api_io_67808464,2026-05-17,01:00,away_team,Edgeworth FC Reserve,edgeworth reserve,,unmatched,
odds_api_io_67817710,2026-05-17,10:00,home_team,Bucheon FC 1995,bucheon 1995,,unmatched,
odds_api_io_67817710,2026-05-17,10:00,away_team,FC Pohang Steelers,pohang steelers,,unmatched,
odds_api_io_62161252,2026-05-17,15:00,home_team,Budaorsi SC,budaorsi sc,,unmatched,
odds_api_io_62161252,2026-05-17,15:00,away_team,Veszprem FC,veszprem,,unmatched,
odds_api_io_67692600,2026-05-17,04:40,home_team,Bulls FC Academy,bulls academy,,unmatched,
odds_api_io_67692600,2026-05-17,04:40,away_team,Manly United FC,manly united,,suggested_alias_needed,Man United
odds_api_io_67694248,2026-05-17,07:00,home_team,Bulls FC Academy U23,bulls academy u23,,unmatched,
odds_api_io_67694248,2026-05-17,07:00,away_team,Manly United FC,manly united,,suggested_alias_needed,Man United
odds_api_io_71475810,2026-05-17,16:00,home_team,CA Fenix Montevideo,ca fenix montevideo,,unmatched,
odds_api_io_71475810,2026-05-17,16:00,away_team,Tacuarembo FC,tacuarembo,,unmatched,
odds_api_io_61624674,2026-05-17,17:00,home_team,CA Osasuna,ca osasuna,,suggested_alias_needed,Osasuna
odds_api_io_61624674,2026-05-17,17:00,away_team,Espanyol Barcelona,espanyol barcelona,,unmatched,
odds_api_io_66886792,2026-05-17,22:30,home_team,CA Paranaense PR,ca paranaense pr,,unmatched,
odds_api_io_66886792,2026-05-17,22:30,away_team,CR Flamengo RJ,cr flamengo rj,,unmatched,
fd_I1_2026-05-17_Cagliari_Torino,2026-05-17,19:45,home_team,Cagliari,cagliari,Cagliari,exact_normalized,
fd_I1_2026-05-17_Cagliari_Torino,2026-05-17,19:45,away_team,Torino,torino,Torino,exact_normalized,
odds_api_io_61061667,2026-05-17,18:45,home_team,Cagliari Calcio,cagliari calcio,,unmatched,
odds_api_io_61061667,2026-05-17,18:45,away_team,Torino FC,torino,Torino,exact_normalized,
odds_api_io_69195322,2026-05-17,04:30,home_team,Canberra Olympic,canberra olympic,,unmatched,
odds_api_io_69195322,2026-05-17,04:30,away_team,Tuggeranong United FC,tuggeranong united,,unmatched,
odds_api_io_69195814,2026-05-17,02:45,home_team,Canberra White Eagles FC,canberra white eagles,,unmatched,
odds_api_io_69195814,2026-05-17,02:45,away_team,Canberra Juventus FC,canberra juventus,,unmatched,
odds_api_io_71516394,2026-05-17,22:00,home_team,Cavalier FC,cavalier,,unmatched,
odds_api_io_71516394,2026-05-17,22:00,away_team,Montego Bay United,montego bay united,,unmatched,
odds_api_io_61685710,2026-05-17,15:00,home_team,CD Arenteiro,cd arenteiro,,unmatched,
odds_api_io_61685710,2026-05-17,15:00,away_team,SD Ponferradina,sd ponferradina,,unmatched,
odds_api_io_71450706,2026-05-17,01:07,home_team,CD Guadalajara,cd guadalajara,,unmatched,
odds_api_io_71450706,2026-05-17,01:07,away_team,CF Cruz Azul,cruz azul,,unmatched,
odds_api_io_71477156,2026-05-17,01:00,home_team,CD Luis Angel Firpo Usulutan,cd luis angel firpo usulutan,,unmatched,
odds_api_io_71477156,2026-05-17,01:00,away_team,CD Aguila San Miguel,cd aguila san miguel,,unmatched,
odds_api_io_71458056,2026-05-17,01:00,home_team,CD Suchitepequez,cd suchitepequez,,unmatched,
odds_api_io_71458056,2026-05-17,01:00,away_team,Deportivo San Pedro,deportivo san pedro,,unmatched,
odds_api_io_68822894,2026-05-17,21:30,home_team,Ceara SC CE,ceara sc ce,,unmatched,
odds_api_io_68822894,2026-05-17,21:30,away_team,Fortaleza EC CE,fortaleza ec ce,,unmatched,
odds_api_io_67691606,2026-05-17,05:00,home_team,Central Coast Mariners Academy,central coast mariners academy,,unmatched,
odds_api_io_67691606,2026-05-17,05:00,away_team,Hills United FC Brumbies,hills united brumbies,,unmatched,
odds_api_io_71459998,2026-05-17,13:00,home_team,Central Espanol FC,central espanol,,unmatched,
odds_api_io_71459998,2026-05-17,13:00,away_team,Defensor Sporting,defensor sporting,,unmatched,
odds_api_io_67645072,2026-05-17,06:00,home_team,Cerezo Osaka,cerezo osaka,,unmatched,
odds_api_io_67645072,2026-05-17,06:00,away_team,Nagoya Grampus,nagoya grampus,,unmatched,
odds_api_io_66886796,2026-05-17,21:30,home_team,Chapecoense SC,chapecoense sc,,unmatched,
odds_api_io_66886796,2026-05-17,21:30,away_team,Clube do Remo PA,clube do remo pa,,unmatched,
odds_api_io_71475808,2026-05-17,13:00,home_team,Club Atletico Rentistas,club atletico rentistas,,unmatched,
odds_api_io_71475808,2026-05-17,13:00,away_team,Miramar Misiones,miramar misiones,,unmatched,
fd_B1_2026-05-17_Club_Brugge_St._Gilloise,2026-05-17,17:30,home_team,Club Brugge,club brugge,,unmatched,
fd_B1_2026-05-17_Club_Brugge_St._Gilloise,2026-05-17,17:30,away_team,St. Gilloise,st gilloise,,unmatched,
odds_api_io_70207434,2026-05-17,16:30,home_team,Club Brugge,club brugge,,unmatched,
odds_api_io_70207434,2026-05-17,16:30,away_team,Union Saint-Gilloise,union saint-gilloise,,unmatched,
odds_api_io_67119312,2026-05-17,18:30,home_team,Club Comunicaciones,club comunicaciones,,unmatched,
odds_api_io_67119312,2026-05-17,18:30,away_team,Argentino de Quilmes,argentino de quilmes,,unmatched,
odds_api_io_71426264,2026-05-17,13:00,home_team,Club General Caballero JLM,club general caballero jlm,,unmatched,
odds_api_io_71426264,2026-05-17,13:00,away_team,Sol de America Villa Elisa,sol de america villa elisa,,unmatched,
odds_api_io_69463272,2026-05-17,00:00,home_team,Coastal Spirit FC,coastal spirit,,unmatched,
odds_api_io_69463272,2026-05-17,00:00,away_team,Cashmere Technical,cashmere technical,,unmatched,
odds_api_io_67681850,2026-05-17,19:00,home_team,Cobresal,cobresal,,unmatched,
odds_api_io_67681850,2026-05-17,19:00,away_team,Universidad de Chile,universidad de chile,,unmatched,
odds_api_io_67681862,2026-05-17,21:30,home_team,Colo-Colo,colo-colo,,unmatched,
odds_api_io_67681862,2026-05-17,21:30,away_team,Nublense,nublense,,unmatched,
odds_api_io_70774894,2026-05-17,15:00,home_team,Colombe Sportive Du Dja Et Lobo,colombe sportive du dja et lobo,,unmatched,
odds_api_io_70774894,2026-05-17,15:00,away_team,Panthere Sportive,panthere sportive,,unmatched,
fd_I1_2026-05-17_Como_Parma,2026-05-17,11:00,home_team,Como,como,Como,exact_normalized,
fd_I1_2026-05-17_Como_Parma,2026-05-17,11:00,away_team,Parma,parma,Parma,exact_normalized,
odds_api_io_61061669,2026-05-17,10:30,home_team,Como 1907,como 1907,,unmatched,
odds_api_io_61061669,2026-05-17,10:30,away_team,Parma Calcio,parma calcio,,unmatched,
odds_api_io_69653824,2026-05-17,12:00,home_team,FC Copenhagen,copenhagen,,unmatched,
odds_api_io_69653824,2026-05-17,12:00,away_team,Randers FC,randers,,unmatched,
odds_api_io_67844012,2026-05-17,00:30,home_team,Corpus Christi FC,corpus christi,,unmatched,
odds_api_io_67844012,2026-05-17,00:30,away_team,FC Tulsa,tulsa,,unmatched,
odds_api_io_68822898,2026-05-17,21:30,home_team,Criciuma EC SC,criciuma ec sc,,unmatched,
odds_api_io_68822898,2026-05-17,21:30,away_team,AC Goianiense GO,ac goianiense go,,unmatched,
odds_api_io_71491286,2026-05-17,02:00,home_team,CS Herediano,cs herediano,,unmatched,
odds_api_io_71491286,2026-05-17,02:00,away_team,Deportivo Saprissa San Jose,deportivo saprissa san jose,,unmatched,
odds_api_io_71456452,2026-05-17,00:00,home_team,CSD Municipal,csd municipal,,unmatched,
odds_api_io_71456452,2026-05-17,00:00,away_team,CSD Xelaju MC,csd xelaju mc,,unmatched,
odds_api_io_62180514,2026-05-17,15:00,home_team,Csepel SC,csepel sc,,unmatched,
odds_api_io_62180514,2026-05-17,15:00,away_team,Gyulai FC,gyulai,,unmatched,
odds_api_io_62509068,2026-05-17,00:30,home_team,Dallas Trinity FC,dallas trinity,,unmatched,
odds_api_io_62509068,2026-05-17,00:30,away_team,Fort Lauderdale United FC,fort lauderdale united,,unmatched,
fd_D2_2026-05-17_Darmstadt_Paderborn,2026-05-17,14:30,home_team,Darmstadt,darmstadt,Darmstadt,exact_normalized,
fd_D2_2026-05-17_Darmstadt_Paderborn,2026-05-17,14:30,away_team,Paderborn,paderborn,,unmatched,
odds_api_io_62160254,2026-05-17,09:00,home_team,Debreceni VSC II,debreceni vsc ii,,unmatched,
odds_api_io_62160254,2026-05-17,09:00,away_team,Tiszaujvaros,tiszaujvaros,,unmatched,
odds_api_io_70962962,2026-05-17,13:00,home_team,Dempo SC,dempo sc,,unmatched,
odds_api_io_70962962,2026-05-17,13:00,away_team,Diamond Harbour FC,diamond harbour,,unmatched,
odds_api_io_67912060,2026-05-17,00:45,home_team,Denver Summit FC,denver summit,,unmatched,
odds_api_io_67912060,2026-05-17,00:45,away_team,Orlando Pride,orlando pride,,unmatched,
odds_api_io_67681852,2026-05-17,00:00,home_team,Deportes Limache,deportes limache,,unmatched,
odds_api_io_67681852,2026-05-17,00:00,away_team,CD Universidad Catolica,cd universidad catolica,,unmatched,
odds_api_io_70881756,2026-05-17,18:15,home_team,Deportivo Garcilaso,deportivo garcilaso,,unmatched,
odds_api_io_70881756,2026-05-17,18:15,away_team,UTC de Cajamarca,utc de cajamarca,,unmatched,
odds_api_io_71495134,2026-05-17,04:30,home_team,Diavorosso Hiroshima,diavorosso hiroshima,,unmatched,
odds_api_io_71495134,2026-05-17,04:30,away_team,Yamato Sylphid,yamato sylphid,,unmatched,
odds_api_io_71373804,2026-05-17,01:00,home_team,Diriangen FC Diriamba,diriangen diriamba,,unmatched,
odds_api_io_71373804,2026-05-17,01:00,away_team,Real Esteli FC,real esteli,,unmatched,
fd_D2_2026-05-17_Dresden_Holstein_Kiel,2026-05-17,14:30,home_team,Dresden,dresden,,unmatched,
fd_D2_2026-05-17_Dresden_Holstein_Kiel,2026-05-17,14:30,away_team,Holstein Kiel,holstein kiel,Holstein Kiel,exact_normalized,
fd_SC0_2026-05-17_Dundee_Aberdeen,2026-05-17,14:00,home_team,Dundee,dundee,,unmatched,
fd_SC0_2026-05-17_Dundee_Aberdeen,2026-05-17,14:00,away_team,Aberdeen,aberdeen,,unmatched,
odds_api_io_61515258,2026-05-17,13:30,home_team,Dynamo Dresden,dynamo dresden,,unmatched,
odds_api_io_61515258,2026-05-17,13:30,away_team,Holstein Kiel,holstein kiel,Holstein Kiel,exact_normalized,
odds_api_io_66886794,2026-05-17,19:00,home_team,EC Bahia BA,ec bahia ba,,unmatched,
odds_api_io_66886794,2026-05-17,19:00,away_team,Gremio FB Porto Alegrense RS,gremio fb porto alegrense rs,,unmatched,
fd_SP1_2026-05-17_Elche_Getafe,2026-05-17,18:00,home_team,Elche,elche,Elche,exact_normalized,
fd_SP1_2026-05-17_Elche_Getafe,2026-05-17,18:00,away_team,Getafe,getafe,Getafe,exact_normalized,
fd_D2_2026-05-17_Elversberg_Preußen_Münster,2026-05-17,14:30,home_team,Elversberg,elversberg,,unmatched,
fd_D2_2026-05-17_Elversberg_Preußen_Münster,2026-05-17,14:30,away_team,Preußen Münster,preußen münster,,unmatched,
odds_api_io_62181570,2026-05-17,15:00,home_team,Erdi VSE,erdi vse,,unmatched,
odds_api_io_62181570,2026-05-17,15:00,away_team,Kaposvari Rakoczi FC,kaposvari rakoczi,,unmatched,
odds_api_io_71172388,2026-05-17,21:00,home_team,Estudiantes de Merida,estudiantes de merida,,unmatched,
odds_api_io_71172388,2026-05-17,21:00,away_team,Carabobo FC,carabobo,,unmatched,
fd_E0_2026-05-17_Everton_Sunderland,2026-05-17,15:00,home_team,Everton,everton,Everton,exact_normalized,
fd_E0_2026-05-17_Everton_Sunderland,2026-05-17,15:00,away_team,Sunderland,sunderland,,unmatched,
odds_api_io_61301257,2026-05-17,14:00,home_team,Everton FC,everton,Everton,exact_normalized,
odds_api_io_61301257,2026-05-17,14:00,away_team,Sunderland AFC,sunderland a,,unmatched,
odds_api_io_67645068,2026-05-17,05:00,home_team,Fagiano Okayama,fagiano okayama,,unmatched,
odds_api_io_67645068,2026-05-17,05:00,away_team,Shimizu S-Pulse,shimizu s-pulse,,unmatched,
fd_T1_2026-05-17_Fenerbahce_Eyupspor,2026-05-17,18:00,home_team,Fenerbahce,fenerbahce,,unmatched,
fd_T1_2026-05-17_Fenerbahce_Eyupspor,2026-05-17,18:00,away_team,Eyupspor,eyupspor,,unmatched,
odds_api_io_61730238,2026-05-17,17:00,home_team,Fenerbahce Istanbul,fenerbahce istanbul,,unmatched,
odds_api_io_61730238,2026-05-17,17:00,away_team,Eyupspor,eyupspor,,unmatched,
odds_api_io_62181558,2026-05-17,09:00,home_team,Ferencvarosi TC II,ferencvarosi tc ii,,unmatched,
odds_api_io_62181558,2026-05-17,09:00,away_team,Pecsi MFC,pecsi m,,unmatched,
odds_api_io_69255018,2026-05-17,19:00,home_team,Ferroviaria Araraquara SP,ferroviaria araraquara sp,,unmatched,
odds_api_io_69255018,2026-05-17,19:00,away_team,Brusque FC SC,brusque sc,,unmatched,
odds_api_io_68194642,2026-05-17,17:00,home_team,FH Hafnarfjordur,fh hafnarfjordur,,unmatched,
odds_api_io_68194642,2026-05-17,17:00,away_team,KA Akureyri,ka akureyri,,unmatched,
odds_api_io_68492528,2026-05-17,14:00,home_team,FK Auda Riga,fk auda riga,,unmatched,
odds_api_io_68492528,2026-05-17,14:00,away_team,FC RFS,rfs,,unmatched,
odds_api_io_69751550,2026-05-17,12:30,home_team,FK Austria Wien,fk austria wien,,unmatched,
odds_api_io_69751550,2026-05-17,12:30,away_team,LASK Linz,lask linz,,unmatched,
odds_api_io_68492526,2026-05-17,16:00,home_team,FK Liepaja,fk liepaja,,unmatched,
odds_api_io_68492526,2026-05-17,16:00,away_team,BFC Daugavpils,b daugavpils,,unmatched,
odds_api_io_70708874,2026-05-17,15:00,home_team,FK Novi Pazar,fk novi pazar,,unmatched,
odds_api_io_70708874,2026-05-17,15:00,away_team,FK Zeleznicar Pancevo,fk zeleznicar pancevo,,unmatched,
odds_api_io_70708872,2026-05-17,16:30,home_team,FK Radnik Surdulica,fk radnik surdulica,,unmatched,
odds_api_io_70708872,2026-05-17,16:30,away_team,FK Crvena Zvezda Belgrade,fk crvena zvezda belgrade,,unmatched,
odds_api_io_69653826,2026-05-17,12:00,home_team,FC Fredericia,fredericia,,unmatched,
odds_api_io_69653826,2026-05-17,12:00,away_team,Silkeborg IF,silkeborg if,,unmatched,
odds_api_io_67817712,2026-05-17,10:00,home_team,Gangwon FC,gangwon,,unmatched,
odds_api_io_67817712,2026-05-17,10:00,away_team,Ulsan HD FC,ulsan hd,,unmatched,
odds_api_io_71127906,2026-05-17,06:30,home_team,Garuda FC,garuda,,unmatched,
odds_api_io_71127906,2026-05-17,06:30,away_team,Palmerston Rovers,palmerston rovers,,unmatched,
fd_I1_2026-05-17_Genoa_Milan,2026-05-17,11:00,home_team,Genoa,genoa,Genoa,exact_normalized,
fd_I1_2026-05-17_Genoa_Milan,2026-05-17,11:00,away_team,Milan,milan,Milan,exact_normalized,
odds_api_io_61061671,2026-05-17,10:30,home_team,Genoa CFC,genoa c,,suggested_alias_needed,Genoa
odds_api_io_61061671,2026-05-17,10:30,away_team,AC Milan,ac milan,,unmatched,
odds_api_io_68046518,2026-05-17,07:30,home_team,Gimhae FC,gimhae,,unmatched,
odds_api_io_68046518,2026-05-17,07:30,away_team,Daegu FC,daegu,,unmatched,
odds_api_io_61062333,2026-05-17,12:45,home_team,GKS Katowice,gks katowice,,unmatched,
odds_api_io_61062333,2026-05-17,12:45,away_team,Jagiellonia Bialystok,jagiellonia bialystok,,unmatched,
odds_api_io_61062335,2026-05-17,10:15,home_team,GKS Piast Gliwice,gks piast gliwice,,unmatched,
odds_api_io_61062335,2026-05-17,10:15,away_team,RKS Rakow Czestochowa,rks rakow czestochowa,,unmatched,
odds_api_io_65026002,2026-05-17,15:00,home_team,Godolloi SK,godolloi sk,,unmatched,
odds_api_io_65026002,2026-05-17,15:00,away_team,Nyiregyhaza Spartacus FC II,nyiregyhaza spartacus ii,,unmatched,
fd_D2_2026-05-17_Greuther_Furth_Fortuna_Dusseldorf,2026-05-17,14:30,home_team,Greuther Furth,greuther furth,,unmatched,
fd_D2_2026-05-17_Greuther_Furth_Fortuna_Dusseldorf,2026-05-17,14:30,away_team,Fortuna Dusseldorf,fortuna dusseldorf,,unmatched,
odds_api_io_69255020,2026-05-17,21:30,home_team,Guarani FC SP,guarani sp,,unmatched,
odds_api_io_69255020,2026-05-17,21:30,away_team,Ituano FC SP,ituano sp,,unmatched,
odds_api_io_70968234,2026-05-17,07:30,home_team,Guizhou Xufengtang,guizhou xufengtang,,unmatched,
odds_api_io_70968234,2026-05-17,07:30,away_team,Shijiazhuang Gongfu FC,shijiazhuang gongfu,,unmatched,
odds_api_io_67126552,2026-05-17,12:00,home_team,Hammarby IF,hammarby if,,unmatched,
odds_api_io_67126552,2026-05-17,12:00,away_team,Malmo FF,malmo ff,,unmatched,
fd_D2_2026-05-17_Hannover_Nurnberg,2026-05-17,14:30,home_team,Hannover,hannover,,unmatched,
fd_D2_2026-05-17_Hannover_Nurnberg,2026-05-17,14:30,away_team,Nurnberg,nurnberg,,unmatched,
odds_api_io_61515248,2026-05-17,13:30,home_team,Hannover 96,hannover 96,,unmatched,
odds_api_io_61515248,2026-05-17,13:30,away_team,1 FC Nuremberg,1 nuremberg,,unmatched,
odds_api_io_71312956,2026-05-17,14:30,home_team,Hapoel Petah Tikva Nahum,hapoel petah tikva nahum,,unmatched,
odds_api_io_71312956,2026-05-17,14:30,away_team,Hapoel Beer Sheva,hapoel beer sheva,,unmatched,
fd_N1_2026-05-17_Heerenveen_Ajax,2026-05-17,13:30,home_team,Heerenveen,heerenveen,,unmatched,
fd_N1_2026-05-17_Heerenveen_Ajax,2026-05-17,13:30,away_team,Ajax,ajax,,unmatched,
odds_api_io_70730374,2026-05-17,11:00,home_team,FC Helsingoer,helsingoer,,unmatched,
odds_api_io_70730374,2026-05-17,11:00,away_team,Skive IK,skive ik,,unmatched,
fd_N1_2026-05-17_Heracles_Groningen,2026-05-17,13:30,home_team,Heracles,heracles,,unmatched,
fd_N1_2026-05-17_Heracles_Groningen,2026-05-17,13:30,away_team,Groningen,groningen,,unmatched,
odds_api_io_61320269,2026-05-17,12:30,home_team,Heracles Almelo,heracles almelo,,unmatched,
odds_api_io_61320269,2026-05-17,12:30,away_team,FC Groningen,groningen,,unmatched,
odds_api_io_67694246,2026-05-17,05:30,home_team,Hills United FC,hills united,,unmatched,
odds_api_io_67694246,2026-05-17,05:30,away_team,Gladesville Ravens,gladesville ravens,,unmatched,
odds_api_io_66299192,2026-05-17,00:30,home_team,Houston Dynamo,houston dynamo,,unmatched,
odds_api_io_66299192,2026-05-17,00:30,away_team,Vancouver Whitecaps FC,vancouver whitecaps,,unmatched,
odds_api_io_71085534,2026-05-17,15:00,home_team,FC Hradec Kralove,hradec kralove,,unmatched,
odds_api_io_71085534,2026-05-17,15:00,away_team,Slavia Prague,slavia prague,,unmatched,
odds_api_io_67681856,2026-05-17,16:30,home_team,Huachipato,huachipato,,unmatched,
odds_api_io_67681856,2026-05-17,16:30,away_team,Deportes Union La Calera,deportes union la calera,,unmatched,
odds_api_io_70968238,2026-05-17,11:30,home_team,Hubei Istar,hubei istar,,unmatched,
odds_api_io_70968238,2026-05-17,11:30,away_team,Guangxi Hengchen FC,guangxi hengchen,,unmatched,
odds_api_io_68156618,2026-05-17,00:00,home_team,Huntsville City FC,huntsville city,,unmatched,
odds_api_io_68156618,2026-05-17,00:00,away_team,Atlanta United 2,atlanta united 2,,unmatched,
odds_api_io_71475812,2026-05-17,19:00,home_team,Huracan FC,huracan,,unmatched,
odds_api_io_71475812,2026-05-17,19:00,away_team,CA Atenas de San Carlos,ca atenas de san carlos,,unmatched,
odds_api_io_68046520,2026-05-17,07:30,home_team,Hwaseong FC,hwaseong,,unmatched,
odds_api_io_68046520,2026-05-17,07:30,away_team,Busan I Park,busan i park,,unmatched,
odds_api_io_68194640,2026-05-17,13:00,home_team,IBV Vestmannaeyjar,ibv vestmannaeyjar,,unmatched,
odds_api_io_68194640,2026-05-17,13:00,away_team,Vikingur Reykjavik,vikingur reykjavik,,unmatched,
odds_api_io_67126560,2026-05-17,12:00,home_team,IF Brommapojkarna,if brommapojkarna,,unmatched,
odds_api_io_67126560,2026-05-17,12:00,away_team,Kalmar FF,kalmar ff,,unmatched,
odds_api_io_67126102,2026-05-17,15:00,home_team,IFK Varnamo,ifk varnamo,,unmatched,
odds_api_io_67126102,2026-05-17,15:00,away_team,Norrby IF,norrby if,,unmatched,
odds_api_io_62180508,2026-05-17,11:00,home_team,III Keruleti Tve,iii keruleti tve,,unmatched,
odds_api_io_62180508,2026-05-17,11:00,away_team,Esmtk Budapest,esmtk budapest,,unmatched,
odds_api_io_71507332,2026-05-17,01:30,home_team,Independiente Santa Fe,independiente santa fe,,unmatched,
odds_api_io_71507332,2026-05-17,01:30,away_team,CD Junior FC,cd junior,,unmatched,
fd_I1_2026-05-17_Inter_Verona,2026-05-17,14:00,home_team,Inter,inter,Inter,exact_normalized,
fd_I1_2026-05-17_Inter_Verona,2026-05-17,14:00,away_team,Verona,verona,Verona,exact_normalized,
odds_api_io_66299202,2026-05-17,22:00,home_team,Inter Miami CF,inter miami,,unmatched,
odds_api_io_66299202,2026-05-17,22:00,away_team,Portland Timbers,portland timbers,,unmatched,
odds_api_io_61061673,2026-05-17,13:00,home_team,Inter Milano,inter milano,,unmatched,
odds_api_io_61061673,2026-05-17,13:00,away_team,Hellas Verona,hellas verona,,unmatched,
odds_api_io_67645560,2026-05-17,05:00,home_team,JEF United Chiba,jef united chiba,,unmatched,
odds_api_io_67645560,2026-05-17,05:00,away_team,Kashima Antlers,kashima antlers,,unmatched,
odds_api_io_67817706,2026-05-17,07:30,home_team,Jeju SK FC,jeju sk,,unmatched,
odds_api_io_67817706,2026-05-17,07:30,away_team,FC Anyang,anyang,,unmatched,
odds_api_io_67817708,2026-05-17,07:40,home_team,Jeonbuk FC,jeonbuk,,unmatched,
odds_api_io_67817708,2026-05-17,07:40,away_team,Gimcheon Sangmu FC,gimcheon sangmu,,unmatched,
odds_api_io_70968258,2026-05-17,11:30,home_team,Jiangxi Lushan,jiangxi lushan,,unmatched,
odds_api_io_70968258,2026-05-17,11:30,away_team,Dalian Kun City,dalian kun city,,unmatched,
fd_I1_2026-05-17_Juventus_Fiorentina,2026-05-17,11:00,home_team,Juventus,juventus,Juventus,exact_normalized,
fd_I1_2026-05-17_Juventus_Fiorentina,2026-05-17,11:00,away_team,Fiorentina,fiorentina,Fiorentina,exact_normalized,
odds_api_io_61061675,2026-05-17,10:30,home_team,Juventus Turin,juventus turin,,unmatched,
odds_api_io_61061675,2026-05-17,10:30,away_team,ACF Fiorentina,a fiorentina,,suggested_alias_needed,Fiorentina
odds_api_io_67604812,2026-05-17,15:00,home_team,KaPa Kapylan Pallo,kapa kapylan pallo,,unmatched,
odds_api_io_67604812,2026-05-17,15:00,away_team,PK-35 Helsinki,pk-35 helsinki,,unmatched,
fd_D2_2026-05-17_Karlsruhe_Bochum,2026-05-17,14:30,home_team,Karlsruhe,karlsruhe,,unmatched,
fd_D2_2026-05-17_Karlsruhe_Bochum,2026-05-17,14:30,away_team,Bochum,bochum,Bochum,exact_normalized,
odds_api_io_61515246,2026-05-17,13:30,home_team,Karlsruher SC,karlsruher sc,,unmatched,
odds_api_io_61515246,2026-05-17,13:30,away_team,VfL Bochum,vfl bochum,,unmatched,
odds_api_io_61651680,2026-05-17,15:00,home_team,Karpaty Lviv,karpaty lviv,,unmatched,
odds_api_io_61651680,2026-05-17,15:00,away_team,Veres Rivne,veres rivne,,unmatched,
fd_T1_2026-05-17_Kasimpasa_Galatasaray,2026-05-17,18:00,home_team,Kasimpasa,kasimpasa,,unmatched,
fd_T1_2026-05-17_Kasimpasa_Galatasaray,2026-05-17,18:00,away_team,Galatasaray,galatasaray,,unmatched,
odds_api_io_61730250,2026-05-17,17:00,home_team,Kasimpasa Istanbul,kasimpasa istanbul,,unmatched,
odds_api_io_61730250,2026-05-17,17:00,away_team,Galatasaray Istanbul,galatasaray istanbul,,unmatched,
odds_api_io_67645562,2026-05-17,10:00,home_team,Kawasaki Frontale,kawasaki frontale,,unmatched,
odds_api_io_67645562,2026-05-17,10:00,away_team,Machida Zelvia,machida zelvia,,unmatched,
fd_T1_2026-05-17_Kayserispor_Konyaspor,2026-05-17,15:00,home_team,Kayserispor,kayserispor,,unmatched,
fd_T1_2026-05-17_Kayserispor_Konyaspor,2026-05-17,15:00,away_team,Konyaspor,konyaspor,,unmatched,
odds_api_io_68194644,2026-05-17,17:30,home_team,Keflavik IF,keflavik if,,unmatched,
odds_api_io_68194644,2026-05-17,17:30,away_team,Stjarnan Gardabae,stjarnan gardabae,,unmatched,
odds_api_io_62160252,2026-05-17,09:00,home_team,Kisvarda FC II,kisvarda ii,,unmatched,
odds_api_io_62160252,2026-05-17,09:00,away_team,Cigand SE,cigand se,,unmatched,
odds_api_io_61467291,2026-05-17,17:30,home_team,KKS 1925 Kalisz,kks 1925 kalisz,,unmatched,
odds_api_io_61467291,2026-05-17,17:30,away_team,Warta Poznan,warta poznan,,unmatched,
odds_api_io_61651666,2026-05-17,12:30,home_team,Kolos Kovalivka,kolos kovalivka,,unmatched,
odds_api_io_61651666,2026-05-17,12:30,away_team,FC Obolon Kyiv,obolon kyiv,,unmatched,
odds_api_io_62161246,2026-05-17,15:00,home_team,Komarom Vse,komarom vse,,unmatched,
odds_api_io_62161246,2026-05-17,15:00,away_team,ETO Akademia,eto akademia,,unmatched,
odds_api_io_68194648,2026-05-17,18:15,home_team,KR Reykjavik,kr reykjavik,,unmatched,
odds_api_io_68194648,2026-05-17,18:15,away_team,Fram Reykjavik,fram reykjavik,,unmatched,
odds_api_io_61651672,2026-05-17,10:00,home_team,FC Kryvbas Kriviy Rih,kryvbas kriviy rih,,unmatched,
odds_api_io_61651672,2026-05-17,10:00,away_team,FC Shakhtar Donetsk,shakhtar donetsk,,unmatched,
odds_api_io_61467281,2026-05-17,15:00,home_team,KS Hutnik Krakow SSA,ks hutnik krakow ssa,,unmatched,
odds_api_io_61467281,2026-05-17,15:00,away_team,Podhale Nowy Targ,podhale nowy targ,,unmatched,
odds_api_io_71262292,2026-05-17,15:30,home_team,KS Lechia Gdansk,ks lechia gdansk,,unmatched,
odds_api_io_71262292,2026-05-17,15:30,away_team,Legia Warszawa,legia warszawa,,unmatched,
odds_api_io_68214656,2026-05-17,14:00,home_team,FC Kuressaare,kuressaare,,unmatched,
odds_api_io_68214656,2026-05-17,14:00,away_team,Nomme Kalju FC,nomme kalju,,unmatched,
odds_api_io_67645070,2026-05-17,06:00,home_team,Kyoto Sanga FC,kyoto sanga,,unmatched,
odds_api_io_67645070,2026-05-17,06:00,away_team,Sanfrecce Hiroshima,sanfrecce hiroshima,,unmatched,
fd_SP2_2026-05-17_La_Coruna_Andorra,2026-05-17,13:00,home_team,La Coruna,la coruna,,unmatched,
fd_SP2_2026-05-17_La_Coruna_Andorra,2026-05-17,13:00,away_team,Andorra,andorra,,unmatched,
fd_E0_2026-05-17_Leeds_Brighton,2026-05-17,15:00,home_team,Leeds,leeds,Leeds,exact_normalized,
fd_E0_2026-05-17_Leeds_Brighton,2026-05-17,15:00,away_team,Brighton,brighton,Brighton,exact_normalized,
odds_api_io_61301259,2026-05-17,14:00,home_team,Leeds United,leeds united,Leeds,alias,
odds_api_io_61301259,2026-05-17,14:00,away_team,Brighton & Hove Albion,brighton and hove albion,,unmatched,
odds_api_io_61732304,2026-05-17,17:00,home_team,Leixoes SC,leixoes sc,,unmatched,
odds_api_io_61732304,2026-05-17,17:00,away_team,Lusitania FC Lourosa,lusitania lourosa,,unmatched,
odds_api_io_68687650,2026-05-17,18:00,home_team,Leones Futbol Club,leones futbol club,,unmatched,
odds_api_io_68687650,2026-05-17,18:00,away_team,Mushuc Runa SC,mushuc runa sc,,unmatched,
fd_SP1_2026-05-17_Levante_Mallorca,2026-05-17,18:00,home_team,Levante,levante,,unmatched,
fd_SP1_2026-05-17_Levante_Mallorca,2026-05-17,18:00,away_team,Mallorca,mallorca,Mallorca,exact_normalized,
odds_api_io_61624666,2026-05-17,17:00,home_team,Levante UD,levante ud,,unmatched,
odds_api_io_61624666,2026-05-17,17:00,away_team,RCD Mallorca,rcd mallorca,,suggested_alias_needed,Mallorca
fd_F1_2026-05-17_Lille_Auxerre,2026-05-17,20:00,home_team,Lille,lille,Lille,exact_normalized,
fd_F1_2026-05-17_Lille_Auxerre,2026-05-17,20:00,away_team,Auxerre,auxerre,Auxerre,exact_normalized,
odds_api_io_61512164,2026-05-17,19:00,home_team,Lille OSC,lille osc,,unmatched,
odds_api_io_61512164,2026-05-17,19:00,away_team,AJ Auxerre,aj auxerre,,suggested_alias_needed,Auxerre
fd_SC0_2026-05-17_Livingston_Kilmarnock,2026-05-17,14:00,home_team,Livingston,livingston,,unmatched,
fd_SC0_2026-05-17_Livingston_Kilmarnock,2026-05-17,14:00,away_team,Kilmarnock,kilmarnock,,unmatched,
odds_api_io_67904436,2026-05-17,05:00,home_team,Logan Roos FC,logan roos,,unmatched,
odds_api_io_67904436,2026-05-17,05:00,away_team,Redcliffe Dolphins,redcliffe dolphins,,unmatched,
fd_F1_2026-05-17_Lorient_Le_Havre,2026-05-17,20:00,home_team,Lorient,lorient,Lorient,exact_normalized,
fd_F1_2026-05-17_Lorient_Le_Havre,2026-05-17,20:00,away_team,Le Havre,le havre,Le Havre,exact_normalized,
odds_api_io_61512160,2026-05-17,19:00,home_team,FC Lorient,lorient,Lorient,exact_normalized,
odds_api_io_61512160,2026-05-17,19:00,away_team,Le Havre AC,le havre ac,,suggested_alias_needed,Le Havre
odds_api_io_68156622,2026-05-17,02:00,home_team,Los Angeles FC 2,los angeles 2,,unmatched,
odds_api_io_68156622,2026-05-17,02:00,away_team,Ventura County FC,ventura county,,unmatched,
odds_api_io_70881758,2026-05-17,20:30,home_team,Los Chankas CYC,los chankas cyc,,unmatched,
odds_api_io_70881758,2026-05-17,20:30,away_team,CD Moquegua,cd moquegua,,unmatched,
fd_F1_2026-05-17_Lyon_Lens,2026-05-17,20:00,home_team,Lyon,lyon,Lyon,exact_normalized,
fd_F1_2026-05-17_Lyon_Lens,2026-05-17,20:00,away_team,Lens,lens,Lens,exact_normalized,
odds_api_io_67692602,2026-05-17,05:00,home_team,Macarthur Rams,macarthur rams,,unmatched,
odds_api_io_67692602,2026-05-17,05:00,away_team,Northern Tigers,northern tigers,,unmatched,
fd_D2_2026-05-17_Magdeburg_Kaiserslautern,2026-05-17,14:30,home_team,Magdeburg,magdeburg,,unmatched,
fd_D2_2026-05-17_Magdeburg_Kaiserslautern,2026-05-17,14:30,away_team,Kaiserslautern,kaiserslautern,,unmatched,
odds_api_io_67807826,2026-05-17,05:00,home_team,Maitland FC,maitland,,unmatched,
odds_api_io_67807826,2026-05-17,05:00,away_team,Lake Macquarie City FC,lake macquarie city,,unmatched,
odds_api_io_71069098,2026-05-17,14:00,home_team,Mamelodi Sundowns,mamelodi sundowns,,unmatched,
odds_api_io_71069098,2026-05-17,14:00,away_team,AS Far Rabat,as far rabat,,unmatched,
fd_E0_2026-05-17_Man_United_Nott'm_Forest,2026-05-17,12:30,home_team,Man United,man united,Man United,exact_normalized,
fd_E0_2026-05-17_Man_United_Nott'm_Forest,2026-05-17,12:30,away_team,Nott'm Forest,nott'm forest,Nott'm Forest,exact_normalized,
odds_api_io_61301261,2026-05-17,11:30,home_team,Manchester United,manchester united,,unmatched,
odds_api_io_61301261,2026-05-17,11:30,away_team,Nottingham Forest,nottingham forest,,suggested_alias_needed,Nott'm Forest
fd_F1_2026-05-17_Marseille_Rennes,2026-05-17,20:00,home_team,Marseille,marseille,Marseille,exact_normalized,
fd_F1_2026-05-17_Marseille_Rennes,2026-05-17,20:00,away_team,Rennes,rennes,Rennes,exact_normalized,
odds_api_io_68162384,2026-05-17,05:00,home_team,Melbourne Victory FC Youth,melbourne victory youth,,unmatched,
odds_api_io_68162384,2026-05-17,05:00,away_team,Preston Lions,preston lions,,unmatched,
odds_api_io_71172390,2026-05-17,22:00,home_team,Metropolitanos FC,metropolitanos,,unmatched,
odds_api_io_71172390,2026-05-17,22:00,away_team,Deportivo Tachira,deportivo tachira,,unmatched,
odds_api_io_66053720,2026-05-17,08:15,home_team,MFk Karvina B,mfk karvina b,,unmatched,
odds_api_io_66053720,2026-05-17,08:15,away_team,FC Hlucin,hlucin,,unmatched,
odds_api_io_69653782,2026-05-17,16:00,home_team,FC Midtjylland,midtjylland,,unmatched,
odds_api_io_69653782,2026-05-17,16:00,away_team,Broendby IF,broendby if,,unmatched,
odds_api_io_63004413,2026-05-17,12:30,home_team,Miedz Legnica,miedz legnica,,unmatched,
odds_api_io_63004413,2026-05-17,12:30,away_team,Ruch Chorzow,ruch chorzow,,unmatched,
odds_api_io_68156620,2026-05-17,00:00,home_team,Minnesota United FC 2,minnesota united 2,,unmatched,
odds_api_io_68156620,2026-05-17,00:00,away_team,Houston Dynamo 2,houston dynamo 2,,unmatched,
odds_api_io_67126558,2026-05-17,14:30,home_team,Mjallby AIF,mjallby aif,,unmatched,
odds_api_io_67126558,2026-05-17,14:30,away_team,BK Hacken,bk hacken,,unmatched,
odds_api_io_67904440,2026-05-17,08:00,home_team,Moggill FC,moggill,,unmatched,
odds_api_io_67904440,2026-05-17,08:00,away_team,North Lakes United,north lakes united,,unmatched,
odds_api_io_70502988,2026-05-17,14:00,home_team,Mohun Bagan Super Giant,mohun bagan super giant,,unmatched,
odds_api_io_70502988,2026-05-17,14:00,away_team,SC East Bengal,sc east bengal,,unmatched,
odds_api_io_67904152,2026-05-17,07:00,home_team,Moreton City Excelsior FC 2,moreton city excelsior 2,,unmatched,
odds_api_io_67904152,2026-05-17,07:00,away_team,Brisbane Knights,brisbane knights,,unmatched,
odds_api_io_62161242,2026-05-17,15:00,home_team,Mosonmagyarovari TE,mosonmagyarovari te,,unmatched,
odds_api_io_62161242,2026-05-17,15:00,away_team,FC Tatabanya,tatabanya,,unmatched,
odds_api_io_67904438,2026-05-17,07:00,home_team,MT Gravatt Hawks,mt gravatt hawks,,unmatched,
odds_api_io_67904438,2026-05-17,07:00,away_team,North Brisbane FC,north brisbane,,unmatched,
odds_api_io_62181556,2026-05-17,09:00,home_team,MTK Budapest II,mtk budapest ii,,unmatched,
odds_api_io_62181556,2026-05-17,09:00,away_team,Dunaujvaros Palhalma Agrospecial SE,dunaujvaros palhalma agrospecial se,,unmatched,
odds_api_io_61454193,2026-05-17,13:00,home_team,Mura Murska Sobota,mura murska sobota,,unmatched,
odds_api_io_61454193,2026-05-17,13:00,away_team,NK Maribor,nk maribor,,unmatched,
fd_F1_2026-05-17_Nantes_Toulouse,2026-05-17,20:00,home_team,Nantes,nantes,Nantes,exact_normalized,
fd_F1_2026-05-17_Nantes_Toulouse,2026-05-17,20:00,away_team,Toulouse,toulouse,Toulouse,exact_normalized,
odds_api_io_61320271,2026-05-17,12:30,home_team,NEC Nijmegen,nec nijmegen,,unmatched,
odds_api_io_61320271,2026-05-17,12:30,away_team,Go Ahead Eagles,go ahead eagles,,unmatched,
odds_api_io_62778615,2026-05-17,11:00,home_team,New Taipei Hang Yuan,new taipei hang yuan,,unmatched,
odds_api_io_62778615,2026-05-17,11:00,away_team,Tainan City,tainan city,,unmatched,
fd_E0_2026-05-17_Newcastle_West_Ham,2026-05-17,17:30,home_team,Newcastle,newcastle,Newcastle,exact_normalized,
fd_E0_2026-05-17_Newcastle_West_Ham,2026-05-17,17:30,away_team,West Ham,west ham,West Ham,exact_normalized,
fd_F1_2026-05-17_Nice_Metz,2026-05-17,20:00,home_team,Nice,nice,Nice,exact_normalized,
fd_F1_2026-05-17_Nice_Metz,2026-05-17,20:00,away_team,Metz,metz,Metz,exact_normalized,
fd_N1_2026-05-17_Nijmegen_Go_Ahead_Eagles,2026-05-17,13:30,home_team,Nijmegen,nijmegen,,unmatched,
fd_N1_2026-05-17_Nijmegen_Go_Ahead_Eagles,2026-05-17,13:30,away_team,Go Ahead Eagles,go ahead eagles,,unmatched,
odds_api_io_61286595,2026-05-17,16:45,home_team,NK Istra 1961,nk istra 1961,,unmatched,
odds_api_io_61286595,2026-05-17,16:45,away_team,HNK Rijeka,hnk rijeka,,unmatched,
odds_api_io_69972722,2026-05-17,11:45,home_team,NK Jarun Zagreb,nk jarun zagreb,,unmatched,
odds_api_io_69972722,2026-05-17,11:45,away_team,NK Dubrava Zagreb,nk dubrava zagreb,,unmatched,
odds_api_io_61286591,2026-05-17,14:00,home_team,NK Slaven Belupo,nk slaven belupo,,unmatched,
odds_api_io_61286591,2026-05-17,14:00,away_team,GNK Dinamo Zagreb,gnk dinamo zagreb,,unmatched,
odds_api_io_67126112,2026-05-17,13:00,home_team,Nordic United FC,nordic united,,unmatched,
odds_api_io_67126112,2026-05-17,13:00,away_team,Falkenbergs FF,falkenbergs ff,,unmatched,
odds_api_io_68156624,2026-05-17,00:00,home_team,North Texas SC,north texas sc,,unmatched,
odds_api_io_68156624,2026-05-17,00:00,away_team,Sporting Kansas City II,sporting kansas city ii,,unmatched,
odds_api_io_71307982,2026-05-17,00:00,home_team,Oakland Roots SC,oakland roots sc,,unmatched,
odds_api_io_71307982,2026-05-17,00:00,away_team,Sacramento Republic FC,sacramento republic,,unmatched,
odds_api_io_69653828,2026-05-17,12:00,home_team,Odense Boldklub,odense boldklub,,unmatched,
odds_api_io_69653828,2026-05-17,12:00,away_team,Vejle BK,vejle bk,,unmatched,
fd_G1_2026-05-17_OFI_Crete_Volos_NFC,2026-05-17,15:00,home_team,OFI Crete,ofi crete,,unmatched,
fd_G1_2026-05-17_OFI_Crete_Volos_NFC,2026-05-17,15:00,away_team,Volos NFC,volos n,,unmatched,
odds_api_io_70231958,2026-05-17,14:00,home_team,OFI Crete,ofi crete,,unmatched,
odds_api_io_70231958,2026-05-17,14:00,away_team,Volos NPS,volos nps,,unmatched,
odds_api_io_61512166,2026-05-17,19:00,home_team,OGC Nice,ogc nice,,unmatched,
odds_api_io_61512166,2026-05-17,19:00,away_team,FC Metz,metz,Metz,exact_normalized,
odds_api_io_61467295,2026-05-17,15:15,home_team,OKS Swit Szczecin,oks swit szczecin,,unmatched,
odds_api_io_61467295,2026-05-17,15:15,away_team,Slask II Wroclaw,slask ii wroclaw,,unmatched,
odds_api_io_61454195,2026-05-17,15:30,home_team,Olimpija Ljubljana,olimpija ljubljana,,unmatched,
odds_api_io_61454195,2026-05-17,15:30,away_team,NK Radomlje,nk radomlje,,unmatched,
odds_api_io_61512256,2026-05-17,19:00,home_team,Olympique Lyon,olympique lyon,,unmatched,
odds_api_io_61512256,2026-05-17,19:00,away_team,Racing Club De Lens,racing club de lens,,unmatched,
odds_api_io_61512174,2026-05-17,19:00,home_team,Olympique Marseille,olympique marseille,,unmatched,
odds_api_io_61512174,2026-05-17,19:00,away_team,Stade Rennais FC,stade rennais,,unmatched,
fd_SP1_2026-05-17_Osasuna_Espanol,2026-05-17,18:00,home_team,Osasuna,osasuna,Osasuna,exact_normalized,
fd_SP1_2026-05-17_Osasuna_Espanol,2026-05-17,18:00,away_team,Espanol,espanol,Espanol,exact_normalized,
odds_api_io_67126104,2026-05-17,13:00,home_team,Osters IF,osters if,,unmatched,
odds_api_io_67126104,2026-05-17,13:00,away_team,Ljungskile SK,ljungskile sk,,unmatched,
odds_api_io_67126108,2026-05-17,11:00,home_team,Ostersunds FK,ostersunds fk,,unmatched,
odds_api_io_67126108,2026-05-17,11:00,away_team,Sandvikens IF,sandvikens if,,unmatched,
fd_SP1_2026-05-17_Oviedo_Alaves,2026-05-17,18:00,home_team,Oviedo,oviedo,,unmatched,
fd_SP1_2026-05-17_Oviedo_Alaves,2026-05-17,18:00,away_team,Alaves,alaves,Alaves,exact_normalized,
odds_api_io_68685984,2026-05-17,21:00,home_team,Pacific FC,pacific,,unmatched,
odds_api_io_68685984,2026-05-17,21:00,away_team,Inter Toronto FC,inter toronto,,unmatched,
odds_api_io_61732300,2026-05-17,19:30,home_team,FC Pacos Ferreira,pacos ferreira,,unmatched,
odds_api_io_61732300,2026-05-17,19:30,away_team,FC Penafiel,penafiel,,unmatched,
odds_api_io_68214654,2026-05-17,11:30,home_team,Paide Linnameeskond,paide linnameeskond,,unmatched,
odds_api_io_68214654,2026-05-17,11:30,away_team,FCI Levadia Tallinn,i levadia tallinn,,unmatched,
odds_api_io_62181566,2026-05-17,09:00,home_team,Paksi FC II,paksi ii,,unmatched,
odds_api_io_62181566,2026-05-17,09:00,away_team,Majosi SE,majosi se,,unmatched,
fd_G1_2026-05-17_Panathinaikos_PAOK,2026-05-17,17:30,home_team,Panathinaikos,panathinaikos,,unmatched,
fd_G1_2026-05-17_Panathinaikos_PAOK,2026-05-17,17:30,away_team,PAOK,paok,,unmatched,
odds_api_io_70231858,2026-05-17,16:30,home_team,Panathinaikos Athens,panathinaikos athens,,unmatched,
odds_api_io_70231858,2026-05-17,16:30,away_team,PAOK Thessaloniki,paok thessaloniki,,unmatched,
odds_api_io_71426266,2026-05-17,13:00,home_team,Paraguari AC,paraguari ac,,unmatched,
odds_api_io_71426266,2026-05-17,13:00,away_team,Carapegua,carapegua,,unmatched,
odds_api_io_61512170,2026-05-17,19:00,home_team,Paris FC,paris,,unmatched,
odds_api_io_61512170,2026-05-17,19:00,away_team,Paris Saint-Germain,paris saint-germain,,unmatched,
fd_F1_2026-05-17_Paris_FC_Paris_SG,2026-05-17,20:00,home_team,Paris FC,paris,,unmatched,
fd_F1_2026-05-17_Paris_FC_Paris_SG,2026-05-17,20:00,away_team,Paris SG,paris sg,Paris SG,exact_normalized,
odds_api_io_61320275,2026-05-17,12:30,home_team,PEC Zwolle,pec zwolle,,unmatched,
odds_api_io_61320275,2026-05-17,12:30,away_team,Feyenoord Rotterdam,feyenoord rotterdam,,unmatched,
odds_api_io_62181562,2026-05-17,15:00,home_team,Penzugyor SE,penzugyor se,,unmatched,
odds_api_io_62181562,2026-05-17,15:00,away_team,Szekszardi UFC,szekszardi u,,unmatched,
odds_api_io_69767364,2026-05-17,07:00,home_team,Perth Redstar FC,perth redstar,,unmatched,
odds_api_io_69767364,2026-05-17,07:00,away_team,Subiaco AFC,subiaco a,,unmatched,
odds_api_io_71307986,2026-05-17,02:00,home_team,Phoenix Rising FC,phoenix rising,,unmatched,
odds_api_io_71307986,2026-05-17,02:00,away_team,Orange County SC,orange county sc,,unmatched,
fd_I1_2026-05-17_Pisa_Napoli,2026-05-17,11:00,home_team,Pisa,pisa,,unmatched,
fd_I1_2026-05-17_Pisa_Napoli,2026-05-17,11:00,away_team,Napoli,napoli,Napoli,exact_normalized,
odds_api_io_61061677,2026-05-17,10:00,home_team,Pisa SC,pisa sc,,unmatched,
odds_api_io_61061677,2026-05-17,10:00,away_team,SSC Napoli,ssc napoli,,unmatched,
odds_api_io_63004421,2026-05-17,15:00,home_team,Pogon Grodzisk Mazowiecki,pogon grodzisk mazowiecki,,unmatched,
odds_api_io_63004421,2026-05-17,15:00,away_team,GKS Tychy,gks tychy,,unmatched,
odds_api_io_63004415,2026-05-17,18:15,home_team,Polonia Bytom,polonia bytom,,unmatched,
odds_api_io_63004415,2026-05-17,18:15,away_team,WKS Slask Wroclaw,wks slask wroclaw,,unmatched,
odds_api_io_61732306,2026-05-17,19:30,home_team,Portimonense SAD,portimonense sad,,unmatched,
odds_api_io_61732306,2026-05-17,19:30,away_team,SC Farense,sc farense,,unmatched,
odds_api_io_67912068,2026-05-17,22:00,home_team,Portland Thorns FC,portland thorns,,unmatched,
odds_api_io_67912068,2026-05-17,22:00,away_team,Angel City FC,angel city,,unmatched,
odds_api_io_71172366,2026-05-17,21:30,home_team,Portuguesa FC,portuguesa,,unmatched,
odds_api_io_71172366,2026-05-17,21:30,away_team,Academia Puerto Cabello,academia puerto cabello,,unmatched,
odds_api_io_69221028,2026-05-17,11:00,home_team,Preah Khan Reach Svay Rieng FC,preah khan reach svay rieng,,unmatched,
odds_api_io_69221028,2026-05-17,11:00,away_team,Phnom Penh Crown FC,phnom penh crown,,unmatched,
fd_N1_2026-05-17_PSV_Eindhoven_Twente,2026-05-17,13:30,home_team,PSV Eindhoven,psv eindhoven,,unmatched,
fd_N1_2026-05-17_PSV_Eindhoven_Twente,2026-05-17,13:30,away_team,Twente,twente,,unmatched,
odds_api_io_61320281,2026-05-17,12:30,home_team,PSV Eindhoven,psv eindhoven,,unmatched,
odds_api_io_61320281,2026-05-17,12:30,away_team,FC Twente Enschede,twente enschede,,unmatched,
odds_api_io_62181578,2026-05-17,15:00,home_team,Pte Peac,pte peac,,unmatched,
odds_api_io_62181578,2026-05-17,15:00,away_team,Balatonlelle,balatonlelle,,unmatched,
odds_api_io_62161250,2026-05-17,09:00,home_team,Puskas Akademia FC II,puskas akademia ii,,unmatched,
odds_api_io_62161250,2026-05-17,09:00,away_team,Bicskei Tc,bicskei tc,,unmatched,
odds_api_io_71460000,2026-05-17,18:00,home_team,Racing Club Montevideo,racing club montevideo,,unmatched,
odds_api_io_71460000,2026-05-17,18:00,away_team,Cerro Largo FC,cerro largo,,unmatched,
odds_api_io_61624668,2026-05-17,17:00,home_team,Rayo Vallecano,rayo vallecano,,suggested_alias_needed,Vallecano
odds_api_io_61624668,2026-05-17,17:00,away_team,Villarreal CF,villarreal,Villarreal,exact_normalized,
odds_api_io_61623912,2026-05-17,12:00,home_team,RC Deportivo De La Coruna,rc deportivo de la coruna,,unmatched,
odds_api_io_61623912,2026-05-17,12:00,away_team,FC Andorra,andorra,,unmatched,
odds_api_io_61685718,2026-05-17,15:00,home_team,Real Aviles CF,real aviles,,unmatched,
odds_api_io_61685718,2026-05-17,15:00,away_team,Barakaldo CF,barakaldo,,unmatched,
odds_api_io_61624672,2026-05-17,17:00,home_team,Real Oviedo,real oviedo,,unmatched,
odds_api_io_61624672,2026-05-17,17:00,away_team,Deportivo Alaves,deportivo alaves,,unmatched,
odds_api_io_66299196,2026-05-17,01:30,home_team,Real Salt Lake,real salt lake,,unmatched,
odds_api_io_66299196,2026-05-17,01:30,away_team,Colorado Rapids,colorado rapids,,unmatched,
odds_api_io_61624670,2026-05-17,17:00,home_team,Real Sociedad San Sebastian,real sociedad san sebastian,,unmatched,
odds_api_io_61624670,2026-05-17,17:00,away_team,Valencia CF,valencia,Valencia,exact_normalized,
odds_api_io_61623908,2026-05-17,19:15,home_team,Real Zaragoza,real zaragoza,,unmatched,
odds_api_io_61623908,2026-05-17,19:15,away_team,Sporting Gijon,sporting gijon,,unmatched,
odds_api_io_66886786,2026-05-17,21:30,home_team,Red Bull Bragantino SP,red bull bragantino sp,,unmatched,
odds_api_io_66886786,2026-05-17,21:30,away_team,EC Vitoria BA,ec vitoria ba,,unmatched,
odds_api_io_71523514,2026-05-17,00:00,home_team,R.K.S.V. Scherpenheuvel,rksv scherpenheuvel,,unmatched,
odds_api_io_71523514,2026-05-17,00:00,away_team,C.R.K.S.V. Jong Holland,crksv jong holland,,unmatched,
fd_I1_2026-05-17_Roma_Lazio,2026-05-17,11:00,home_team,Roma,roma,Roma,exact_normalized,
fd_I1_2026-05-17_Roma_Lazio,2026-05-17,11:00,away_team,Lazio,lazio,Lazio,exact_normalized,
odds_api_io_70207432,2026-05-17,11:30,home_team,RSC Anderlecht,rsc anderlecht,,unmatched,
odds_api_io_70207432,2026-05-17,11:30,away_team,Yellow-Red KV Mechelen,yellow-red kv mechelen,,unmatched,
odds_api_io_61651674,2026-05-17,10:00,home_team,FC Rukh Lviv,rukh lviv,,unmatched,
odds_api_io_61651674,2026-05-17,10:00,away_team,FC Oleksandriya,oleksandriya,,unmatched,
odds_api_io_69751548,2026-05-17,12:30,home_team,FC Salzburg,salzburg,,unmatched,
odds_api_io_69751548,2026-05-17,12:30,away_team,TSV Hartberg,tsv hartberg,,unmatched,
odds_api_io_67904150,2026-05-17,06:00,home_team,Samford Rangers,samford rangers,,unmatched,
odds_api_io_67904150,2026-05-17,06:00,away_team,Taringa Rovers SFC,taringa rovers s,,unmatched,
odds_api_io_66299198,2026-05-17,01:30,home_team,San Diego FC,san diego,,unmatched,
odds_api_io_66299198,2026-05-17,01:30,away_team,FC Cincinnati,cincinnati,,unmatched,
odds_api_io_66299200,2026-05-17,02:30,home_team,San Jose Earthquakes,san jose earthquakes,,unmatched,
odds_api_io_66299200,2026-05-17,02:30,away_team,FC Dallas,dallas,,unmatched,
odds_api_io_68097906,2026-05-17,19:00,home_team,San Luis de Quillota,san luis de quillota,,unmatched,
odds_api_io_68097906,2026-05-17,19:00,away_team,Puerto Montt,puerto montt,,unmatched,
odds_api_io_68097908,2026-05-17,21:30,home_team,San Marcos de Arica,san marcos de arica,,unmatched,
odds_api_io_68097908,2026-05-17,21:30,away_team,CD Antofagasta,cd antofagasta,,unmatched,
odds_api_io_61467279,2026-05-17,10:15,home_team,Sandecja Nowy Sacz,sandecja nowy sacz,,unmatched,
odds_api_io_61467279,2026-05-17,10:15,away_team,Olimpia Grudziadz,olimpia grudziadz,,unmatched,
odds_api_io_66886782,2026-05-17,14:00,home_team,Santos FC SP,santos sp,,unmatched,
odds_api_io_66886782,2026-05-17,14:00,away_team,Coritiba FC PR,coritiba pr,,unmatched,
odds_api_io_68215848,2026-05-17,21:00,home_team,Santos FC SP,santos sp,,unmatched,
odds_api_io_68215848,2026-05-17,21:00,away_team,Red Bull Bragantino SP,red bull bragantino sp,,unmatched,
fd_I1_2026-05-17_Sassuolo_Lecce,2026-05-17,19:45,home_team,Sassuolo,sassuolo,Sassuolo,exact_normalized,
fd_I1_2026-05-17_Sassuolo_Lecce,2026-05-17,19:45,away_team,Lecce,lecce,Lecce,exact_normalized,
odds_api_io_61061681,2026-05-17,18:45,home_team,Sassuolo Calcio,sassuolo calcio,,unmatched,
odds_api_io_61061681,2026-05-17,18:45,away_team,US Lecce,us lecce,,unmatched,
odds_api_io_61320279,2026-05-17,12:30,home_team,SC Heerenveen,sc heerenveen,,unmatched,
odds_api_io_61320279,2026-05-17,12:30,away_team,Ajax Amsterdam,ajax amsterdam,,unmatched,
odds_api_io_62161248,2026-05-17,16:00,home_team,SC Sopron,sc sopron,,unmatched,
odds_api_io_62161248,2026-05-17,16:00,away_team,Dorogi FC,dorogi,,unmatched,
fd_D2_2026-05-17_Schalke_04_Braunschweig,2026-05-17,14:30,home_team,Schalke 04,schalke 04,Schalke 04,exact_normalized,
fd_D2_2026-05-17_Schalke_04_Braunschweig,2026-05-17,14:30,away_team,Braunschweig,braunschweig,,unmatched,
odds_api_io_61515254,2026-05-17,13:30,home_team,Schalke 04,schalke 04,Schalke 04,exact_normalized,
odds_api_io_61515254,2026-05-17,13:30,away_team,Eintracht Braunschweig,eintracht braunschweig,,unmatched,
odds_api_io_66886784,2026-05-17,00:00,home_team,SE Palmeiras SP,se palmeiras sp,,unmatched,
odds_api_io_66886784,2026-05-17,00:00,away_team,Cruzeiro EC MG,cruzeiro ec mg,,unmatched,
odds_api_io_66299194,2026-05-17,01:15,home_team,Seattle Sounders,seattle sounders,,unmatched,
odds_api_io_66299194,2026-05-17,01:15,away_team,Los Angeles Galaxy,los angeles galaxy,,unmatched,
odds_api_io_68046516,2026-05-17,07:30,home_team,Seongnam Ilhwa,seongnam ilhwa,,unmatched,
odds_api_io_68046516,2026-05-17,07:30,away_team,Gyeongnam FC,gyeongnam,,unmatched,
odds_api_io_69255030,2026-05-17,19:00,home_team,SER Caxias do Sul,ser caxias do sul,,unmatched,
odds_api_io_69255030,2026-05-17,19:00,away_team,Paysandu SC PA,paysandu sc pa,,unmatched,
fd_SP1_2026-05-17_Sevilla_Real_Madrid,2026-05-17,18:00,home_team,Sevilla,sevilla,Sevilla,exact_normalized,
fd_SP1_2026-05-17_Sevilla_Real_Madrid,2026-05-17,18:00,away_team,Real Madrid,real madrid,Real Madrid,exact_normalized,
odds_api_io_66053710,2026-05-17,15:00,home_team,SK Polanka Nad Odrou,sk polanka nad odrou,,unmatched,
odds_api_io_66053710,2026-05-17,15:00,away_team,FK Hodonin,fk hodonin,,unmatched,
odds_api_io_69751552,2026-05-17,12:30,home_team,SK Sturm Graz,sk sturm graz,,unmatched,
odds_api_io_69751552,2026-05-17,12:30,away_team,SK Rapid,sk rapid,,unmatched,
odds_api_io_67849994,2026-05-17,14:00,home_team,Skala IF,skala if,,unmatched,
odds_api_io_67849994,2026-05-17,14:00,away_team,B36 Torshavn,b36 torshavn,,unmatched,
odds_api_io_71085536,2026-05-17,15:00,home_team,FC Slovan Liberec,slovan liberec,,unmatched,
odds_api_io_71085536,2026-05-17,15:00,away_team,Sparta Prague,sparta prague,,unmatched,
fd_SP1_2026-05-17_Sociedad_Valencia,2026-05-17,18:00,home_team,Sociedad,sociedad,Sociedad,exact_normalized,
fd_SP1_2026-05-17_Sociedad_Valencia,2026-05-17,18:00,away_team,Valencia,valencia,Valencia,exact_normalized,
odds_api_io_69653788,2026-05-17,16:00,home_team,Soenderjyske,soenderjyske,,unmatched,
odds_api_io_69653788,2026-05-17,16:00,away_team,FC Nordsjaelland,nordsjaelland,,unmatched,
odds_api_io_67692246,2026-05-17,07:15,home_team,South Coast Flame FC,south coast flame,,unmatched,
odds_api_io_67692246,2026-05-17,07:15,away_team,Mounties Wanderers FC,mounties wanderers,,unmatched,
odds_api_io_70375222,2026-05-17,15:30,home_team,Southend United,southend united,,unmatched,
odds_api_io_70375222,2026-05-17,15:30,away_team,Wealdstone FC,wealdstone,,unmatched,
fd_N1_2026-05-17_Sparta_Rotterdam_Excelsior,2026-05-17,13:30,home_team,Sparta Rotterdam,sparta rotterdam,,unmatched,
fd_N1_2026-05-17_Sparta_Rotterdam_Excelsior,2026-05-17,13:30,away_team,Excelsior,excelsior,,unmatched,
odds_api_io_61320267,2026-05-17,12:30,home_team,Sparta Rotterdam,sparta rotterdam,,unmatched,
odds_api_io_61320267,2026-05-17,12:30,away_team,Excelsior Rotterdam,excelsior rotterdam,,unmatched,
odds_api_io_61894050,2026-05-17,14:30,home_team,SPG Neudorf / Parndorf Juniors,spg neudorf / parndorf juniors,,unmatched,
odds_api_io_61894050,2026-05-17,14:30,away_team,Ufc Jennersdorf,u jennersdorf,,unmatched,
odds_api_io_70881730,2026-05-17,01:30,home_team,Sport Boys Association,sport boys association,,unmatched,
odds_api_io_70881730,2026-05-17,01:30,away_team,Cusco FC,cusco,,unmatched,
odds_api_io_70430834,2026-05-17,11:30,home_team,Sporting Club Delhi,sporting club delhi,,unmatched,
odds_api_io_70430834,2026-05-17,11:30,away_team,Inter Kashi FC,inter kashi,,unmatched,
odds_api_io_68042488,2026-05-17,20:00,home_team,Sportivo San Lorenzo,sportivo san lorenzo,,unmatched,
odds_api_io_68042488,2026-05-17,20:00,away_team,Sportivo Luqueno,sportivo luqueno,,unmatched,
fd_SC0_2026-05-17_St_Mirren_Dundee_United,2026-05-17,14:00,home_team,St Mirren,st mirren,,unmatched,
fd_SC0_2026-05-17_St_Mirren_Dundee_United,2026-05-17,14:00,away_team,Dundee United,dundee united,,unmatched,
odds_api_io_61512168,2026-05-17,19:00,home_team,Stade Brest 29,stade brest 29,,unmatched,
odds_api_io_61512168,2026-05-17,19:00,away_team,Angers SCO,angers sco,,unmatched,
fd_F1_2026-05-17_Strasbourg_Monaco,2026-05-17,20:00,home_team,Strasbourg,strasbourg,Strasbourg,exact_normalized,
fd_F1_2026-05-17_Strasbourg_Monaco,2026-05-17,20:00,away_team,Monaco,monaco,Monaco,exact_normalized,
odds_api_io_61512176,2026-05-17,19:00,home_team,Strasbourg Alsace,strasbourg alsace,,unmatched,
odds_api_io_61512176,2026-05-17,19:00,away_team,AS Monaco,as monaco,,suggested_alias_needed,Monaco
odds_api_io_70633274,2026-05-17,12:00,home_team,FC Sudburgenland,sudburgenland,,unmatched,
odds_api_io_70633274,2026-05-17,12:00,away_team,Linz AG Blau-Weiss / Kleinmunchen,linz ag blau-weiss / kleinmunchen,,unmatched,
odds_api_io_61515242,2026-05-17,13:30,home_team,SV 07 Elversberg,sv 07 elversberg,,unmatched,
odds_api_io_61515242,2026-05-17,13:30,away_team,SC Preussen 06 Munster,sc preussen 06 munster,,unmatched,
odds_api_io_61515250,2026-05-17,13:30,home_team,SV Darmstadt 98,sv darmstadt 98,,unmatched,
odds_api_io_61515250,2026-05-17,13:30,away_team,SC Paderborn 07,sc paderborn 07,,unmatched,
odds_api_io_66606556,2026-05-17,15:00,home_team,Svitavy,svitavy,,unmatched,
odds_api_io_66606556,2026-05-17,15:00,away_team,MFk Chrudim B,mfk chrudim b,,unmatched,
odds_api_io_67692610,2026-05-17,07:40,home_team,Sydney Olympic FC,sydney olympic,,unmatched,
odds_api_io_67692610,2026-05-17,07:40,away_team,Western City Rangers FC,western city rangers,,unmatched,
odds_api_io_67692606,2026-05-17,07:00,home_team,Sydney University SFC,sydney university s,,unmatched,
odds_api_io_67692606,2026-05-17,07:00,away_team,Western Sydney Wanderers Youth,western sydney wanderers youth,,unmatched,
odds_api_io_62161256,2026-05-17,16:00,home_team,Szombathelyi Mav Haladas VSE,szombathelyi mav haladas vse,,unmatched,
odds_api_io_62161256,2026-05-17,16:00,away_team,Zsambeki SK,zsambeki sk,,unmatched,
odds_api_io_62778613,2026-05-17,08:00,home_team,Taichung Rock FC,taichung rock,,unmatched,
odds_api_io_62778613,2026-05-17,08:00,away_team,AC Taipei,ac taipei,,unmatched,
odds_api_io_62778611,2026-05-17,08:00,home_team,Taiwan Power Company,taiwan power company,,unmatched,
odds_api_io_62778611,2026-05-17,08:00,away_team,Ming Chuan University,ming chuan university,,unmatched,
odds_api_io_62778617,2026-05-17,08:00,home_team,Tatung FC,tatung,,unmatched,
odds_api_io_62778617,2026-05-17,08:00,away_team,Taichung Futuro FC,taichung futuro,,unmatched,
odds_api_io_61685724,2026-05-17,15:00,home_team,Tenerife CD,tenerife cd,,unmatched,
odds_api_io_61685724,2026-05-17,15:00,away_team,Pontevedra CF,pontevedra,,unmatched,
odds_api_io_71297742,2026-05-17,01:00,home_team,Tepatitlan FC,tepatitlan,,unmatched,
odds_api_io_71297742,2026-05-17,01:00,away_team,Jaiba Brava,jaiba brava,,unmatched,
odds_api_io_70379180,2026-05-17,21:15,home_team,The Strongest,the strongest,,unmatched,
odds_api_io_70379180,2026-05-17,21:15,away_team,Oriente Petrolero,oriente petrolero,,unmatched,
odds_api_io_68194638,2026-05-17,16:00,home_team,Thor Akureyri,thor akureyri,,unmatched,
odds_api_io_68194638,2026-05-17,16:00,away_team,IA Akranes,ia akranes,,unmatched,
odds_api_io_66054230,2026-05-17,15:00,home_team,TJ Skastice,tj skastice,,unmatched,
odds_api_io_66054230,2026-05-17,15:00,away_team,Sfk Elko Holesov,sfk elko holesov,,unmatched,
fd_T1_2026-05-17_Trabzonspor_Genclerbirligi,2026-05-17,18:00,home_team,Trabzonspor,trabzonspor,,unmatched,
fd_T1_2026-05-17_Trabzonspor_Genclerbirligi,2026-05-17,18:00,away_team,Genclerbirligi,genclerbirligi,,unmatched,
odds_api_io_61730252,2026-05-17,17:00,home_team,Trabzonspor,trabzonspor,,unmatched,
odds_api_io_61730252,2026-05-17,17:00,away_team,Genclerbirligi SK,genclerbirligi sk,,unmatched,
odds_api_io_61732296,2026-05-17,14:30,home_team,UD Leiria,ud leiria,,unmatched,
odds_api_io_61732296,2026-05-17,14:30,away_team,CD Feirense,cd feirense,,unmatched,
odds_api_io_61732298,2026-05-17,10:00,home_team,UD Oliveirense,ud oliveirense,,unmatched,
odds_api_io_61732298,2026-05-17,10:00,away_team,FC Felgueiras 1932,felgueiras 1932,,unmatched,
fd_I1_2026-05-17_Udinese_Cremonese,2026-05-17,19:45,home_team,Udinese,udinese,Udinese,exact_normalized,
fd_I1_2026-05-17_Udinese_Cremonese,2026-05-17,19:45,away_team,Cremonese,cremonese,Cremonese,exact_normalized,
odds_api_io_61061683,2026-05-17,18:45,home_team,Udinese Calcio,udinese calcio,,unmatched,
odds_api_io_61061683,2026-05-17,18:45,away_team,US Cremonese,us cremonese,,suggested_alias_needed,Cremonese
odds_api_io_62161254,2026-05-17,09:00,home_team,Ujpest FC II,ujpest ii,,unmatched,
odds_api_io_62161254,2026-05-17,09:00,away_team,Papai Perutz FC,papai perutz,,unmatched,
odds_api_io_71477558,2026-05-17,18:00,home_team,US Catanzaro,us catanzaro,,unmatched,
odds_api_io_71477558,2026-05-17,18:00,away_team,Palermo FC,palermo,,unmatched,
fd_N1_2026-05-17_Utrecht_For_Sittard,2026-05-17,13:30,home_team,Utrecht,utrecht,,unmatched,
fd_N1_2026-05-17_Utrecht_For_Sittard,2026-05-17,13:30,away_team,For Sittard,for sittard,,unmatched,
odds_api_io_61320277,2026-05-17,12:30,home_team,FC Utrecht,utrecht,,unmatched,
odds_api_io_61320277,2026-05-17,12:30,away_team,Fortuna Sittard,fortuna sittard,,unmatched,
odds_api_io_69767366,2026-05-17,07:00,home_team,Uwa Nedlands FC,uwa nedlands,,unmatched,
odds_api_io_69767366,2026-05-17,07:00,away_team,Sorrento FC,sorrento,,unmatched,
odds_api_io_67645066,2026-05-17,04:00,home_team,V-Varen Nagasaki,v-varen nagasaki,,unmatched,
odds_api_io_67645066,2026-05-17,04:00,away_team,Vissel Kobe,vissel kobe,,unmatched,
fd_SP1_2026-05-17_Vallecano_Villarreal,2026-05-17,18:00,home_team,Vallecano,vallecano,Vallecano,exact_normalized,
fd_SP1_2026-05-17_Vallecano_Villarreal,2026-05-17,18:00,away_team,Villarreal,villarreal,Villarreal,exact_normalized,
odds_api_io_68194646,2026-05-17,18:15,home_team,Valur Reykjavik,valur reykjavik,,unmatched,
odds_api_io_68194646,2026-05-17,18:15,away_team,Breidablik Kopavogur,breidablik kopavogur,,unmatched,
odds_api_io_62180520,2026-05-17,10:00,home_team,Vasas SC II,vasas sc ii,,unmatched,
odds_api_io_62180520,2026-05-17,10:00,away_team,Dunaharaszti MTK,dunaharaszti mtk,,unmatched,
odds_api_io_67126562,2026-05-17,14:30,home_team,Vasteraas SK,vasteraas sk,,unmatched,
odds_api_io_67126562,2026-05-17,14:30,away_team,AIK,aik,,unmatched,
odds_api_io_70730320,2026-05-17,11:00,home_team,Vendsyssel FF,vendsyssel ff,,unmatched,
odds_api_io_70730320,2026-05-17,11:00,away_team,AB Gladsaxe,ab gladsaxe,,unmatched,
odds_api_io_71348114,2026-05-17,01:30,home_team,Veraguas United FC,veraguas united,,unmatched,
odds_api_io_71348114,2026-05-17,01:30,away_team,Alianza FC Panama,alianza panama,,unmatched,
odds_api_io_70774886,2026-05-17,14:00,home_team,Victoria United Limbe,victoria united limbe,,unmatched,
odds_api_io_70774886,2026-05-17,14:00,away_team,Aigle Royal Du Moungo,aigle royal du moungo,,unmatched,
odds_api_io_71085538,2026-05-17,15:00,home_team,FC Viktoria Plzen,viktoria plzen,,unmatched,
odds_api_io_71085538,2026-05-17,15:00,away_team,FK Jablonec,fk jablonec,,unmatched,
odds_api_io_68822904,2026-05-17,21:00,home_team,Vila Nova FC GO,vila nova go,,unmatched,
odds_api_io_68822904,2026-05-17,21:00,away_team,Avai FC SC,avai sc,,unmatched,
odds_api_io_61320273,2026-05-17,12:30,home_team,FC Volendam,volendam,,unmatched,
odds_api_io_61320273,2026-05-17,12:30,away_team,SC Telstar,sc telstar,,unmatched,
fd_N1_2026-05-17_Volendam_Telstar,2026-05-17,13:30,home_team,Volendam,volendam,,unmatched,
fd_N1_2026-05-17_Volendam_Telstar,2026-05-17,13:30,away_team,Telstar,telstar,,unmatched,
odds_api_io_61898632,2026-05-17,16:00,home_team,VST Voelkermarkt,vst voelkermarkt,,unmatched,
odds_api_io_61898632,2026-05-17,16:00,away_team,SVG Bleiburg,svg bleiburg,,unmatched,
odds_api_io_69462624,2026-05-17,00:30,home_team,FC Western,western,,unmatched,
odds_api_io_69462624,2026-05-17,00:30,away_team,Upper Hutt City FC,upper hutt city,,unmatched,
odds_api_io_71493400,2026-05-17,15:00,home_team,Wiliete SC,wiliete sc,,unmatched,
odds_api_io_71493400,2026-05-17,15:00,away_team,Luanda City FC,luanda city,,unmatched,
odds_api_io_61301265,2026-05-17,14:00,home_team,Wolverhampton Wanderers,wolverhampton wanderers,,unmatched,
odds_api_io_61301265,2026-05-17,14:00,away_team,Fulham FC,fulham,Fulham,exact_normalized,
fd_E0_2026-05-17_Wolves_Fulham,2026-05-17,15:00,home_team,Wolves,wolves,Wolves,exact_normalized,
fd_E0_2026-05-17_Wolves_Fulham,2026-05-17,15:00,away_team,Fulham,fulham,Fulham,exact_normalized,
odds_api_io_70968254,2026-05-17,07:00,home_team,Wuhan Lianzhen FC,wuhan lianzhen,,unmatched,
odds_api_io_70968254,2026-05-17,07:00,away_team,Guandong GZ-Power FC,guandong gz-power,,unmatched,
fd_SP2_2026-05-17_Zaragoza_Sp_Gijon,2026-05-17,20:15,home_team,Zaragoza,zaragoza,,unmatched,
fd_SP2_2026-05-17_Zaragoza_Sp_Gijon,2026-05-17,20:15,away_team,Sp Gijon,sp gijon,,unmatched,
fd_N1_2026-05-17_Zwolle_Feyenoord,2026-05-17,13:30,home_team,Zwolle,zwolle,,unmatched,
fd_N1_2026-05-17_Zwolle_Feyenoord,2026-05-17,13:30,away_team,Feyenoord,feyenoord,,unmatched,
fd_E0_2026-05-18_Arsenal_Burnley,2026-05-18,20:00,home_team,Arsenal,arsenal,Arsenal,exact_normalized,
fd_E0_2026-05-18_Arsenal_Burnley,2026-05-18,20:00,away_team,Burnley,burnley,Burnley,exact_normalized,
fd_SP2_2026-05-18_Leganes_Huesca,2026-05-18,19:30,home_team,Leganes,leganes,Leganes,exact_normalized,
fd_SP2_2026-05-18_Leganes_Huesca,2026-05-18,19:30,away_team,Huesca,huesca,,unmatched,
