raw_file,event_id,home_team,away_team,sport,league,bookmaker,market_name,market_type,line_or_label,outcome_rows
odds_multi_extra_1_latest.json,71039182,A Sakiet Edayer,JS Omrane,Football,Tunisia - Tunisian Cup,Bet365,ML,1X2 / Match result,,1
odds_multi_extra_1_latest.json,71039182,A Sakiet Edayer,JS Omrane,Football,Tunisia - Tunisian Cup,Bet365,Draw No Bet,Other / Unknown,,1
odds_multi_extra_1_latest.json,71039182,A Sakiet Edayer,JS Omrane,Football,Tunisia - Tunisian Cup,Bet365,Double Chance,Double chance,Progres Sakiet Eddaier or Draw,3
odds_multi_extra_1_latest.json,71039182,A Sakiet Edayer,JS Omrane,Football,Tunisia - Tunisian Cup,Bet365,Spread,Handicap / Spread,0.25,1
odds_multi_extra_1_latest.json,71039182,A Sakiet Edayer,JS Omrane,Football,Tunisia - Tunisian Cup,Bet365,Totals,Goals total / Over-Under,2.25,1
odds_multi_extra_1_latest.json,71039182,A Sakiet Edayer,JS Omrane,Football,Tunisia - Tunisian Cup,Bet365,Goals Over/Under,Goals total / Over-Under,2.5,1
odds_multi_extra_1_latest.json,71039182,A Sakiet Edayer,JS Omrane,Football,Tunisia - Tunisian Cup,Bet365,Spread HT,Handicap / Spread,0.25,1
odds_multi_extra_1_latest.json,71039182,A Sakiet Edayer,JS Omrane,Football,Tunisia - Tunisian Cup,Bet365,Totals HT,Goals total / Over-Under,1,1
odds_multi_extra_1_latest.json,71039182,A Sakiet Edayer,JS Omrane,Football,Tunisia - Tunisian Cup,Bet365,Corners Totals,Goals total / Over-Under,8.5,1
odds_multi_extra_1_latest.json,71039182,A Sakiet Edayer,JS Omrane,Football,Tunisia - Tunisian Cup,Bet365,Corners Totals HT,Goals total / Over-Under,4,1
odds_multi_extra_1_latest.json,71039182,A Sakiet Edayer,JS Omrane,Football,Tunisia - Tunisian Cup,Bet365,Method of Victory,Other / Unknown,90 Mins (2),2
odds_multi_extra_1_latest.json,71039182,A Sakiet Edayer,JS Omrane,Football,Tunisia - Tunisian Cup,Bet365,Correct Score,Correct score,0-0,15
odds_multi_extra_1_latest.json,71039182,A Sakiet Edayer,JS Omrane,Football,Tunisia - Tunisian Cup,Bet365,Half Time Result,Half-time / Period,1,3
odds_multi_extra_1_latest.json,71039182,A Sakiet Edayer,JS Omrane,Football,Tunisia - Tunisian Cup,Bet365,Corners,Other / Unknown,8,1
odds_multi_extra_1_latest.json,71039182,A Sakiet Edayer,JS Omrane,Football,Tunisia - Tunisian Cup,Bet365,Corners 2-Way,Other / Unknown,8.5,1
odds_multi_extra_1_latest.json,71039182,A Sakiet Edayer,JS Omrane,Football,Tunisia - Tunisian Cup,Bet365 (no latency),Spread,Handicap / Spread,0,1
odds_multi_extra_1_latest.json,71589706,FC Talant,FC Asia Talas,Football,Kyrgyzstan - Top League,Bet365,ML,1X2 / Match result,,1
odds_multi_extra_1_latest.json,71589706,FC Talant,FC Asia Talas,Football,Kyrgyzstan - Top League,Bet365,Draw No Bet,Other / Unknown,,1
odds_multi_extra_1_latest.json,71589706,FC Talant,FC Asia Talas,Football,Kyrgyzstan - Top League,Bet365,Double Chance,Double chance,FC Talant or Draw,3
odds_multi_extra_1_latest.json,71589706,FC Talant,FC Asia Talas,Football,Kyrgyzstan - Top League,Bet365,Spread,Handicap / Spread,0.25,1
odds_multi_extra_1_latest.json,71589706,FC Talant,FC Asia Talas,Football,Kyrgyzstan - Top League,Bet365,Totals,Goals total / Over-Under,2.75,1
odds_multi_extra_1_latest.json,71589706,FC Talant,FC Asia Talas,Football,Kyrgyzstan - Top League,Bet365,Goals Over/Under,Goals total / Over-Under,2.5,1
odds_multi_extra_1_latest.json,71589706,FC Talant,FC Asia Talas,Football,Kyrgyzstan - Top League,Bet365,Spread HT,Handicap / Spread,0,1
odds_multi_extra_1_latest.json,71589706,FC Talant,FC Asia Talas,Football,Kyrgyzstan - Top League,Bet365,Totals HT,Goals total / Over-Under,1.25,1
odds_multi_extra_1_latest.json,71589706,FC Talant,FC Asia Talas,Football,Kyrgyzstan - Top League,Bet365,Half Time Result,Half-time / Period,1,3
odds_multi_extra_1_latest.json,71589706,FC Talant,FC Asia Talas,Football,Kyrgyzstan - Top League,Bet365,Correct Score,Correct score,0-0,17
odds_multi_extra_1_latest.json,71589706,FC Talant,FC Asia Talas,Football,Kyrgyzstan - Top League,Bet365 (no latency),Spread,Handicap / Spread,0.25,1
odds_multi_extra_1_latest.json,71426280,Resistencia SC,Club General Caballero JLM,Football,Paraguay - Segunda Division,Bet365,ML,1X2 / Match result,,1
odds_multi_extra_1_latest.json,71426280,Resistencia SC,Club General Caballero JLM,Football,Paraguay - Segunda Division,Bet365,Draw No Bet,Other / Unknown,,1
odds_multi_extra_1_latest.json,71426280,Resistencia SC,Club General Caballero JLM,Football,Paraguay - Segunda Division,Bet365,Double Chance,Double chance,Resistencia FC or Draw,3
odds_multi_extra_1_latest.json,71426280,Resistencia SC,Club General Caballero JLM,Football,Paraguay - Segunda Division,Bet365,Spread,Handicap / Spread,0,1
odds_multi_extra_1_latest.json,71426280,Resistencia SC,Club General Caballero JLM,Football,Paraguay - Segunda Division,Bet365,Totals,Goals total / Over-Under,2.25,1
odds_multi_extra_1_latest.json,71426280,Resistencia SC,Club General Caballero JLM,Football,Paraguay - Segunda Division,Bet365,Goals Over/Under,Goals total / Over-Under,2.5,1
odds_multi_extra_1_latest.json,71426280,Resistencia SC,Club General Caballero JLM,Football,Paraguay - Segunda Division,Bet365,Spread HT,Handicap / Spread,0,1
odds_multi_extra_1_latest.json,71426280,Resistencia SC,Club General Caballero JLM,Football,Paraguay - Segunda Division,Bet365,Totals HT,Goals total / Over-Under,1,1
odds_multi_extra_1_latest.json,71426280,Resistencia SC,Club General Caballero JLM,Football,Paraguay - Segunda Division,Bet365,Corners Totals,Goals total / Over-Under,8.5,1
odds_multi_extra_1_latest.json,71426280,Resistencia SC,Club General Caballero JLM,Football,Paraguay - Segunda Division,Bet365,Correct Score,Correct score,0-0,15
odds_multi_extra_1_latest.json,71426280,Resistencia SC,Club General Caballero JLM,Football,Paraguay - Segunda Division,Bet365,Half Time Result,Half-time / Period,1,3
odds_multi_extra_1_latest.json,71426280,Resistencia SC,Club General Caballero JLM,Football,Paraguay - Segunda Division,Bet365 (no latency),Spread,Handicap / Spread,0,1
odds_multi_extra_1_latest.json,70946042,Mes Shahr-e Babak,Shahrdari Nowshahr,Football,Iran - Azadegan League,Bet365,ML,1X2 / Match result,,1
odds_multi_extra_1_latest.json,70946042,Mes Shahr-e Babak,Shahrdari Nowshahr,Football,Iran - Azadegan League,Bet365,Draw No Bet,Other / Unknown,,1
odds_multi_extra_1_latest.json,70946042,Mes Shahr-e Babak,Shahrdari Nowshahr,Football,Iran - Azadegan League,Bet365,Double Chance,Double chance,Mes Shahr-e Babak or Draw,3
odds_multi_extra_1_latest.json,70946042,Mes Shahr-e Babak,Shahrdari Nowshahr,Football,Iran - Azadegan League,Bet365,Spread,Handicap / Spread,-0.75,1
odds_multi_extra_1_latest.json,70946042,Mes Shahr-e Babak,Shahrdari Nowshahr,Football,Iran - Azadegan League,Bet365,Totals,Goals total / Over-Under,1.75,1
odds_multi_extra_1_latest.json,70946042,Mes Shahr-e Babak,Shahrdari Nowshahr,Football,Iran - Azadegan League,Bet365,Goals Over/Under,Goals total / Over-Under,2.5,1
odds_multi_extra_1_latest.json,70946042,Mes Shahr-e Babak,Shahrdari Nowshahr,Football,Iran - Azadegan League,Bet365,Spread HT,Handicap / Spread,-0.25,1
odds_multi_extra_1_latest.json,70946042,Mes Shahr-e Babak,Shahrdari Nowshahr,Football,Iran - Azadegan League,Bet365,Totals HT,Goals total / Over-Under,0.75,1
odds_multi_extra_1_latest.json,70946042,Mes Shahr-e Babak,Shahrdari Nowshahr,Football,Iran - Azadegan League,Bet365,Correct Score,Correct score,0-0,14
odds_multi_extra_1_latest.json,70946042,Mes Shahr-e Babak,Shahrdari Nowshahr,Football,Iran - Azadegan League,Bet365,Half Time Result,Half-time / Period,1,3
odds_multi_extra_1_latest.json,70946042,Mes Shahr-e Babak,Shahrdari Nowshahr,Football,Iran - Azadegan League,Bet365 (no latency),ML,1X2 / Match result,,1
odds_multi_extra_1_latest.json,70946042,Mes Shahr-e Babak,Shahrdari Nowshahr,Football,Iran - Azadegan League,Bet365 (no latency),Spread,Handicap / Spread,-0.75,1
odds_multi_extra_1_latest.json,70946042,Mes Shahr-e Babak,Shahrdari Nowshahr,Football,Iran - Azadegan League,Bet365 (no latency),Totals,Goals total / Over-Under,1.75,1
odds_multi_extra_1_latest.json,68746504,Punjab FC,Mumbai City,Football,India - Indian Super League,Bet365,ML,1X2 / Match result,,1
odds_multi_extra_1_latest.json,68746504,Punjab FC,Mumbai City,Football,India - Indian Super League,Bet365,Draw No Bet,Other / Unknown,,1
odds_multi_extra_1_latest.json,68746504,Punjab FC,Mumbai City,Football,India - Indian Super League,Bet365,Double Chance,Double chance,Draw or Mumbai City FC,3
odds_multi_extra_1_latest.json,68746504,Punjab FC,Mumbai City,Football,India - Indian Super League,Bet365,Spread,Handicap / Spread,-0.25,1
odds_multi_extra_1_latest.json,68746504,Punjab FC,Mumbai City,Football,India - Indian Super League,Bet365,Totals,Goals total / Over-Under,2.5,1
odds_multi_extra_1_latest.json,68746504,Punjab FC,Mumbai City,Football,India - Indian Super League,Bet365,Goals Over/Under,Goals total / Over-Under,2.5,1
odds_multi_extra_1_latest.json,68746504,Punjab FC,Mumbai City,Football,India - Indian Super League,Bet365,Both Teams To Score,Both teams to score,,1
odds_multi_extra_1_latest.json,68746504,Punjab FC,Mumbai City,Football,India - Indian Super League,Bet365,Spread HT,Handicap / Spread,-0.25,1
odds_multi_extra_1_latest.json,68746504,Punjab FC,Mumbai City,Football,India - Indian Super League,Bet365,Totals HT,Goals total / Over-Under,1,1
odds_multi_extra_1_latest.json,68746504,Punjab FC,Mumbai City,Football,India - Indian Super League,Bet365,European Handicap,Handicap / Spread,-3,3
odds_multi_extra_1_latest.json,68746504,Punjab FC,Mumbai City,Football,India - Indian Super League,Bet365,Corners Totals,Goals total / Over-Under,9,1
odds_multi_extra_1_latest.json,68746504,Punjab FC,Mumbai City,Football,India - Indian Super League,Bet365,Corners Totals HT,Goals total / Over-Under,4,1
odds_multi_extra_1_latest.json,68746504,Punjab FC,Mumbai City,Football,India - Indian Super League,Bet365,1st Half Handicap,Handicap / Spread,1 (-1),2
odds_multi_extra_1_latest.json,68746504,Punjab FC,Mumbai City,Football,India - Indian Super League,Bet365,Alternative Asian Handicap,Handicap / Spread,-1.75,12
odds_multi_extra_1_latest.json,68746504,Punjab FC,Mumbai City,Football,India - Indian Super League,Bet365,Corners,Other / Unknown,9,1
odds_multi_extra_1_latest.json,68746504,Punjab FC,Mumbai City,Football,India - Indian Super League,Bet365,Both Teams To Score HT,Both teams to score,,1
odds_multi_extra_1_latest.json,68746504,Punjab FC,Mumbai City,Football,India - Indian Super League,Bet365,Specials,Other / Unknown,To Win From Behind (1),2
odds_multi_extra_1_latest.json,68746504,Punjab FC,Mumbai City,Football,India - Indian Super League,Bet365,Team Total Goals Away,Goals total / Over-Under,1.5,5
odds_multi_extra_1_latest.json,68746504,Punjab FC,Mumbai City,Football,India - Indian Super League,Bet365,Alternative Goal Line,Other / Unknown,1.25,12
odds_multi_extra_1_latest.json,68746504,Punjab FC,Mumbai City,Football,India - Indian Super League,Bet365,Both Teams To Score 2H,Both teams to score,,1
odds_multi_extra_1_latest.json,68746504,Punjab FC,Mumbai City,Football,India - Indian Super League,Bet365,First 10 Minutes (00:00 - 09:59),Other / Unknown,Goals (Over) (0.5),1
odds_multi_extra_1_latest.json,68746504,Punjab FC,Mumbai City,Football,India - Indian Super League,Bet365,Total Corners,Goals total / Over-Under,Under 6,5
odds_multi_extra_1_latest.json,68746504,Punjab FC,Mumbai City,Football,India - Indian Super League,Bet365,Alternative Total Goals,Goals total / Over-Under,3.5,6
odds_multi_extra_1_latest.json,68746504,Punjab FC,Mumbai City,Football,India - Indian Super League,Bet365,Number of Goals In Match,Other / Unknown,Under 2 goals,3
odds_multi_extra_1_latest.json,68746504,Punjab FC,Mumbai City,Football,India - Indian Super League,Bet365,Alternative Corners,Other / Unknown,4,12
odds_multi_extra_1_latest.json,68746504,Punjab FC,Mumbai City,Football,India - Indian Super League,Bet365,Half Time Result,Half-time / Period,2,3
odds_multi_extra_1_latest.json,68746504,Punjab FC,Mumbai City,Football,India - Indian Super League,Bet365,Corners 2-Way,Other / Unknown,9.5,1
odds_multi_extra_1_latest.json,68746504,Punjab FC,Mumbai City,Football,India - Indian Super League,Bet365,Correct Score,Correct score,1-0,22
odds_multi_extra_1_latest.json,68746504,Punjab FC,Mumbai City,Football,India - Indian Super League,Bet365,Exact Total Goals,Goals total / Over-Under,1 Goal,8
odds_multi_extra_1_latest.json,68746504,Punjab FC,Mumbai City,Football,India - Indian Super League,Bet365,Team Total Goals Home,Goals total / Over-Under,0.5,5
odds_multi_extra_1_latest.json,68746504,Punjab FC,Mumbai City,Football,India - Indian Super League,Bet365 (no latency),Totals,Goals total / Over-Under,2.5,1
odds_multi_extra_1_latest.json,67845766,VIFK,Aaland United,Football,"Finland - Kansallinen Liiga, Women",Bet365,ML,1X2 / Match result,,1
odds_multi_extra_1_latest.json,67845766,VIFK,Aaland United,Football,"Finland - Kansallinen Liiga, Women",Bet365,Draw No Bet,Other / Unknown,,1
odds_multi_extra_1_latest.json,67845766,VIFK,Aaland United,Football,"Finland - Kansallinen Liiga, Women",Bet365,Double Chance,Double chance,VIFK (W) or Draw,3
odds_multi_extra_1_latest.json,67845766,VIFK,Aaland United,Football,"Finland - Kansallinen Liiga, Women",Bet365,Spread,Handicap / Spread,2.5,1
odds_multi_extra_1_latest.json,67845766,VIFK,Aaland United,Football,"Finland - Kansallinen Liiga, Women",Bet365,Totals,Goals total / Over-Under,4,1
odds_multi_extra_1_latest.json,67845766,VIFK,Aaland United,Football,"Finland - Kansallinen Liiga, Women",Bet365,Goals Over/Under,Goals total / Over-Under,2.5,1
odds_multi_extra_1_latest.json,67845766,VIFK,Aaland United,Football,"Finland - Kansallinen Liiga, Women",Bet365,Spread HT,Handicap / Spread,1,1
odds_multi_extra_1_latest.json,67845766,VIFK,Aaland United,Football,"Finland - Kansallinen Liiga, Women",Bet365,Totals HT,Goals total / Over-Under,1.75,1
odds_multi_extra_1_latest.json,67845766,VIFK,Aaland United,Football,"Finland - Kansallinen Liiga, Women",Bet365,Correct Score,Correct score,0-0,31
odds_multi_extra_1_latest.json,67845766,VIFK,Aaland United,Football,"Finland - Kansallinen Liiga, Women",Bet365,Half Time Result,Half-time / Period,1,3
odds_multi_extra_1_latest.json,67845766,VIFK,Aaland United,Football,"Finland - Kansallinen Liiga, Women",Bet365 (no latency),Spread,Handicap / Spread,2.5,1
odds_multi_extra_1_latest.json,70946044,Nassaji Mazandaran FC,Navad Urmia FC,Football,Iran - Azadegan League,Bet365,ML,1X2 / Match result,,1
odds_multi_extra_1_latest.json,70946044,Nassaji Mazandaran FC,Navad Urmia FC,Football,Iran - Azadegan League,Bet365,Draw No Bet,Other / Unknown,,1
odds_multi_extra_1_latest.json,70946044,Nassaji Mazandaran FC,Navad Urmia FC,Football,Iran - Azadegan League,Bet365,Double Chance,Double chance,Nassaji Mazandaran or Draw,3
odds_multi_extra_1_latest.json,70946044,Nassaji Mazandaran FC,Navad Urmia FC,Football,Iran - Azadegan League,Bet365,Spread,Handicap / Spread,-1.25,1
odds_multi_extra_1_latest.json,70946044,Nassaji Mazandaran FC,Navad Urmia FC,Football,Iran - Azadegan League,Bet365,Totals,Goals total / Over-Under,2,1
odds_multi_extra_1_latest.json,70946044,Nassaji Mazandaran FC,Navad Urmia FC,Football,Iran - Azadegan League,Bet365,Goals Over/Under,Goals total / Over-Under,2.5,1
odds_multi_extra_1_latest.json,70946044,Nassaji Mazandaran FC,Navad Urmia FC,Football,Iran - Azadegan League,Bet365,Spread HT,Handicap / Spread,-0.5,1
odds_multi_extra_1_latest.json,70946044,Nassaji Mazandaran FC,Navad Urmia FC,Football,Iran - Azadegan League,Bet365,Totals HT,Goals total / Over-Under,0.75,1
odds_multi_extra_1_latest.json,70946044,Nassaji Mazandaran FC,Navad Urmia FC,Football,Iran - Azadegan League,Bet365,Half Time Result,Half-time / Period,1,3
odds_multi_extra_1_latest.json,70946044,Nassaji Mazandaran FC,Navad Urmia FC,Football,Iran - Azadegan League,Bet365,Correct Score,Correct score,0-0,15
odds_multi_extra_1_latest.json,70946044,Nassaji Mazandaran FC,Navad Urmia FC,Football,Iran - Azadegan League,Bet365 (no latency),ML,1X2 / Match result,,1
odds_multi_extra_1_latest.json,70946044,Nassaji Mazandaran FC,Navad Urmia FC,Football,Iran - Azadegan League,Bet365 (no latency),Spread,Handicap / Spread,-1.25,1
odds_multi_extra_1_latest.json,70946044,Nassaji Mazandaran FC,Navad Urmia FC,Football,Iran - Azadegan League,Bet365 (no latency),Totals,Goals total / Over-Under,2,1
odds_multi_extra_1_latest.json,68746498,Inter Kashi FC,SC East Bengal,Football,India - Indian Super League,Bet365,ML,1X2 / Match result,,1
odds_multi_extra_1_latest.json,68746498,Inter Kashi FC,SC East Bengal,Football,India - Indian Super League,Bet365,Draw No Bet,Other / Unknown,,1
odds_multi_extra_1_latest.json,68746498,Inter Kashi FC,SC East Bengal,Football,India - Indian Super League,Bet365,Double Chance,Double chance,Draw or East Bengal Club,3
odds_multi_extra_1_latest.json,68746498,Inter Kashi FC,SC East Bengal,Football,India - Indian Super League,Bet365,Spread,Handicap / Spread,1.5,1
odds_multi_extra_1_latest.json,68746498,Inter Kashi FC,SC East Bengal,Football,India - Indian Super League,Bet365,Totals,Goals total / Over-Under,2.75,1
odds_multi_extra_1_latest.json,68746498,Inter Kashi FC,SC East Bengal,Football,India - Indian Super League,Bet365,Goals Over/Under,Goals total / Over-Under,2.5,1
odds_multi_extra_1_latest.json,68746498,Inter Kashi FC,SC East Bengal,Football,India - Indian Super League,Bet365,Both Teams To Score,Both teams to score,,1
odds_multi_extra_1_latest.json,68746498,Inter Kashi FC,SC East Bengal,Football,India - Indian Super League,Bet365,Spread HT,Handicap / Spread,0.5,1
odds_multi_extra_1_latest.json,68746498,Inter Kashi FC,SC East Bengal,Football,India - Indian Super League,Bet365,Totals HT,Goals total / Over-Under,1.25,1
odds_multi_extra_1_latest.json,68746498,Inter Kashi FC,SC East Bengal,Football,India - Indian Super League,Bet365,European Handicap,Handicap / Spread,1,6
odds_multi_extra_1_latest.json,68746498,Inter Kashi FC,SC East Bengal,Football,India - Indian Super League,Bet365,Corners Totals,Goals total / Over-Under,10,1
odds_multi_extra_1_latest.json,68746498,Inter Kashi FC,SC East Bengal,Football,India - Indian Super League,Bet365,Corners Totals HT,Goals total / Over-Under,5,1
odds_multi_extra_1_latest.json,68746498,Inter Kashi FC,SC East Bengal,Football,India - Indian Super League,Bet365,Both Teams To Score HT,Both teams to score,,1
odds_multi_extra_1_latest.json,68746498,Inter Kashi FC,SC East Bengal,Football,India - Indian Super League,Bet365,Total Corners,Goals total / Over-Under,Under 6,5
odds_multi_extra_1_latest.json,68746498,Inter Kashi FC,SC East Bengal,Football,India - Indian Super League,Bet365,Alternative Total Goals,Goals total / Over-Under,4.5,7
odds_multi_extra_1_latest.json,68746498,Inter Kashi FC,SC East Bengal,Football,India - Indian Super League,Bet365,Team Total Goals Home,Goals total / Over-Under,1.5,4
odds_multi_extra_1_latest.json,68746498,Inter Kashi FC,SC East Bengal,Football,India - Indian Super League,Bet365,First 10 Minutes (00:00 - 09:59),Other / Unknown,Goals (Over) (0.5),1
odds_multi_extra_1_latest.json,68746498,Inter Kashi FC,SC East Bengal,Football,India - Indian Super League,Bet365,Alternative Asian Handicap,Handicap / Spread,0,14
odds_multi_extra_1_latest.json,68746498,Inter Kashi FC,SC East Bengal,Football,India - Indian Super League,Bet365,Both Teams To Score 2H,Both teams to score,,1
odds_multi_extra_1_latest.json,68746498,Inter Kashi FC,SC East Bengal,Football,India - Indian Super League,Bet365,Number of Goals In Match,Other / Unknown,Under 2 goals,3
odds_multi_extra_1_latest.json,68746498,Inter Kashi FC,SC East Bengal,Football,India - Indian Super League,Bet365,Half Time Result,Half-time / Period,1,3
odds_multi_extra_1_latest.json,68746498,Inter Kashi FC,SC East Bengal,Football,India - Indian Super League,Bet365,Alternative Goal Line,Other / Unknown,1.5,13
odds_multi_extra_1_latest.json,68746498,Inter Kashi FC,SC East Bengal,Football,India - Indian Super League,Bet365,Alternative Corners,Other / Unknown,5,12
odds_multi_extra_1_latest.json,68746498,Inter Kashi FC,SC East Bengal,Football,India - Indian Super League,Bet365,Exact Total Goals,Goals total / Over-Under,0 Goals,8
odds_multi_extra_1_latest.json,68746498,Inter Kashi FC,SC East Bengal,Football,India - Indian Super League,Bet365,Specials,Other / Unknown,To Win From Behind (1),2
odds_multi_extra_1_latest.json,68746498,Inter Kashi FC,SC East Bengal,Football,India - Indian Super League,Bet365,Team Total Goals Away,Goals total / Over-Under,4.5,7
odds_multi_extra_1_latest.json,68746498,Inter Kashi FC,SC East Bengal,Football,India - Indian Super League,Bet365,1st Half Handicap,Handicap / Spread,1 (1),2
odds_multi_extra_1_latest.json,68746498,Inter Kashi FC,SC East Bengal,Football,India - Indian Super League,Bet365,Corners 2-Way,Other / Unknown,10.5,1
odds_multi_extra_1_latest.json,68746498,Inter Kashi FC,SC East Bengal,Football,India - Indian Super League,Bet365,Correct Score,Correct score,0-0,27
odds_multi_extra_1_latest.json,68746498,Inter Kashi FC,SC East Bengal,Football,India - Indian Super League,Bet365,Corners,Other / Unknown,10,1
odds_multi_extra_1_latest.json,68746498,Inter Kashi FC,SC East Bengal,Football,India - Indian Super League,Bet365 (no latency),Spread,Handicap / Spread,1.5,1
odds_multi_extra_1_latest.json,71489164,Jamshedpur FC,Odisha FC,Football,India - Indian Super League,Bet365,ML,1X2 / Match result,,1
odds_multi_extra_1_latest.json,71489164,Jamshedpur FC,Odisha FC,Football,India - Indian Super League,Bet365,Draw No Bet,Other / Unknown,,1
odds_multi_extra_1_latest.json,71489164,Jamshedpur FC,Odisha FC,Football,India - Indian Super League,Bet365,Double Chance,Double chance,Jamshedpur FC or Draw,3
odds_multi_extra_1_latest.json,71489164,Jamshedpur FC,Odisha FC,Football,India - Indian Super League,Bet365,Spread,Handicap / Spread,-1.5,1
odds_multi_extra_1_latest.json,71489164,Jamshedpur FC,Odisha FC,Football,India - Indian Super League,Bet365,Totals,Goals total / Over-Under,3,1
odds_multi_extra_1_latest.json,71489164,Jamshedpur FC,Odisha FC,Football,India - Indian Super League,Bet365,Goals Over/Under,Goals total / Over-Under,2.5,1
odds_multi_extra_1_latest.json,71489164,Jamshedpur FC,Odisha FC,Football,India - Indian Super League,Bet365,Both Teams To Score,Both teams to score,,1
odds_multi_extra_1_latest.json,71489164,Jamshedpur FC,Odisha FC,Football,India - Indian Super League,Bet365,Spread HT,Handicap / Spread,-0.5,1
odds_multi_extra_1_latest.json,71489164,Jamshedpur FC,Odisha FC,Football,India - Indian Super League,Bet365,Totals HT,Goals total / Over-Under,1.25,1
odds_multi_extra_1_latest.json,71489164,Jamshedpur FC,Odisha FC,Football,India - Indian Super League,Bet365,European Handicap,Handicap / Spread,-1,6
odds_multi_extra_1_latest.json,71489164,Jamshedpur FC,Odisha FC,Football,India - Indian Super League,Bet365,Corners Totals,Goals total / Over-Under,10.5,1
odds_multi_extra_1_latest.json,71489164,Jamshedpur FC,Odisha FC,Football,India - Indian Super League,Bet365,Corners Totals HT,Goals total / Over-Under,5,1
odds_multi_extra_1_latest.json,71489164,Jamshedpur FC,Odisha FC,Football,India - Indian Super League,Bet365,1st Half Handicap,Handicap / Spread,1 (-1),2
odds_multi_extra_1_latest.json,71489164,Jamshedpur FC,Odisha FC,Football,India - Indian Super League,Bet365,Team Total Goals Away,Goals total / Over-Under,0.5,4
odds_multi_extra_1_latest.json,71489164,Jamshedpur FC,Odisha FC,Football,India - Indian Super League,Bet365,Alternative Goal Line,Other / Unknown,2,14
odds_multi_extra_1_latest.json,71489164,Jamshedpur FC,Odisha FC,Football,India - Indian Super League,Bet365,Both Teams To Score 2H,Both teams to score,,1
odds_multi_extra_1_latest.json,71489164,Jamshedpur FC,Odisha FC,Football,India - Indian Super League,Bet365,Both Teams To Score HT,Both teams to score,,1
odds_multi_extra_1_latest.json,71489164,Jamshedpur FC,Odisha FC,Football,India - Indian Super League,Bet365,Specials,Other / Unknown,To Win From Behind (1),2
odds_multi_extra_1_latest.json,71489164,Jamshedpur FC,Odisha FC,Football,India - Indian Super League,Bet365,Alternative Asian Handicap,Handicap / Spread,-2,14
odds_multi_extra_1_latest.json,71489164,Jamshedpur FC,Odisha FC,Football,India - Indian Super League,Bet365,Exact Total Goals,Goals total / Over-Under,0 Goals,8
odds_multi_extra_1_latest.json,71489164,Jamshedpur FC,Odisha FC,Football,India - Indian Super League,Bet365,Corners,Other / Unknown,11,1
odds_multi_extra_1_latest.json,71489164,Jamshedpur FC,Odisha FC,Football,India - Indian Super League,Bet365,Number of Goals In Match,Other / Unknown,Under 2 goals,3
odds_multi_extra_1_latest.json,71489164,Jamshedpur FC,Odisha FC,Football,India - Indian Super League,Bet365,First 10 Minutes (00:00 - 09:59),Other / Unknown,Goals (Over) (0.5),1
odds_multi_extra_1_latest.json,71489164,Jamshedpur FC,Odisha FC,Football,India - Indian Super League,Bet365,Alternative Corners,Other / Unknown,5,13
odds_multi_extra_1_latest.json,71489164,Jamshedpur FC,Odisha FC,Football,India - Indian Super League,Bet365,Alternative Total Goals,Goals total / Over-Under,0.5,7
odds_multi_extra_1_latest.json,71489164,Jamshedpur FC,Odisha FC,Football,India - Indian Super League,Bet365,Total Corners,Goals total / Over-Under,6 - 8,5
odds_multi_extra_1_latest.json,71489164,Jamshedpur FC,Odisha FC,Football,India - Indian Super League,Bet365,Correct Score,Correct score,3-3,28
odds_multi_extra_1_latest.json,71489164,Jamshedpur FC,Odisha FC,Football,India - Indian Super League,Bet365,Corners 2-Way,Other / Unknown,10.5,1
odds_multi_extra_1_latest.json,71489164,Jamshedpur FC,Odisha FC,Football,India - Indian Super League,Bet365,Half Time Result,Half-time / Period,1,3
odds_multi_extra_1_latest.json,71489164,Jamshedpur FC,Odisha FC,Football,India - Indian Super League,Bet365,Team Total Goals Home,Goals total / Over-Under,1.5,7
odds_multi_extra_1_latest.json,68746506,Mohun Bagan Super Giant,Sporting Club Delhi,Football,India - Indian Super League,Bet365,ML,1X2 / Match result,,1
odds_multi_extra_1_latest.json,68746506,Mohun Bagan Super Giant,Sporting Club Delhi,Football,India - Indian Super League,Bet365,Draw No Bet,Other / Unknown,,1
odds_multi_extra_1_latest.json,68746506,Mohun Bagan Super Giant,Sporting Club Delhi,Football,India - Indian Super League,Bet365,Double Chance,Double chance,Mohun Bagan SG or Draw,3
odds_multi_extra_1_latest.json,68746506,Mohun Bagan Super Giant,Sporting Club Delhi,Football,India - Indian Super League,Bet365,Spread,Handicap / Spread,-2,1
odds_multi_extra_1_latest.json,68746506,Mohun Bagan Super Giant,Sporting Club Delhi,Football,India - Indian Super League,Bet365,Totals,Goals total / Over-Under,3,1
odds_multi_extra_1_latest.json,68746506,Mohun Bagan Super Giant,Sporting Club Delhi,Football,India - Indian Super League,Bet365,Goals Over/Under,Goals total / Over-Under,2.5,1
odds_multi_extra_1_latest.json,68746506,Mohun Bagan Super Giant,Sporting Club Delhi,Football,India - Indian Super League,Bet365,Both Teams To Score,Both teams to score,,1
odds_multi_extra_1_latest.json,68746506,Mohun Bagan Super Giant,Sporting Club Delhi,Football,India - Indian Super League,Bet365,Spread HT,Handicap / Spread,-0.75,1
odds_multi_extra_1_latest.json,68746506,Mohun Bagan Super Giant,Sporting Club Delhi,Football,India - Indian Super League,Bet365,Totals HT,Goals total / Over-Under,1.25,1
odds_multi_extra_1_latest.json,68746506,Mohun Bagan Super Giant,Sporting Club Delhi,Football,India - Indian Super League,Bet365,European Handicap,Handicap / Spread,-2,2
odds_multi_extra_1_latest.json,68746506,Mohun Bagan Super Giant,Sporting Club Delhi,Football,India - Indian Super League,Bet365,Corners Totals,Goals total / Over-Under,10,1
odds_multi_extra_1_latest.json,68746506,Mohun Bagan Super Giant,Sporting Club Delhi,Football,India - Indian Super League,Bet365,Corners Totals HT,Goals total / Over-Under,5,1
odds_multi_extra_1_latest.json,68746506,Mohun Bagan Super Giant,Sporting Club Delhi,Football,India - Indian Super League,Bet365,Alternative Goal Line,Other / Unknown,1.25,14
odds_multi_extra_1_latest.json,68746506,Mohun Bagan Super Giant,Sporting Club Delhi,Football,India - Indian Super League,Bet365,Team Total Goals Away,Goals total / Over-Under,0.5,3
odds_multi_extra_1_latest.json,68746506,Mohun Bagan Super Giant,Sporting Club Delhi,Football,India - Indian Super League,Bet365,Correct Score,Correct score,7-0,27
odds_multi_extra_1_latest.json,68746506,Mohun Bagan Super Giant,Sporting Club Delhi,Football,India - Indian Super League,Bet365,First 10 Minutes (00:00 - 09:59),Other / Unknown,Goals (Over) (0.5),1
odds_multi_extra_1_latest.json,68746506,Mohun Bagan Super Giant,Sporting Club Delhi,Football,India - Indian Super League,Bet365,Alternative Total Goals,Goals total / Over-Under,7.5,7
odds_multi_extra_1_latest.json,68746506,Mohun Bagan Super Giant,Sporting Club Delhi,Football,India - Indian Super League,Bet365,Corners 2-Way,Other / Unknown,10.5,1
odds_multi_extra_1_latest.json,68746506,Mohun Bagan Super Giant,Sporting Club Delhi,Football,India - Indian Super League,Bet365,Both Teams To Score HT,Both teams to score,,1
odds_multi_extra_1_latest.json,68746506,Mohun Bagan Super Giant,Sporting Club Delhi,Football,India - Indian Super League,Bet365,Specials,Other / Unknown,To Win From Behind (2),2
odds_multi_extra_1_latest.json,68746506,Mohun Bagan Super Giant,Sporting Club Delhi,Football,India - Indian Super League,Bet365,1st Half Handicap,Handicap / Spread,Tie (1),2
odds_multi_extra_1_latest.json,68746506,Mohun Bagan Super Giant,Sporting Club Delhi,Football,India - Indian Super League,Bet365,Half Time Result,Half-time / Period,1,3
odds_multi_extra_1_latest.json,68746506,Mohun Bagan Super Giant,Sporting Club Delhi,Football,India - Indian Super League,Bet365,Alternative Corners,Other / Unknown,4,13
odds_multi_extra_1_latest.json,68746506,Mohun Bagan Super Giant,Sporting Club Delhi,Football,India - Indian Super League,Bet365,Corners,Other / Unknown,10,1
odds_multi_extra_1_latest.json,68746506,Mohun Bagan Super Giant,Sporting Club Delhi,Football,India - Indian Super League,Bet365,Both Teams To Score 2H,Both teams to score,,1
odds_multi_extra_1_latest.json,68746506,Mohun Bagan Super Giant,Sporting Club Delhi,Football,India - Indian Super League,Bet365,Total Corners,Goals total / Over-Under,Under 6,5
odds_multi_extra_1_latest.json,68746506,Mohun Bagan Super Giant,Sporting Club Delhi,Football,India - Indian Super League,Bet365,Number of Goals In Match,Other / Unknown,2 or 3 goals,3
odds_multi_extra_1_latest.json,68746506,Mohun Bagan Super Giant,Sporting Club Delhi,Football,India - Indian Super League,Bet365,Team Total Goals Home,Goals total / Over-Under,1.5,7
odds_multi_extra_1_latest.json,68746506,Mohun Bagan Super Giant,Sporting Club Delhi,Football,India - Indian Super League,Bet365,Alternative Asian Handicap,Handicap / Spread,-3.75,14
odds_multi_extra_1_latest.json,68746506,Mohun Bagan Super Giant,Sporting Club Delhi,Football,India - Indian Super League,Bet365,Exact Total Goals,Goals total / Over-Under,3 Goals,8
odds_multi_extra_1_latest.json,68746506,Mohun Bagan Super Giant,Sporting Club Delhi,Football,India - Indian Super League,Bet365 (no latency),Totals,Goals total / Over-Under,2.5,1
odds_multi_extra_2_latest.json,70232108,AE Kifisia FC,AE Larissa FC,Football,Greece - Super League,Bet365,ML,1X2 / Match result,,1
odds_multi_extra_2_latest.json,70232108,AE Kifisia FC,AE Larissa FC,Football,Greece - Super League,Bet365,Draw No Bet,Other / Unknown,,1
odds_multi_extra_2_latest.json,70232108,AE Kifisia FC,AE Larissa FC,Football,Greece - Super League,Bet365,Double Chance,Double chance,AE Kifisias or Draw,3
odds_multi_extra_2_latest.json,70232108,AE Kifisia FC,AE Larissa FC,Football,Greece - Super League,Bet365,Spread,Handicap / Spread,-0.25,1
odds_multi_extra_2_latest.json,70232108,AE Kifisia FC,AE Larissa FC,Football,Greece - Super League,Bet365,Totals,Goals total / Over-Under,2.25,1
odds_multi_extra_2_latest.json,70232108,AE Kifisia FC,AE Larissa FC,Football,Greece - Super League,Bet365,Goals Over/Under,Goals total / Over-Under,2.5,1
odds_multi_extra_2_latest.json,70232108,AE Kifisia FC,AE Larissa FC,Football,Greece - Super League,Bet365,Spread HT,Handicap / Spread,0,1
odds_multi_extra_2_latest.json,70232108,AE Kifisia FC,AE Larissa FC,Football,Greece - Super League,Bet365,Totals HT,Goals total / Over-Under,1,1
odds_multi_extra_2_latest.json,70232108,AE Kifisia FC,AE Larissa FC,Football,Greece - Super League,Bet365,Corners Spread,Handicap / Spread,-1,1
odds_multi_extra_2_latest.json,70232108,AE Kifisia FC,AE Larissa FC,Football,Greece - Super League,Bet365,Corners Totals,Goals total / Over-Under,8,1
odds_multi_extra_2_latest.json,70232108,AE Kifisia FC,AE Larissa FC,Football,Greece - Super League,Bet365,Corners Totals HT,Goals total / Over-Under,3.5,1
odds_multi_extra_2_latest.json,70232108,AE Kifisia FC,AE Larissa FC,Football,Greece - Super League,Bet365,Anytime Goalscorer,Other / Unknown,Angelo Sagal,57
odds_multi_extra_2_latest.json,70232108,AE Kifisia FC,AE Larissa FC,Football,Greece - Super League,Bet365,Correct Score,Correct score,5-0,22
odds_multi_extra_2_latest.json,70232108,AE Kifisia FC,AE Larissa FC,Football,Greece - Super League,Bet365,Half Time Result,Half-time / Period,1,3
odds_multi_extra_2_latest.json,70232108,AE Kifisia FC,AE Larissa FC,Football,Greece - Super League,Bet365,Team Goalscorer,Other / Unknown,No Goalscorer (Larissa) (Last),118
odds_multi_extra_2_latest.json,70232108,AE Kifisia FC,AE Larissa FC,Football,Greece - Super League,Bet365,Corners 2-Way,Other / Unknown,8.5,1
odds_multi_extra_2_latest.json,70232108,AE Kifisia FC,AE Larissa FC,Football,Greece - Super League,Bet365,Goal Method,Other / Unknown,Jani Atanasov (Header) (2),12
odds_multi_extra_2_latest.json,70232108,AE Kifisia FC,AE Larissa FC,Football,Greece - Super League,Bet365,Corners,Other / Unknown,8,1
odds_multi_extra_2_latest.json,70232108,AE Kifisia FC,AE Larissa FC,Football,Greece - Super League,Bet365,Multi Scorers,Other / Unknown,Patrik Mijic (2 or More) (1),114
odds_multi_extra_2_latest.json,70232108,AE Kifisia FC,AE Larissa FC,Football,Greece - Super League,Bet365,Player Shots,Other / Unknown,Georgios Konstantakopoulos (1),255
odds_multi_extra_2_latest.json,70232108,AE Kifisia FC,AE Larissa FC,Football,Greece - Super League,Bet365,Player Shots on Target,Other / Unknown,Apostolos Christopoulos (1),127
odds_multi_extra_2_latest.json,70232108,AE Kifisia FC,AE Larissa FC,Football,Greece - Super League,Bet365,Player To Score or Assist,Other / Unknown,Jeremy Antonisse (Score) (1),171
odds_multi_extra_2_latest.json,70232108,AE Kifisia FC,AE Larissa FC,Football,Greece - Super League,Bet365 (no latency),ML,1X2 / Match result,,1
odds_multi_extra_2_latest.json,70232106,Atromitos Athinon,Panserraikos FC,Football,Greece - Super League,Bet365,ML,1X2 / Match result,,1
odds_multi_extra_2_latest.json,70232106,Atromitos Athinon,Panserraikos FC,Football,Greece - Super League,Bet365,Draw No Bet,Other / Unknown,,1
odds_multi_extra_2_latest.json,70232106,Atromitos Athinon,Panserraikos FC,Football,Greece - Super League,Bet365,Double Chance,Double chance,Atromitos Athinon or Draw,3
odds_multi_extra_2_latest.json,70232106,Atromitos Athinon,Panserraikos FC,Football,Greece - Super League,Bet365,Spread,Handicap / Spread,-1,1
odds_multi_extra_2_latest.json,70232106,Atromitos Athinon,Panserraikos FC,Football,Greece - Super League,Bet365,Totals,Goals total / Over-Under,2.75,1
odds_multi_extra_2_latest.json,70232106,Atromitos Athinon,Panserraikos FC,Football,Greece - Super League,Bet365,Goals Over/Under,Goals total / Over-Under,2.5,1
odds_multi_extra_2_latest.json,70232106,Atromitos Athinon,Panserraikos FC,Football,Greece - Super League,Bet365,Spread HT,Handicap / Spread,-0.5,1
odds_multi_extra_2_latest.json,70232106,Atromitos Athinon,Panserraikos FC,Football,Greece - Super League,Bet365,Totals HT,Goals total / Over-Under,1.25,1
odds_multi_extra_2_latest.json,70232106,Atromitos Athinon,Panserraikos FC,Football,Greece - Super League,Bet365,Corners Spread,Handicap / Spread,-2,1
odds_multi_extra_2_latest.json,70232106,Atromitos Athinon,Panserraikos FC,Football,Greece - Super League,Bet365,Corners Totals,Goals total / Over-Under,8.5,1
odds_multi_extra_2_latest.json,70232106,Atromitos Athinon,Panserraikos FC,Football,Greece - Super League,Bet365,Corners Totals HT,Goals total / Over-Under,4,1
odds_multi_extra_2_latest.json,70232106,Atromitos Athinon,Panserraikos FC,Football,Greece - Super League,Bet365,Anytime Goalscorer,Other / Unknown,Georgios Marinos,56
odds_multi_extra_2_latest.json,70232106,Atromitos Athinon,Panserraikos FC,Football,Greece - Super League,Bet365,Goal Method,Other / Unknown,Ehije Ukaki (Header) (1),4
odds_multi_extra_2_latest.json,70232106,Atromitos Athinon,Panserraikos FC,Football,Greece - Super League,Bet365,Multi Scorers,Other / Unknown,Georgios Marinos (2 or More) (2),112
odds_multi_extra_2_latest.json,70232106,Atromitos Athinon,Panserraikos FC,Football,Greece - Super League,Bet365,Player To Score or Assist,Other / Unknown,Tom Van Weert (Score) (1),168
odds_multi_extra_2_latest.json,70232106,Atromitos Athinon,Panserraikos FC,Football,Greece - Super League,Bet365,Half Time Result,Half-time / Period,1,3
odds_multi_extra_2_latest.json,70232106,Atromitos Athinon,Panserraikos FC,Football,Greece - Super League,Bet365,Correct Score,Correct score,0-0,27
odds_multi_extra_2_latest.json,70232106,Atromitos Athinon,Panserraikos FC,Football,Greece - Super League,Bet365,Player Shots,Other / Unknown,Stephane Omeonga (2),244
odds_multi_extra_2_latest.json,70232106,Atromitos Athinon,Panserraikos FC,Football,Greece - Super League,Bet365,Team Goalscorer,Other / Unknown,Ehije Ukaki (First),116
odds_multi_extra_2_latest.json,70232106,Atromitos Athinon,Panserraikos FC,Football,Greece - Super League,Bet365,Corners,Other / Unknown,8,1
odds_multi_extra_2_latest.json,70232106,Atromitos Athinon,Panserraikos FC,Football,Greece - Super League,Bet365,Corners 2-Way,Other / Unknown,8.5,1
odds_multi_extra_2_latest.json,70232106,Atromitos Athinon,Panserraikos FC,Football,Greece - Super League,Bet365,Player Shots on Target,Other / Unknown,Evangelos Paliouras (1),122
odds_multi_extra_2_latest.json,70232106,Atromitos Athinon,Panserraikos FC,Football,Greece - Super League,Bet365 (no latency),Spread,Handicap / Spread,-1,1
odds_multi_extra_2_latest.json,70926700,Negelle Arsi,Shire Endaselassie FC,Football,Ethiopia - Premier League,Bet365,ML,1X2 / Match result,,1
odds_multi_extra_2_latest.json,70926700,Negelle Arsi,Shire Endaselassie FC,Football,Ethiopia - Premier League,Bet365,Draw No Bet,Other / Unknown,,1
odds_multi_extra_2_latest.json,70926700,Negelle Arsi,Shire Endaselassie FC,Football,Ethiopia - Premier League,Bet365,Double Chance,Double chance,Negelle Arsi or Draw,3
odds_multi_extra_2_latest.json,70926700,Negelle Arsi,Shire Endaselassie FC,Football,Ethiopia - Premier League,Bet365,Spread,Handicap / Spread,-0.5,1
odds_multi_extra_2_latest.json,70926700,Negelle Arsi,Shire Endaselassie FC,Football,Ethiopia - Premier League,Bet365,Totals,Goals total / Over-Under,1.75,1
odds_multi_extra_2_latest.json,70926700,Negelle Arsi,Shire Endaselassie FC,Football,Ethiopia - Premier League,Bet365,Goals Over/Under,Goals total / Over-Under,2.5,1
odds_multi_extra_2_latest.json,70926700,Negelle Arsi,Shire Endaselassie FC,Football,Ethiopia - Premier League,Bet365,Spread HT,Handicap / Spread,-0.25,1
odds_multi_extra_2_latest.json,70926700,Negelle Arsi,Shire Endaselassie FC,Football,Ethiopia - Premier League,Bet365,Totals HT,Goals total / Over-Under,0.75,1
odds_multi_extra_2_latest.json,70926700,Negelle Arsi,Shire Endaselassie FC,Football,Ethiopia - Premier League,Bet365,Corners Totals,Goals total / Over-Under,8,1
odds_multi_extra_2_latest.json,70926700,Negelle Arsi,Shire Endaselassie FC,Football,Ethiopia - Premier League,Bet365,Corners Totals HT,Goals total / Over-Under,3.5,1
odds_multi_extra_2_latest.json,70926700,Negelle Arsi,Shire Endaselassie FC,Football,Ethiopia - Premier League,Bet365,Corners,Other / Unknown,8,1
odds_multi_extra_2_latest.json,70926700,Negelle Arsi,Shire Endaselassie FC,Football,Ethiopia - Premier League,Bet365,Correct Score,Correct score,0-0,15
odds_multi_extra_2_latest.json,70926700,Negelle Arsi,Shire Endaselassie FC,Football,Ethiopia - Premier League,Bet365,Half Time Result,Half-time / Period,1,3
odds_multi_extra_2_latest.json,70926700,Negelle Arsi,Shire Endaselassie FC,Football,Ethiopia - Premier League,Bet365,Corners 2-Way,Other / Unknown,7.5,1
odds_multi_extra_2_latest.json,70926700,Negelle Arsi,Shire Endaselassie FC,Football,Ethiopia - Premier League,Bet365 (no latency),Spread,Handicap / Spread,-0.5,1
odds_multi_extra_2_latest.json,70926700,Negelle Arsi,Shire Endaselassie FC,Football,Ethiopia - Premier League,Bet365 (no latency),Totals,Goals total / Over-Under,1.75,1
odds_multi_extra_2_latest.json,71549302,Qatar,Sudan,Football,International - Int. Friendly Games,Bet365,ML,1X2 / Match result,,1
odds_multi_extra_2_latest.json,71549302,Qatar,Sudan,Football,International - Int. Friendly Games,Bet365,Draw No Bet,Other / Unknown,,1
odds_multi_extra_2_latest.json,71549302,Qatar,Sudan,Football,International - Int. Friendly Games,Bet365,Double Chance,Double chance,Qatar or Draw,3
odds_multi_extra_2_latest.json,71549302,Qatar,Sudan,Football,International - Int. Friendly Games,Bet365,Spread,Handicap / Spread,-1.5,1
odds_multi_extra_2_latest.json,71549302,Qatar,Sudan,Football,International - Int. Friendly Games,Bet365,Totals,Goals total / Over-Under,2.5,1
odds_multi_extra_2_latest.json,71549302,Qatar,Sudan,Football,International - Int. Friendly Games,Bet365,Goals Over/Under,Goals total / Over-Under,2.5,1
odds_multi_extra_2_latest.json,71549302,Qatar,Sudan,Football,International - Int. Friendly Games,Bet365,Both Teams To Score,Both teams to score,,1
odds_multi_extra_2_latest.json,71549302,Qatar,Sudan,Football,International - Int. Friendly Games,Bet365,Spread HT,Handicap / Spread,-0.5,1
odds_multi_extra_2_latest.json,71549302,Qatar,Sudan,Football,International - Int. Friendly Games,Bet365,Totals HT,Goals total / Over-Under,1,1
odds_multi_extra_2_latest.json,71549302,Qatar,Sudan,Football,International - Int. Friendly Games,Bet365,European Handicap,Handicap / Spread,1,2
odds_multi_extra_2_latest.json,71549302,Qatar,Sudan,Football,International - Int. Friendly Games,Bet365,Half Time Result,Half-time / Period,1,3
odds_multi_extra_2_latest.json,71549302,Qatar,Sudan,Football,International - Int. Friendly Games,Bet365,Both Teams To Score HT,Both teams to score,,1
odds_multi_extra_2_latest.json,71549302,Qatar,Sudan,Football,International - Int. Friendly Games,Bet365,Alternative Goal Line,Other / Unknown,1.25,13
odds_multi_extra_2_latest.json,71549302,Qatar,Sudan,Football,International - Int. Friendly Games,Bet365,Exact Total Goals,Goals total / Over-Under,2 Goals,8
odds_multi_extra_2_latest.json,71549302,Qatar,Sudan,Football,International - Int. Friendly Games,Bet365,Team Total Goals Home,Goals total / Over-Under,0.5,6
odds_multi_extra_2_latest.json,71549302,Qatar,Sudan,Football,International - Int. Friendly Games,Bet365,Team Total Goals Away,Goals total / Over-Under,0.5,3
odds_multi_extra_2_latest.json,71549302,Qatar,Sudan,Football,International - Int. Friendly Games,Bet365,1st Half Handicap,Handicap / Spread,1 (-1),2
odds_multi_extra_2_latest.json,71549302,Qatar,Sudan,Football,International - Int. Friendly Games,Bet365,Correct Score,Correct score,0-0,24
odds_multi_extra_2_latest.json,71549302,Qatar,Sudan,Football,International - Int. Friendly Games,Bet365,First 10 Minutes (00:00 - 09:59),Other / Unknown,Goals (Over) (0.5),1
odds_multi_extra_2_latest.json,71549302,Qatar,Sudan,Football,International - Int. Friendly Games,Bet365,Number of Goals In Match,Other / Unknown,2 or 3 goals,3
odds_multi_extra_2_latest.json,71549302,Qatar,Sudan,Football,International - Int. Friendly Games,Bet365,Alternative Asian Handicap,Handicap / Spread,-3.25,12
odds_multi_extra_2_latest.json,71549302,Qatar,Sudan,Football,International - Int. Friendly Games,Bet365,Alternative Total Goals,Goals total / Over-Under,0.5,6
odds_multi_extra_2_latest.json,71549302,Qatar,Sudan,Football,International - Int. Friendly Games,Bet365,Both Teams To Score 2H,Both teams to score,,1
odds_multi_extra_2_latest.json,71549302,Qatar,Sudan,Football,International - Int. Friendly Games,Bet365,Specials,Other / Unknown,To Win From Behind (1),2
odds_multi_extra_2_latest.json,71549302,Qatar,Sudan,Football,International - Int. Friendly Games,Bet365 (no latency),Spread,Handicap / Spread,-1.5,1
odds_multi_extra_2_latest.json,71575764,AL Budaiya,Manama Club,Football,Bahrain - Premier League,Bet365,ML,1X2 / Match result,,1
odds_multi_extra_2_latest.json,71575764,AL Budaiya,Manama Club,Football,Bahrain - Premier League,Bet365,Draw No Bet,Other / Unknown,,1
odds_multi_extra_2_latest.json,71575764,AL Budaiya,Manama Club,Football,Bahrain - Premier League,Bet365,Double Chance,Double chance,Budaiya or Draw,3
odds_multi_extra_2_latest.json,71575764,AL Budaiya,Manama Club,Football,Bahrain - Premier League,Bet365,Spread,Handicap / Spread,-0.25,1
odds_multi_extra_2_latest.json,71575764,AL Budaiya,Manama Club,Football,Bahrain - Premier League,Bet365,Totals,Goals total / Over-Under,2.5,1
odds_multi_extra_2_latest.json,71575764,AL Budaiya,Manama Club,Football,Bahrain - Premier League,Bet365,Goals Over/Under,Goals total / Over-Under,2.5,1
odds_multi_extra_2_latest.json,71575764,AL Budaiya,Manama Club,Football,Bahrain - Premier League,Bet365,Spread HT,Handicap / Spread,-0.25,1
odds_multi_extra_2_latest.json,71575764,AL Budaiya,Manama Club,Football,Bahrain - Premier League,Bet365,Totals HT,Goals total / Over-Under,1,1
odds_multi_extra_2_latest.json,71575764,AL Budaiya,Manama Club,Football,Bahrain - Premier League,Bet365,Corners Totals,Goals total / Over-Under,10,1
odds_multi_extra_2_latest.json,71575764,AL Budaiya,Manama Club,Football,Bahrain - Premier League,Bet365,Corners Totals HT,Goals total / Over-Under,4.5,1
odds_multi_extra_2_latest.json,71575764,AL Budaiya,Manama Club,Football,Bahrain - Premier League,Bet365,Correct Score,Correct score,1-0,17
odds_multi_extra_2_latest.json,71575764,AL Budaiya,Manama Club,Football,Bahrain - Premier League,Bet365,Corners 2-Way,Other / Unknown,10.5,1
odds_multi_extra_2_latest.json,71575764,AL Budaiya,Manama Club,Football,Bahrain - Premier League,Bet365,Half Time Result,Half-time / Period,Draw,3
odds_multi_extra_2_latest.json,71575764,AL Budaiya,Manama Club,Football,Bahrain - Premier League,Bet365,Corners,Other / Unknown,10,1
odds_multi_extra_2_latest.json,71575764,AL Budaiya,Manama Club,Football,Bahrain - Premier League,Bet365 (no latency),Spread,Handicap / Spread,-0.25,1
odds_multi_extra_2_latest.json,71575766,Al-Najma Manama,Al Ittihad,Football,Bahrain - Premier League,Bet365,ML,1X2 / Match result,,1
odds_multi_extra_2_latest.json,71575766,Al-Najma Manama,Al Ittihad,Football,Bahrain - Premier League,Bet365,Draw No Bet,Other / Unknown,,1
odds_multi_extra_2_latest.json,71575766,Al-Najma Manama,Al Ittihad,Football,Bahrain - Premier League,Bet365,Double Chance,Double chance,Al-Najma Manama or Draw,3
odds_multi_extra_2_latest.json,71575766,Al-Najma Manama,Al Ittihad,Football,Bahrain - Premier League,Bet365,Spread,Handicap / Spread,-0.25,1
odds_multi_extra_2_latest.json,71575766,Al-Najma Manama,Al Ittihad,Football,Bahrain - Premier League,Bet365,Totals,Goals total / Over-Under,2.5,1
odds_multi_extra_2_latest.json,71575766,Al-Najma Manama,Al Ittihad,Football,Bahrain - Premier League,Bet365,Goals Over/Under,Goals total / Over-Under,2.5,1
odds_multi_extra_2_latest.json,71575766,Al-Najma Manama,Al Ittihad,Football,Bahrain - Premier League,Bet365,Spread HT,Handicap / Spread,-0.25,1
odds_multi_extra_2_latest.json,71575766,Al-Najma Manama,Al Ittihad,Football,Bahrain - Premier League,Bet365,Totals HT,Goals total / Over-Under,1,1
odds_multi_extra_2_latest.json,71575766,Al-Najma Manama,Al Ittihad,Football,Bahrain - Premier League,Bet365,Corners Totals,Goals total / Over-Under,9,1
odds_multi_extra_2_latest.json,71575766,Al-Najma Manama,Al Ittihad,Football,Bahrain - Premier League,Bet365,Corners Totals HT,Goals total / Over-Under,4,1
odds_multi_extra_2_latest.json,71575766,Al-Najma Manama,Al Ittihad,Football,Bahrain - Premier League,Bet365,Corners 2-Way,Other / Unknown,9.5,1
odds_multi_extra_2_latest.json,71575766,Al-Najma Manama,Al Ittihad,Football,Bahrain - Premier League,Bet365,Half Time Result,Half-time / Period,1,3
odds_multi_extra_2_latest.json,71575766,Al-Najma Manama,Al Ittihad,Football,Bahrain - Premier League,Bet365,Correct Score,Correct score,0-0,17
odds_multi_extra_2_latest.json,71575766,Al-Najma Manama,Al Ittihad,Football,Bahrain - Premier League,Bet365,Corners,Other / Unknown,9,1
odds_multi_extra_2_latest.json,71575766,Al-Najma Manama,Al Ittihad,Football,Bahrain - Premier League,Bet365 (no latency),ML,1X2 / Match result,,1
odds_multi_extra_2_latest.json,70684194,Atlantis FC/2,Toolon Taisto,Football,Finland - Kolmonen,Bet365,ML,1X2 / Match result,,1
odds_multi_extra_2_latest.json,70684194,Atlantis FC/2,Toolon Taisto,Football,Finland - Kolmonen,Bet365,Draw No Bet,Other / Unknown,,1
odds_multi_extra_2_latest.json,70684194,Atlantis FC/2,Toolon Taisto,Football,Finland - Kolmonen,Bet365,Double Chance,Double chance,Atlantis FC/PM or Draw,3
odds_multi_extra_2_latest.json,70684194,Atlantis FC/2,Toolon Taisto,Football,Finland - Kolmonen,Bet365,Spread,Handicap / Spread,-0.5,1
odds_multi_extra_2_latest.json,70684194,Atlantis FC/2,Toolon Taisto,Football,Finland - Kolmonen,Bet365,Totals,Goals total / Over-Under,4,1
odds_multi_extra_2_latest.json,70684194,Atlantis FC/2,Toolon Taisto,Football,Finland - Kolmonen,Bet365,Goals Over/Under,Goals total / Over-Under,2.5,1
odds_multi_extra_2_latest.json,70684194,Atlantis FC/2,Toolon Taisto,Football,Finland - Kolmonen,Bet365,Spread HT,Handicap / Spread,-0.25,1
odds_multi_extra_2_latest.json,70684194,Atlantis FC/2,Toolon Taisto,Football,Finland - Kolmonen,Bet365,Totals HT,Goals total / Over-Under,1.75,1
odds_multi_extra_2_latest.json,70684194,Atlantis FC/2,Toolon Taisto,Football,Finland - Kolmonen,Bet365,Corners Totals,Goals total / Over-Under,11,1
odds_multi_extra_2_latest.json,70684194,Atlantis FC/2,Toolon Taisto,Football,Finland - Kolmonen,Bet365,Corners Totals HT,Goals total / Over-Under,5,1
odds_multi_extra_2_latest.json,70684194,Atlantis FC/2,Toolon Taisto,Football,Finland - Kolmonen,Bet365,Corners 2-Way,Other / Unknown,10.5,1
odds_multi_extra_2_latest.json,70684194,Atlantis FC/2,Toolon Taisto,Football,Finland - Kolmonen,Bet365,Half Time Result,Half-time / Period,1,3
odds_multi_extra_2_latest.json,70684194,Atlantis FC/2,Toolon Taisto,Football,Finland - Kolmonen,Bet365,Corners,Other / Unknown,11,1
odds_multi_extra_2_latest.json,70684194,Atlantis FC/2,Toolon Taisto,Football,Finland - Kolmonen,Bet365,Correct Score,Correct score,0-0,23
odds_multi_extra_2_latest.json,70684194,Atlantis FC/2,Toolon Taisto,Football,Finland - Kolmonen,Bet365 (no latency),ML,1X2 / Match result,,1
odds_multi_extra_2_latest.json,70684194,Atlantis FC/2,Toolon Taisto,Football,Finland - Kolmonen,Bet365 (no latency),Spread,Handicap / Spread,-0.5,1
odds_multi_extra_2_latest.json,70684194,Atlantis FC/2,Toolon Taisto,Football,Finland - Kolmonen,Bet365 (no latency),Totals,Goals total / Over-Under,4,1
odds_multi_extra_2_latest.json,68492534,BFC Daugavpils,Ogre United,Football,Latvia - Virsliga,Bet365,ML,1X2 / Match result,,1
odds_multi_extra_2_latest.json,68492534,BFC Daugavpils,Ogre United,Football,Latvia - Virsliga,Bet365,Draw No Bet,Other / Unknown,,1
odds_multi_extra_2_latest.json,68492534,BFC Daugavpils,Ogre United,Football,Latvia - Virsliga,Bet365,Double Chance,Double chance,BFC Daugavpils or Draw,3
odds_multi_extra_2_latest.json,68492534,BFC Daugavpils,Ogre United,Football,Latvia - Virsliga,Bet365,Spread,Handicap / Spread,-1.25,1
odds_multi_extra_2_latest.json,68492534,BFC Daugavpils,Ogre United,Football,Latvia - Virsliga,Bet365,Totals,Goals total / Over-Under,2.75,1
odds_multi_extra_2_latest.json,68492534,BFC Daugavpils,Ogre United,Football,Latvia - Virsliga,Bet365,Goals Over/Under,Goals total / Over-Under,2.5,1
odds_multi_extra_2_latest.json,68492534,BFC Daugavpils,Ogre United,Football,Latvia - Virsliga,Bet365,Both Teams To Score,Both teams to score,,1
odds_multi_extra_2_latest.json,68492534,BFC Daugavpils,Ogre United,Football,Latvia - Virsliga,Bet365,Spread HT,Handicap / Spread,-0.5,1
odds_multi_extra_2_latest.json,68492534,BFC Daugavpils,Ogre United,Football,Latvia - Virsliga,Bet365,Totals HT,Goals total / Over-Under,1.25,1
odds_multi_extra_2_latest.json,68492534,BFC Daugavpils,Ogre United,Football,Latvia - Virsliga,Bet365,European Handicap,Handicap / Spread,-1,2
odds_multi_extra_2_latest.json,68492534,BFC Daugavpils,Ogre United,Football,Latvia - Virsliga,Bet365,Corners Totals,Goals total / Over-Under,8.5,1
odds_multi_extra_2_latest.json,68492534,BFC Daugavpils,Ogre United,Football,Latvia - Virsliga,Bet365,Team Total Goals Away,Goals total / Over-Under,2.5,4
odds_multi_extra_2_latest.json,68492534,BFC Daugavpils,Ogre United,Football,Latvia - Virsliga,Bet365,Alternative Asian Handicap,Handicap / Spread,-3,14
odds_multi_extra_2_latest.json,68492534,BFC Daugavpils,Ogre United,Football,Latvia - Virsliga,Bet365,Alternative Goal Line,Other / Unknown,1.25,14
odds_multi_extra_2_latest.json,68492534,BFC Daugavpils,Ogre United,Football,Latvia - Virsliga,Bet365,Team Total Goals Home,Goals total / Over-Under,0.5,7
odds_multi_extra_2_latest.json,68492534,BFC Daugavpils,Ogre United,Football,Latvia - Virsliga,Bet365,Both Teams To Score HT,Both teams to score,,1
odds_multi_extra_2_latest.json,68492534,BFC Daugavpils,Ogre United,Football,Latvia - Virsliga,Bet365,Corners 2-Way,Other / Unknown,8.5,1
odds_multi_extra_2_latest.json,68492534,BFC Daugavpils,Ogre United,Football,Latvia - Virsliga,Bet365,Half Time Result,Half-time / Period,Draw,3
odds_multi_extra_2_latest.json,68492534,BFC Daugavpils,Ogre United,Football,Latvia - Virsliga,Bet365,Corners,Other / Unknown,9,1
odds_multi_extra_2_latest.json,68492534,BFC Daugavpils,Ogre United,Football,Latvia - Virsliga,Bet365,Total Corners,Goals total / Over-Under,Under 6,5
odds_multi_extra_2_latest.json,68492534,BFC Daugavpils,Ogre United,Football,Latvia - Virsliga,Bet365,1st Half Handicap,Handicap / Spread,1 (-1),2
odds_multi_extra_2_latest.json,68492534,BFC Daugavpils,Ogre United,Football,Latvia - Virsliga,Bet365,Both Teams To Score 2H,Both teams to score,,1
odds_multi_extra_2_latest.json,68492534,BFC Daugavpils,Ogre United,Football,Latvia - Virsliga,Bet365,Alternative Corners,Other / Unknown,4,11
odds_multi_extra_2_latest.json,68492534,BFC Daugavpils,Ogre United,Football,Latvia - Virsliga,Bet365,Correct Score,Correct score,1-0,23
odds_multi_extra_2_latest.json,68492534,BFC Daugavpils,Ogre United,Football,Latvia - Virsliga,Bet365,Specials,Other / Unknown,To Win From Behind (1),2
odds_multi_extra_2_latest.json,68492534,BFC Daugavpils,Ogre United,Football,Latvia - Virsliga,Bet365,Number of Goals In Match,Other / Unknown,2 or 3 goals,3
odds_multi_extra_2_latest.json,68492534,BFC Daugavpils,Ogre United,Football,Latvia - Virsliga,Bet365,Exact Total Goals,Goals total / Over-Under,0 Goals,8
odds_multi_extra_2_latest.json,68492534,BFC Daugavpils,Ogre United,Football,Latvia - Virsliga,Bet365,Alternative Total Goals,Goals total / Over-Under,0.5,7
odds_multi_extra_2_latest.json,68492534,BFC Daugavpils,Ogre United,Football,Latvia - Virsliga,Bet365 (no latency),Spread,Handicap / Spread,-1.25,1
odds_multi_extra_2_latest.json,70224452,FC Spaeri,FC Dinamo Batumi,Football,Georgia - Erovnuli Liga,Bet365,ML,1X2 / Match result,,1
odds_multi_extra_2_latest.json,70224452,FC Spaeri,FC Dinamo Batumi,Football,Georgia - Erovnuli Liga,Bet365,Draw No Bet,Other / Unknown,,1
odds_multi_extra_2_latest.json,70224452,FC Spaeri,FC Dinamo Batumi,Football,Georgia - Erovnuli Liga,Bet365,Double Chance,Double chance,FC Spaeri or Draw,3
odds_multi_extra_2_latest.json,70224452,FC Spaeri,FC Dinamo Batumi,Football,Georgia - Erovnuli Liga,Bet365,Spread,Handicap / Spread,-0.5,1
odds_multi_extra_2_latest.json,70224452,FC Spaeri,FC Dinamo Batumi,Football,Georgia - Erovnuli Liga,Bet365,Totals,Goals total / Over-Under,2.5,1
odds_multi_extra_2_latest.json,70224452,FC Spaeri,FC Dinamo Batumi,Football,Georgia - Erovnuli Liga,Bet365,Goals Over/Under,Goals total / Over-Under,2.5,1
odds_multi_extra_2_latest.json,70224452,FC Spaeri,FC Dinamo Batumi,Football,Georgia - Erovnuli Liga,Bet365,Spread HT,Handicap / Spread,-0.25,1
odds_multi_extra_2_latest.json,70224452,FC Spaeri,FC Dinamo Batumi,Football,Georgia - Erovnuli Liga,Bet365,Totals HT,Goals total / Over-Under,1,1
odds_multi_extra_2_latest.json,70224452,FC Spaeri,FC Dinamo Batumi,Football,Georgia - Erovnuli Liga,Bet365,Half Time Result,Half-time / Period,1,3
odds_multi_extra_2_latest.json,70224452,FC Spaeri,FC Dinamo Batumi,Football,Georgia - Erovnuli Liga,Bet365,Correct Score,Correct score,0-0,16
odds_multi_extra_2_latest.json,70224452,FC Spaeri,FC Dinamo Batumi,Football,Georgia - Erovnuli Liga,Bet365 (no latency),ML,1X2 / Match result,,1
odds_multi_extra_2_latest.json,70479402,Coastal Union FC,Simba SC,Football,Tanzania - Premier League,Bet365,ML,1X2 / Match result,,1
odds_multi_extra_2_latest.json,70479402,Coastal Union FC,Simba SC,Football,Tanzania - Premier League,Bet365,Draw No Bet,Other / Unknown,,1
odds_multi_extra_2_latest.json,70479402,Coastal Union FC,Simba SC,Football,Tanzania - Premier League,Bet365,Double Chance,Double chance,Coastal Union or Draw,3
odds_multi_extra_2_latest.json,70479402,Coastal Union FC,Simba SC,Football,Tanzania - Premier League,Bet365,Spread,Handicap / Spread,1.5,1
odds_multi_extra_2_latest.json,70479402,Coastal Union FC,Simba SC,Football,Tanzania - Premier League,Bet365,Totals,Goals total / Over-Under,2.25,1
odds_multi_extra_2_latest.json,70479402,Coastal Union FC,Simba SC,Football,Tanzania - Premier League,Bet365,Goals Over/Under,Goals total / Over-Under,2.5,1
odds_multi_extra_2_latest.json,70479402,Coastal Union FC,Simba SC,Football,Tanzania - Premier League,Bet365,Spread HT,Handicap / Spread,0.5,1
odds_multi_extra_2_latest.json,70479402,Coastal Union FC,Simba SC,Football,Tanzania - Premier League,Bet365,Totals HT,Goals total / Over-Under,1,1
odds_multi_extra_2_latest.json,70479402,Coastal Union FC,Simba SC,Football,Tanzania - Premier League,Bet365,Half Time Result,Half-time / Period,1,3
odds_multi_extra_2_latest.json,70479402,Coastal Union FC,Simba SC,Football,Tanzania - Premier League,Bet365,Correct Score,Correct score,0-0,17
odds_multi_extra_2_latest.json,70479402,Coastal Union FC,Simba SC,Football,Tanzania - Premier League,Bet365 (no latency),Spread,Handicap / Spread,1.5,1
odds_multi_extra_2_latest.json,70479402,Coastal Union FC,Simba SC,Football,Tanzania - Premier League,Bet365 (no latency),Totals,Goals total / Over-Under,2.25,1
odds_multi_extra_3_latest.json,71558146,Ajax Amsterdam,FC Groningen,Football,Netherlands - Eredivisie,Bet365,ML,1X2 / Match result,,1
odds_multi_extra_3_latest.json,71558146,Ajax Amsterdam,FC Groningen,Football,Netherlands - Eredivisie,Bet365,Draw No Bet,Other / Unknown,,1
odds_multi_extra_3_latest.json,71558146,Ajax Amsterdam,FC Groningen,Football,Netherlands - Eredivisie,Bet365,Double Chance,Double chance,Ajax or FC Groningen,3
odds_multi_extra_3_latest.json,71558146,Ajax Amsterdam,FC Groningen,Football,Netherlands - Eredivisie,Bet365,Spread,Handicap / Spread,-0.5,1
odds_multi_extra_3_latest.json,71558146,Ajax Amsterdam,FC Groningen,Football,Netherlands - Eredivisie,Bet365,Totals,Goals total / Over-Under,3,1
odds_multi_extra_3_latest.json,71558146,Ajax Amsterdam,FC Groningen,Football,Netherlands - Eredivisie,Bet365,Goals Over/Under,Goals total / Over-Under,2.5,1
odds_multi_extra_3_latest.json,71558146,Ajax Amsterdam,FC Groningen,Football,Netherlands - Eredivisie,Bet365,Both Teams To Score,Both teams to score,,1
odds_multi_extra_3_latest.json,71558146,Ajax Amsterdam,FC Groningen,Football,Netherlands - Eredivisie,Bet365,Spread HT,Handicap / Spread,-0.25,1
odds_multi_extra_3_latest.json,71558146,Ajax Amsterdam,FC Groningen,Football,Netherlands - Eredivisie,Bet365,Totals HT,Goals total / Over-Under,1.25,1
odds_multi_extra_3_latest.json,71558146,Ajax Amsterdam,FC Groningen,Football,Netherlands - Eredivisie,Bet365,European Handicap,Handicap / Spread,1,5
odds_multi_extra_3_latest.json,71558146,Ajax Amsterdam,FC Groningen,Football,Netherlands - Eredivisie,Bet365,Corners Spread,Handicap / Spread,-1,1
odds_multi_extra_3_latest.json,71558146,Ajax Amsterdam,FC Groningen,Football,Netherlands - Eredivisie,Bet365,Corners Totals,Goals total / Over-Under,10,1
odds_multi_extra_3_latest.json,71558146,Ajax Amsterdam,FC Groningen,Football,Netherlands - Eredivisie,Bet365,Corners Totals HT,Goals total / Over-Under,4.5,1
odds_multi_extra_3_latest.json,71558146,Ajax Amsterdam,FC Groningen,Football,Netherlands - Eredivisie,Bet365,Anytime Goalscorer,Other / Unknown,Kasper Dolberg,46
odds_multi_extra_3_latest.json,71558146,Ajax Amsterdam,FC Groningen,Football,Netherlands - Eredivisie,Bet365,Team Corners Home,Other / Unknown,5.5,1
odds_multi_extra_3_latest.json,71558146,Ajax Amsterdam,FC Groningen,Football,Netherlands - Eredivisie,Bet365,Player Shots,Other / Unknown,Don-Angelo Konadu (1),255
odds_multi_extra_3_latest.json,71558146,Ajax Amsterdam,FC Groningen,Football,Netherlands - Eredivisie,Bet365,Correct Score,Correct score,2-0,26
odds_multi_extra_3_latest.json,71558146,Ajax Amsterdam,FC Groningen,Football,Netherlands - Eredivisie,Bet365,Method of Victory,Other / Unknown,90 Mins (1),2
odds_multi_extra_3_latest.json,71558146,Ajax Amsterdam,FC Groningen,Football,Netherlands - Eredivisie,Bet365,Player To Score or Assist,Other / Unknown,Mika Godts (Score) (1),138
odds_multi_extra_3_latest.json,71558146,Ajax Amsterdam,FC Groningen,Football,Netherlands - Eredivisie,Bet365,Team Total Goals Home,Goals total / Over-Under,0.5,6
odds_multi_extra_3_latest.json,71558146,Ajax Amsterdam,FC Groningen,Football,Netherlands - Eredivisie,Bet365,Both Teams To Score HT,Both teams to score,,1
odds_multi_extra_3_latest.json,71558146,Ajax Amsterdam,FC Groningen,Football,Netherlands - Eredivisie,Bet365,Half Time Result,Half-time / Period,Draw,3
odds_multi_extra_3_latest.json,71558146,Ajax Amsterdam,FC Groningen,Football,Netherlands - Eredivisie,Bet365,Exact Total Goals,Goals total / Over-Under,2 Goals,8
odds_multi_extra_3_latest.json,71558146,Ajax Amsterdam,FC Groningen,Football,Netherlands - Eredivisie,Bet365,Multi Scorers,Other / Unknown,David van der Werff (2 or More) (2),92
odds_multi_extra_3_latest.json,71558146,Ajax Amsterdam,FC Groningen,Football,Netherlands - Eredivisie,Bet365,Team Goalscorer,Other / Unknown,Kasper Dolberg (First),96
odds_multi_extra_3_latest.json,71558146,Ajax Amsterdam,FC Groningen,Football,Netherlands - Eredivisie,Bet365,Total Corners,Goals total / Over-Under,Under 6,5
odds_multi_extra_3_latest.json,71558146,Ajax Amsterdam,FC Groningen,Football,Netherlands - Eredivisie,Bet365,Alternative Total Goals,Goals total / Over-Under,0.5,7
odds_multi_extra_3_latest.json,71558146,Ajax Amsterdam,FC Groningen,Football,Netherlands - Eredivisie,Bet365,Corners 2-Way,Other / Unknown,9.5,1
odds_multi_extra_3_latest.json,71558146,Ajax Amsterdam,FC Groningen,Football,Netherlands - Eredivisie,Bet365,Player Cards,Other / Unknown,Younes Taha (2),47
odds_multi_extra_3_latest.json,71558146,Ajax Amsterdam,FC Groningen,Football,Netherlands - Eredivisie,Bet365,Alternative Goal Line,Other / Unknown,1.25,14
odds_multi_extra_3_latest.json,71558146,Ajax Amsterdam,FC Groningen,Football,Netherlands - Eredivisie,Bet365,Specials,Other / Unknown,To Win From Behind (2),2
odds_multi_extra_3_latest.json,71558146,Ajax Amsterdam,FC Groningen,Football,Netherlands - Eredivisie,Bet365,Team Corners Away,Other / Unknown,4.5,1
odds_multi_extra_3_latest.json,71558146,Ajax Amsterdam,FC Groningen,Football,Netherlands - Eredivisie,Bet365,Team Total Goals Away,Goals total / Over-Under,4.5,5
odds_multi_extra_3_latest.json,71558146,Ajax Amsterdam,FC Groningen,Football,Netherlands - Eredivisie,Bet365,Alternative Corners,Other / Unknown,4,13
odds_multi_extra_3_latest.json,71558146,Ajax Amsterdam,FC Groningen,Football,Netherlands - Eredivisie,Bet365,Corner Handicap,Handicap / Spread,Tie (1),2
odds_multi_extra_3_latest.json,71558146,Ajax Amsterdam,FC Groningen,Football,Netherlands - Eredivisie,Bet365,Corners Race,Other / Unknown,5,4
odds_multi_extra_3_latest.json,71558146,Ajax Amsterdam,FC Groningen,Football,Netherlands - Eredivisie,Bet365,Alternative Asian Handicap,Handicap / Spread,-2.5,13
odds_multi_extra_3_latest.json,71558146,Ajax Amsterdam,FC Groningen,Football,Netherlands - Eredivisie,Bet365,First 10 Minutes (00:00 - 09:59),Other / Unknown,Corners (Over) (0.5),1
odds_multi_extra_3_latest.json,71558146,Ajax Amsterdam,FC Groningen,Football,Netherlands - Eredivisie,Bet365,Goal Method,Other / Unknown,Wout Weghorst (Header) (1),72
odds_multi_extra_3_latest.json,71558146,Ajax Amsterdam,FC Groningen,Football,Netherlands - Eredivisie,Bet365,1st Half Handicap,Handicap / Spread,Tie (1),2
odds_multi_extra_3_latest.json,71558146,Ajax Amsterdam,FC Groningen,Football,Netherlands - Eredivisie,Bet365,Player Shots on Target,Other / Unknown,Don-Angelo Konadu (1),130
odds_multi_extra_3_latest.json,71558146,Ajax Amsterdam,FC Groningen,Football,Netherlands - Eredivisie,Bet365,Both Teams To Score 2H,Both teams to score,,1
odds_multi_extra_3_latest.json,71558146,Ajax Amsterdam,FC Groningen,Football,Netherlands - Eredivisie,Bet365,Corners,Other / Unknown,10,1
odds_multi_extra_3_latest.json,71558146,Ajax Amsterdam,FC Groningen,Football,Netherlands - Eredivisie,Bet365,Number of Goals In Match,Other / Unknown,Under 2 goals,3
odds_multi_extra_3_latest.json,71558146,Ajax Amsterdam,FC Groningen,Football,Netherlands - Eredivisie,Bet365,Player to be Booked,Other / Unknown,Younes Taha (2),47
odds_multi_extra_3_latest.json,71558146,Ajax Amsterdam,FC Groningen,Football,Netherlands - Eredivisie,Bet365 (no latency),Totals,Goals total / Over-Under,3,1
odds_multi_extra_3_latest.json,71352614,FC Killas,FC Melgar,Football,Peru - Liga Femenina,Bet365,ML,1X2 / Match result,,1
odds_multi_extra_3_latest.json,71352614,FC Killas,FC Melgar,Football,Peru - Liga Femenina,Bet365,Draw No Bet,Other / Unknown,,1
odds_multi_extra_3_latest.json,71352614,FC Killas,FC Melgar,Football,Peru - Liga Femenina,Bet365,Double Chance,Double chance,FC Killas (W) or Draw,3
odds_multi_extra_3_latest.json,71352614,FC Killas,FC Melgar,Football,Peru - Liga Femenina,Bet365,Spread,Handicap / Spread,1.5,1
odds_multi_extra_3_latest.json,71352614,FC Killas,FC Melgar,Football,Peru - Liga Femenina,Bet365,Totals,Goals total / Over-Under,3.5,1
odds_multi_extra_3_latest.json,71352614,FC Killas,FC Melgar,Football,Peru - Liga Femenina,Bet365,Goals Over/Under,Goals total / Over-Under,2.5,1
odds_multi_extra_3_latest.json,71352614,FC Killas,FC Melgar,Football,Peru - Liga Femenina,Bet365,Spread HT,Handicap / Spread,0.75,1
odds_multi_extra_3_latest.json,71352614,FC Killas,FC Melgar,Football,Peru - Liga Femenina,Bet365,Corners Totals,Goals total / Over-Under,8,1
odds_multi_extra_3_latest.json,71352614,FC Killas,FC Melgar,Football,Peru - Liga Femenina,Bet365,Corners Totals HT,Goals total / Over-Under,3.5,1
odds_multi_extra_3_latest.json,71352614,FC Killas,FC Melgar,Football,Peru - Liga Femenina,Bet365,Correct Score,Correct score,1-0,28
odds_multi_extra_3_latest.json,71352614,FC Killas,FC Melgar,Football,Peru - Liga Femenina,Bet365,Half Time Result,Half-time / Period,1,3
odds_multi_extra_3_latest.json,71352614,FC Killas,FC Melgar,Football,Peru - Liga Femenina,Bet365,1st Half Goal Line,Half-time / Period,1.5,1
odds_multi_extra_3_latest.json,71352614,FC Killas,FC Melgar,Football,Peru - Liga Femenina,Bet365,Corners,Other / Unknown,8,1
odds_multi_extra_3_latest.json,71352614,FC Killas,FC Melgar,Football,Peru - Liga Femenina,Bet365,Corners 2-Way,Other / Unknown,7.5,1
odds_multi_extra_3_latest.json,71352614,FC Killas,FC Melgar,Football,Peru - Liga Femenina,Bet365 (no latency),Spread,Handicap / Spread,1.5,1
odds_multi_extra_3_latest.json,71523852,Grei Kvinner Elite FK,Lyn,Football,Norway - NM Cup Women,Bet365,ML,1X2 / Match result,,1
odds_multi_extra_3_latest.json,71523852,Grei Kvinner Elite FK,Lyn,Football,Norway - NM Cup Women,Bet365,Draw No Bet,Other / Unknown,,1
odds_multi_extra_3_latest.json,71523852,Grei Kvinner Elite FK,Lyn,Football,Norway - NM Cup Women,Bet365,Double Chance,Double chance,Draw or Lyn (W),3
odds_multi_extra_3_latest.json,71523852,Grei Kvinner Elite FK,Lyn,Football,Norway - NM Cup Women,Bet365,Spread,Handicap / Spread,2.5,1
odds_multi_extra_3_latest.json,71523852,Grei Kvinner Elite FK,Lyn,Football,Norway - NM Cup Women,Bet365,Totals,Goals total / Over-Under,3.5,1
odds_multi_extra_3_latest.json,71523852,Grei Kvinner Elite FK,Lyn,Football,Norway - NM Cup Women,Bet365,Goals Over/Under,Goals total / Over-Under,2.5,1
odds_multi_extra_3_latest.json,71523852,Grei Kvinner Elite FK,Lyn,Football,Norway - NM Cup Women,Bet365,Spread HT,Handicap / Spread,1.25,1
odds_multi_extra_3_latest.json,71523852,Grei Kvinner Elite FK,Lyn,Football,Norway - NM Cup Women,Bet365,Totals HT,Goals total / Over-Under,1.75,1
odds_multi_extra_3_latest.json,71523852,Grei Kvinner Elite FK,Lyn,Football,Norway - NM Cup Women,Bet365,Corners Totals,Goals total / Over-Under,9.5,1
odds_multi_extra_3_latest.json,71523852,Grei Kvinner Elite FK,Lyn,Football,Norway - NM Cup Women,Bet365,Corners Totals HT,Goals total / Over-Under,4.5,1
odds_multi_extra_3_latest.json,71523852,Grei Kvinner Elite FK,Lyn,Football,Norway - NM Cup Women,Bet365,Method of Victory,Other / Unknown,90 Mins (2),2
odds_multi_extra_3_latest.json,71523852,Grei Kvinner Elite FK,Lyn,Football,Norway - NM Cup Women,Bet365,Corners,Other / Unknown,10,1
odds_multi_extra_3_latest.json,71523852,Grei Kvinner Elite FK,Lyn,Football,Norway - NM Cup Women,Bet365,Corners 2-Way,Other / Unknown,9.5,1
odds_multi_extra_3_latest.json,71523852,Grei Kvinner Elite FK,Lyn,Football,Norway - NM Cup Women,Bet365,Correct Score,Correct score,2-0,30
odds_multi_extra_3_latest.json,71523852,Grei Kvinner Elite FK,Lyn,Football,Norway - NM Cup Women,Bet365,Half Time Result,Half-time / Period,Draw,3
odds_multi_extra_3_latest.json,71523852,Grei Kvinner Elite FK,Lyn,Football,Norway - NM Cup Women,Bet365 (no latency),Totals,Goals total / Over-Under,3.5,1
odds_multi_extra_3_latest.json,71055200,Odd BK,KFUM Oslo,Football,Norway - U19 Nasjonal,Bet365,ML,1X2 / Match result,,1
odds_multi_extra_3_latest.json,71055200,Odd BK,KFUM Oslo,Football,Norway - U19 Nasjonal,Bet365,Draw No Bet,Other / Unknown,,1
odds_multi_extra_3_latest.json,71055200,Odd BK,KFUM Oslo,Football,Norway - U19 Nasjonal,Bet365,Double Chance,Double chance,Odd BK U19 or Draw,3
odds_multi_extra_3_latest.json,71055200,Odd BK,KFUM Oslo,Football,Norway - U19 Nasjonal,Bet365,Spread,Handicap / Spread,-1.5,1
odds_multi_extra_3_latest.json,71055200,Odd BK,KFUM Oslo,Football,Norway - U19 Nasjonal,Bet365,Totals,Goals total / Over-Under,4.25,1
odds_multi_extra_3_latest.json,71055200,Odd BK,KFUM Oslo,Football,Norway - U19 Nasjonal,Bet365,Goals Over/Under,Goals total / Over-Under,2.5,1
odds_multi_extra_3_latest.json,71055200,Odd BK,KFUM Oslo,Football,Norway - U19 Nasjonal,Bet365,Spread HT,Handicap / Spread,-0.5,1
odds_multi_extra_3_latest.json,71055200,Odd BK,KFUM Oslo,Football,Norway - U19 Nasjonal,Bet365,Totals HT,Goals total / Over-Under,1.75,1
odds_multi_extra_3_latest.json,71055200,Odd BK,KFUM Oslo,Football,Norway - U19 Nasjonal,Bet365,Corners Totals,Goals total / Over-Under,9.5,1
odds_multi_extra_3_latest.json,71055200,Odd BK,KFUM Oslo,Football,Norway - U19 Nasjonal,Bet365,Corners Totals HT,Goals total / Over-Under,4.5,1
odds_multi_extra_3_latest.json,71055200,Odd BK,KFUM Oslo,Football,Norway - U19 Nasjonal,Bet365,Method of Victory,Other / Unknown,90 Mins (1),2
odds_multi_extra_3_latest.json,71055200,Odd BK,KFUM Oslo,Football,Norway - U19 Nasjonal,Bet365,Corners 2-Way,Other / Unknown,9.5,1
odds_multi_extra_3_latest.json,71055200,Odd BK,KFUM Oslo,Football,Norway - U19 Nasjonal,Bet365,Corners,Other / Unknown,10,1
odds_multi_extra_3_latest.json,71055200,Odd BK,KFUM Oslo,Football,Norway - U19 Nasjonal,Bet365,Correct Score,Correct score,0-0,28
odds_multi_extra_3_latest.json,71055200,Odd BK,KFUM Oslo,Football,Norway - U19 Nasjonal,Bet365,Half Time Result,Half-time / Period,1,3
odds_multi_extra_3_latest.json,71055200,Odd BK,KFUM Oslo,Football,Norway - U19 Nasjonal,Bet365 (no latency),Spread,Handicap / Spread,-1.5,1
odds_multi_extra_3_latest.json,71055200,Odd BK,KFUM Oslo,Football,Norway - U19 Nasjonal,Bet365 (no latency),Totals,Goals total / Over-Under,4.25,1
odds_multi_extra_3_latest.json,71530418,Al Arabi,AL Tadhamon,Football,Kuwait - Premier League,Bet365,ML,1X2 / Match result,,1
odds_multi_extra_3_latest.json,71530418,Al Arabi,AL Tadhamon,Football,Kuwait - Premier League,Bet365,Draw No Bet,Other / Unknown,,1
odds_multi_extra_3_latest.json,71530418,Al Arabi,AL Tadhamon,Football,Kuwait - Premier League,Bet365,Double Chance,Double chance,Al Arabi SC or Al Tadamon SC,3
odds_multi_extra_3_latest.json,71530418,Al Arabi,AL Tadhamon,Football,Kuwait - Premier League,Bet365,Spread,Handicap / Spread,-1.75,1
odds_multi_extra_3_latest.json,71530418,Al Arabi,AL Tadhamon,Football,Kuwait - Premier League,Bet365,Totals,Goals total / Over-Under,3,1
odds_multi_extra_3_latest.json,71530418,Al Arabi,AL Tadhamon,Football,Kuwait - Premier League,Bet365,Goals Over/Under,Goals total / Over-Under,2.5,1
odds_multi_extra_3_latest.json,71530418,Al Arabi,AL Tadhamon,Football,Kuwait - Premier League,Bet365,Both Teams To Score,Both teams to score,,1
odds_multi_extra_3_latest.json,71530418,Al Arabi,AL Tadhamon,Football,Kuwait - Premier League,Bet365,Spread HT,Handicap / Spread,-0.75,1
odds_multi_extra_3_latest.json,71530418,Al Arabi,AL Tadhamon,Football,Kuwait - Premier League,Bet365,Totals HT,Goals total / Over-Under,1.25,1
odds_multi_extra_3_latest.json,71530418,Al Arabi,AL Tadhamon,Football,Kuwait - Premier League,Bet365,European Handicap,Handicap / Spread,-2,2
odds_multi_extra_3_latest.json,71530418,Al Arabi,AL Tadhamon,Football,Kuwait - Premier League,Bet365,Corners Totals,Goals total / Over-Under,9.5,1
odds_multi_extra_3_latest.json,71530418,Al Arabi,AL Tadhamon,Football,Kuwait - Premier League,Bet365,Corners Totals HT,Goals total / Over-Under,4.5,1
odds_multi_extra_3_latest.json,71530418,Al Arabi,AL Tadhamon,Football,Kuwait - Premier League,Bet365,Exact Total Goals,Goals total / Over-Under,1 Goal,8
odds_multi_extra_3_latest.json,71530418,Al Arabi,AL Tadhamon,Football,Kuwait - Premier League,Bet365,Alternative Total Goals,Goals total / Over-Under,1.5,8
odds_multi_extra_3_latest.json,71530418,Al Arabi,AL Tadhamon,Football,Kuwait - Premier League,Bet365,Both Teams To Score 2H,Both teams to score,,1
odds_multi_extra_3_latest.json,71530418,Al Arabi,AL Tadhamon,Football,Kuwait - Premier League,Bet365,Half Time Result,Half-time / Period,1,3
odds_multi_extra_3_latest.json,71530418,Al Arabi,AL Tadhamon,Football,Kuwait - Premier League,Bet365,1st Half Handicap,Handicap / Spread,1 (-1),2
odds_multi_extra_3_latest.json,71530418,Al Arabi,AL Tadhamon,Football,Kuwait - Premier League,Bet365,Corners 2-Way,Other / Unknown,9.5,1
odds_multi_extra_3_latest.json,71530418,Al Arabi,AL Tadhamon,Football,Kuwait - Premier League,Bet365,Correct Score,Correct score,2-1,24
odds_multi_extra_3_latest.json,71530418,Al Arabi,AL Tadhamon,Football,Kuwait - Premier League,Bet365,Corners,Other / Unknown,9,1
odds_multi_extra_3_latest.json,71530418,Al Arabi,AL Tadhamon,Football,Kuwait - Premier League,Bet365,Alternative Goal Line,Other / Unknown,1.25,15
odds_multi_extra_3_latest.json,71530418,Al Arabi,AL Tadhamon,Football,Kuwait - Premier League,Bet365,Total Corners,Goals total / Over-Under,Under 6,5
odds_multi_extra_3_latest.json,71530418,Al Arabi,AL Tadhamon,Football,Kuwait - Premier League,Bet365,Both Teams To Score HT,Both teams to score,,1
odds_multi_extra_3_latest.json,71530418,Al Arabi,AL Tadhamon,Football,Kuwait - Premier League,Bet365,Alternative Asian Handicap,Handicap / Spread,-3.75,14
odds_multi_extra_3_latest.json,71530418,Al Arabi,AL Tadhamon,Football,Kuwait - Premier League,Bet365,Number of Goals In Match,Other / Unknown,2 or 3 goals,3
odds_multi_extra_3_latest.json,71530418,Al Arabi,AL Tadhamon,Football,Kuwait - Premier League,Bet365,Alternative Corners,Other / Unknown,11,12
odds_multi_extra_3_latest.json,71530418,Al Arabi,AL Tadhamon,Football,Kuwait - Premier League,Bet365,Specials,Other / Unknown,To Win From Behind (1),2
odds_multi_extra_3_latest.json,71530418,Al Arabi,AL Tadhamon,Football,Kuwait - Premier League,Bet365,Team Total Goals Home,Goals total / Over-Under,6.5,7
odds_multi_extra_3_latest.json,71530418,Al Arabi,AL Tadhamon,Football,Kuwait - Premier League,Bet365,Team Total Goals Away,Goals total / Over-Under,0.5,3
odds_multi_extra_3_latest.json,71530418,Al Arabi,AL Tadhamon,Football,Kuwait - Premier League,Bet365 (no latency),Spread,Handicap / Spread,-1.75,1
odds_multi_extra_3_latest.json,71530418,Al Arabi,AL Tadhamon,Football,Kuwait - Premier League,Bet365 (no latency),Totals,Goals total / Over-Under,3,1
odds_multi_extra_3_latest.json,71579104,Stade Malien de Bamako,US Bougouni,Football,Mali - Ligue 1,Bet365,ML,1X2 / Match result,,1
odds_multi_extra_3_latest.json,71579104,Stade Malien de Bamako,US Bougouni,Football,Mali - Ligue 1,Bet365,Draw No Bet,Other / Unknown,,1
odds_multi_extra_3_latest.json,71579104,Stade Malien de Bamako,US Bougouni,Football,Mali - Ligue 1,Bet365,Double Chance,Double chance,Stade Malien de Bamako or Draw,3
odds_multi_extra_3_latest.json,71579104,Stade Malien de Bamako,US Bougouni,Football,Mali - Ligue 1,Bet365,Spread,Handicap / Spread,-1.25,1
odds_multi_extra_3_latest.json,71579104,Stade Malien de Bamako,US Bougouni,Football,Mali - Ligue 1,Bet365,Totals,Goals total / Over-Under,2,1
odds_multi_extra_3_latest.json,71579104,Stade Malien de Bamako,US Bougouni,Football,Mali - Ligue 1,Bet365,Goals Over/Under,Goals total / Over-Under,2.5,1
odds_multi_extra_3_latest.json,71579104,Stade Malien de Bamako,US Bougouni,Football,Mali - Ligue 1,Bet365,Spread HT,Handicap / Spread,-0.5,1
odds_multi_extra_3_latest.json,71579104,Stade Malien de Bamako,US Bougouni,Football,Mali - Ligue 1,Bet365,Totals HT,Goals total / Over-Under,0.75,1
odds_multi_extra_3_latest.json,71579104,Stade Malien de Bamako,US Bougouni,Football,Mali - Ligue 1,Bet365,Corners Totals,Goals total / Over-Under,9,1
odds_multi_extra_3_latest.json,71579104,Stade Malien de Bamako,US Bougouni,Football,Mali - Ligue 1,Bet365,Corners Totals HT,Goals total / Over-Under,4.5,1
odds_multi_extra_3_latest.json,71579104,Stade Malien de Bamako,US Bougouni,Football,Mali - Ligue 1,Bet365,Corners 2-Way,Other / Unknown,8.5,1
odds_multi_extra_3_latest.json,71579104,Stade Malien de Bamako,US Bougouni,Football,Mali - Ligue 1,Bet365,Corners,Other / Unknown,9,1
odds_multi_extra_3_latest.json,71579104,Stade Malien de Bamako,US Bougouni,Football,Mali - Ligue 1,Bet365,Correct Score,Correct score,0-0,14
odds_multi_extra_3_latest.json,71579104,Stade Malien de Bamako,US Bougouni,Football,Mali - Ligue 1,Bet365,Half Time Result,Half-time / Period,1,3
odds_multi_extra_3_latest.json,71579104,Stade Malien de Bamako,US Bougouni,Football,Mali - Ligue 1,Bet365 (no latency),Spread,Handicap / Spread,-1.25,1
odds_multi_extra_3_latest.json,71579104,Stade Malien de Bamako,US Bougouni,Football,Mali - Ligue 1,Bet365 (no latency),Totals,Goals total / Over-Under,2,1
odds_multi_extra_3_latest.json,67126672,IF Elfsborg,Mjallby AIF,Football,Sweden - Allsvenskan,Bet365,ML,1X2 / Match result,,1
odds_multi_extra_3_latest.json,67126672,IF Elfsborg,Mjallby AIF,Football,Sweden - Allsvenskan,Bet365,Draw No Bet,Other / Unknown,,1
odds_multi_extra_3_latest.json,67126672,IF Elfsborg,Mjallby AIF,Football,Sweden - Allsvenskan,Bet365,Double Chance,Double chance,Elfsborg or Mjällby AIF,3
odds_multi_extra_3_latest.json,67126672,IF Elfsborg,Mjallby AIF,Football,Sweden - Allsvenskan,Bet365,Spread,Handicap / Spread,0,1
odds_multi_extra_3_latest.json,67126672,IF Elfsborg,Mjallby AIF,Football,Sweden - Allsvenskan,Bet365,Totals,Goals total / Over-Under,2.25,1
odds_multi_extra_3_latest.json,67126672,IF Elfsborg,Mjallby AIF,Football,Sweden - Allsvenskan,Bet365,Goals Over/Under,Goals total / Over-Under,2.5,1
odds_multi_extra_3_latest.json,67126672,IF Elfsborg,Mjallby AIF,Football,Sweden - Allsvenskan,Bet365,Both Teams To Score,Both teams to score,,1
odds_multi_extra_3_latest.json,67126672,IF Elfsborg,Mjallby AIF,Football,Sweden - Allsvenskan,Bet365,Spread HT,Handicap / Spread,0,1
odds_multi_extra_3_latest.json,67126672,IF Elfsborg,Mjallby AIF,Football,Sweden - Allsvenskan,Bet365,Totals HT,Goals total / Over-Under,1,1
odds_multi_extra_3_latest.json,67126672,IF Elfsborg,Mjallby AIF,Football,Sweden - Allsvenskan,Bet365,European Handicap,Handicap / Spread,1,6
odds_multi_extra_3_latest.json,67126672,IF Elfsborg,Mjallby AIF,Football,Sweden - Allsvenskan,Bet365,Corners Spread,Handicap / Spread,0,1
odds_multi_extra_3_latest.json,67126672,IF Elfsborg,Mjallby AIF,Football,Sweden - Allsvenskan,Bet365,Corners Totals,Goals total / Over-Under,10,1
odds_multi_extra_3_latest.json,67126672,IF Elfsborg,Mjallby AIF,Football,Sweden - Allsvenskan,Bet365,Corners Totals HT,Goals total / Over-Under,4.5,1
odds_multi_extra_3_latest.json,67126672,IF Elfsborg,Mjallby AIF,Football,Sweden - Allsvenskan,Bet365,Anytime Goalscorer,Other / Unknown,Dion Krasniqi,46
odds_multi_extra_3_latest.json,67126672,IF Elfsborg,Mjallby AIF,Football,Sweden - Allsvenskan,Bet365,Exact Total Goals,Goals total / Over-Under,0 Goals,8
odds_multi_extra_3_latest.json,67126672,IF Elfsborg,Mjallby AIF,Football,Sweden - Allsvenskan,Bet365,First 10 Minutes (00:00 - 09:59),Other / Unknown,Corners (Over) (0.5),1
odds_multi_extra_3_latest.json,67126672,IF Elfsborg,Mjallby AIF,Football,Sweden - Allsvenskan,Bet365,Team Corners Home,Other / Unknown,4.5,1
odds_multi_extra_3_latest.json,67126672,IF Elfsborg,Mjallby AIF,Football,Sweden - Allsvenskan,Bet365,Both Teams To Score HT,Both teams to score,,1
odds_multi_extra_3_latest.json,67126672,IF Elfsborg,Mjallby AIF,Football,Sweden - Allsvenskan,Bet365,Corner Handicap,Handicap / Spread,1 (-1),2
odds_multi_extra_3_latest.json,67126672,IF Elfsborg,Mjallby AIF,Football,Sweden - Allsvenskan,Bet365,Total Corners,Goals total / Over-Under,Under 6,5
odds_multi_extra_3_latest.json,67126672,IF Elfsborg,Mjallby AIF,Football,Sweden - Allsvenskan,Bet365,Multi Scorers,Other / Unknown,Ludvig Tidstrand (2 or More) (2),92
odds_multi_extra_3_latest.json,67126672,IF Elfsborg,Mjallby AIF,Football,Sweden - Allsvenskan,Bet365,Specials,Other / Unknown,To Win From Behind (1),2
odds_multi_extra_3_latest.json,67126672,IF Elfsborg,Mjallby AIF,Football,Sweden - Allsvenskan,Bet365,Player Cards,Other / Unknown,Julius Magnusson (1),53
odds_multi_extra_3_latest.json,67126672,IF Elfsborg,Mjallby AIF,Football,Sweden - Allsvenskan,Bet365,Corners Race,Other / Unknown,3,4
odds_multi_extra_3_latest.json,67126672,IF Elfsborg,Mjallby AIF,Football,Sweden - Allsvenskan,Bet365,Correct Score,Correct score,0-0,22
odds_multi_extra_3_latest.json,67126672,IF Elfsborg,Mjallby AIF,Football,Sweden - Allsvenskan,Bet365,Corners,Other / Unknown,10,1
odds_multi_extra_3_latest.json,67126672,IF Elfsborg,Mjallby AIF,Football,Sweden - Allsvenskan,Bet365,Alternative Goal Line,Other / Unknown,1.25,12
odds_multi_extra_3_latest.json,67126672,IF Elfsborg,Mjallby AIF,Football,Sweden - Allsvenskan,Bet365,Team Total Goals Away,Goals total / Over-Under,0.5,5
odds_multi_extra_3_latest.json,67126672,IF Elfsborg,Mjallby AIF,Football,Sweden - Allsvenskan,Bet365,1st Half Handicap,Handicap / Spread,Tie (-1),2
odds_multi_extra_3_latest.json,67126672,IF Elfsborg,Mjallby AIF,Football,Sweden - Allsvenskan,Bet365,Corners 2-Way,Other / Unknown,10.5,1
odds_multi_extra_3_latest.json,67126672,IF Elfsborg,Mjallby AIF,Football,Sweden - Allsvenskan,Bet365,Half Time Result,Half-time / Period,1,3
odds_multi_extra_3_latest.json,67126672,IF Elfsborg,Mjallby AIF,Football,Sweden - Allsvenskan,Bet365,Both Teams To Score 2H,Both teams to score,,1
odds_multi_extra_3_latest.json,67126672,IF Elfsborg,Mjallby AIF,Football,Sweden - Allsvenskan,Bet365,Alternative Corners,Other / Unknown,5,12
odds_multi_extra_3_latest.json,67126672,IF Elfsborg,Mjallby AIF,Football,Sweden - Allsvenskan,Bet365,Player to be Booked,Other / Unknown,Julius Magnusson (1),53
odds_multi_extra_3_latest.json,67126672,IF Elfsborg,Mjallby AIF,Football,Sweden - Allsvenskan,Bet365,Team Corners Away,Other / Unknown,4.5,1
odds_multi_extra_3_latest.json,67126672,IF Elfsborg,Mjallby AIF,Football,Sweden - Allsvenskan,Bet365,Alternative Total Goals,Goals total / Over-Under,3.5,6
odds_multi_extra_3_latest.json,67126672,IF Elfsborg,Mjallby AIF,Football,Sweden - Allsvenskan,Bet365,Alternative Asian Handicap,Handicap / Spread,-1.5,13
odds_multi_extra_3_latest.json,67126672,IF Elfsborg,Mjallby AIF,Football,Sweden - Allsvenskan,Bet365,Number of Goals In Match,Other / Unknown,2 or 3 goals,3
odds_multi_extra_3_latest.json,67126672,IF Elfsborg,Mjallby AIF,Football,Sweden - Allsvenskan,Bet365,Team Total Goals Home,Goals total / Over-Under,0.5,5
odds_multi_extra_3_latest.json,67126672,IF Elfsborg,Mjallby AIF,Football,Sweden - Allsvenskan,Bet365,Team Goalscorer,Other / Unknown,Arber Zeneli (First),96
odds_multi_extra_3_latest.json,67126672,IF Elfsborg,Mjallby AIF,Football,Sweden - Allsvenskan,Bet365 (no latency),Spread,Handicap / Spread,0,1
odds_multi_extra_3_latest.json,69109006,FF Jaro Akademia,VPS Akatemia,Football,Finland - Kakkonen Playoffs,Bet365,ML,1X2 / Match result,,1
odds_multi_extra_3_latest.json,69109006,FF Jaro Akademia,VPS Akatemia,Football,Finland - Kakkonen Playoffs,Bet365,Draw No Bet,Other / Unknown,,1
odds_multi_extra_3_latest.json,69109006,FF Jaro Akademia,VPS Akatemia,Football,Finland - Kakkonen Playoffs,Bet365,Double Chance,Double chance,FF Jaro II or Draw,3
odds_multi_extra_3_latest.json,69109006,FF Jaro Akademia,VPS Akatemia,Football,Finland - Kakkonen Playoffs,Bet365,Spread,Handicap / Spread,-0.5,1
odds_multi_extra_3_latest.json,69109006,FF Jaro Akademia,VPS Akatemia,Football,Finland - Kakkonen Playoffs,Bet365,Totals,Goals total / Over-Under,4.5,1
odds_multi_extra_3_latest.json,69109006,FF Jaro Akademia,VPS Akatemia,Football,Finland - Kakkonen Playoffs,Bet365,Goals Over/Under,Goals total / Over-Under,2.5,1
odds_multi_extra_3_latest.json,69109006,FF Jaro Akademia,VPS Akatemia,Football,Finland - Kakkonen Playoffs,Bet365,Both Teams To Score,Both teams to score,,1
odds_multi_extra_3_latest.json,69109006,FF Jaro Akademia,VPS Akatemia,Football,Finland - Kakkonen Playoffs,Bet365,Spread HT,Handicap / Spread,-0.25,1
odds_multi_extra_3_latest.json,69109006,FF Jaro Akademia,VPS Akatemia,Football,Finland - Kakkonen Playoffs,Bet365,Totals HT,Goals total / Over-Under,1.75,1
odds_multi_extra_3_latest.json,69109006,FF Jaro Akademia,VPS Akatemia,Football,Finland - Kakkonen Playoffs,Bet365,European Handicap,Handicap / Spread,1,2
odds_multi_extra_3_latest.json,69109006,FF Jaro Akademia,VPS Akatemia,Football,Finland - Kakkonen Playoffs,Bet365,Corners Totals,Goals total / Over-Under,10.5,1
odds_multi_extra_3_latest.json,69109006,FF Jaro Akademia,VPS Akatemia,Football,Finland - Kakkonen Playoffs,Bet365,Corners Totals HT,Goals total / Over-Under,5,1
odds_multi_extra_3_latest.json,69109006,FF Jaro Akademia,VPS Akatemia,Football,Finland - Kakkonen Playoffs,Bet365,Total Corners,Goals total / Over-Under,Under 6,5
odds_multi_extra_3_latest.json,69109006,FF Jaro Akademia,VPS Akatemia,Football,Finland - Kakkonen Playoffs,Bet365,Corners,Other / Unknown,11,1
odds_multi_extra_3_latest.json,69109006,FF Jaro Akademia,VPS Akatemia,Football,Finland - Kakkonen Playoffs,Bet365,Team Total Goals Away,Goals total / Over-Under,5.5,6
odds_multi_extra_3_latest.json,69109006,FF Jaro Akademia,VPS Akatemia,Football,Finland - Kakkonen Playoffs,Bet365,Alternative Total Goals,Goals total / Over-Under,10.5,10
odds_multi_extra_3_latest.json,69109006,FF Jaro Akademia,VPS Akatemia,Football,Finland - Kakkonen Playoffs,Bet365,Half Time Result,Half-time / Period,1,3
odds_multi_extra_3_latest.json,69109006,FF Jaro Akademia,VPS Akatemia,Football,Finland - Kakkonen Playoffs,Bet365,Alternative Asian Handicap,Handicap / Spread,-2.5,16
odds_multi_extra_3_latest.json,69109006,FF Jaro Akademia,VPS Akatemia,Football,Finland - Kakkonen Playoffs,Bet365,Team Total Goals Home,Goals total / Over-Under,0.5,8
odds_multi_extra_3_latest.json,69109006,FF Jaro Akademia,VPS Akatemia,Football,Finland - Kakkonen Playoffs,Bet365,Specials,Other / Unknown,To Win From Behind (1),2
odds_multi_extra_3_latest.json,69109006,FF Jaro Akademia,VPS Akatemia,Football,Finland - Kakkonen Playoffs,Bet365,Alternative Goal Line,Other / Unknown,2.25,17
odds_multi_extra_3_latest.json,69109006,FF Jaro Akademia,VPS Akatemia,Football,Finland - Kakkonen Playoffs,Bet365,Correct Score,Correct score,2-2,26
odds_multi_extra_3_latest.json,69109006,FF Jaro Akademia,VPS Akatemia,Football,Finland - Kakkonen Playoffs,Bet365,Both Teams To Score HT,Both teams to score,,1
odds_multi_extra_3_latest.json,69109006,FF Jaro Akademia,VPS Akatemia,Football,Finland - Kakkonen Playoffs,Bet365,Number of Goals In Match,Other / Unknown,Under 2 goals,3
odds_multi_extra_3_latest.json,69109006,FF Jaro Akademia,VPS Akatemia,Football,Finland - Kakkonen Playoffs,Bet365,Exact Total Goals,Goals total / Over-Under,0 Goals,8
odds_multi_extra_3_latest.json,69109006,FF Jaro Akademia,VPS Akatemia,Football,Finland - Kakkonen Playoffs,Bet365,1st Half Handicap,Handicap / Spread,Tie (1),2
odds_multi_extra_3_latest.json,69109006,FF Jaro Akademia,VPS Akatemia,Football,Finland - Kakkonen Playoffs,Bet365,Alternative Corners,Other / Unknown,5,13
odds_multi_extra_3_latest.json,69109006,FF Jaro Akademia,VPS Akatemia,Football,Finland - Kakkonen Playoffs,Bet365,Corners 2-Way,Other / Unknown,10.5,1
odds_multi_extra_3_latest.json,69109006,FF Jaro Akademia,VPS Akatemia,Football,Finland - Kakkonen Playoffs,Bet365,Both Teams To Score 2H,Both teams to score,,1
odds_multi_extra_3_latest.json,69109006,FF Jaro Akademia,VPS Akatemia,Football,Finland - Kakkonen Playoffs,Bet365 (no latency),Totals,Goals total / Over-Under,4.5,1
odds_multi_extra_3_latest.json,70232110,Panaitolikos Agrinio,Asteras Tripolis,Football,Greece - Super League,Bet365,ML,1X2 / Match result,,1
odds_multi_extra_3_latest.json,70232110,Panaitolikos Agrinio,Asteras Tripolis,Football,Greece - Super League,Bet365,Draw No Bet,Other / Unknown,,1
odds_multi_extra_3_latest.json,70232110,Panaitolikos Agrinio,Asteras Tripolis,Football,Greece - Super League,Bet365,Double Chance,Double chance,Panetolikos or Draw,3
odds_multi_extra_3_latest.json,70232110,Panaitolikos Agrinio,Asteras Tripolis,Football,Greece - Super League,Bet365,Spread,Handicap / Spread,0,1
odds_multi_extra_3_latest.json,70232110,Panaitolikos Agrinio,Asteras Tripolis,Football,Greece - Super League,Bet365,Totals,Goals total / Over-Under,2.25,1
odds_multi_extra_3_latest.json,70232110,Panaitolikos Agrinio,Asteras Tripolis,Football,Greece - Super League,Bet365,Goals Over/Under,Goals total / Over-Under,2.5,1
odds_multi_extra_3_latest.json,70232110,Panaitolikos Agrinio,Asteras Tripolis,Football,Greece - Super League,Bet365,Spread HT,Handicap / Spread,0,1
odds_multi_extra_3_latest.json,70232110,Panaitolikos Agrinio,Asteras Tripolis,Football,Greece - Super League,Bet365,Totals HT,Goals total / Over-Under,1,1
odds_multi_extra_3_latest.json,70232110,Panaitolikos Agrinio,Asteras Tripolis,Football,Greece - Super League,Bet365,Corners Spread,Handicap / Spread,0,1
odds_multi_extra_3_latest.json,70232110,Panaitolikos Agrinio,Asteras Tripolis,Football,Greece - Super League,Bet365,Corners Totals,Goals total / Over-Under,8.5,1
odds_multi_extra_3_latest.json,70232110,Panaitolikos Agrinio,Asteras Tripolis,Football,Greece - Super League,Bet365,Corners Totals HT,Goals total / Over-Under,4,1
odds_multi_extra_3_latest.json,70232110,Panaitolikos Agrinio,Asteras Tripolis,Football,Greece - Super League,Bet365,Anytime Goalscorer,Other / Unknown,Julian Bartolo,61
odds_multi_extra_3_latest.json,70232110,Panaitolikos Agrinio,Asteras Tripolis,Football,Greece - Super League,Bet365,Multi Scorers,Other / Unknown,Federico Macheda (2 or More) (2),122
odds_multi_extra_3_latest.json,70232110,Panaitolikos Agrinio,Asteras Tripolis,Football,Greece - Super League,Bet365,Team Goalscorer,Other / Unknown,Isaac Mbenza (First),126
odds_multi_extra_3_latest.json,70232110,Panaitolikos Agrinio,Asteras Tripolis,Football,Greece - Super League,Bet365,Player Shots on Target,Other / Unknown,Jorge Aguirre (1),139
odds_multi_extra_3_latest.json,70232110,Panaitolikos Agrinio,Asteras Tripolis,Football,Greece - Super League,Bet365,Corners 2-Way,Other / Unknown,8.5,1
odds_multi_extra_3_latest.json,70232110,Panaitolikos Agrinio,Asteras Tripolis,Football,Greece - Super League,Bet365,Correct Score,Correct score,1-0,21
odds_multi_extra_3_latest.json,70232110,Panaitolikos Agrinio,Asteras Tripolis,Football,Greece - Super League,Bet365,Player To Score or Assist,Other / Unknown,Georgios Charalampoglou (Score) (2),180
odds_multi_extra_3_latest.json,70232110,Panaitolikos Agrinio,Asteras Tripolis,Football,Greece - Super League,Bet365,Goal Method,Other / Unknown,Jorge Aguirre (Header) (1),8
odds_multi_extra_3_latest.json,70232110,Panaitolikos Agrinio,Asteras Tripolis,Football,Greece - Super League,Bet365,Player Shots,Other / Unknown,Giannis Satsias (1),281
odds_multi_extra_3_latest.json,70232110,Panaitolikos Agrinio,Asteras Tripolis,Football,Greece - Super League,Bet365,Corners,Other / Unknown,9,1
odds_multi_extra_3_latest.json,70232110,Panaitolikos Agrinio,Asteras Tripolis,Football,Greece - Super League,Bet365,Half Time Result,Half-time / Period,1,3
odds_multi_extra_3_latest.json,70232110,Panaitolikos Agrinio,Asteras Tripolis,Football,Greece - Super League,Bet365 (no latency),ML,1X2 / Match result,,1
odds_multi_extra_3_latest.json,71563848,Broendby IF,FC Copenhagen,Football,Denmark - Superliga,Bet365,ML,1X2 / Match result,,1
odds_multi_extra_3_latest.json,71563848,Broendby IF,FC Copenhagen,Football,Denmark - Superliga,Bet365,Draw No Bet,Other / Unknown,,1
odds_multi_extra_3_latest.json,71563848,Broendby IF,FC Copenhagen,Football,Denmark - Superliga,Bet365,Double Chance,Double chance,Brondby or FC Copenhagen,3
odds_multi_extra_3_latest.json,71563848,Broendby IF,FC Copenhagen,Football,Denmark - Superliga,Bet365,Spread,Handicap / Spread,0.25,1
odds_multi_extra_3_latest.json,71563848,Broendby IF,FC Copenhagen,Football,Denmark - Superliga,Bet365,Totals,Goals total / Over-Under,2.5,1
odds_multi_extra_3_latest.json,71563848,Broendby IF,FC Copenhagen,Football,Denmark - Superliga,Bet365,Goals Over/Under,Goals total / Over-Under,2.5,1
odds_multi_extra_3_latest.json,71563848,Broendby IF,FC Copenhagen,Football,Denmark - Superliga,Bet365,Both Teams To Score,Both teams to score,,1
odds_multi_extra_3_latest.json,71563848,Broendby IF,FC Copenhagen,Football,Denmark - Superliga,Bet365,Spread HT,Handicap / Spread,0,1
odds_multi_extra_3_latest.json,71563848,Broendby IF,FC Copenhagen,Football,Denmark - Superliga,Bet365,Totals HT,Goals total / Over-Under,1,1
odds_multi_extra_3_latest.json,71563848,Broendby IF,FC Copenhagen,Football,Denmark - Superliga,Bet365,European Handicap,Handicap / Spread,1,4
odds_multi_extra_3_latest.json,71563848,Broendby IF,FC Copenhagen,Football,Denmark - Superliga,Bet365,Corners Spread,Handicap / Spread,0.5,1
odds_multi_extra_3_latest.json,71563848,Broendby IF,FC Copenhagen,Football,Denmark - Superliga,Bet365,Corners Totals,Goals total / Over-Under,9.5,1
odds_multi_extra_3_latest.json,71563848,Broendby IF,FC Copenhagen,Football,Denmark - Superliga,Bet365,Corners Totals HT,Goals total / Over-Under,4.5,1
odds_multi_extra_3_latest.json,71563848,Broendby IF,FC Copenhagen,Football,Denmark - Superliga,Bet365,Anytime Goalscorer,Other / Unknown,Elias Achouri,54
odds_multi_extra_3_latest.json,71563848,Broendby IF,FC Copenhagen,Football,Denmark - Superliga,Bet365,Corners Race,Other / Unknown,3,4
odds_multi_extra_3_latest.json,71563848,Broendby IF,FC Copenhagen,Football,Denmark - Superliga,Bet365,Corners,Other / Unknown,9,1
odds_multi_extra_3_latest.json,71563848,Broendby IF,FC Copenhagen,Football,Denmark - Superliga,Bet365,Corner Handicap,Handicap / Spread,1 (1),2
odds_multi_extra_3_latest.json,71563848,Broendby IF,FC Copenhagen,Football,Denmark - Superliga,Bet365,Exact Total Goals,Goals total / Over-Under,3 Goals,8
odds_multi_extra_3_latest.json,71563848,Broendby IF,FC Copenhagen,Football,Denmark - Superliga,Bet365,Method of Victory,Other / Unknown,90 Mins (2),2
odds_multi_extra_3_latest.json,71563848,Broendby IF,FC Copenhagen,Football,Denmark - Superliga,Bet365,Player Cards,Other / Unknown,Zanka Jorgensen (2),61
odds_multi_extra_3_latest.json,71563848,Broendby IF,FC Copenhagen,Football,Denmark - Superliga,Bet365,Team Total Goals Home,Goals total / Over-Under,2.5,5
odds_multi_extra_3_latest.json,71563848,Broendby IF,FC Copenhagen,Football,Denmark - Superliga,Bet365,Alternative Corners,Other / Unknown,15,12
odds_multi_extra_3_latest.json,71563848,Broendby IF,FC Copenhagen,Football,Denmark - Superliga,Bet365,Alternative Asian Handicap,Handicap / Spread,-1.25,13
odds_multi_extra_3_latest.json,71563848,Broendby IF,FC Copenhagen,Football,Denmark - Superliga,Bet365,Team Corners Home,Other / Unknown,4.5,1
odds_multi_extra_3_latest.json,71563848,Broendby IF,FC Copenhagen,Football,Denmark - Superliga,Bet365,Half Time Result,Half-time / Period,1,3
odds_multi_extra_3_latest.json,71563848,Broendby IF,FC Copenhagen,Football,Denmark - Superliga,Bet365,Alternative Total Goals,Goals total / Over-Under,7.5,7
odds_multi_extra_3_latest.json,71563848,Broendby IF,FC Copenhagen,Football,Denmark - Superliga,Bet365,Player Shots,Other / Unknown,Robert Silva (2),282
odds_multi_extra_3_latest.json,71563848,Broendby IF,FC Copenhagen,Football,Denmark - Superliga,Bet365,Team Goalscorer,Other / Unknown,Filip Bundgaard (Last),112
odds_multi_extra_3_latest.json,71563848,Broendby IF,FC Copenhagen,Football,Denmark - Superliga,Bet365,1st Half Handicap,Handicap / Spread,Tie (-1),2
odds_multi_extra_3_latest.json,71563848,Broendby IF,FC Copenhagen,Football,Denmark - Superliga,Bet365,Both Teams To Score 2H,Both teams to score,,1
odds_multi_extra_3_latest.json,71563848,Broendby IF,FC Copenhagen,Football,Denmark - Superliga,Bet365,Correct Score,Correct score,1-0,23
odds_multi_extra_3_latest.json,71563848,Broendby IF,FC Copenhagen,Football,Denmark - Superliga,Bet365,Player to be Booked,Other / Unknown,Zanka Jorgensen (2),61
odds_multi_extra_3_latest.json,71563848,Broendby IF,FC Copenhagen,Football,Denmark - Superliga,Bet365,Player To Score or Assist,Other / Unknown,Birger Meling (Score) (2),162
odds_multi_extra_3_latest.json,71563848,Broendby IF,FC Copenhagen,Football,Denmark - Superliga,Bet365,Total Corners,Goals total / Over-Under,Under 6,5
odds_multi_extra_3_latest.json,71563848,Broendby IF,FC Copenhagen,Football,Denmark - Superliga,Bet365,Both Teams To Score HT,Both teams to score,,1
odds_multi_extra_3_latest.json,71563848,Broendby IF,FC Copenhagen,Football,Denmark - Superliga,Bet365,First 10 Minutes (00:00 - 09:59),Other / Unknown,Corners (Over) (0.5),1
odds_multi_extra_3_latest.json,71563848,Broendby IF,FC Copenhagen,Football,Denmark - Superliga,Bet365,Team Corners Away,Other / Unknown,4.5,1
odds_multi_extra_3_latest.json,71563848,Broendby IF,FC Copenhagen,Football,Denmark - Superliga,Bet365,Team Total Goals Away,Goals total / Over-Under,1.5,5
odds_multi_extra_3_latest.json,71563848,Broendby IF,FC Copenhagen,Football,Denmark - Superliga,Bet365,Number of Goals In Match,Other / Unknown,Under 2 goals,3
odds_multi_extra_3_latest.json,71563848,Broendby IF,FC Copenhagen,Football,Denmark - Superliga,Bet365,Corners 2-Way,Other / Unknown,9.5,1
odds_multi_extra_3_latest.json,71563848,Broendby IF,FC Copenhagen,Football,Denmark - Superliga,Bet365,Multi Scorers,Other / Unknown,Mayckel Lahdo (2 or More) (1),108
odds_multi_extra_3_latest.json,71563848,Broendby IF,FC Copenhagen,Football,Denmark - Superliga,Bet365,Player Shots on Target,Other / Unknown,Birger Meling (2),143
odds_multi_extra_3_latest.json,71563848,Broendby IF,FC Copenhagen,Football,Denmark - Superliga,Bet365,Specials,Other / Unknown,To Win From Behind (1),2
odds_multi_extra_3_latest.json,71563848,Broendby IF,FC Copenhagen,Football,Denmark - Superliga,Bet365,Alternative Goal Line,Other / Unknown,1.5,13
odds_multi_extra_3_latest.json,71563848,Broendby IF,FC Copenhagen,Football,Denmark - Superliga,Bet365 (no latency),ML,1X2 / Match result,,1
odds_multi_extra_4_latest.json,69923684,FC Lasten,Ylojarvi United FC,Football,Finland - Kolmonen,Bet365,ML,1X2 / Match result,,1
odds_multi_extra_4_latest.json,69923684,FC Lasten,Ylojarvi United FC,Football,Finland - Kolmonen,Bet365,Draw No Bet,Other / Unknown,,1
odds_multi_extra_4_latest.json,69923684,FC Lasten,Ylojarvi United FC,Football,Finland - Kolmonen,Bet365,Double Chance,Double chance,FC Lasten or Draw,3
odds_multi_extra_4_latest.json,69923684,FC Lasten,Ylojarvi United FC,Football,Finland - Kolmonen,Bet365,Spread,Handicap / Spread,-1.25,1
odds_multi_extra_4_latest.json,69923684,FC Lasten,Ylojarvi United FC,Football,Finland - Kolmonen,Bet365,Totals,Goals total / Over-Under,4,1
odds_multi_extra_4_latest.json,69923684,FC Lasten,Ylojarvi United FC,Football,Finland - Kolmonen,Bet365,Goals Over/Under,Goals total / Over-Under,2.5,1
odds_multi_extra_4_latest.json,69923684,FC Lasten,Ylojarvi United FC,Football,Finland - Kolmonen,Bet365,Spread HT,Handicap / Spread,-0.5,1
odds_multi_extra_4_latest.json,69923684,FC Lasten,Ylojarvi United FC,Football,Finland - Kolmonen,Bet365,Totals HT,Goals total / Over-Under,1.75,1
odds_multi_extra_4_latest.json,69923684,FC Lasten,Ylojarvi United FC,Football,Finland - Kolmonen,Bet365,Corners Totals,Goals total / Over-Under,9.5,1
odds_multi_extra_4_latest.json,69923684,FC Lasten,Ylojarvi United FC,Football,Finland - Kolmonen,Bet365,Corners Totals HT,Goals total / Over-Under,4.5,1
odds_multi_extra_4_latest.json,69923684,FC Lasten,Ylojarvi United FC,Football,Finland - Kolmonen,Bet365,Corners 2-Way,Other / Unknown,9.5,1
odds_multi_extra_4_latest.json,69923684,FC Lasten,Ylojarvi United FC,Football,Finland - Kolmonen,Bet365,Correct Score,Correct score,0-0,26
odds_multi_extra_4_latest.json,69923684,FC Lasten,Ylojarvi United FC,Football,Finland - Kolmonen,Bet365,Half Time Result,Half-time / Period,1,3
odds_multi_extra_4_latest.json,69923684,FC Lasten,Ylojarvi United FC,Football,Finland - Kolmonen,Bet365,Corners,Other / Unknown,9,1
odds_multi_extra_4_latest.json,69923684,FC Lasten,Ylojarvi United FC,Football,Finland - Kolmonen,Bet365 (no latency),ML,1X2 / Match result,,1
odds_multi_extra_4_latest.json,69923684,FC Lasten,Ylojarvi United FC,Football,Finland - Kolmonen,Bet365 (no latency),Spread,Handicap / Spread,-1.25,1
odds_multi_extra_4_latest.json,69923684,FC Lasten,Ylojarvi United FC,Football,Finland - Kolmonen,Bet365 (no latency),Totals,Goals total / Over-Under,4,1
odds_multi_extra_4_latest.json,70684198,Ppj/Lauttasaari,Valtti,Football,Finland - Kolmonen,Bet365,ML,1X2 / Match result,,1
odds_multi_extra_4_latest.json,70684198,Ppj/Lauttasaari,Valtti,Football,Finland - Kolmonen,Bet365,Draw No Bet,Other / Unknown,,1
odds_multi_extra_4_latest.json,70684198,Ppj/Lauttasaari,Valtti,Football,Finland - Kolmonen,Bet365,Double Chance,Double chance,PPJ/Lauttasaari or Draw,3
odds_multi_extra_4_latest.json,70684198,Ppj/Lauttasaari,Valtti,Football,Finland - Kolmonen,Bet365,Spread,Handicap / Spread,-0.25,1
odds_multi_extra_4_latest.json,70684198,Ppj/Lauttasaari,Valtti,Football,Finland - Kolmonen,Bet365,Totals,Goals total / Over-Under,3.5,1
odds_multi_extra_4_latest.json,70684198,Ppj/Lauttasaari,Valtti,Football,Finland - Kolmonen,Bet365,Goals Over/Under,Goals total / Over-Under,2.5,1
odds_multi_extra_4_latest.json,70684198,Ppj/Lauttasaari,Valtti,Football,Finland - Kolmonen,Bet365,Spread HT,Handicap / Spread,0,1
odds_multi_extra_4_latest.json,70684198,Ppj/Lauttasaari,Valtti,Football,Finland - Kolmonen,Bet365,Corners Totals,Goals total / Over-Under,10,1
odds_multi_extra_4_latest.json,70684198,Ppj/Lauttasaari,Valtti,Football,Finland - Kolmonen,Bet365,Corners Totals HT,Goals total / Over-Under,4.5,1
odds_multi_extra_4_latest.json,70684198,Ppj/Lauttasaari,Valtti,Football,Finland - Kolmonen,Bet365,Half Time Result,Half-time / Period,1,3
odds_multi_extra_4_latest.json,70684198,Ppj/Lauttasaari,Valtti,Football,Finland - Kolmonen,Bet365,Correct Score,Correct score,0-0,20
odds_multi_extra_4_latest.json,70684198,Ppj/Lauttasaari,Valtti,Football,Finland - Kolmonen,Bet365,1st Half Goal Line,Half-time / Period,1.5,1
odds_multi_extra_4_latest.json,70684198,Ppj/Lauttasaari,Valtti,Football,Finland - Kolmonen,Bet365,Corners,Other / Unknown,10,1
odds_multi_extra_4_latest.json,70684198,Ppj/Lauttasaari,Valtti,Football,Finland - Kolmonen,Bet365,Corners 2-Way,Other / Unknown,10.5,1
odds_multi_extra_4_latest.json,70684198,Ppj/Lauttasaari,Valtti,Football,Finland - Kolmonen,Bet365 (no latency),ML,1X2 / Match result,,1
odds_multi_extra_4_latest.json,70684198,Ppj/Lauttasaari,Valtti,Football,Finland - Kolmonen,Bet365 (no latency),Spread,Handicap / Spread,-0.25,1
odds_multi_extra_4_latest.json,70684198,Ppj/Lauttasaari,Valtti,Football,Finland - Kolmonen,Bet365 (no latency),Totals,Goals total / Over-Under,3.5,1
odds_multi_extra_4_latest.json,61466383,SK Treibach,FC Gleisdorf 09,Football,Austria Amateur - Regionalliga Centre,Bet365,ML,1X2 / Match result,,1
odds_multi_extra_4_latest.json,61466383,SK Treibach,FC Gleisdorf 09,Football,Austria Amateur - Regionalliga Centre,Bet365,Draw No Bet,Other / Unknown,,1
odds_multi_extra_4_latest.json,61466383,SK Treibach,FC Gleisdorf 09,Football,Austria Amateur - Regionalliga Centre,Bet365,Double Chance,Double chance,SK Treibach or Draw,3
odds_multi_extra_4_latest.json,61466383,SK Treibach,FC Gleisdorf 09,Football,Austria Amateur - Regionalliga Centre,Bet365,Spread,Handicap / Spread,0.5,1
odds_multi_extra_4_latest.json,61466383,SK Treibach,FC Gleisdorf 09,Football,Austria Amateur - Regionalliga Centre,Bet365,Totals,Goals total / Over-Under,3,1
odds_multi_extra_4_latest.json,61466383,SK Treibach,FC Gleisdorf 09,Football,Austria Amateur - Regionalliga Centre,Bet365,Goals Over/Under,Goals total / Over-Under,2.5,1
odds_multi_extra_4_latest.json,61466383,SK Treibach,FC Gleisdorf 09,Football,Austria Amateur - Regionalliga Centre,Bet365,Spread HT,Handicap / Spread,0.25,1
odds_multi_extra_4_latest.json,61466383,SK Treibach,FC Gleisdorf 09,Football,Austria Amateur - Regionalliga Centre,Bet365,Totals HT,Goals total / Over-Under,1.25,1
odds_multi_extra_4_latest.json,61466383,SK Treibach,FC Gleisdorf 09,Football,Austria Amateur - Regionalliga Centre,Bet365,Corners Totals,Goals total / Over-Under,8,1
odds_multi_extra_4_latest.json,61466383,SK Treibach,FC Gleisdorf 09,Football,Austria Amateur - Regionalliga Centre,Bet365,Corners Totals HT,Goals total / Over-Under,3.5,1
odds_multi_extra_4_latest.json,61466383,SK Treibach,FC Gleisdorf 09,Football,Austria Amateur - Regionalliga Centre,Bet365,Corners 2-Way,Other / Unknown,8.5,1
odds_multi_extra_4_latest.json,61466383,SK Treibach,FC Gleisdorf 09,Football,Austria Amateur - Regionalliga Centre,Bet365,Half Time Result,Half-time / Period,Draw,3
odds_multi_extra_4_latest.json,61466383,SK Treibach,FC Gleisdorf 09,Football,Austria Amateur - Regionalliga Centre,Bet365,Correct Score,Correct score,1-0,19
odds_multi_extra_4_latest.json,61466383,SK Treibach,FC Gleisdorf 09,Football,Austria Amateur - Regionalliga Centre,Bet365,Corners,Other / Unknown,8,1
odds_multi_extra_4_latest.json,68320188,IK Tord,Skara FC,Football,"Sweden - Division 2, Promotion Playoffs",Bet365,ML,1X2 / Match result,,1
odds_multi_extra_4_latest.json,68320188,IK Tord,Skara FC,Football,"Sweden - Division 2, Promotion Playoffs",Bet365,Draw No Bet,Other / Unknown,,1
odds_multi_extra_4_latest.json,68320188,IK Tord,Skara FC,Football,"Sweden - Division 2, Promotion Playoffs",Bet365,Double Chance,Double chance,IK Tord or Draw,3
odds_multi_extra_4_latest.json,68320188,IK Tord,Skara FC,Football,"Sweden - Division 2, Promotion Playoffs",Bet365,Spread,Handicap / Spread,0.5,1
odds_multi_extra_4_latest.json,68320188,IK Tord,Skara FC,Football,"Sweden - Division 2, Promotion Playoffs",Bet365,Totals,Goals total / Over-Under,3.25,1
odds_multi_extra_4_latest.json,68320188,IK Tord,Skara FC,Football,"Sweden - Division 2, Promotion Playoffs",Bet365,Goals Over/Under,Goals total / Over-Under,2.5,1
odds_multi_extra_4_latest.json,68320188,IK Tord,Skara FC,Football,"Sweden - Division 2, Promotion Playoffs",Bet365,Both Teams To Score,Both teams to score,,1
odds_multi_extra_4_latest.json,68320188,IK Tord,Skara FC,Football,"Sweden - Division 2, Promotion Playoffs",Bet365,Spread HT,Handicap / Spread,0.25,1
odds_multi_extra_4_latest.json,68320188,IK Tord,Skara FC,Football,"Sweden - Division 2, Promotion Playoffs",Bet365,Totals HT,Goals total / Over-Under,1.25,1
odds_multi_extra_4_latest.json,68320188,IK Tord,Skara FC,Football,"Sweden - Division 2, Promotion Playoffs",Bet365,European Handicap,Handicap / Spread,-2,6
odds_multi_extra_4_latest.json,68320188,IK Tord,Skara FC,Football,"Sweden - Division 2, Promotion Playoffs",Bet365,Corners Totals,Goals total / Over-Under,9,1
odds_multi_extra_4_latest.json,68320188,IK Tord,Skara FC,Football,"Sweden - Division 2, Promotion Playoffs",Bet365,Corners Totals HT,Goals total / Over-Under,4,1
odds_multi_extra_4_latest.json,68320188,IK Tord,Skara FC,Football,"Sweden - Division 2, Promotion Playoffs",Bet365,Corners,Other / Unknown,9,1
odds_multi_extra_4_latest.json,68320188,IK Tord,Skara FC,Football,"Sweden - Division 2, Promotion Playoffs",Bet365,Team Total Goals Home,Goals total / Over-Under,4.5,5
odds_multi_extra_4_latest.json,68320188,IK Tord,Skara FC,Football,"Sweden - Division 2, Promotion Playoffs",Bet365,Alternative Asian Handicap,Handicap / Spread,-1.25,15
odds_multi_extra_4_latest.json,68320188,IK Tord,Skara FC,Football,"Sweden - Division 2, Promotion Playoffs",Bet365,Specials,Other / Unknown,To Win From Behind (1),2
odds_multi_extra_4_latest.json,68320188,IK Tord,Skara FC,Football,"Sweden - Division 2, Promotion Playoffs",Bet365,Alternative Goal Line,Other / Unknown,1.5,16
odds_multi_extra_4_latest.json,68320188,IK Tord,Skara FC,Football,"Sweden - Division 2, Promotion Playoffs",Bet365,Alternative Total Goals,Goals total / Over-Under,0.5,8
odds_multi_extra_4_latest.json,68320188,IK Tord,Skara FC,Football,"Sweden - Division 2, Promotion Playoffs",Bet365,Both Teams To Score 2H,Both teams to score,,1
odds_multi_extra_4_latest.json,68320188,IK Tord,Skara FC,Football,"Sweden - Division 2, Promotion Playoffs",Bet365,Half Time Result,Half-time / Period,1,3
odds_multi_extra_4_latest.json,68320188,IK Tord,Skara FC,Football,"Sweden - Division 2, Promotion Playoffs",Bet365,Team Total Goals Away,Goals total / Over-Under,5.5,6
odds_multi_extra_4_latest.json,68320188,IK Tord,Skara FC,Football,"Sweden - Division 2, Promotion Playoffs",Bet365,Corners 2-Way,Other / Unknown,9.5,1
odds_multi_extra_4_latest.json,68320188,IK Tord,Skara FC,Football,"Sweden - Division 2, Promotion Playoffs",Bet365,Total Corners,Goals total / Over-Under,Under 6,5
odds_multi_extra_4_latest.json,68320188,IK Tord,Skara FC,Football,"Sweden - Division 2, Promotion Playoffs",Bet365,1st Half Handicap,Handicap / Spread,1 (1),2
odds_multi_extra_4_latest.json,68320188,IK Tord,Skara FC,Football,"Sweden - Division 2, Promotion Playoffs",Bet365,Number of Goals In Match,Other / Unknown,Under 2 goals,3
odds_multi_extra_4_latest.json,68320188,IK Tord,Skara FC,Football,"Sweden - Division 2, Promotion Playoffs",Bet365,Exact Total Goals,Goals total / Over-Under,1 Goal,8
odds_multi_extra_4_latest.json,68320188,IK Tord,Skara FC,Football,"Sweden - Division 2, Promotion Playoffs",Bet365,Both Teams To Score HT,Both teams to score,,1
odds_multi_extra_4_latest.json,68320188,IK Tord,Skara FC,Football,"Sweden - Division 2, Promotion Playoffs",Bet365,Correct Score,Correct score,1-0,22
odds_multi_extra_4_latest.json,68320188,IK Tord,Skara FC,Football,"Sweden - Division 2, Promotion Playoffs",Bet365,Alternative Corners,Other / Unknown,11,12
odds_multi_extra_4_latest.json,68320188,IK Tord,Skara FC,Football,"Sweden - Division 2, Promotion Playoffs",Bet365 (no latency),Spread,Handicap / Spread,0.5,1
odds_multi_extra_4_latest.json,68320188,IK Tord,Skara FC,Football,"Sweden - Division 2, Promotion Playoffs",Bet365 (no latency),Totals,Goals total / Over-Under,3.25,1
odds_multi_extra_4_latest.json,67919630,Ntnui,Ranheim 2,Football,Norway - 3rd Division Group 2,Bet365,ML,1X2 / Match result,,1
odds_multi_extra_4_latest.json,67919630,Ntnui,Ranheim 2,Football,Norway - 3rd Division Group 2,Bet365,Draw No Bet,Other / Unknown,,1
odds_multi_extra_4_latest.json,67919630,Ntnui,Ranheim 2,Football,Norway - 3rd Division Group 2,Bet365,Double Chance,Double chance,NTNUI or Draw,3
odds_multi_extra_4_latest.json,67919630,Ntnui,Ranheim 2,Football,Norway - 3rd Division Group 2,Bet365,Spread,Handicap / Spread,-0.25,1
odds_multi_extra_4_latest.json,67919630,Ntnui,Ranheim 2,Football,Norway - 3rd Division Group 2,Bet365,Totals,Goals total / Over-Under,4.75,1
odds_multi_extra_4_latest.json,67919630,Ntnui,Ranheim 2,Football,Norway - 3rd Division Group 2,Bet365,Goals Over/Under,Goals total / Over-Under,2.5,1
odds_multi_extra_4_latest.json,67919630,Ntnui,Ranheim 2,Football,Norway - 3rd Division Group 2,Bet365,Spread HT,Handicap / Spread,0,1
odds_multi_extra_4_latest.json,67919630,Ntnui,Ranheim 2,Football,Norway - 3rd Division Group 2,Bet365,Totals HT,Goals total / Over-Under,2,1
odds_multi_extra_4_latest.json,67919630,Ntnui,Ranheim 2,Football,Norway - 3rd Division Group 2,Bet365,Corners Totals,Goals total / Over-Under,10,1
odds_multi_extra_4_latest.json,67919630,Ntnui,Ranheim 2,Football,Norway - 3rd Division Group 2,Bet365,Corners Totals HT,Goals total / Over-Under,4.5,1
odds_multi_extra_4_latest.json,67919630,Ntnui,Ranheim 2,Football,Norway - 3rd Division Group 2,Bet365,Correct Score,Correct score,3-2,23
odds_multi_extra_4_latest.json,67919630,Ntnui,Ranheim 2,Football,Norway - 3rd Division Group 2,Bet365,Corners 2-Way,Other / Unknown,9.5,1
odds_multi_extra_4_latest.json,67919630,Ntnui,Ranheim 2,Football,Norway - 3rd Division Group 2,Bet365,Corners,Other / Unknown,10,1
odds_multi_extra_4_latest.json,67919630,Ntnui,Ranheim 2,Football,Norway - 3rd Division Group 2,Bet365,Half Time Result,Half-time / Period,1,3
odds_multi_extra_4_latest.json,67919630,Ntnui,Ranheim 2,Football,Norway - 3rd Division Group 2,Bet365 (no latency),Totals,Goals total / Over-Under,4.75,1
odds_multi_extra_4_latest.json,68492536,FC RFS,FS Jelgava,Football,Latvia - Virsliga,Bet365,ML,1X2 / Match result,,1
odds_multi_extra_4_latest.json,68492536,FC RFS,FS Jelgava,Football,Latvia - Virsliga,Bet365,Draw No Bet,Other / Unknown,,1
odds_multi_extra_4_latest.json,68492536,FC RFS,FS Jelgava,Football,Latvia - Virsliga,Bet365,Double Chance,Double chance,RFS or Draw,3
odds_multi_extra_4_latest.json,68492536,FC RFS,FS Jelgava,Football,Latvia - Virsliga,Bet365,Spread,Handicap / Spread,-2.25,1
odds_multi_extra_4_latest.json,68492536,FC RFS,FS Jelgava,Football,Latvia - Virsliga,Bet365,Totals,Goals total / Over-Under,3.25,1
odds_multi_extra_4_latest.json,68492536,FC RFS,FS Jelgava,Football,Latvia - Virsliga,Bet365,Goals Over/Under,Goals total / Over-Under,2.5,1
odds_multi_extra_4_latest.json,68492536,FC RFS,FS Jelgava,Football,Latvia - Virsliga,Bet365,Both Teams To Score,Both teams to score,,1
odds_multi_extra_4_latest.json,68492536,FC RFS,FS Jelgava,Football,Latvia - Virsliga,Bet365,Spread HT,Handicap / Spread,-1,1
odds_multi_extra_4_latest.json,68492536,FC RFS,FS Jelgava,Football,Latvia - Virsliga,Bet365,European Handicap,Handicap / Spread,-4,4
odds_multi_extra_4_latest.json,68492536,FC RFS,FS Jelgava,Football,Latvia - Virsliga,Bet365,Corners Totals,Goals total / Over-Under,10.5,1
odds_multi_extra_4_latest.json,68492536,FC RFS,FS Jelgava,Football,Latvia - Virsliga,Bet365,Corners Totals HT,Goals total / Over-Under,5,1
odds_multi_extra_4_latest.json,68492536,FC RFS,FS Jelgava,Football,Latvia - Virsliga,Bet365,Specials,Other / Unknown,To Win From Behind (1),2
odds_multi_extra_4_latest.json,68492536,FC RFS,FS Jelgava,Football,Latvia - Virsliga,Bet365,Alternative Goal Line,Other / Unknown,1.5,16
odds_multi_extra_4_latest.json,68492536,FC RFS,FS Jelgava,Football,Latvia - Virsliga,Bet365,Alternative Corners,Other / Unknown,12,13
odds_multi_extra_4_latest.json,68492536,FC RFS,FS Jelgava,Football,Latvia - Virsliga,Bet365,Half Time Result,Half-time / Period,Draw,3
odds_multi_extra_4_latest.json,68492536,FC RFS,FS Jelgava,Football,Latvia - Virsliga,Bet365,Number of Goals In Match,Other / Unknown,Under 2 goals,3
odds_multi_extra_4_latest.json,68492536,FC RFS,FS Jelgava,Football,Latvia - Virsliga,Bet365,Both Teams To Score 2H,Both teams to score,,1
odds_multi_extra_4_latest.json,68492536,FC RFS,FS Jelgava,Football,Latvia - Virsliga,Bet365,Correct Score,Correct score,0-0,27
odds_multi_extra_4_latest.json,68492536,FC RFS,FS Jelgava,Football,Latvia - Virsliga,Bet365,1st Half Handicap,Handicap / Spread,1 (-1),2
odds_multi_extra_4_latest.json,68492536,FC RFS,FS Jelgava,Football,Latvia - Virsliga,Bet365,Exact Total Goals,Goals total / Over-Under,0 Goals,8
odds_multi_extra_4_latest.json,68492536,FC RFS,FS Jelgava,Football,Latvia - Virsliga,Bet365,Corners,Other / Unknown,11,1
odds_multi_extra_4_latest.json,68492536,FC RFS,FS Jelgava,Football,Latvia - Virsliga,Bet365,Team Total Goals Home,Goals total / Over-Under,1.5,8
odds_multi_extra_4_latest.json,68492536,FC RFS,FS Jelgava,Football,Latvia - Virsliga,Bet365,Total Corners,Goals total / Over-Under,Under 6,5
odds_multi_extra_4_latest.json,68492536,FC RFS,FS Jelgava,Football,Latvia - Virsliga,Bet365,Alternative Asian Handicap,Handicap / Spread,-1.25,15
odds_multi_extra_4_latest.json,68492536,FC RFS,FS Jelgava,Football,Latvia - Virsliga,Bet365,Both Teams To Score HT,Both teams to score,,1
odds_multi_extra_4_latest.json,68492536,FC RFS,FS Jelgava,Football,Latvia - Virsliga,Bet365,Team Total Goals Away,Goals total / Over-Under,0.5,3
odds_multi_extra_4_latest.json,68492536,FC RFS,FS Jelgava,Football,Latvia - Virsliga,Bet365,Corners 2-Way,Other / Unknown,10.5,1
odds_multi_extra_4_latest.json,68492536,FC RFS,FS Jelgava,Football,Latvia - Virsliga,Bet365,1st Half Goal Line,Half-time / Period,1.5,1
odds_multi_extra_4_latest.json,68492536,FC RFS,FS Jelgava,Football,Latvia - Virsliga,Bet365,Alternative Total Goals,Goals total / Over-Under,6.5,8
odds_multi_extra_4_latest.json,68492536,FC RFS,FS Jelgava,Football,Latvia - Virsliga,Bet365 (no latency),Totals,Goals total / Over-Under,2.5,1
odds_multi_extra_4_latest.json,70224454,FC Rustavi,FC Samgurali Tskaltubo,Football,Georgia - Erovnuli Liga,Bet365,ML,1X2 / Match result,,1
odds_multi_extra_4_latest.json,70224454,FC Rustavi,FC Samgurali Tskaltubo,Football,Georgia - Erovnuli Liga,Bet365,Draw No Bet,Other / Unknown,,1
odds_multi_extra_4_latest.json,70224454,FC Rustavi,FC Samgurali Tskaltubo,Football,Georgia - Erovnuli Liga,Bet365,Double Chance,Double chance,FC Rustavi or Draw,3
odds_multi_extra_4_latest.json,70224454,FC Rustavi,FC Samgurali Tskaltubo,Football,Georgia - Erovnuli Liga,Bet365,Spread,Handicap / Spread,-0.25,1
odds_multi_extra_4_latest.json,70224454,FC Rustavi,FC Samgurali Tskaltubo,Football,Georgia - Erovnuli Liga,Bet365,Totals,Goals total / Over-Under,2.5,1
odds_multi_extra_4_latest.json,70224454,FC Rustavi,FC Samgurali Tskaltubo,Football,Georgia - Erovnuli Liga,Bet365,Goals Over/Under,Goals total / Over-Under,2.5,1
odds_multi_extra_4_latest.json,70224454,FC Rustavi,FC Samgurali Tskaltubo,Football,Georgia - Erovnuli Liga,Bet365,Spread HT,Handicap / Spread,-0.25,1
odds_multi_extra_4_latest.json,70224454,FC Rustavi,FC Samgurali Tskaltubo,Football,Georgia - Erovnuli Liga,Bet365,Totals HT,Goals total / Over-Under,1,1
odds_multi_extra_4_latest.json,70224454,FC Rustavi,FC Samgurali Tskaltubo,Football,Georgia - Erovnuli Liga,Bet365,Correct Score,Correct score,0-0,15
odds_multi_extra_4_latest.json,70224454,FC Rustavi,FC Samgurali Tskaltubo,Football,Georgia - Erovnuli Liga,Bet365,Half Time Result,Half-time / Period,1,3
odds_multi_extra_4_latest.json,70224454,FC Rustavi,FC Samgurali Tskaltubo,Football,Georgia - Erovnuli Liga,Bet365 (no latency),ML,1X2 / Match result,,1
odds_multi_extra_4_latest.json,70224454,FC Rustavi,FC Samgurali Tskaltubo,Football,Georgia - Erovnuli Liga,Bet365 (no latency),Totals,Goals total / Over-Under,2.5,1
odds_multi_extra_4_latest.json,70663780,Tarup-Paarup IF,Vorup FB,Football,Denmark Amateur - Danmarksserien,Bet365,ML,1X2 / Match result,,1
odds_multi_extra_4_latest.json,70663780,Tarup-Paarup IF,Vorup FB,Football,Denmark Amateur - Danmarksserien,Bet365,Draw No Bet,Other / Unknown,,1
odds_multi_extra_4_latest.json,70663780,Tarup-Paarup IF,Vorup FB,Football,Denmark Amateur - Danmarksserien,Bet365,Double Chance,Double chance,Tarup-Paarup or Draw,3
odds_multi_extra_4_latest.json,70663780,Tarup-Paarup IF,Vorup FB,Football,Denmark Amateur - Danmarksserien,Bet365,Spread,Handicap / Spread,1.5,1
odds_multi_extra_4_latest.json,70663780,Tarup-Paarup IF,Vorup FB,Football,Denmark Amateur - Danmarksserien,Bet365,Totals,Goals total / Over-Under,3.5,1
odds_multi_extra_4_latest.json,70663780,Tarup-Paarup IF,Vorup FB,Football,Denmark Amateur - Danmarksserien,Bet365,Goals Over/Under,Goals total / Over-Under,2.5,1
odds_multi_extra_4_latest.json,70663780,Tarup-Paarup IF,Vorup FB,Football,Denmark Amateur - Danmarksserien,Bet365,Spread HT,Handicap / Spread,0.5,1
odds_multi_extra_4_latest.json,70663780,Tarup-Paarup IF,Vorup FB,Football,Denmark Amateur - Danmarksserien,Bet365,Corners Totals,Goals total / Over-Under,10,1
odds_multi_extra_4_latest.json,70663780,Tarup-Paarup IF,Vorup FB,Football,Denmark Amateur - Danmarksserien,Bet365,1st Half Goal Line,Half-time / Period,1.5,1
odds_multi_extra_4_latest.json,70663780,Tarup-Paarup IF,Vorup FB,Football,Denmark Amateur - Danmarksserien,Bet365,Half Time Result,Half-time / Period,1,3
odds_multi_extra_4_latest.json,70663780,Tarup-Paarup IF,Vorup FB,Football,Denmark Amateur - Danmarksserien,Bet365,Correct Score,Correct score,0-0,23
odds_multi_extra_4_latest.json,69880336,Wadi Degla SC,Zed FC,Football,Egypt - Premier League,Bet365,ML,1X2 / Match result,,1
odds_multi_extra_4_latest.json,69880336,Wadi Degla SC,Zed FC,Football,Egypt - Premier League,Bet365,Draw No Bet,Other / Unknown,,1
odds_multi_extra_4_latest.json,69880336,Wadi Degla SC,Zed FC,Football,Egypt - Premier League,Bet365,Double Chance,Double chance,Draw or ZED FC,3
odds_multi_extra_4_latest.json,69880336,Wadi Degla SC,Zed FC,Football,Egypt - Premier League,Bet365,Spread,Handicap / Spread,-0.25,1
odds_multi_extra_4_latest.json,69880336,Wadi Degla SC,Zed FC,Football,Egypt - Premier League,Bet365,Totals,Goals total / Over-Under,1.75,1
odds_multi_extra_4_latest.json,69880336,Wadi Degla SC,Zed FC,Football,Egypt - Premier League,Bet365,Goals Over/Under,Goals total / Over-Under,2.5,1
odds_multi_extra_4_latest.json,69880336,Wadi Degla SC,Zed FC,Football,Egypt - Premier League,Bet365,Both Teams To Score,Both teams to score,,1
odds_multi_extra_4_latest.json,69880336,Wadi Degla SC,Zed FC,Football,Egypt - Premier League,Bet365,Spread HT,Handicap / Spread,-0.25,1
odds_multi_extra_4_latest.json,69880336,Wadi Degla SC,Zed FC,Football,Egypt - Premier League,Bet365,Totals HT,Goals total / Over-Under,0.75,1
odds_multi_extra_4_latest.json,69880336,Wadi Degla SC,Zed FC,Football,Egypt - Premier League,Bet365,European Handicap,Handicap / Spread,1,2
odds_multi_extra_4_latest.json,69880336,Wadi Degla SC,Zed FC,Football,Egypt - Premier League,Bet365,Corners Totals,Goals total / Over-Under,8.5,1
odds_multi_extra_4_latest.json,69880336,Wadi Degla SC,Zed FC,Football,Egypt - Premier League,Bet365,Corners Totals HT,Goals total / Over-Under,4,1
odds_multi_extra_4_latest.json,69880336,Wadi Degla SC,Zed FC,Football,Egypt - Premier League,Bet365,Specials,Other / Unknown,To Win From Behind (1),2
odds_multi_extra_4_latest.json,69880336,Wadi Degla SC,Zed FC,Football,Egypt - Premier League,Bet365,Correct Score,Correct score,1-0,15
odds_multi_extra_4_latest.json,69880336,Wadi Degla SC,Zed FC,Football,Egypt - Premier League,Bet365,Corners,Other / Unknown,8,1
odds_multi_extra_4_latest.json,69880336,Wadi Degla SC,Zed FC,Football,Egypt - Premier League,Bet365,Alternative Corners,Other / Unknown,4,6
odds_multi_extra_4_latest.json,69880336,Wadi Degla SC,Zed FC,Football,Egypt - Premier League,Bet365,Team Total Goals Home,Goals total / Over-Under,4.5,5
odds_multi_extra_4_latest.json,69880336,Wadi Degla SC,Zed FC,Football,Egypt - Premier League,Bet365,Both Teams To Score HT,Both teams to score,,1
odds_multi_extra_4_latest.json,69880336,Wadi Degla SC,Zed FC,Football,Egypt - Premier League,Bet365,Number of Goals In Match,Other / Unknown,Under 2 goals,3
odds_multi_extra_4_latest.json,69880336,Wadi Degla SC,Zed FC,Football,Egypt - Premier League,Bet365,Corners 2-Way,Other / Unknown,8.5,1
odds_multi_extra_4_latest.json,69880336,Wadi Degla SC,Zed FC,Football,Egypt - Premier League,Bet365,Alternative Total Goals,Goals total / Over-Under,0.5,5
odds_multi_extra_4_latest.json,69880336,Wadi Degla SC,Zed FC,Football,Egypt - Premier League,Bet365,Team Total Goals Away,Goals total / Over-Under,0.5,4
odds_multi_extra_4_latest.json,69880336,Wadi Degla SC,Zed FC,Football,Egypt - Premier League,Bet365,Alternative Goal Line,Other / Unknown,0.5,12
odds_multi_extra_4_latest.json,69880336,Wadi Degla SC,Zed FC,Football,Egypt - Premier League,Bet365,Exact Total Goals,Goals total / Over-Under,0 Goals,8
odds_multi_extra_4_latest.json,69880336,Wadi Degla SC,Zed FC,Football,Egypt - Premier League,Bet365,Half Time Result,Half-time / Period,1,3
odds_multi_extra_4_latest.json,69880336,Wadi Degla SC,Zed FC,Football,Egypt - Premier League,Bet365,1st Half Handicap,Handicap / Spread,1 (-1),2
odds_multi_extra_4_latest.json,69880336,Wadi Degla SC,Zed FC,Football,Egypt - Premier League,Bet365,Total Corners,Goals total / Over-Under,Under 6,5
odds_multi_extra_4_latest.json,69880336,Wadi Degla SC,Zed FC,Football,Egypt - Premier League,Bet365,Alternative Asian Handicap,Handicap / Spread,-1.75,10
odds_multi_extra_4_latest.json,69880336,Wadi Degla SC,Zed FC,Football,Egypt - Premier League,Bet365,Both Teams To Score 2H,Both teams to score,,1
odds_multi_extra_4_latest.json,69880336,Wadi Degla SC,Zed FC,Football,Egypt - Premier League,Bet365 (no latency),Totals,Goals total / Over-Under,1.75,1
odds_multi_extra_4_latest.json,61902056,Ilzer SV,USV Gnas,Football,"Austria Amateur - Steiermark, Landesliga",Bet365,ML,1X2 / Match result,,1
odds_multi_extra_4_latest.json,61902056,Ilzer SV,USV Gnas,Football,"Austria Amateur - Steiermark, Landesliga",Bet365,Draw No Bet,Other / Unknown,,1
odds_multi_extra_4_latest.json,61902056,Ilzer SV,USV Gnas,Football,"Austria Amateur - Steiermark, Landesliga",Bet365,Double Chance,Double chance,Ilzer SV or Draw,3
odds_multi_extra_4_latest.json,61902056,Ilzer SV,USV Gnas,Football,"Austria Amateur - Steiermark, Landesliga",Bet365,Spread,Handicap / Spread,-0.5,1
odds_multi_extra_4_latest.json,61902056,Ilzer SV,USV Gnas,Football,"Austria Amateur - Steiermark, Landesliga",Bet365,Totals,Goals total / Over-Under,3.25,1
odds_multi_extra_4_latest.json,61902056,Ilzer SV,USV Gnas,Football,"Austria Amateur - Steiermark, Landesliga",Bet365,Goals Over/Under,Goals total / Over-Under,2.5,1
odds_multi_extra_4_latest.json,61902056,Ilzer SV,USV Gnas,Football,"Austria Amateur - Steiermark, Landesliga",Bet365,Spread HT,Handicap / Spread,-0.25,1
odds_multi_extra_4_latest.json,61902056,Ilzer SV,USV Gnas,Football,"Austria Amateur - Steiermark, Landesliga",Bet365,Totals HT,Goals total / Over-Under,1.25,1
odds_multi_extra_4_latest.json,61902056,Ilzer SV,USV Gnas,Football,"Austria Amateur - Steiermark, Landesliga",Bet365,Corners Totals,Goals total / Over-Under,10,1
odds_multi_extra_4_latest.json,61902056,Ilzer SV,USV Gnas,Football,"Austria Amateur - Steiermark, Landesliga",Bet365,Corners Totals HT,Goals total / Over-Under,4.5,1
odds_multi_extra_4_latest.json,61902056,Ilzer SV,USV Gnas,Football,"Austria Amateur - Steiermark, Landesliga",Bet365,Correct Score,Correct score,0-0,19
odds_multi_extra_4_latest.json,61902056,Ilzer SV,USV Gnas,Football,"Austria Amateur - Steiermark, Landesliga",Bet365,Corners,Other / Unknown,10,1
odds_multi_extra_4_latest.json,61902056,Ilzer SV,USV Gnas,Football,"Austria Amateur - Steiermark, Landesliga",Bet365,Half Time Result,Half-time / Period,1,3
odds_multi_extra_4_latest.json,61902056,Ilzer SV,USV Gnas,Football,"Austria Amateur - Steiermark, Landesliga",Bet365,Corners 2-Way,Other / Unknown,10.5,1
odds_multi_extra_5_latest.json,71530420,Al-Fahaheel,Kuwait SC,Football,Kuwait - Premier League,Bet365,ML,1X2 / Match result,,1
odds_multi_extra_5_latest.json,71530420,Al-Fahaheel,Kuwait SC,Football,Kuwait - Premier League,Bet365,Draw No Bet,Other / Unknown,,1
odds_multi_extra_5_latest.json,71530420,Al-Fahaheel,Kuwait SC,Football,Kuwait - Premier League,Bet365,Double Chance,Double chance,Al Fahaheel SC or Draw,3
odds_multi_extra_5_latest.json,71530420,Al-Fahaheel,Kuwait SC,Football,Kuwait - Premier League,Bet365,Spread,Handicap / Spread,1.75,1
odds_multi_extra_5_latest.json,71530420,Al-Fahaheel,Kuwait SC,Football,Kuwait - Premier League,Bet365,Totals,Goals total / Over-Under,3.25,1
odds_multi_extra_5_latest.json,71530420,Al-Fahaheel,Kuwait SC,Football,Kuwait - Premier League,Bet365,Goals Over/Under,Goals total / Over-Under,2.5,1
odds_multi_extra_5_latest.json,71530420,Al-Fahaheel,Kuwait SC,Football,Kuwait - Premier League,Bet365,Both Teams To Score,Both teams to score,,1
odds_multi_extra_5_latest.json,71530420,Al-Fahaheel,Kuwait SC,Football,Kuwait - Premier League,Bet365,Spread HT,Handicap / Spread,0.75,1
odds_multi_extra_5_latest.json,71530420,Al-Fahaheel,Kuwait SC,Football,Kuwait - Premier League,Bet365,Totals HT,Goals total / Over-Under,1.25,1
odds_multi_extra_5_latest.json,71530420,Al-Fahaheel,Kuwait SC,Football,Kuwait - Premier League,Bet365,European Handicap,Handicap / Spread,2,2
odds_multi_extra_5_latest.json,71530420,Al-Fahaheel,Kuwait SC,Football,Kuwait - Premier League,Bet365,Corners Totals,Goals total / Over-Under,10.5,1
odds_multi_extra_5_latest.json,71530420,Al-Fahaheel,Kuwait SC,Football,Kuwait - Premier League,Bet365,Corners Totals HT,Goals total / Over-Under,5,1
odds_multi_extra_5_latest.json,71530420,Al-Fahaheel,Kuwait SC,Football,Kuwait - Premier League,Bet365,Half Time Result,Half-time / Period,1,3
odds_multi_extra_5_latest.json,71530420,Al-Fahaheel,Kuwait SC,Football,Kuwait - Premier League,Bet365,Team Total Goals Away,Goals total / Over-Under,0.5,8
odds_multi_extra_5_latest.json,71530420,Al-Fahaheel,Kuwait SC,Football,Kuwait - Premier League,Bet365,Team Total Goals Home,Goals total / Over-Under,0.5,4
odds_multi_extra_5_latest.json,71530420,Al-Fahaheel,Kuwait SC,Football,Kuwait - Premier League,Bet365,Total Corners,Goals total / Over-Under,Under 6,5
odds_multi_extra_5_latest.json,71530420,Al-Fahaheel,Kuwait SC,Football,Kuwait - Premier League,Bet365,1st Half Handicap,Handicap / Spread,1 (1),2
odds_multi_extra_5_latest.json,71530420,Al-Fahaheel,Kuwait SC,Football,Kuwait - Premier League,Bet365,Number of Goals In Match,Other / Unknown,Under 2 goals,3
odds_multi_extra_5_latest.json,71530420,Al-Fahaheel,Kuwait SC,Football,Kuwait - Premier League,Bet365,Exact Total Goals,Goals total / Over-Under,0 Goals,8
odds_multi_extra_5_latest.json,71530420,Al-Fahaheel,Kuwait SC,Football,Kuwait - Premier League,Bet365,Alternative Total Goals,Goals total / Over-Under,4.5,8
odds_multi_extra_5_latest.json,71530420,Al-Fahaheel,Kuwait SC,Football,Kuwait - Premier League,Bet365,Alternative Corners,Other / Unknown,12,13
odds_multi_extra_5_latest.json,71530420,Al-Fahaheel,Kuwait SC,Football,Kuwait - Premier League,Bet365,Correct Score,Correct score,1-1,24
odds_multi_extra_5_latest.json,71530420,Al-Fahaheel,Kuwait SC,Football,Kuwait - Premier League,Bet365,Corners 2-Way,Other / Unknown,10.5,1
odds_multi_extra_5_latest.json,71530420,Al-Fahaheel,Kuwait SC,Football,Kuwait - Premier League,Bet365,Alternative Asian Handicap,Handicap / Spread,0.25,14
odds_multi_extra_5_latest.json,71530420,Al-Fahaheel,Kuwait SC,Football,Kuwait - Premier League,Bet365,Alternative Goal Line,Other / Unknown,1.5,16
odds_multi_extra_5_latest.json,71530420,Al-Fahaheel,Kuwait SC,Football,Kuwait - Premier League,Bet365,Both Teams To Score 2H,Both teams to score,,1
odds_multi_extra_5_latest.json,71530420,Al-Fahaheel,Kuwait SC,Football,Kuwait - Premier League,Bet365,Both Teams To Score HT,Both teams to score,,1
odds_multi_extra_5_latest.json,71530420,Al-Fahaheel,Kuwait SC,Football,Kuwait - Premier League,Bet365,Corners,Other / Unknown,11,1
odds_multi_extra_5_latest.json,71530420,Al-Fahaheel,Kuwait SC,Football,Kuwait - Premier League,Bet365,Specials,Other / Unknown,To Win From Behind (1),2
odds_multi_extra_5_latest.json,71530420,Al-Fahaheel,Kuwait SC,Football,Kuwait - Premier League,Bet365 (no latency),Spread,Handicap / Spread,1.75,1
odds_multi_extra_5_latest.json,64055887,Al-Hazm,Al-Taawoun FC,Football,Saudi Arabia - Saudi Pro League,Bet365,ML,1X2 / Match result,,1
odds_multi_extra_5_latest.json,64055887,Al-Hazm,Al-Taawoun FC,Football,Saudi Arabia - Saudi Pro League,Bet365,Draw No Bet,Other / Unknown,,1
odds_multi_extra_5_latest.json,64055887,Al-Hazm,Al-Taawoun FC,Football,Saudi Arabia - Saudi Pro League,Bet365,Double Chance,Double chance,Al Hazm or Draw,3
odds_multi_extra_5_latest.json,64055887,Al-Hazm,Al-Taawoun FC,Football,Saudi Arabia - Saudi Pro League,Bet365,Spread,Handicap / Spread,0.75,1
odds_multi_extra_5_latest.json,64055887,Al-Hazm,Al-Taawoun FC,Football,Saudi Arabia - Saudi Pro League,Bet365,Totals,Goals total / Over-Under,3,1
odds_multi_extra_5_latest.json,64055887,Al-Hazm,Al-Taawoun FC,Football,Saudi Arabia - Saudi Pro League,Bet365,Goals Over/Under,Goals total / Over-Under,2.5,1
odds_multi_extra_5_latest.json,64055887,Al-Hazm,Al-Taawoun FC,Football,Saudi Arabia - Saudi Pro League,Bet365,Both Teams To Score,Both teams to score,,1
odds_multi_extra_5_latest.json,64055887,Al-Hazm,Al-Taawoun FC,Football,Saudi Arabia - Saudi Pro League,Bet365,Spread HT,Handicap / Spread,0.25,1
odds_multi_extra_5_latest.json,64055887,Al-Hazm,Al-Taawoun FC,Football,Saudi Arabia - Saudi Pro League,Bet365,Totals HT,Goals total / Over-Under,1.25,1
odds_multi_extra_5_latest.json,64055887,Al-Hazm,Al-Taawoun FC,Football,Saudi Arabia - Saudi Pro League,Bet365,European Handicap,Handicap / Spread,-1,2
odds_multi_extra_5_latest.json,64055887,Al-Hazm,Al-Taawoun FC,Football,Saudi Arabia - Saudi Pro League,Bet365,Corners Spread,Handicap / Spread,0.5,1
odds_multi_extra_5_latest.json,64055887,Al-Hazm,Al-Taawoun FC,Football,Saudi Arabia - Saudi Pro League,Bet365,Corners Totals,Goals total / Over-Under,9.5,1
odds_multi_extra_5_latest.json,64055887,Al-Hazm,Al-Taawoun FC,Football,Saudi Arabia - Saudi Pro League,Bet365,Corners Totals HT,Goals total / Over-Under,4.5,1
odds_multi_extra_5_latest.json,64055887,Al-Hazm,Al-Taawoun FC,Football,Saudi Arabia - Saudi Pro League,Bet365,Anytime Goalscorer,Other / Unknown,Hassan Idris,68
odds_multi_extra_5_latest.json,64055887,Al-Hazm,Al-Taawoun FC,Football,Saudi Arabia - Saudi Pro League,Bet365,Exact Total Goals,Goals total / Over-Under,3 Goals,8
odds_multi_extra_5_latest.json,64055887,Al-Hazm,Al-Taawoun FC,Football,Saudi Arabia - Saudi Pro League,Bet365,First 10 Minutes (00:00 - 09:59),Other / Unknown,Corners (Over) (0.5),1
odds_multi_extra_5_latest.json,64055887,Al-Hazm,Al-Taawoun FC,Football,Saudi Arabia - Saudi Pro League,Bet365,Corners 2-Way,Other / Unknown,9.5,1
odds_multi_extra_5_latest.json,64055887,Al-Hazm,Al-Taawoun FC,Football,Saudi Arabia - Saudi Pro League,Bet365,1st Half Handicap,Handicap / Spread,1 (1),2
odds_multi_extra_5_latest.json,64055887,Al-Hazm,Al-Taawoun FC,Football,Saudi Arabia - Saudi Pro League,Bet365,Alternative Asian Handicap,Handicap / Spread,-1,14
odds_multi_extra_5_latest.json,64055887,Al-Hazm,Al-Taawoun FC,Football,Saudi Arabia - Saudi Pro League,Bet365,Alternative Corners,Other / Unknown,11,12
odds_multi_extra_5_latest.json,64055887,Al-Hazm,Al-Taawoun FC,Football,Saudi Arabia - Saudi Pro League,Bet365,Player Shots on Target,Other / Unknown,Roger Martinez (2),179
odds_multi_extra_5_latest.json,64055887,Al-Hazm,Al-Taawoun FC,Football,Saudi Arabia - Saudi Pro League,Bet365,Both Teams To Score 2H,Both teams to score,,1
odds_multi_extra_5_latest.json,64055887,Al-Hazm,Al-Taawoun FC,Football,Saudi Arabia - Saudi Pro League,Bet365,Corner Handicap,Handicap / Spread,1 (1),2
odds_multi_extra_5_latest.json,64055887,Al-Hazm,Al-Taawoun FC,Football,Saudi Arabia - Saudi Pro League,Bet365,Total Corners,Goals total / Over-Under,Under 6,5
odds_multi_extra_5_latest.json,64055887,Al-Hazm,Al-Taawoun FC,Football,Saudi Arabia - Saudi Pro League,Bet365,Multi Scorers,Other / Unknown,Abdulrazzaq Awaji (2 or More) (1),136
odds_multi_extra_5_latest.json,64055887,Al-Hazm,Al-Taawoun FC,Football,Saudi Arabia - Saudi Pro League,Bet365,Player Shots,Other / Unknown,Cristopher Zambrano (2),361
odds_multi_extra_5_latest.json,64055887,Al-Hazm,Al-Taawoun FC,Football,Saudi Arabia - Saudi Pro League,Bet365,Number of Goals In Match,Other / Unknown,2 or 3 goals,3
odds_multi_extra_5_latest.json,64055887,Al-Hazm,Al-Taawoun FC,Football,Saudi Arabia - Saudi Pro League,Bet365,Alternative Total Goals,Goals total / Over-Under,0.5,7
odds_multi_extra_5_latest.json,64055887,Al-Hazm,Al-Taawoun FC,Football,Saudi Arabia - Saudi Pro League,Bet365,Team Corners Home,Other / Unknown,4.5,1
odds_multi_extra_5_latest.json,64055887,Al-Hazm,Al-Taawoun FC,Football,Saudi Arabia - Saudi Pro League,Bet365,Specials,Other / Unknown,To Win From Behind (1),2
odds_multi_extra_5_latest.json,64055887,Al-Hazm,Al-Taawoun FC,Football,Saudi Arabia - Saudi Pro League,Bet365,Correct Score,Correct score,3-2,26
odds_multi_extra_5_latest.json,64055887,Al-Hazm,Al-Taawoun FC,Football,Saudi Arabia - Saudi Pro League,Bet365,Corners,Other / Unknown,9,1
odds_multi_extra_5_latest.json,64055887,Al-Hazm,Al-Taawoun FC,Football,Saudi Arabia - Saudi Pro League,Bet365,Team Corners Away,Other / Unknown,4.5,1
odds_multi_extra_5_latest.json,64055887,Al-Hazm,Al-Taawoun FC,Football,Saudi Arabia - Saudi Pro League,Bet365,Both Teams To Score HT,Both teams to score,,1
odds_multi_extra_5_latest.json,64055887,Al-Hazm,Al-Taawoun FC,Football,Saudi Arabia - Saudi Pro League,Bet365,Corners Race,Other / Unknown,7,4
odds_multi_extra_5_latest.json,64055887,Al-Hazm,Al-Taawoun FC,Football,Saudi Arabia - Saudi Pro League,Bet365,Player To Score or Assist,Other / Unknown,Fahad Al Rashidi (Score) (2),201
odds_multi_extra_5_latest.json,64055887,Al-Hazm,Al-Taawoun FC,Football,Saudi Arabia - Saudi Pro League,Bet365,Team Goalscorer,Other / Unknown,Amir Sayoud (First),140
odds_multi_extra_5_latest.json,64055887,Al-Hazm,Al-Taawoun FC,Football,Saudi Arabia - Saudi Pro League,Bet365,Team Total Goals Away,Goals total / Over-Under,1.5,6
odds_multi_extra_5_latest.json,64055887,Al-Hazm,Al-Taawoun FC,Football,Saudi Arabia - Saudi Pro League,Bet365,Alternative Goal Line,Other / Unknown,1.5,12
odds_multi_extra_5_latest.json,64055887,Al-Hazm,Al-Taawoun FC,Football,Saudi Arabia - Saudi Pro League,Bet365,Team Total Goals Home,Goals total / Over-Under,0.5,5
odds_multi_extra_5_latest.json,64055887,Al-Hazm,Al-Taawoun FC,Football,Saudi Arabia - Saudi Pro League,Bet365,Half Time Result,Half-time / Period,Draw,3
odds_multi_extra_5_latest.json,64055887,Al-Hazm,Al-Taawoun FC,Football,Saudi Arabia - Saudi Pro League,Bet365 (no latency),Spread,Handicap / Spread,0.75,1
odds_multi_extra_5_latest.json,68158798,CA Barracas Central Reserve,CA Union Santa Fe Reserve,Football,"Argentina - Copa Proyeccion Final, Reserves",Bet365,ML,1X2 / Match result,,1
odds_multi_extra_5_latest.json,68158798,CA Barracas Central Reserve,CA Union Santa Fe Reserve,Football,"Argentina - Copa Proyeccion Final, Reserves",Bet365,Draw No Bet,Other / Unknown,,1
odds_multi_extra_5_latest.json,68158798,CA Barracas Central Reserve,CA Union Santa Fe Reserve,Football,"Argentina - Copa Proyeccion Final, Reserves",Bet365,Double Chance,Double chance,Barracas Central Reserves or Draw,3
odds_multi_extra_5_latest.json,68158798,CA Barracas Central Reserve,CA Union Santa Fe Reserve,Football,"Argentina - Copa Proyeccion Final, Reserves",Bet365,Spread,Handicap / Spread,0.25,1
odds_multi_extra_5_latest.json,68158798,CA Barracas Central Reserve,CA Union Santa Fe Reserve,Football,"Argentina - Copa Proyeccion Final, Reserves",Bet365,Totals,Goals total / Over-Under,2.25,1
odds_multi_extra_5_latest.json,68158798,CA Barracas Central Reserve,CA Union Santa Fe Reserve,Football,"Argentina - Copa Proyeccion Final, Reserves",Bet365,Goals Over/Under,Goals total / Over-Under,2.5,1
odds_multi_extra_5_latest.json,68158798,CA Barracas Central Reserve,CA Union Santa Fe Reserve,Football,"Argentina - Copa Proyeccion Final, Reserves",Bet365,Spread HT,Handicap / Spread,0.25,1
odds_multi_extra_5_latest.json,68158798,CA Barracas Central Reserve,CA Union Santa Fe Reserve,Football,"Argentina - Copa Proyeccion Final, Reserves",Bet365,Totals HT,Goals total / Over-Under,1,1
odds_multi_extra_5_latest.json,68158798,CA Barracas Central Reserve,CA Union Santa Fe Reserve,Football,"Argentina - Copa Proyeccion Final, Reserves",Bet365,Corners Totals,Goals total / Over-Under,8,1
odds_multi_extra_5_latest.json,68158798,CA Barracas Central Reserve,CA Union Santa Fe Reserve,Football,"Argentina - Copa Proyeccion Final, Reserves",Bet365,Corners Totals HT,Goals total / Over-Under,3.5,1
odds_multi_extra_5_latest.json,68158798,CA Barracas Central Reserve,CA Union Santa Fe Reserve,Football,"Argentina - Copa Proyeccion Final, Reserves",Bet365,Half Time Result,Half-time / Period,1,3
odds_multi_extra_5_latest.json,68158798,CA Barracas Central Reserve,CA Union Santa Fe Reserve,Football,"Argentina - Copa Proyeccion Final, Reserves",Bet365,Correct Score,Correct score,2-2,15
odds_multi_extra_5_latest.json,68158798,CA Barracas Central Reserve,CA Union Santa Fe Reserve,Football,"Argentina - Copa Proyeccion Final, Reserves",Bet365,Corners 2-Way,Other / Unknown,8.5,1
odds_multi_extra_5_latest.json,68158798,CA Barracas Central Reserve,CA Union Santa Fe Reserve,Football,"Argentina - Copa Proyeccion Final, Reserves",Bet365,Corners,Other / Unknown,8,1
odds_multi_extra_5_latest.json,68158798,CA Barracas Central Reserve,CA Union Santa Fe Reserve,Football,"Argentina - Copa Proyeccion Final, Reserves",Bet365 (no latency),Totals,Goals total / Over-Under,2.5,1
odds_multi_extra_5_latest.json,68751798,CA Paranaense PR,Botafogo FR RJ,Football,Brazil - U20 Campeonato Brasileiro,Bet365,ML,1X2 / Match result,,1
odds_multi_extra_5_latest.json,68751798,CA Paranaense PR,Botafogo FR RJ,Football,Brazil - U20 Campeonato Brasileiro,Bet365,Draw No Bet,Other / Unknown,,1
odds_multi_extra_5_latest.json,68751798,CA Paranaense PR,Botafogo FR RJ,Football,Brazil - U20 Campeonato Brasileiro,Bet365,Double Chance,Double chance,Athletico Paranaense U20 or Draw,3
odds_multi_extra_5_latest.json,68751798,CA Paranaense PR,Botafogo FR RJ,Football,Brazil - U20 Campeonato Brasileiro,Bet365,Spread,Handicap / Spread,-0.25,1
odds_multi_extra_5_latest.json,68751798,CA Paranaense PR,Botafogo FR RJ,Football,Brazil - U20 Campeonato Brasileiro,Bet365,Totals,Goals total / Over-Under,2.75,1
odds_multi_extra_5_latest.json,68751798,CA Paranaense PR,Botafogo FR RJ,Football,Brazil - U20 Campeonato Brasileiro,Bet365,Goals Over/Under,Goals total / Over-Under,2.5,1
odds_multi_extra_5_latest.json,68751798,CA Paranaense PR,Botafogo FR RJ,Football,Brazil - U20 Campeonato Brasileiro,Bet365,Spread HT,Handicap / Spread,0,1
odds_multi_extra_5_latest.json,68751798,CA Paranaense PR,Botafogo FR RJ,Football,Brazil - U20 Campeonato Brasileiro,Bet365,Totals HT,Goals total / Over-Under,1,1
odds_multi_extra_5_latest.json,68751798,CA Paranaense PR,Botafogo FR RJ,Football,Brazil - U20 Campeonato Brasileiro,Bet365,Corners Totals,Goals total / Over-Under,11.5,1
odds_multi_extra_5_latest.json,68751798,CA Paranaense PR,Botafogo FR RJ,Football,Brazil - U20 Campeonato Brasileiro,Bet365,Corners Totals HT,Goals total / Over-Under,5,1
odds_multi_extra_5_latest.json,68751798,CA Paranaense PR,Botafogo FR RJ,Football,Brazil - U20 Campeonato Brasileiro,Bet365,Correct Score,Correct score,0-0,17
odds_multi_extra_5_latest.json,68751798,CA Paranaense PR,Botafogo FR RJ,Football,Brazil - U20 Campeonato Brasileiro,Bet365,Corners 2-Way,Other / Unknown,11.5,1
odds_multi_extra_5_latest.json,68751798,CA Paranaense PR,Botafogo FR RJ,Football,Brazil - U20 Campeonato Brasileiro,Bet365,Corners,Other / Unknown,11,1
odds_multi_extra_5_latest.json,68751798,CA Paranaense PR,Botafogo FR RJ,Football,Brazil - U20 Campeonato Brasileiro,Bet365,Half Time Result,Half-time / Period,1,3
odds_multi_extra_5_latest.json,68751798,CA Paranaense PR,Botafogo FR RJ,Football,Brazil - U20 Campeonato Brasileiro,Bet365 (no latency),Totals,Goals total / Over-Under,2.5,1
odds_multi_extra_5_latest.json,64055897,Al Nassr Club,Damac FC,Football,Saudi Arabia - Saudi Pro League,Bet365,ML,1X2 / Match result,,1
odds_multi_extra_5_latest.json,64055897,Al Nassr Club,Damac FC,Football,Saudi Arabia - Saudi Pro League,Bet365,Draw No Bet,Other / Unknown,,1
odds_multi_extra_5_latest.json,64055897,Al Nassr Club,Damac FC,Football,Saudi Arabia - Saudi Pro League,Bet365,Double Chance,Double chance,Draw or Damac FC,3
odds_multi_extra_5_latest.json,64055897,Al Nassr Club,Damac FC,Football,Saudi Arabia - Saudi Pro League,Bet365,Spread,Handicap / Spread,-2.5,1
odds_multi_extra_5_latest.json,64055897,Al Nassr Club,Damac FC,Football,Saudi Arabia - Saudi Pro League,Bet365,Totals,Goals total / Over-Under,3.5,1
odds_multi_extra_5_latest.json,64055897,Al Nassr Club,Damac FC,Football,Saudi Arabia - Saudi Pro League,Bet365,Goals Over/Under,Goals total / Over-Under,2.5,1
odds_multi_extra_5_latest.json,64055897,Al Nassr Club,Damac FC,Football,Saudi Arabia - Saudi Pro League,Bet365,Both Teams To Score,Both teams to score,,1
odds_multi_extra_5_latest.json,64055897,Al Nassr Club,Damac FC,Football,Saudi Arabia - Saudi Pro League,Bet365,Spread HT,Handicap / Spread,-1,1
odds_multi_extra_5_latest.json,64055897,Al Nassr Club,Damac FC,Football,Saudi Arabia - Saudi Pro League,Bet365,European Handicap,Handicap / Spread,-2,8
odds_multi_extra_5_latest.json,64055897,Al Nassr Club,Damac FC,Football,Saudi Arabia - Saudi Pro League,Bet365,Corners Spread,Handicap / Spread,-5.5,1
odds_multi_extra_5_latest.json,64055897,Al Nassr Club,Damac FC,Football,Saudi Arabia - Saudi Pro League,Bet365,Corners Totals,Goals total / Over-Under,9.5,1
odds_multi_extra_5_latest.json,64055897,Al Nassr Club,Damac FC,Football,Saudi Arabia - Saudi Pro League,Bet365,Corners Totals HT,Goals total / Over-Under,4.5,1
odds_multi_extra_5_latest.json,64055897,Al Nassr Club,Damac FC,Football,Saudi Arabia - Saudi Pro League,Bet365,Anytime Goalscorer,Other / Unknown,Angelo Gabriel,60
odds_multi_extra_5_latest.json,64055897,Al Nassr Club,Damac FC,Football,Saudi Arabia - Saudi Pro League,Bet365,Corners Race,Other / Unknown,3,4
odds_multi_extra_5_latest.json,64055897,Al Nassr Club,Damac FC,Football,Saudi Arabia - Saudi Pro League,Bet365,Total Corners,Goals total / Over-Under,Under 6,5
odds_multi_extra_5_latest.json,64055897,Al Nassr Club,Damac FC,Football,Saudi Arabia - Saudi Pro League,Bet365,Alternative Total Goals,Goals total / Over-Under,0.5,8
odds_multi_extra_5_latest.json,64055897,Al Nassr Club,Damac FC,Football,Saudi Arabia - Saudi Pro League,Bet365,Alternative Asian Handicap,Handicap / Spread,-4.5,16
odds_multi_extra_5_latest.json,64055897,Al Nassr Club,Damac FC,Football,Saudi Arabia - Saudi Pro League,Bet365,Corners 2-Way,Other / Unknown,9.5,1
odds_multi_extra_5_latest.json,64055897,Al Nassr Club,Damac FC,Football,Saudi Arabia - Saudi Pro League,Bet365,Correct Score,Correct score,2-0,31
odds_multi_extra_5_latest.json,64055897,Al Nassr Club,Damac FC,Football,Saudi Arabia - Saudi Pro League,Bet365,Multi Scorers,Other / Unknown,Abdulaziz Al Aliwa (3 or More) (1),120
odds_multi_extra_5_latest.json,64055897,Al Nassr Club,Damac FC,Football,Saudi Arabia - Saudi Pro League,Bet365,Corners,Other / Unknown,10,1
odds_multi_extra_5_latest.json,64055897,Al Nassr Club,Damac FC,Football,Saudi Arabia - Saudi Pro League,Bet365,Team Goalscorer,Other / Unknown,Sadio Mane (First),124
odds_multi_extra_5_latest.json,64055897,Al Nassr Club,Damac FC,Football,Saudi Arabia - Saudi Pro League,Bet365,Team Total Goals Away,Goals total / Over-Under,1.5,3
odds_multi_extra_5_latest.json,64055897,Al Nassr Club,Damac FC,Football,Saudi Arabia - Saudi Pro League,Bet365,Half Time Result,Half-time / Period,1,3
odds_multi_extra_5_latest.json,64055897,Al Nassr Club,Damac FC,Football,Saudi Arabia - Saudi Pro League,Bet365,Corner Handicap,Handicap / Spread,1 (-5),2
odds_multi_extra_5_latest.json,64055897,Al Nassr Club,Damac FC,Football,Saudi Arabia - Saudi Pro League,Bet365,Team Total Goals Home,Goals total / Over-Under,0.5,8
odds_multi_extra_5_latest.json,64055897,Al Nassr Club,Damac FC,Football,Saudi Arabia - Saudi Pro League,Bet365,Alternative Corners,Other / Unknown,4,13
odds_multi_extra_5_latest.json,64055897,Al Nassr Club,Damac FC,Football,Saudi Arabia - Saudi Pro League,Bet365,Alternative Goal Line,Other / Unknown,1.5,15
odds_multi_extra_5_latest.json,64055897,Al Nassr Club,Damac FC,Football,Saudi Arabia - Saudi Pro League,Bet365,Both Teams To Score HT,Both teams to score,,1
odds_multi_extra_5_latest.json,64055897,Al Nassr Club,Damac FC,Football,Saudi Arabia - Saudi Pro League,Bet365,1st Half Handicap,Handicap / Spread,Tie (1),2
odds_multi_extra_5_latest.json,64055897,Al Nassr Club,Damac FC,Football,Saudi Arabia - Saudi Pro League,Bet365,Specials,Other / Unknown,To Win From Behind (1),2
odds_multi_extra_5_latest.json,64055897,Al Nassr Club,Damac FC,Football,Saudi Arabia - Saudi Pro League,Bet365,First 10 Minutes (00:00 - 09:59),Other / Unknown,Corners (Over) (0.5),1
odds_multi_extra_5_latest.json,64055897,Al Nassr Club,Damac FC,Football,Saudi Arabia - Saudi Pro League,Bet365,Player Shots,Other / Unknown,Nabil Alioui (2),315
odds_multi_extra_5_latest.json,64055897,Al Nassr Club,Damac FC,Football,Saudi Arabia - Saudi Pro League,Bet365,Player To Score or Assist,Other / Unknown,Abdulrahman Al Khaibre (Score) (2),174
odds_multi_extra_5_latest.json,64055897,Al Nassr Club,Damac FC,Football,Saudi Arabia - Saudi Pro League,Bet365,Team Corners Away,Other / Unknown,1.5,1
odds_multi_extra_5_latest.json,64055897,Al Nassr Club,Damac FC,Football,Saudi Arabia - Saudi Pro League,Bet365,Both Teams To Score 2H,Both teams to score,,1
odds_multi_extra_5_latest.json,64055897,Al Nassr Club,Damac FC,Football,Saudi Arabia - Saudi Pro League,Bet365,Player Shots on Target,Other / Unknown,Nabil Alioui (2),154
odds_multi_extra_5_latest.json,64055897,Al Nassr Club,Damac FC,Football,Saudi Arabia - Saudi Pro League,Bet365,Team Corners Home,Other / Unknown,7.5,1
odds_multi_extra_5_latest.json,64055897,Al Nassr Club,Damac FC,Football,Saudi Arabia - Saudi Pro League,Bet365,1st Half Goal Line,Half-time / Period,1.5,1
odds_multi_extra_5_latest.json,64055897,Al Nassr Club,Damac FC,Football,Saudi Arabia - Saudi Pro League,Bet365,Number of Goals In Match,Other / Unknown,2 or 3 goals,3
odds_multi_extra_5_latest.json,64055897,Al Nassr Club,Damac FC,Football,Saudi Arabia - Saudi Pro League,Bet365,Exact Total Goals,Goals total / Over-Under,3 Goals,8
odds_multi_extra_5_latest.json,64055897,Al Nassr Club,Damac FC,Football,Saudi Arabia - Saudi Pro League,Bet365 (no latency),Spread,Handicap / Spread,-2.5,1
odds_multi_extra_5_latest.json,64055885,Al-Fayha FC,Al Hilal SFC,Football,Saudi Arabia - Saudi Pro League,Bet365,ML,1X2 / Match result,,1
odds_multi_extra_5_latest.json,64055885,Al-Fayha FC,Al Hilal SFC,Football,Saudi Arabia - Saudi Pro League,Bet365,Draw No Bet,Other / Unknown,,1
odds_multi_extra_5_latest.json,64055885,Al-Fayha FC,Al Hilal SFC,Football,Saudi Arabia - Saudi Pro League,Bet365,Double Chance,Double chance,Al Feiha or Draw,3
odds_multi_extra_5_latest.json,64055885,Al-Fayha FC,Al Hilal SFC,Football,Saudi Arabia - Saudi Pro League,Bet365,Spread,Handicap / Spread,2,1
odds_multi_extra_5_latest.json,64055885,Al-Fayha FC,Al Hilal SFC,Football,Saudi Arabia - Saudi Pro League,Bet365,Totals,Goals total / Over-Under,3.25,1
odds_multi_extra_5_latest.json,64055885,Al-Fayha FC,Al Hilal SFC,Football,Saudi Arabia - Saudi Pro League,Bet365,Goals Over/Under,Goals total / Over-Under,2.5,1
odds_multi_extra_5_latest.json,64055885,Al-Fayha FC,Al Hilal SFC,Football,Saudi Arabia - Saudi Pro League,Bet365,Both Teams To Score,Both teams to score,,1
odds_multi_extra_5_latest.json,64055885,Al-Fayha FC,Al Hilal SFC,Football,Saudi Arabia - Saudi Pro League,Bet365,Spread HT,Handicap / Spread,0.75,1
odds_multi_extra_5_latest.json,64055885,Al-Fayha FC,Al Hilal SFC,Football,Saudi Arabia - Saudi Pro League,Bet365,European Handicap,Handicap / Spread,2,8
odds_multi_extra_5_latest.json,64055885,Al-Fayha FC,Al Hilal SFC,Football,Saudi Arabia - Saudi Pro League,Bet365,Corners Spread,Handicap / Spread,3.5,1
odds_multi_extra_5_latest.json,64055885,Al-Fayha FC,Al Hilal SFC,Football,Saudi Arabia - Saudi Pro League,Bet365,Corners Totals,Goals total / Over-Under,10,1
odds_multi_extra_5_latest.json,64055885,Al-Fayha FC,Al Hilal SFC,Football,Saudi Arabia - Saudi Pro League,Bet365,Corners Totals HT,Goals total / Over-Under,4.5,1
odds_multi_extra_5_latest.json,64055885,Al-Fayha FC,Al Hilal SFC,Football,Saudi Arabia - Saudi Pro League,Bet365,Anytime Goalscorer,Other / Unknown,Saikou Secka,63
odds_multi_extra_5_latest.json,64055885,Al-Fayha FC,Al Hilal SFC,Football,Saudi Arabia - Saudi Pro League,Bet365,Team Total Goals Home,Goals total / Over-Under,0.5,4
odds_multi_extra_5_latest.json,64055885,Al-Fayha FC,Al Hilal SFC,Football,Saudi Arabia - Saudi Pro League,Bet365,Alternative Asian Handicap,Handicap / Spread,0.25,14
odds_multi_extra_5_latest.json,64055885,Al-Fayha FC,Al Hilal SFC,Football,Saudi Arabia - Saudi Pro League,Bet365,First 10 Minutes (00:00 - 09:59),Other / Unknown,Corners (Over) (0.5),1
odds_multi_extra_5_latest.json,64055885,Al-Fayha FC,Al Hilal SFC,Football,Saudi Arabia - Saudi Pro League,Bet365,Team Corners Home,Other / Unknown,2.5,1
odds_multi_extra_5_latest.json,64055885,Al-Fayha FC,Al Hilal SFC,Football,Saudi Arabia - Saudi Pro League,Bet365,1st Half Handicap,Handicap / Spread,1 (1),2
odds_multi_extra_5_latest.json,64055885,Al-Fayha FC,Al Hilal SFC,Football,Saudi Arabia - Saudi Pro League,Bet365,Number of Goals In Match,Other / Unknown,2 or 3 goals,3
odds_multi_extra_5_latest.json,64055885,Al-Fayha FC,Al Hilal SFC,Football,Saudi Arabia - Saudi Pro League,Bet365,Team Total Goals Away,Goals total / Over-Under,1.5,8
odds_multi_extra_5_latest.json,64055885,Al-Fayha FC,Al Hilal SFC,Football,Saudi Arabia - Saudi Pro League,Bet365,Both Teams To Score HT,Both teams to score,,1
odds_multi_extra_5_latest.json,64055885,Al-Fayha FC,Al Hilal SFC,Football,Saudi Arabia - Saudi Pro League,Bet365,Corner Handicap,Handicap / Spread,1 (4),2
odds_multi_extra_5_latest.json,64055885,Al-Fayha FC,Al Hilal SFC,Football,Saudi Arabia - Saudi Pro League,Bet365,Correct Score,Correct score,0-0,30
odds_multi_extra_5_latest.json,64055885,Al-Fayha FC,Al Hilal SFC,Football,Saudi Arabia - Saudi Pro League,Bet365,Team Corners Away,Other / Unknown,6.5,1
odds_multi_extra_5_latest.json,64055885,Al-Fayha FC,Al Hilal SFC,Football,Saudi Arabia - Saudi Pro League,Bet365,Team Goalscorer,Other / Unknown,Saikou Secka (First),130
odds_multi_extra_5_latest.json,64055885,Al-Fayha FC,Al Hilal SFC,Football,Saudi Arabia - Saudi Pro League,Bet365,Total Corners,Goals total / Over-Under,Under 6,5
odds_multi_extra_5_latest.json,64055885,Al-Fayha FC,Al Hilal SFC,Football,Saudi Arabia - Saudi Pro League,Bet365,Exact Total Goals,Goals total / Over-Under,0 Goals,8
odds_multi_extra_5_latest.json,64055885,Al-Fayha FC,Al Hilal SFC,Football,Saudi Arabia - Saudi Pro League,Bet365,Half Time Result,Half-time / Period,Draw,3
odds_multi_extra_5_latest.json,64055885,Al-Fayha FC,Al Hilal SFC,Football,Saudi Arabia - Saudi Pro League,Bet365,1st Half Goal Line,Half-time / Period,1.5,1
odds_multi_extra_5_latest.json,64055885,Al-Fayha FC,Al Hilal SFC,Football,Saudi Arabia - Saudi Pro League,Bet365,Corners,Other / Unknown,10,1
odds_multi_extra_5_latest.json,64055885,Al-Fayha FC,Al Hilal SFC,Football,Saudi Arabia - Saudi Pro League,Bet365,Corners 2-Way,Other / Unknown,10.5,1
odds_multi_extra_5_latest.json,64055885,Al-Fayha FC,Al Hilal SFC,Football,Saudi Arabia - Saudi Pro League,Bet365,Specials,Other / Unknown,To Win From Behind (1),2
odds_multi_extra_5_latest.json,64055885,Al-Fayha FC,Al Hilal SFC,Football,Saudi Arabia - Saudi Pro League,Bet365,Player To Score or Assist,Other / Unknown,David Jason (Score) (1),186
odds_multi_extra_5_latest.json,64055885,Al-Fayha FC,Al Hilal SFC,Football,Saudi Arabia - Saudi Pro League,Bet365,Multi Scorers,Other / Unknown,Malik Al Abdulmenem (2 or More) (1),126
odds_multi_extra_5_latest.json,64055885,Al-Fayha FC,Al Hilal SFC,Football,Saudi Arabia - Saudi Pro League,Bet365,Player Shots,Other / Unknown,Abdullah Al Zaid (2),329
odds_multi_extra_5_latest.json,64055885,Al-Fayha FC,Al Hilal SFC,Football,Saudi Arabia - Saudi Pro League,Bet365,Alternative Total Goals,Goals total / Over-Under,0.5,8
odds_multi_extra_5_latest.json,64055885,Al-Fayha FC,Al Hilal SFC,Football,Saudi Arabia - Saudi Pro League,Bet365,Both Teams To Score 2H,Both teams to score,,1
odds_multi_extra_5_latest.json,64055885,Al-Fayha FC,Al Hilal SFC,Football,Saudi Arabia - Saudi Pro League,Bet365,Corners Race,Other / Unknown,3,4
odds_multi_extra_5_latest.json,64055885,Al-Fayha FC,Al Hilal SFC,Football,Saudi Arabia - Saudi Pro League,Bet365,Alternative Corners,Other / Unknown,4,13
odds_multi_extra_5_latest.json,64055885,Al-Fayha FC,Al Hilal SFC,Football,Saudi Arabia - Saudi Pro League,Bet365,Alternative Goal Line,Other / Unknown,1.5,16
odds_multi_extra_5_latest.json,64055885,Al-Fayha FC,Al Hilal SFC,Football,Saudi Arabia - Saudi Pro League,Bet365,Player Shots on Target,Other / Unknown,Abdulaziz Jurmush (2),155
odds_multi_extra_5_latest.json,64055885,Al-Fayha FC,Al Hilal SFC,Football,Saudi Arabia - Saudi Pro League,Bet365 (no latency),Spread,Handicap / Spread,2,1
odds_multi_extra_5_latest.json,64055889,Al-Ittihad Club,Al Qadsiah,Football,Saudi Arabia - Saudi Pro League,Bet365,ML,1X2 / Match result,,1
odds_multi_extra_5_latest.json,64055889,Al-Ittihad Club,Al Qadsiah,Football,Saudi Arabia - Saudi Pro League,Bet365,Draw No Bet,Other / Unknown,,1
odds_multi_extra_5_latest.json,64055889,Al-Ittihad Club,Al Qadsiah,Football,Saudi Arabia - Saudi Pro League,Bet365,Double Chance,Double chance,Al Ittihad Jeddah or Draw,3
odds_multi_extra_5_latest.json,64055889,Al-Ittihad Club,Al Qadsiah,Football,Saudi Arabia - Saudi Pro League,Bet365,Spread,Handicap / Spread,0.25,1
odds_multi_extra_5_latest.json,64055889,Al-Ittihad Club,Al Qadsiah,Football,Saudi Arabia - Saudi Pro League,Bet365,Totals,Goals total / Over-Under,3.25,1
odds_multi_extra_5_latest.json,64055889,Al-Ittihad Club,Al Qadsiah,Football,Saudi Arabia - Saudi Pro League,Bet365,Goals Over/Under,Goals total / Over-Under,2.5,1
odds_multi_extra_5_latest.json,64055889,Al-Ittihad Club,Al Qadsiah,Football,Saudi Arabia - Saudi Pro League,Bet365,Both Teams To Score,Both teams to score,,1
odds_multi_extra_5_latest.json,64055889,Al-Ittihad Club,Al Qadsiah,Football,Saudi Arabia - Saudi Pro League,Bet365,Spread HT,Handicap / Spread,0,1
odds_multi_extra_5_latest.json,64055889,Al-Ittihad Club,Al Qadsiah,Football,Saudi Arabia - Saudi Pro League,Bet365,Totals HT,Goals total / Over-Under,1.25,1
odds_multi_extra_5_latest.json,64055889,Al-Ittihad Club,Al Qadsiah,Football,Saudi Arabia - Saudi Pro League,Bet365,European Handicap,Handicap / Spread,-1,2
odds_multi_extra_5_latest.json,64055889,Al-Ittihad Club,Al Qadsiah,Football,Saudi Arabia - Saudi Pro League,Bet365,Corners Spread,Handicap / Spread,0.5,1
odds_multi_extra_5_latest.json,64055889,Al-Ittihad Club,Al Qadsiah,Football,Saudi Arabia - Saudi Pro League,Bet365,Corners Totals,Goals total / Over-Under,9.5,1
odds_multi_extra_5_latest.json,64055889,Al-Ittihad Club,Al Qadsiah,Football,Saudi Arabia - Saudi Pro League,Bet365,Corners Totals HT,Goals total / Over-Under,4.5,1
odds_multi_extra_5_latest.json,64055889,Al-Ittihad Club,Al Qadsiah,Football,Saudi Arabia - Saudi Pro League,Bet365,Anytime Goalscorer,Other / Unknown,Bryant Ortega,57
odds_multi_extra_5_latest.json,64055889,Al-Ittihad Club,Al Qadsiah,Football,Saudi Arabia - Saudi Pro League,Bet365,Specials,Other / Unknown,To Win From Behind (1),2
odds_multi_extra_5_latest.json,64055889,Al-Ittihad Club,Al Qadsiah,Football,Saudi Arabia - Saudi Pro League,Bet365,Corners,Other / Unknown,9,1
odds_multi_extra_5_latest.json,64055889,Al-Ittihad Club,Al Qadsiah,Football,Saudi Arabia - Saudi Pro League,Bet365,Alternative Total Goals,Goals total / Over-Under,7.5,8
odds_multi_extra_5_latest.json,64055889,Al-Ittihad Club,Al Qadsiah,Football,Saudi Arabia - Saudi Pro League,Bet365,Number of Goals In Match,Other / Unknown,2 or 3 goals,3
odds_multi_extra_5_latest.json,64055889,Al-Ittihad Club,Al Qadsiah,Football,Saudi Arabia - Saudi Pro League,Bet365,Player To Score or Assist,Other / Unknown,Iker Almena (Assist) (2),168
odds_multi_extra_5_latest.json,64055889,Al-Ittihad Club,Al Qadsiah,Football,Saudi Arabia - Saudi Pro League,Bet365,Both Teams To Score 2H,Both teams to score,,1
odds_multi_extra_5_latest.json,64055889,Al-Ittihad Club,Al Qadsiah,Football,Saudi Arabia - Saudi Pro League,Bet365,Alternative Goal Line,Other / Unknown,1.5,15
odds_multi_extra_5_latest.json,64055889,Al-Ittihad Club,Al Qadsiah,Football,Saudi Arabia - Saudi Pro League,Bet365,Multi Scorers,Other / Unknown,Abdulah Al Jwayzan (2 or More) (2),114
odds_multi_extra_5_latest.json,64055889,Al-Ittihad Club,Al Qadsiah,Football,Saudi Arabia - Saudi Pro League,Bet365,Team Total Goals Away,Goals total / Over-Under,4.5,6
odds_multi_extra_5_latest.json,64055889,Al-Ittihad Club,Al Qadsiah,Football,Saudi Arabia - Saudi Pro League,Bet365,Team Total Goals Home,Goals total / Over-Under,3.5,5
odds_multi_extra_5_latest.json,64055889,Al-Ittihad Club,Al Qadsiah,Football,Saudi Arabia - Saudi Pro League,Bet365,Total Corners,Goals total / Over-Under,Under 6,5
odds_multi_extra_5_latest.json,64055889,Al-Ittihad Club,Al Qadsiah,Football,Saudi Arabia - Saudi Pro League,Bet365,First 10 Minutes (00:00 - 09:59),Other / Unknown,Corners (Over) (0.5),1
odds_multi_extra_5_latest.json,64055889,Al-Ittihad Club,Al Qadsiah,Football,Saudi Arabia - Saudi Pro League,Bet365,Player Shots on Target,Other / Unknown,Bryant Ortega (1),151
odds_multi_extra_5_latest.json,64055889,Al-Ittihad Club,Al Qadsiah,Football,Saudi Arabia - Saudi Pro League,Bet365,Correct Score,Correct score,4-2,23
odds_multi_extra_5_latest.json,64055889,Al-Ittihad Club,Al Qadsiah,Football,Saudi Arabia - Saudi Pro League,Bet365,Exact Total Goals,Goals total / Over-Under,0 Goals,8
odds_multi_extra_5_latest.json,64055889,Al-Ittihad Club,Al Qadsiah,Football,Saudi Arabia - Saudi Pro League,Bet365,Both Teams To Score HT,Both teams to score,,1
odds_multi_extra_5_latest.json,64055889,Al-Ittihad Club,Al Qadsiah,Football,Saudi Arabia - Saudi Pro League,Bet365,Team Corners Away,Other / Unknown,4.5,1
odds_multi_extra_5_latest.json,64055889,Al-Ittihad Club,Al Qadsiah,Football,Saudi Arabia - Saudi Pro League,Bet365,1st Half Handicap,Handicap / Spread,1 (1),2
odds_multi_extra_5_latest.json,64055889,Al-Ittihad Club,Al Qadsiah,Football,Saudi Arabia - Saudi Pro League,Bet365,Alternative Corners,Other / Unknown,4,12
odds_multi_extra_5_latest.json,64055889,Al-Ittihad Club,Al Qadsiah,Football,Saudi Arabia - Saudi Pro League,Bet365,Corners 2-Way,Other / Unknown,9.5,1
odds_multi_extra_5_latest.json,64055889,Al-Ittihad Club,Al Qadsiah,Football,Saudi Arabia - Saudi Pro League,Bet365,Corners Race,Other / Unknown,3,4
odds_multi_extra_5_latest.json,64055889,Al-Ittihad Club,Al Qadsiah,Football,Saudi Arabia - Saudi Pro League,Bet365,Player Shots,Other / Unknown,Bryant Ortega (1),307
odds_multi_extra_5_latest.json,64055889,Al-Ittihad Club,Al Qadsiah,Football,Saudi Arabia - Saudi Pro League,Bet365,Team Corners Home,Other / Unknown,4.5,1
odds_multi_extra_5_latest.json,64055889,Al-Ittihad Club,Al Qadsiah,Football,Saudi Arabia - Saudi Pro League,Bet365,Team Goalscorer,Other / Unknown,Abdullah Al Salem (First),118
odds_multi_extra_5_latest.json,64055889,Al-Ittihad Club,Al Qadsiah,Football,Saudi Arabia - Saudi Pro League,Bet365,Half Time Result,Half-time / Period,1,3
odds_multi_extra_5_latest.json,64055889,Al-Ittihad Club,Al Qadsiah,Football,Saudi Arabia - Saudi Pro League,Bet365,Alternative Asian Handicap,Handicap / Spread,-1.75,13
odds_multi_extra_5_latest.json,64055889,Al-Ittihad Club,Al Qadsiah,Football,Saudi Arabia - Saudi Pro League,Bet365,Corner Handicap,Handicap / Spread,1 (1),2
odds_multi_extra_5_latest.json,64055889,Al-Ittihad Club,Al Qadsiah,Football,Saudi Arabia - Saudi Pro League,Bet365 (no latency),Spread,Handicap / Spread,0.25,1
odds_multi_extra_5_latest.json,64055893,Al-Kholood,Al-Fateh SC,Football,Saudi Arabia - Saudi Pro League,Bet365,ML,1X2 / Match result,,1
odds_multi_extra_5_latest.json,64055893,Al-Kholood,Al-Fateh SC,Football,Saudi Arabia - Saudi Pro League,Bet365,Draw No Bet,Other / Unknown,,1
odds_multi_extra_5_latest.json,64055893,Al-Kholood,Al-Fateh SC,Football,Saudi Arabia - Saudi Pro League,Bet365,Double Chance,Double chance,Al Kholood or Draw,3
odds_multi_extra_5_latest.json,64055893,Al-Kholood,Al-Fateh SC,Football,Saudi Arabia - Saudi Pro League,Bet365,Spread,Handicap / Spread,0,1
odds_multi_extra_5_latest.json,64055893,Al-Kholood,Al-Fateh SC,Football,Saudi Arabia - Saudi Pro League,Bet365,Totals,Goals total / Over-Under,3,1
odds_multi_extra_5_latest.json,64055893,Al-Kholood,Al-Fateh SC,Football,Saudi Arabia - Saudi Pro League,Bet365,Goals Over/Under,Goals total / Over-Under,2.5,1
odds_multi_extra_5_latest.json,64055893,Al-Kholood,Al-Fateh SC,Football,Saudi Arabia - Saudi Pro League,Bet365,Both Teams To Score,Both teams to score,,1
odds_multi_extra_5_latest.json,64055893,Al-Kholood,Al-Fateh SC,Football,Saudi Arabia - Saudi Pro League,Bet365,Spread HT,Handicap / Spread,0,1
odds_multi_extra_5_latest.json,64055893,Al-Kholood,Al-Fateh SC,Football,Saudi Arabia - Saudi Pro League,Bet365,Totals HT,Goals total / Over-Under,1.25,1
odds_multi_extra_5_latest.json,64055893,Al-Kholood,Al-Fateh SC,Football,Saudi Arabia - Saudi Pro League,Bet365,European Handicap,Handicap / Spread,-1,2
odds_multi_extra_5_latest.json,64055893,Al-Kholood,Al-Fateh SC,Football,Saudi Arabia - Saudi Pro League,Bet365,Corners Spread,Handicap / Spread,0,1
odds_multi_extra_5_latest.json,64055893,Al-Kholood,Al-Fateh SC,Football,Saudi Arabia - Saudi Pro League,Bet365,Corners Totals,Goals total / Over-Under,10,1
odds_multi_extra_5_latest.json,64055893,Al-Kholood,Al-Fateh SC,Football,Saudi Arabia - Saudi Pro League,Bet365,Corners Totals HT,Goals total / Over-Under,4.5,1
odds_multi_extra_5_latest.json,64055893,Al-Kholood,Al-Fateh SC,Football,Saudi Arabia - Saudi Pro League,Bet365,Anytime Goalscorer,Other / Unknown,Ramiro Enrique,66
odds_multi_extra_5_latest.json,64055893,Al-Kholood,Al-Fateh SC,Football,Saudi Arabia - Saudi Pro League,Bet365,First 10 Minutes (00:00 - 09:59),Other / Unknown,Corners (Over) (0.5),1
odds_multi_extra_5_latest.json,64055893,Al-Kholood,Al-Fateh SC,Football,Saudi Arabia - Saudi Pro League,Bet365,Corners,Other / Unknown,10,1
odds_multi_extra_5_latest.json,64055893,Al-Kholood,Al-Fateh SC,Football,Saudi Arabia - Saudi Pro League,Bet365,Corner Handicap,Handicap / Spread,1 (1),2
odds_multi_extra_5_latest.json,64055893,Al-Kholood,Al-Fateh SC,Football,Saudi Arabia - Saudi Pro League,Bet365,Corners 2-Way,Other / Unknown,10.5,1
odds_multi_extra_5_latest.json,64055893,Al-Kholood,Al-Fateh SC,Football,Saudi Arabia - Saudi Pro League,Bet365,Corners Race,Other / Unknown,3,4
odds_multi_extra_5_latest.json,64055893,Al-Kholood,Al-Fateh SC,Football,Saudi Arabia - Saudi Pro League,Bet365,Player Shots on Target,Other / Unknown,Abdulaziz Al Elewai (1),187
odds_multi_extra_5_latest.json,64055893,Al-Kholood,Al-Fateh SC,Football,Saudi Arabia - Saudi Pro League,Bet365,Multi Scorers,Other / Unknown,Ramiro Enrique (2 or More) (1),132
odds_multi_extra_5_latest.json,64055893,Al-Kholood,Al-Fateh SC,Football,Saudi Arabia - Saudi Pro League,Bet365,Player Shots,Other / Unknown,Abdulaziz Al Elewai (1),369
odds_multi_extra_5_latest.json,64055893,Al-Kholood,Al-Fateh SC,Football,Saudi Arabia - Saudi Pro League,Bet365,Specials,Other / Unknown,To Win From Behind (1),2
odds_multi_extra_5_latest.json,64055893,Al-Kholood,Al-Fateh SC,Football,Saudi Arabia - Saudi Pro League,Bet365,Alternative Asian Handicap,Handicap / Spread,-1.75,14
odds_multi_extra_5_latest.json,64055893,Al-Kholood,Al-Fateh SC,Football,Saudi Arabia - Saudi Pro League,Bet365,Alternative Total Goals,Goals total / Over-Under,0.5,7
odds_multi_extra_5_latest.json,64055893,Al-Kholood,Al-Fateh SC,Football,Saudi Arabia - Saudi Pro League,Bet365,Team Corners Home,Other / Unknown,4.5,1
odds_multi_extra_5_latest.json,64055893,Al-Kholood,Al-Fateh SC,Football,Saudi Arabia - Saudi Pro League,Bet365,Both Teams To Score 2H,Both teams to score,,1
odds_multi_extra_5_latest.json,64055893,Al-Kholood,Al-Fateh SC,Football,Saudi Arabia - Saudi Pro League,Bet365,Team Corners Away,Other / Unknown,4.5,1
odds_multi_extra_5_latest.json,64055893,Al-Kholood,Al-Fateh SC,Football,Saudi Arabia - Saudi Pro League,Bet365,Team Total Goals Home,Goals total / Over-Under,1.5,5
odds_multi_extra_5_latest.json,64055893,Al-Kholood,Al-Fateh SC,Football,Saudi Arabia - Saudi Pro League,Bet365,Team Goalscorer,Other / Unknown,Hattan Bahebri (First),136
odds_multi_extra_5_latest.json,64055893,Al-Kholood,Al-Fateh SC,Football,Saudi Arabia - Saudi Pro League,Bet365,Total Corners,Goals total / Over-Under,Under 6,5
odds_multi_extra_5_latest.json,64055893,Al-Kholood,Al-Fateh SC,Football,Saudi Arabia - Saudi Pro League,Bet365,1st Half Handicap,Handicap / Spread,1 (1),2
odds_multi_extra_5_latest.json,64055893,Al-Kholood,Al-Fateh SC,Football,Saudi Arabia - Saudi Pro League,Bet365,Both Teams To Score HT,Both teams to score,,1
odds_multi_extra_5_latest.json,64055893,Al-Kholood,Al-Fateh SC,Football,Saudi Arabia - Saudi Pro League,Bet365,Number of Goals In Match,Other / Unknown,Under 2 goals,3
odds_multi_extra_5_latest.json,64055893,Al-Kholood,Al-Fateh SC,Football,Saudi Arabia - Saudi Pro League,Bet365,Alternative Goal Line,Other / Unknown,1.25,14
odds_multi_extra_5_latest.json,64055893,Al-Kholood,Al-Fateh SC,Football,Saudi Arabia - Saudi Pro League,Bet365,Team Total Goals Away,Goals total / Over-Under,0.5,5
odds_multi_extra_5_latest.json,64055893,Al-Kholood,Al-Fateh SC,Football,Saudi Arabia - Saudi Pro League,Bet365,Alternative Corners,Other / Unknown,5,12
odds_multi_extra_5_latest.json,64055893,Al-Kholood,Al-Fateh SC,Football,Saudi Arabia - Saudi Pro League,Bet365,Player To Score or Assist,Other / Unknown,Mohamed Refat (Score) (2),195
odds_multi_extra_5_latest.json,64055893,Al-Kholood,Al-Fateh SC,Football,Saudi Arabia - Saudi Pro League,Bet365,Half Time Result,Half-time / Period,2,3
odds_multi_extra_5_latest.json,64055893,Al-Kholood,Al-Fateh SC,Football,Saudi Arabia - Saudi Pro League,Bet365,Exact Total Goals,Goals total / Over-Under,5 Goals,8
odds_multi_extra_5_latest.json,64055893,Al-Kholood,Al-Fateh SC,Football,Saudi Arabia - Saudi Pro League,Bet365,Correct Score,Correct score,0-0,23
odds_multi_extra_5_latest.json,64055893,Al-Kholood,Al-Fateh SC,Football,Saudi Arabia - Saudi Pro League,Bet365 (no latency),Spread,Handicap / Spread,0,1
odds_multi_extra_5_latest.json,64055899,Al-Riyadh SC,Al-Okhdood Club,Football,Saudi Arabia - Saudi Pro League,Bet365,ML,1X2 / Match result,,1
odds_multi_extra_5_latest.json,64055899,Al-Riyadh SC,Al-Okhdood Club,Football,Saudi Arabia - Saudi Pro League,Bet365,Draw No Bet,Other / Unknown,,1
odds_multi_extra_5_latest.json,64055899,Al-Riyadh SC,Al-Okhdood Club,Football,Saudi Arabia - Saudi Pro League,Bet365,Double Chance,Double chance,Al Riyadh or Draw,3
odds_multi_extra_5_latest.json,64055899,Al-Riyadh SC,Al-Okhdood Club,Football,Saudi Arabia - Saudi Pro League,Bet365,Spread,Handicap / Spread,-1.25,1
odds_multi_extra_5_latest.json,64055899,Al-Riyadh SC,Al-Okhdood Club,Football,Saudi Arabia - Saudi Pro League,Bet365,Totals,Goals total / Over-Under,3,1
odds_multi_extra_5_latest.json,64055899,Al-Riyadh SC,Al-Okhdood Club,Football,Saudi Arabia - Saudi Pro League,Bet365,Goals Over/Under,Goals total / Over-Under,2.5,1
odds_multi_extra_5_latest.json,64055899,Al-Riyadh SC,Al-Okhdood Club,Football,Saudi Arabia - Saudi Pro League,Bet365,Both Teams To Score,Both teams to score,,1
odds_multi_extra_5_latest.json,64055899,Al-Riyadh SC,Al-Okhdood Club,Football,Saudi Arabia - Saudi Pro League,Bet365,Spread HT,Handicap / Spread,-0.5,1
odds_multi_extra_5_latest.json,64055899,Al-Riyadh SC,Al-Okhdood Club,Football,Saudi Arabia - Saudi Pro League,Bet365,Totals HT,Goals total / Over-Under,1.25,1
odds_multi_extra_5_latest.json,64055899,Al-Riyadh SC,Al-Okhdood Club,Football,Saudi Arabia - Saudi Pro League,Bet365,European Handicap,Handicap / Spread,-1,2
odds_multi_extra_5_latest.json,64055899,Al-Riyadh SC,Al-Okhdood Club,Football,Saudi Arabia - Saudi Pro League,Bet365,Corners Spread,Handicap / Spread,-2.5,1
odds_multi_extra_5_latest.json,64055899,Al-Riyadh SC,Al-Okhdood Club,Football,Saudi Arabia - Saudi Pro League,Bet365,Corners Totals,Goals total / Over-Under,10,1
odds_multi_extra_5_latest.json,64055899,Al-Riyadh SC,Al-Okhdood Club,Football,Saudi Arabia - Saudi Pro League,Bet365,Corners Totals HT,Goals total / Over-Under,4.5,1
odds_multi_extra_5_latest.json,64055899,Al-Riyadh SC,Al-Okhdood Club,Football,Saudi Arabia - Saudi Pro League,Bet365,Anytime Goalscorer,Other / Unknown,Mamadou Sylla,66
odds_multi_extra_5_latest.json,64055899,Al-Riyadh SC,Al-Okhdood Club,Football,Saudi Arabia - Saudi Pro League,Bet365,Total Corners,Goals total / Over-Under,Under 6,5
odds_multi_extra_5_latest.json,64055899,Al-Riyadh SC,Al-Okhdood Club,Football,Saudi Arabia - Saudi Pro League,Bet365,Alternative Asian Handicap,Handicap / Spread,-3.25,15
odds_multi_extra_5_latest.json,64055899,Al-Riyadh SC,Al-Okhdood Club,Football,Saudi Arabia - Saudi Pro League,Bet365,Corners 2-Way,Other / Unknown,9.5,1
odds_multi_extra_5_latest.json,64055899,Al-Riyadh SC,Al-Okhdood Club,Football,Saudi Arabia - Saudi Pro League,Bet365,1st Half Handicap,Handicap / Spread,Tie (1),2
odds_multi_extra_5_latest.json,64055899,Al-Riyadh SC,Al-Okhdood Club,Football,Saudi Arabia - Saudi Pro League,Bet365,Specials,Other / Unknown,To Win From Behind (1),2
odds_multi_extra_5_latest.json,64055899,Al-Riyadh SC,Al-Okhdood Club,Football,Saudi Arabia - Saudi Pro League,Bet365,Exact Total Goals,Goals total / Over-Under,1 Goal,8
odds_multi_extra_5_latest.json,64055899,Al-Riyadh SC,Al-Okhdood Club,Football,Saudi Arabia - Saudi Pro League,Bet365,Corner Handicap,Handicap / Spread,1 (-2),2
odds_multi_extra_5_latest.json,64055899,Al-Riyadh SC,Al-Okhdood Club,Football,Saudi Arabia - Saudi Pro League,Bet365,Team Total Goals Away,Goals total / Over-Under,0.5,4
odds_multi_extra_5_latest.json,64055899,Al-Riyadh SC,Al-Okhdood Club,Football,Saudi Arabia - Saudi Pro League,Bet365,Alternative Goal Line,Other / Unknown,4,13
odds_multi_extra_5_latest.json,64055899,Al-Riyadh SC,Al-Okhdood Club,Football,Saudi Arabia - Saudi Pro League,Bet365,Both Teams To Score HT,Both teams to score,,1
odds_multi_extra_5_latest.json,64055899,Al-Riyadh SC,Al-Okhdood Club,Football,Saudi Arabia - Saudi Pro League,Bet365,Player Shots on Target,Other / Unknown,Leandro Antunes (1),165
odds_multi_extra_5_latest.json,64055899,Al-Riyadh SC,Al-Okhdood Club,Football,Saudi Arabia - Saudi Pro League,Bet365,Player To Score or Assist,Other / Unknown,Burak Ince (Score) (2),198
odds_multi_extra_5_latest.json,64055899,Al-Riyadh SC,Al-Okhdood Club,Football,Saudi Arabia - Saudi Pro League,Bet365,Team Goalscorer,Other / Unknown,Masalah Al Shaekh (First),136
odds_multi_extra_5_latest.json,64055899,Al-Riyadh SC,Al-Okhdood Club,Football,Saudi Arabia - Saudi Pro League,Bet365,Team Corners Home,Other / Unknown,5.5,1
odds_multi_extra_5_latest.json,64055899,Al-Riyadh SC,Al-Okhdood Club,Football,Saudi Arabia - Saudi Pro League,Bet365,Both Teams To Score 2H,Both teams to score,,1
odds_multi_extra_5_latest.json,64055899,Al-Riyadh SC,Al-Okhdood Club,Football,Saudi Arabia - Saudi Pro League,Bet365,Corners,Other / Unknown,10,1
odds_multi_extra_5_latest.json,64055899,Al-Riyadh SC,Al-Okhdood Club,Football,Saudi Arabia - Saudi Pro League,Bet365,First 10 Minutes (00:00 - 09:59),Other / Unknown,Corners (Over) (0.5),1
odds_multi_extra_5_latest.json,64055899,Al-Riyadh SC,Al-Okhdood Club,Football,Saudi Arabia - Saudi Pro League,Bet365,Multi Scorers,Other / Unknown,Mamadou Sylla (2 or More) (1),132
odds_multi_extra_5_latest.json,64055899,Al-Riyadh SC,Al-Okhdood Club,Football,Saudi Arabia - Saudi Pro League,Bet365,Number of Goals In Match,Other / Unknown,Under 2 goals,3
odds_multi_extra_5_latest.json,64055899,Al-Riyadh SC,Al-Okhdood Club,Football,Saudi Arabia - Saudi Pro League,Bet365,Half Time Result,Half-time / Period,1,3
odds_multi_extra_5_latest.json,64055899,Al-Riyadh SC,Al-Okhdood Club,Football,Saudi Arabia - Saudi Pro League,Bet365,Team Corners Away,Other / Unknown,3.5,1
odds_multi_extra_5_latest.json,64055899,Al-Riyadh SC,Al-Okhdood Club,Football,Saudi Arabia - Saudi Pro League,Bet365,Player Shots,Other / Unknown,Antonio Jose Toze (1),334
odds_multi_extra_5_latest.json,64055899,Al-Riyadh SC,Al-Okhdood Club,Football,Saudi Arabia - Saudi Pro League,Bet365,Team Total Goals Home,Goals total / Over-Under,6.5,7
odds_multi_extra_5_latest.json,64055899,Al-Riyadh SC,Al-Okhdood Club,Football,Saudi Arabia - Saudi Pro League,Bet365,Alternative Corners,Other / Unknown,11,13
odds_multi_extra_5_latest.json,64055899,Al-Riyadh SC,Al-Okhdood Club,Football,Saudi Arabia - Saudi Pro League,Bet365,Correct Score,Correct score,1-0,28
odds_multi_extra_5_latest.json,64055899,Al-Riyadh SC,Al-Okhdood Club,Football,Saudi Arabia - Saudi Pro League,Bet365,Corners Race,Other / Unknown,5,4
odds_multi_extra_5_latest.json,64055899,Al-Riyadh SC,Al-Okhdood Club,Football,Saudi Arabia - Saudi Pro League,Bet365,Alternative Total Goals,Goals total / Over-Under,1.5,7
odds_multi_extra_5_latest.json,64055899,Al-Riyadh SC,Al-Okhdood Club,Football,Saudi Arabia - Saudi Pro League,Bet365 (no latency),Totals,Goals total / Over-Under,2.5,1
odds_multi_extra_5_latest.json,71553438,Boca Juniors,CA River Plate (ARG),Football,"Argentina - Primera Division, Women",Bet365,ML,1X2 / Match result,,1
odds_multi_extra_5_latest.json,71553438,Boca Juniors,CA River Plate (ARG),Football,"Argentina - Primera Division, Women",Bet365,Draw No Bet,Other / Unknown,,1
odds_multi_extra_5_latest.json,71553438,Boca Juniors,CA River Plate (ARG),Football,"Argentina - Primera Division, Women",Bet365,Double Chance,Double chance,Boca Juniors (W) or River Plate (W),3
odds_multi_extra_5_latest.json,71553438,Boca Juniors,CA River Plate (ARG),Football,"Argentina - Primera Division, Women",Bet365,Spread,Handicap / Spread,-0.25,1
odds_multi_extra_5_latest.json,71553438,Boca Juniors,CA River Plate (ARG),Football,"Argentina - Primera Division, Women",Bet365,Totals,Goals total / Over-Under,2,1
odds_multi_extra_5_latest.json,71553438,Boca Juniors,CA River Plate (ARG),Football,"Argentina - Primera Division, Women",Bet365,Goals Over/Under,Goals total / Over-Under,2.5,1
odds_multi_extra_5_latest.json,71553438,Boca Juniors,CA River Plate (ARG),Football,"Argentina - Primera Division, Women",Bet365,Spread HT,Handicap / Spread,-0.25,1
odds_multi_extra_5_latest.json,71553438,Boca Juniors,CA River Plate (ARG),Football,"Argentina - Primera Division, Women",Bet365,Totals HT,Goals total / Over-Under,0.75,1
odds_multi_extra_5_latest.json,71553438,Boca Juniors,CA River Plate (ARG),Football,"Argentina - Primera Division, Women",Bet365,Corners Totals,Goals total / Over-Under,8,1
odds_multi_extra_5_latest.json,71553438,Boca Juniors,CA River Plate (ARG),Football,"Argentina - Primera Division, Women",Bet365,Corners Totals HT,Goals total / Over-Under,3.5,1
odds_multi_extra_5_latest.json,71553438,Boca Juniors,CA River Plate (ARG),Football,"Argentina - Primera Division, Women",Bet365,Correct Score,Correct score,2-1,15
odds_multi_extra_5_latest.json,71553438,Boca Juniors,CA River Plate (ARG),Football,"Argentina - Primera Division, Women",Bet365,Corners,Other / Unknown,8,1
odds_multi_extra_5_latest.json,71553438,Boca Juniors,CA River Plate (ARG),Football,"Argentina - Primera Division, Women",Bet365,Half Time Result,Half-time / Period,2,3
odds_multi_extra_5_latest.json,71553438,Boca Juniors,CA River Plate (ARG),Football,"Argentina - Primera Division, Women",Bet365,Corners 2-Way,Other / Unknown,7.5,1
odds_multi_extra_5_latest.json,71553438,Boca Juniors,CA River Plate (ARG),Football,"Argentina - Primera Division, Women",Bet365 (no latency),Spread,Handicap / Spread,-0.25,1
odds_multi_latest.json,71581926,Maccabi Petah Tikva,Beitar Jerusalem,Football,Israel - U19 Premier League,Bet365,ML,1X2 / Match result,,1
odds_multi_latest.json,71581926,Maccabi Petah Tikva,Beitar Jerusalem,Football,Israel - U19 Premier League,Bet365,Draw No Bet,Other / Unknown,,1
odds_multi_latest.json,71581926,Maccabi Petah Tikva,Beitar Jerusalem,Football,Israel - U19 Premier League,Bet365,Double Chance,Double chance,Maccabi Petah Tikva U19 or Draw,3
odds_multi_latest.json,71581926,Maccabi Petah Tikva,Beitar Jerusalem,Football,Israel - U19 Premier League,Bet365,Spread,Handicap / Spread,0,1
odds_multi_latest.json,71581926,Maccabi Petah Tikva,Beitar Jerusalem,Football,Israel - U19 Premier League,Bet365,Totals,Goals total / Over-Under,2.5,1
odds_multi_latest.json,71581926,Maccabi Petah Tikva,Beitar Jerusalem,Football,Israel - U19 Premier League,Bet365,Goals Over/Under,Goals total / Over-Under,2.5,1
odds_multi_latest.json,71581926,Maccabi Petah Tikva,Beitar Jerusalem,Football,Israel - U19 Premier League,Bet365,Spread HT,Handicap / Spread,-0.25,1
odds_multi_latest.json,71581926,Maccabi Petah Tikva,Beitar Jerusalem,Football,Israel - U19 Premier League,Bet365,Totals HT,Goals total / Over-Under,1,1
odds_multi_latest.json,71581926,Maccabi Petah Tikva,Beitar Jerusalem,Football,Israel - U19 Premier League,Bet365,Correct Score,Correct score,1-0,17
odds_multi_latest.json,71581926,Maccabi Petah Tikva,Beitar Jerusalem,Football,Israel - U19 Premier League,Bet365,Half Time Result,Half-time / Period,1,3
odds_multi_latest.json,71581926,Maccabi Petah Tikva,Beitar Jerusalem,Football,Israel - U19 Premier League,Bet365 (no latency),Spread,Handicap / Spread,0,1
odds_multi_latest.json,71581926,Maccabi Petah Tikva,Beitar Jerusalem,Football,Israel - U19 Premier League,Bet365 (no latency),Totals,Goals total / Over-Under,2.5,1
odds_multi_latest.json,70926696,Arba Minch Ketema,Sidama Bunna SC,Football,Ethiopia - Premier League,Bet365,ML,1X2 / Match result,,1
odds_multi_latest.json,70926696,Arba Minch Ketema,Sidama Bunna SC,Football,Ethiopia - Premier League,Bet365,Draw No Bet,Other / Unknown,,1
odds_multi_latest.json,70926696,Arba Minch Ketema,Sidama Bunna SC,Football,Ethiopia - Premier League,Bet365,Double Chance,Double chance,Arba Minch Kenema or Draw,3
odds_multi_latest.json,70926696,Arba Minch Ketema,Sidama Bunna SC,Football,Ethiopia - Premier League,Bet365,Spread,Handicap / Spread,0.5,1
odds_multi_latest.json,70926696,Arba Minch Ketema,Sidama Bunna SC,Football,Ethiopia - Premier League,Bet365,Totals,Goals total / Over-Under,1.75,1
odds_multi_latest.json,70926696,Arba Minch Ketema,Sidama Bunna SC,Football,Ethiopia - Premier League,Bet365,Goals Over/Under,Goals total / Over-Under,2.5,1
odds_multi_latest.json,70926696,Arba Minch Ketema,Sidama Bunna SC,Football,Ethiopia - Premier League,Bet365,Spread HT,Handicap / Spread,0.25,1
odds_multi_latest.json,70926696,Arba Minch Ketema,Sidama Bunna SC,Football,Ethiopia - Premier League,Bet365,Totals HT,Goals total / Over-Under,0.75,1
odds_multi_latest.json,70926696,Arba Minch Ketema,Sidama Bunna SC,Football,Ethiopia - Premier League,Bet365,Half Time Result,Half-time / Period,1,3
odds_multi_latest.json,70926696,Arba Minch Ketema,Sidama Bunna SC,Football,Ethiopia - Premier League,Bet365,Correct Score,Correct score,0-0,14
odds_multi_latest.json,70926696,Arba Minch Ketema,Sidama Bunna SC,Football,Ethiopia - Premier League,Bet365 (no latency),Totals,Goals total / Over-Under,2.5,1
odds_multi_latest.json,70945952,FC Fard Alborz,FC Pars Jonoubi Jam,Football,Iran - Azadegan League,Bet365,ML,1X2 / Match result,,1
odds_multi_latest.json,70945952,FC Fard Alborz,FC Pars Jonoubi Jam,Football,Iran - Azadegan League,Bet365,Draw No Bet,Other / Unknown,,1
odds_multi_latest.json,70945952,FC Fard Alborz,FC Pars Jonoubi Jam,Football,Iran - Azadegan League,Bet365,Double Chance,Double chance,FC Fard or Draw,3
odds_multi_latest.json,70945952,FC Fard Alborz,FC Pars Jonoubi Jam,Football,Iran - Azadegan League,Bet365,Spread,Handicap / Spread,-0.25,1
odds_multi_latest.json,70945952,FC Fard Alborz,FC Pars Jonoubi Jam,Football,Iran - Azadegan League,Bet365,Totals,Goals total / Over-Under,1.75,1
odds_multi_latest.json,70945952,FC Fard Alborz,FC Pars Jonoubi Jam,Football,Iran - Azadegan League,Bet365,Goals Over/Under,Goals total / Over-Under,2.5,1
odds_multi_latest.json,70945952,FC Fard Alborz,FC Pars Jonoubi Jam,Football,Iran - Azadegan League,Bet365,Spread HT,Handicap / Spread,0,1
odds_multi_latest.json,70945952,FC Fard Alborz,FC Pars Jonoubi Jam,Football,Iran - Azadegan League,Bet365,1st Half Goal Line,Half-time / Period,0.5,1
odds_multi_latest.json,70945952,FC Fard Alborz,FC Pars Jonoubi Jam,Football,Iran - Azadegan League,Bet365,Correct Score,Correct score,0-0,11
odds_multi_latest.json,70945952,FC Fard Alborz,FC Pars Jonoubi Jam,Football,Iran - Azadegan League,Bet365,Half Time Result,Half-time / Period,1,3
odds_multi_latest.json,70945952,FC Fard Alborz,FC Pars Jonoubi Jam,Football,Iran - Azadegan League,Bet365 (no latency),ML,1X2 / Match result,,1
odds_multi_latest.json,70945952,FC Fard Alborz,FC Pars Jonoubi Jam,Football,Iran - Azadegan League,Bet365 (no latency),Spread,Handicap / Spread,-0.25,1
odds_multi_latest.json,70945952,FC Fard Alborz,FC Pars Jonoubi Jam,Football,Iran - Azadegan League,Bet365 (no latency),Totals,Goals total / Over-Under,1.75,1
odds_multi_latest.json,63637931,Moik Baku,Difai Agsu,Football,Azerbaijan - First Division,Bet365,ML,1X2 / Match result,,1
odds_multi_latest.json,63637931,Moik Baku,Difai Agsu,Football,Azerbaijan - First Division,Bet365,Draw No Bet,Other / Unknown,,1
odds_multi_latest.json,63637931,Moik Baku,Difai Agsu,Football,Azerbaijan - First Division,Bet365,Double Chance,Double chance,Moik Baku or Draw,3
odds_multi_latest.json,63637931,Moik Baku,Difai Agsu,Football,Azerbaijan - First Division,Bet365,Spread,Handicap / Spread,-0.5,1
odds_multi_latest.json,63637931,Moik Baku,Difai Agsu,Football,Azerbaijan - First Division,Bet365,Totals,Goals total / Over-Under,2.75,1
odds_multi_latest.json,63637931,Moik Baku,Difai Agsu,Football,Azerbaijan - First Division,Bet365,Goals Over/Under,Goals total / Over-Under,2.5,1
odds_multi_latest.json,63637931,Moik Baku,Difai Agsu,Football,Azerbaijan - First Division,Bet365,Spread HT,Handicap / Spread,-0.25,1
odds_multi_latest.json,63637931,Moik Baku,Difai Agsu,Football,Azerbaijan - First Division,Bet365,Totals HT,Goals total / Over-Under,1,1
odds_multi_latest.json,63637931,Moik Baku,Difai Agsu,Football,Azerbaijan - First Division,Bet365,Correct Score,Correct score,0-0,18
odds_multi_latest.json,63637931,Moik Baku,Difai Agsu,Football,Azerbaijan - First Division,Bet365,Half Time Result,Half-time / Period,1,3
odds_multi_latest.json,63637931,Moik Baku,Difai Agsu,Football,Azerbaijan - First Division,Bet365 (no latency),Spread,Handicap / Spread,-0.5,1
odds_multi_latest.json,63637931,Moik Baku,Difai Agsu,Football,Azerbaijan - First Division,Bet365 (no latency),Totals,Goals total / Over-Under,2.75,1
odds_multi_latest.json,71423472,Khangarid,Central Stallions FC,Football,Mongolia - Premier League,Bet365,ML,1X2 / Match result,,1
odds_multi_latest.json,71423472,Khangarid,Central Stallions FC,Football,Mongolia - Premier League,Bet365,Draw No Bet,Other / Unknown,,1
odds_multi_latest.json,71423472,Khangarid,Central Stallions FC,Football,Mongolia - Premier League,Bet365,Double Chance,Double chance,Khangarid Klub or Central Stallions,3
odds_multi_latest.json,71423472,Khangarid,Central Stallions FC,Football,Mongolia - Premier League,Bet365,Spread,Handicap / Spread,0.5,1
odds_multi_latest.json,71423472,Khangarid,Central Stallions FC,Football,Mongolia - Premier League,Bet365,Totals,Goals total / Over-Under,3.75,1
odds_multi_latest.json,71423472,Khangarid,Central Stallions FC,Football,Mongolia - Premier League,Bet365,Goals Over/Under,Goals total / Over-Under,2.5,1
odds_multi_latest.json,71423472,Khangarid,Central Stallions FC,Football,Mongolia - Premier League,Bet365,Spread HT,Handicap / Spread,0.25,1
odds_multi_latest.json,71423472,Khangarid,Central Stallions FC,Football,Mongolia - Premier League,Bet365,Half Time Result,Half-time / Period,Draw,3
odds_multi_latest.json,71423472,Khangarid,Central Stallions FC,Football,Mongolia - Premier League,Bet365,1st Half Goal Line,Half-time / Period,1.5,1
odds_multi_latest.json,71423472,Khangarid,Central Stallions FC,Football,Mongolia - Premier League,Bet365,Correct Score,Correct score,0-0,22
odds_multi_latest.json,71423472,Khangarid,Central Stallions FC,Football,Mongolia - Premier League,Bet365 (no latency),Totals,Goals total / Over-Under,2.5,1
odds_multi_latest.json,71474764,Libertad Asuncion,Sportivo Trinidense,Football,"Paraguay - Primera Division Reserve, Apertura",Bet365,ML,1X2 / Match result,,1
odds_multi_latest.json,71474764,Libertad Asuncion,Sportivo Trinidense,Football,"Paraguay - Primera Division Reserve, Apertura",Bet365,Draw No Bet,Other / Unknown,,1
odds_multi_latest.json,71474764,Libertad Asuncion,Sportivo Trinidense,Football,"Paraguay - Primera Division Reserve, Apertura",Bet365,Double Chance,Double chance,Libertad Asuncion Reserves or Draw,3
odds_multi_latest.json,71474764,Libertad Asuncion,Sportivo Trinidense,Football,"Paraguay - Primera Division Reserve, Apertura",Bet365,Spread,Handicap / Spread,-2,1
odds_multi_latest.json,71474764,Libertad Asuncion,Sportivo Trinidense,Football,"Paraguay - Primera Division Reserve, Apertura",Bet365,Totals,Goals total / Over-Under,3.25,1
odds_multi_latest.json,71474764,Libertad Asuncion,Sportivo Trinidense,Football,"Paraguay - Primera Division Reserve, Apertura",Bet365,Goals Over/Under,Goals total / Over-Under,2.5,1
odds_multi_latest.json,71474764,Libertad Asuncion,Sportivo Trinidense,Football,"Paraguay - Primera Division Reserve, Apertura",Bet365,Spread HT,Handicap / Spread,-0.75,1
odds_multi_latest.json,71474764,Libertad Asuncion,Sportivo Trinidense,Football,"Paraguay - Primera Division Reserve, Apertura",Bet365,Totals HT,Goals total / Over-Under,1.25,1
odds_multi_latest.json,71474764,Libertad Asuncion,Sportivo Trinidense,Football,"Paraguay - Primera Division Reserve, Apertura",Bet365,Correct Score,Correct score,0-0,21
odds_multi_latest.json,71474764,Libertad Asuncion,Sportivo Trinidense,Football,"Paraguay - Primera Division Reserve, Apertura",Bet365,Half Time Result,Half-time / Period,1,3
odds_multi_latest.json,71474764,Libertad Asuncion,Sportivo Trinidense,Football,"Paraguay - Primera Division Reserve, Apertura",Bet365 (no latency),Spread,Handicap / Spread,-2,1
odds_multi_latest.json,71474764,Libertad Asuncion,Sportivo Trinidense,Football,"Paraguay - Primera Division Reserve, Apertura",Bet365 (no latency),Totals,Goals total / Over-Under,3.25,1
odds_multi_latest.json,70926698,Adama City FC,Welwalo Adigrat,Football,Ethiopia - Premier League,Bet365,ML,1X2 / Match result,,1
odds_multi_latest.json,70926698,Adama City FC,Welwalo Adigrat,Football,Ethiopia - Premier League,Bet365,Draw No Bet,Other / Unknown,,1
odds_multi_latest.json,70926698,Adama City FC,Welwalo Adigrat,Football,Ethiopia - Premier League,Bet365,Double Chance,Double chance,Adama City or Welwalo Adigrat,3
odds_multi_latest.json,70926698,Adama City FC,Welwalo Adigrat,Football,Ethiopia - Premier League,Bet365,Spread,Handicap / Spread,0,1
odds_multi_latest.json,70926698,Adama City FC,Welwalo Adigrat,Football,Ethiopia - Premier League,Bet365,Totals,Goals total / Over-Under,1.75,1
odds_multi_latest.json,70926698,Adama City FC,Welwalo Adigrat,Football,Ethiopia - Premier League,Bet365,Goals Over/Under,Goals total / Over-Under,2.5,1
odds_multi_latest.json,70926698,Adama City FC,Welwalo Adigrat,Football,Ethiopia - Premier League,Bet365,Spread HT,Handicap / Spread,0,1
odds_multi_latest.json,70926698,Adama City FC,Welwalo Adigrat,Football,Ethiopia - Premier League,Bet365,Totals HT,Goals total / Over-Under,0.75,1
odds_multi_latest.json,70926698,Adama City FC,Welwalo Adigrat,Football,Ethiopia - Premier League,Bet365,Correct Score,Correct score,0-0,12
odds_multi_latest.json,70926698,Adama City FC,Welwalo Adigrat,Football,Ethiopia - Premier League,Bet365,Half Time Result,Half-time / Period,1,3
odds_multi_latest.json,70926698,Adama City FC,Welwalo Adigrat,Football,Ethiopia - Premier League,Bet365 (no latency),Spread,Handicap / Spread,0,1
odds_multi_latest.json,70926698,Adama City FC,Welwalo Adigrat,Football,Ethiopia - Premier League,Bet365 (no latency),Totals,Goals total / Over-Under,1.75,1
odds_multi_latest.json,61651686,FC Shakhtar Donetsk,Kolos Kovalivka,Football,Ukraine - Premier League,Bet365,ML,1X2 / Match result,,1
odds_multi_latest.json,61651686,FC Shakhtar Donetsk,Kolos Kovalivka,Football,Ukraine - Premier League,Bet365,Draw No Bet,Other / Unknown,,1
odds_multi_latest.json,61651686,FC Shakhtar Donetsk,Kolos Kovalivka,Football,Ukraine - Premier League,Bet365,Double Chance,Double chance,Shakhtar Donetsk or Draw,3
odds_multi_latest.json,61651686,FC Shakhtar Donetsk,Kolos Kovalivka,Football,Ukraine - Premier League,Bet365,Spread,Handicap / Spread,-1.5,1
odds_multi_latest.json,61651686,FC Shakhtar Donetsk,Kolos Kovalivka,Football,Ukraine - Premier League,Bet365,Totals,Goals total / Over-Under,2.5,1
odds_multi_latest.json,61651686,FC Shakhtar Donetsk,Kolos Kovalivka,Football,Ukraine - Premier League,Bet365,Goals Over/Under,Goals total / Over-Under,2.5,1
odds_multi_latest.json,61651686,FC Shakhtar Donetsk,Kolos Kovalivka,Football,Ukraine - Premier League,Bet365,Both Teams To Score,Both teams to score,,1
odds_multi_latest.json,61651686,FC Shakhtar Donetsk,Kolos Kovalivka,Football,Ukraine - Premier League,Bet365,Spread HT,Handicap / Spread,-0.5,1
odds_multi_latest.json,61651686,FC Shakhtar Donetsk,Kolos Kovalivka,Football,Ukraine - Premier League,Bet365,Totals HT,Goals total / Over-Under,1,1
odds_multi_latest.json,61651686,FC Shakhtar Donetsk,Kolos Kovalivka,Football,Ukraine - Premier League,Bet365,European Handicap,Handicap / Spread,1,2
odds_multi_latest.json,61651686,FC Shakhtar Donetsk,Kolos Kovalivka,Football,Ukraine - Premier League,Bet365,Corners Totals,Goals total / Over-Under,8,1
odds_multi_latest.json,61651686,FC Shakhtar Donetsk,Kolos Kovalivka,Football,Ukraine - Premier League,Bet365,Corners Totals HT,Goals total / Over-Under,4,1
odds_multi_latest.json,61651686,FC Shakhtar Donetsk,Kolos Kovalivka,Football,Ukraine - Premier League,Bet365,Both Teams To Score 2H,Both teams to score,,1
odds_multi_latest.json,61651686,FC Shakhtar Donetsk,Kolos Kovalivka,Football,Ukraine - Premier League,Bet365,1st Half Handicap,Handicap / Spread,1 (-1),2
odds_multi_latest.json,61651686,FC Shakhtar Donetsk,Kolos Kovalivka,Football,Ukraine - Premier League,Bet365,Corners,Other / Unknown,8,1
odds_multi_latest.json,61651686,FC Shakhtar Donetsk,Kolos Kovalivka,Football,Ukraine - Premier League,Bet365,Corners 2-Way,Other / Unknown,8.5,1
odds_multi_latest.json,61651686,FC Shakhtar Donetsk,Kolos Kovalivka,Football,Ukraine - Premier League,Bet365,Alternative Goal Line,Other / Unknown,1.25,13
odds_multi_latest.json,61651686,FC Shakhtar Donetsk,Kolos Kovalivka,Football,Ukraine - Premier League,Bet365,Half Time Result,Half-time / Period,1,3
odds_multi_latest.json,61651686,FC Shakhtar Donetsk,Kolos Kovalivka,Football,Ukraine - Premier League,Bet365,Team Total Goals Away,Goals total / Over-Under,0.5,3
odds_multi_latest.json,61651686,FC Shakhtar Donetsk,Kolos Kovalivka,Football,Ukraine - Premier League,Bet365,Alternative Corners,Other / Unknown,4,11
odds_multi_latest.json,61651686,FC Shakhtar Donetsk,Kolos Kovalivka,Football,Ukraine - Premier League,Bet365,Correct Score,Correct score,3-1,22
odds_multi_latest.json,61651686,FC Shakhtar Donetsk,Kolos Kovalivka,Football,Ukraine - Premier League,Bet365,Alternative Asian Handicap,Handicap / Spread,-0.75,13
odds_multi_latest.json,61651686,FC Shakhtar Donetsk,Kolos Kovalivka,Football,Ukraine - Premier League,Bet365,Specials,Other / Unknown,To Win From Behind (1),2
odds_multi_latest.json,61651686,FC Shakhtar Donetsk,Kolos Kovalivka,Football,Ukraine - Premier League,Bet365,Total Corners,Goals total / Over-Under,Under 6,5
odds_multi_latest.json,61651686,FC Shakhtar Donetsk,Kolos Kovalivka,Football,Ukraine - Premier League,Bet365,Team Total Goals Home,Goals total / Over-Under,0.5,7
odds_multi_latest.json,61651686,FC Shakhtar Donetsk,Kolos Kovalivka,Football,Ukraine - Premier League,Bet365,Alternative Total Goals,Goals total / Over-Under,0.5,7
odds_multi_latest.json,61651686,FC Shakhtar Donetsk,Kolos Kovalivka,Football,Ukraine - Premier League,Bet365,Both Teams To Score HT,Both teams to score,,1
odds_multi_latest.json,61651686,FC Shakhtar Donetsk,Kolos Kovalivka,Football,Ukraine - Premier League,Bet365,Number of Goals In Match,Other / Unknown,Under 2 goals,3
odds_multi_latest.json,61651686,FC Shakhtar Donetsk,Kolos Kovalivka,Football,Ukraine - Premier League,Bet365,Exact Total Goals,Goals total / Over-Under,0 Goals,8
odds_multi_latest.json,61651686,FC Shakhtar Donetsk,Kolos Kovalivka,Football,Ukraine - Premier League,Bet365 (no latency),Totals,Goals total / Over-Under,2.5,1
odds_multi_latest.json,63637933,Cabrayil,Simal,Football,Azerbaijan - First Division,Bet365,ML,1X2 / Match result,,1
odds_multi_latest.json,63637933,Cabrayil,Simal,Football,Azerbaijan - First Division,Bet365,Draw No Bet,Other / Unknown,,1
odds_multi_latest.json,63637933,Cabrayil,Simal,Football,Azerbaijan - First Division,Bet365,Double Chance,Double chance,Cebrayil FK or Simal FK,3
odds_multi_latest.json,63637933,Cabrayil,Simal,Football,Azerbaijan - First Division,Bet365,Spread,Handicap / Spread,0.25,1
odds_multi_latest.json,63637933,Cabrayil,Simal,Football,Azerbaijan - First Division,Bet365,Totals,Goals total / Over-Under,3,1
odds_multi_latest.json,63637933,Cabrayil,Simal,Football,Azerbaijan - First Division,Bet365,Goals Over/Under,Goals total / Over-Under,2.5,1
odds_multi_latest.json,63637933,Cabrayil,Simal,Football,Azerbaijan - First Division,Bet365,Spread HT,Handicap / Spread,0,1
odds_multi_latest.json,63637933,Cabrayil,Simal,Football,Azerbaijan - First Division,Bet365,Totals HT,Goals total / Over-Under,1.25,1
odds_multi_latest.json,63637933,Cabrayil,Simal,Football,Azerbaijan - First Division,Bet365,Correct Score,Correct score,2-2,17
odds_multi_latest.json,63637933,Cabrayil,Simal,Football,Azerbaijan - First Division,Bet365,Half Time Result,Half-time / Period,1,3
odds_multi_latest.json,63637933,Cabrayil,Simal,Football,Azerbaijan - First Division,Bet365 (no latency),Totals,Goals total / Over-Under,3,1
odds_multi_latest.json,70479398,Jkt Tanzania,Fountain Gate FC,Football,Tanzania - Premier League,Bet365,ML,1X2 / Match result,,1
odds_multi_latest.json,70479398,Jkt Tanzania,Fountain Gate FC,Football,Tanzania - Premier League,Bet365,Draw No Bet,Other / Unknown,,1
odds_multi_latest.json,70479398,Jkt Tanzania,Fountain Gate FC,Football,Tanzania - Premier League,Bet365,Double Chance,Double chance,JKT Tanzania or Draw,3
odds_multi_latest.json,70479398,Jkt Tanzania,Fountain Gate FC,Football,Tanzania - Premier League,Bet365,Spread,Handicap / Spread,-0.75,1
odds_multi_latest.json,70479398,Jkt Tanzania,Fountain Gate FC,Football,Tanzania - Premier League,Bet365,Totals,Goals total / Over-Under,2,1
odds_multi_latest.json,70479398,Jkt Tanzania,Fountain Gate FC,Football,Tanzania - Premier League,Bet365,Goals Over/Under,Goals total / Over-Under,2.5,1
odds_multi_latest.json,70479398,Jkt Tanzania,Fountain Gate FC,Football,Tanzania - Premier League,Bet365,Spread HT,Handicap / Spread,-0.25,1
odds_multi_latest.json,70479398,Jkt Tanzania,Fountain Gate FC,Football,Tanzania - Premier League,Bet365,Totals HT,Goals total / Over-Under,0.75,1
odds_multi_latest.json,70479398,Jkt Tanzania,Fountain Gate FC,Football,Tanzania - Premier League,Bet365,Corners Totals,Goals total / Over-Under,8.5,1
odds_multi_latest.json,70479398,Jkt Tanzania,Fountain Gate FC,Football,Tanzania - Premier League,Bet365,Corners Totals HT,Goals total / Over-Under,4,1
odds_multi_latest.json,70479398,Jkt Tanzania,Fountain Gate FC,Football,Tanzania - Premier League,Bet365,Corners 2-Way,Other / Unknown,8.5,1
odds_multi_latest.json,70479398,Jkt Tanzania,Fountain Gate FC,Football,Tanzania - Premier League,Bet365,Half Time Result,Half-time / Period,1,3
odds_multi_latest.json,70479398,Jkt Tanzania,Fountain Gate FC,Football,Tanzania - Premier League,Bet365,Correct Score,Correct score,0-0,15
odds_multi_latest.json,70479398,Jkt Tanzania,Fountain Gate FC,Football,Tanzania - Premier League,Bet365,Corners,Other / Unknown,9,1
odds_multi_latest.json,70479398,Jkt Tanzania,Fountain Gate FC,Football,Tanzania - Premier League,Bet365 (no latency),Spread,Handicap / Spread,-0.75,1
odds_multi_latest.json,70479398,Jkt Tanzania,Fountain Gate FC,Football,Tanzania - Premier League,Bet365 (no latency),Totals,Goals total / Over-Under,2,1
odds_multi_extra_1_latest.json,71039182,A Sakiet Edayer,JS Omrane,Football,Tunisia - Tunisian Cup,Bet365,ML,1X2 / Match result,,1
odds_multi_extra_1_latest.json,71039182,A Sakiet Edayer,JS Omrane,Football,Tunisia - Tunisian Cup,Bet365,Draw No Bet,Other / Unknown,,1
odds_multi_extra_1_latest.json,71039182,A Sakiet Edayer,JS Omrane,Football,Tunisia - Tunisian Cup,Bet365,Double Chance,Double chance,Progres Sakiet Eddaier or Draw,3
odds_multi_extra_1_latest.json,71039182,A Sakiet Edayer,JS Omrane,Football,Tunisia - Tunisian Cup,Bet365,Spread,Handicap / Spread,0.25,1
odds_multi_extra_1_latest.json,71039182,A Sakiet Edayer,JS Omrane,Football,Tunisia - Tunisian Cup,Bet365,Totals,Goals total / Over-Under,2.25,1
odds_multi_extra_1_latest.json,71039182,A Sakiet Edayer,JS Omrane,Football,Tunisia - Tunisian Cup,Bet365,Goals Over/Under,Goals total / Over-Under,2.5,1
odds_multi_extra_1_latest.json,71039182,A Sakiet Edayer,JS Omrane,Football,Tunisia - Tunisian Cup,Bet365,Spread HT,Handicap / Spread,0.25,1
odds_multi_extra_1_latest.json,71039182,A Sakiet Edayer,JS Omrane,Football,Tunisia - Tunisian Cup,Bet365,Totals HT,Goals total / Over-Under,1,1
odds_multi_extra_1_latest.json,71039182,A Sakiet Edayer,JS Omrane,Football,Tunisia - Tunisian Cup,Bet365,Corners Totals,Goals total / Over-Under,8.5,1
odds_multi_extra_1_latest.json,71039182,A Sakiet Edayer,JS Omrane,Football,Tunisia - Tunisian Cup,Bet365,Corners Totals HT,Goals total / Over-Under,4,1
odds_multi_extra_1_latest.json,71039182,A Sakiet Edayer,JS Omrane,Football,Tunisia - Tunisian Cup,Bet365,Method of Victory,Other / Unknown,90 Mins (2),2
odds_multi_extra_1_latest.json,71039182,A Sakiet Edayer,JS Omrane,Football,Tunisia - Tunisian Cup,Bet365,Correct Score,Correct score,0-0,15
odds_multi_extra_1_latest.json,71039182,A Sakiet Edayer,JS Omrane,Football,Tunisia - Tunisian Cup,Bet365,Half Time Result,Half-time / Period,1,3
odds_multi_extra_1_latest.json,71039182,A Sakiet Edayer,JS Omrane,Football,Tunisia - Tunisian Cup,Bet365,Corners,Other / Unknown,8,1
odds_multi_extra_1_latest.json,71039182,A Sakiet Edayer,JS Omrane,Football,Tunisia - Tunisian Cup,Bet365,Corners 2-Way,Other / Unknown,8.5,1
odds_multi_extra_1_latest.json,71039182,A Sakiet Edayer,JS Omrane,Football,Tunisia - Tunisian Cup,Bet365 (no latency),Spread,Handicap / Spread,0,1
odds_multi_extra_1_latest.json,71589706,FC Talant,FC Asia Talas,Football,Kyrgyzstan - Top League,Bet365,ML,1X2 / Match result,,1
odds_multi_extra_1_latest.json,71589706,FC Talant,FC Asia Talas,Football,Kyrgyzstan - Top League,Bet365,Draw No Bet,Other / Unknown,,1
odds_multi_extra_1_latest.json,71589706,FC Talant,FC Asia Talas,Football,Kyrgyzstan - Top League,Bet365,Double Chance,Double chance,FC Talant or Draw,3
odds_multi_extra_1_latest.json,71589706,FC Talant,FC Asia Talas,Football,Kyrgyzstan - Top League,Bet365,Spread,Handicap / Spread,0.25,1
odds_multi_extra_1_latest.json,71589706,FC Talant,FC Asia Talas,Football,Kyrgyzstan - Top League,Bet365,Totals,Goals total / Over-Under,2.75,1
odds_multi_extra_1_latest.json,71589706,FC Talant,FC Asia Talas,Football,Kyrgyzstan - Top League,Bet365,Goals Over/Under,Goals total / Over-Under,2.5,1
odds_multi_extra_1_latest.json,71589706,FC Talant,FC Asia Talas,Football,Kyrgyzstan - Top League,Bet365,Spread HT,Handicap / Spread,0,1
odds_multi_extra_1_latest.json,71589706,FC Talant,FC Asia Talas,Football,Kyrgyzstan - Top League,Bet365,Totals HT,Goals total / Over-Under,1.25,1
odds_multi_extra_1_latest.json,71589706,FC Talant,FC Asia Talas,Football,Kyrgyzstan - Top League,Bet365,Half Time Result,Half-time / Period,1,3
odds_multi_extra_1_latest.json,71589706,FC Talant,FC Asia Talas,Football,Kyrgyzstan - Top League,Bet365,Correct Score,Correct score,0-0,17
odds_multi_extra_1_latest.json,71589706,FC Talant,FC Asia Talas,Football,Kyrgyzstan - Top League,Bet365 (no latency),Spread,Handicap / Spread,0.25,1
odds_multi_extra_1_latest.json,71426280,Resistencia SC,Club General Caballero JLM,Football,Paraguay - Segunda Division,Bet365,ML,1X2 / Match result,,1
odds_multi_extra_1_latest.json,71426280,Resistencia SC,Club General Caballero JLM,Football,Paraguay - Segunda Division,Bet365,Draw No Bet,Other / Unknown,,1
odds_multi_extra_1_latest.json,71426280,Resistencia SC,Club General Caballero JLM,Football,Paraguay - Segunda Division,Bet365,Double Chance,Double chance,Resistencia FC or Draw,3
odds_multi_extra_1_latest.json,71426280,Resistencia SC,Club General Caballero JLM,Football,Paraguay - Segunda Division,Bet365,Spread,Handicap / Spread,0,1
odds_multi_extra_1_latest.json,71426280,Resistencia SC,Club General Caballero JLM,Football,Paraguay - Segunda Division,Bet365,Totals,Goals total / Over-Under,2.25,1
odds_multi_extra_1_latest.json,71426280,Resistencia SC,Club General Caballero JLM,Football,Paraguay - Segunda Division,Bet365,Goals Over/Under,Goals total / Over-Under,2.5,1
odds_multi_extra_1_latest.json,71426280,Resistencia SC,Club General Caballero JLM,Football,Paraguay - Segunda Division,Bet365,Spread HT,Handicap / Spread,0,1
odds_multi_extra_1_latest.json,71426280,Resistencia SC,Club General Caballero JLM,Football,Paraguay - Segunda Division,Bet365,Totals HT,Goals total / Over-Under,1,1
odds_multi_extra_1_latest.json,71426280,Resistencia SC,Club General Caballero JLM,Football,Paraguay - Segunda Division,Bet365,Corners Totals,Goals total / Over-Under,8.5,1
odds_multi_extra_1_latest.json,71426280,Resistencia SC,Club General Caballero JLM,Football,Paraguay - Segunda Division,Bet365,Correct Score,Correct score,0-0,15
odds_multi_extra_1_latest.json,71426280,Resistencia SC,Club General Caballero JLM,Football,Paraguay - Segunda Division,Bet365,Half Time Result,Half-time / Period,1,3
odds_multi_extra_1_latest.json,71426280,Resistencia SC,Club General Caballero JLM,Football,Paraguay - Segunda Division,Bet365 (no latency),Spread,Handicap / Spread,0,1
odds_multi_extra_1_latest.json,70946042,Mes Shahr-e Babak,Shahrdari Nowshahr,Football,Iran - Azadegan League,Bet365,ML,1X2 / Match result,,1
odds_multi_extra_1_latest.json,70946042,Mes Shahr-e Babak,Shahrdari Nowshahr,Football,Iran - Azadegan League,Bet365,Draw No Bet,Other / Unknown,,1
odds_multi_extra_1_latest.json,70946042,Mes Shahr-e Babak,Shahrdari Nowshahr,Football,Iran - Azadegan League,Bet365,Double Chance,Double chance,Mes Shahr-e Babak or Draw,3
odds_multi_extra_1_latest.json,70946042,Mes Shahr-e Babak,Shahrdari Nowshahr,Football,Iran - Azadegan League,Bet365,Spread,Handicap / Spread,-0.75,1
odds_multi_extra_1_latest.json,70946042,Mes Shahr-e Babak,Shahrdari Nowshahr,Football,Iran - Azadegan League,Bet365,Totals,Goals total / Over-Under,1.75,1
odds_multi_extra_1_latest.json,70946042,Mes Shahr-e Babak,Shahrdari Nowshahr,Football,Iran - Azadegan League,Bet365,Goals Over/Under,Goals total / Over-Under,2.5,1
odds_multi_extra_1_latest.json,70946042,Mes Shahr-e Babak,Shahrdari Nowshahr,Football,Iran - Azadegan League,Bet365,Spread HT,Handicap / Spread,-0.25,1
odds_multi_extra_1_latest.json,70946042,Mes Shahr-e Babak,Shahrdari Nowshahr,Football,Iran - Azadegan League,Bet365,Totals HT,Goals total / Over-Under,0.75,1
odds_multi_extra_1_latest.json,70946042,Mes Shahr-e Babak,Shahrdari Nowshahr,Football,Iran - Azadegan League,Bet365,Correct Score,Correct score,0-0,14
odds_multi_extra_1_latest.json,70946042,Mes Shahr-e Babak,Shahrdari Nowshahr,Football,Iran - Azadegan League,Bet365,Half Time Result,Half-time / Period,1,3
odds_multi_extra_1_latest.json,70946042,Mes Shahr-e Babak,Shahrdari Nowshahr,Football,Iran - Azadegan League,Bet365 (no latency),ML,1X2 / Match result,,1
odds_multi_extra_1_latest.json,70946042,Mes Shahr-e Babak,Shahrdari Nowshahr,Football,Iran - Azadegan League,Bet365 (no latency),Spread,Handicap / Spread,-0.75,1
odds_multi_extra_1_latest.json,70946042,Mes Shahr-e Babak,Shahrdari Nowshahr,Football,Iran - Azadegan League,Bet365 (no latency),Totals,Goals total / Over-Under,1.75,1
odds_multi_extra_1_latest.json,68746504,Punjab FC,Mumbai City,Football,India - Indian Super League,Bet365,ML,1X2 / Match result,,1
odds_multi_extra_1_latest.json,68746504,Punjab FC,Mumbai City,Football,India - Indian Super League,Bet365,Draw No Bet,Other / Unknown,,1
odds_multi_extra_1_latest.json,68746504,Punjab FC,Mumbai City,Football,India - Indian Super League,Bet365,Double Chance,Double chance,Draw or Mumbai City FC,3
odds_multi_extra_1_latest.json,68746504,Punjab FC,Mumbai City,Football,India - Indian Super League,Bet365,Spread,Handicap / Spread,-0.25,1
odds_multi_extra_1_latest.json,68746504,Punjab FC,Mumbai City,Football,India - Indian Super League,Bet365,Totals,Goals total / Over-Under,2.5,1
odds_multi_extra_1_latest.json,68746504,Punjab FC,Mumbai City,Football,India - Indian Super League,Bet365,Goals Over/Under,Goals total / Over-Under,2.5,1
odds_multi_extra_1_latest.json,68746504,Punjab FC,Mumbai City,Football,India - Indian Super League,Bet365,Both Teams To Score,Both teams to score,,1
odds_multi_extra_1_latest.json,68746504,Punjab FC,Mumbai City,Football,India - Indian Super League,Bet365,Spread HT,Handicap / Spread,-0.25,1
odds_multi_extra_1_latest.json,68746504,Punjab FC,Mumbai City,Football,India - Indian Super League,Bet365,Totals HT,Goals total / Over-Under,1,1
odds_multi_extra_1_latest.json,68746504,Punjab FC,Mumbai City,Football,India - Indian Super League,Bet365,European Handicap,Handicap / Spread,-3,3
odds_multi_extra_1_latest.json,68746504,Punjab FC,Mumbai City,Football,India - Indian Super League,Bet365,Corners Totals,Goals total / Over-Under,9,1
odds_multi_extra_1_latest.json,68746504,Punjab FC,Mumbai City,Football,India - Indian Super League,Bet365,Corners Totals HT,Goals total / Over-Under,4,1
odds_multi_extra_1_latest.json,68746504,Punjab FC,Mumbai City,Football,India - Indian Super League,Bet365,1st Half Handicap,Handicap / Spread,1 (-1),2
odds_multi_extra_1_latest.json,68746504,Punjab FC,Mumbai City,Football,India - Indian Super League,Bet365,Alternative Asian Handicap,Handicap / Spread,-1.75,12
odds_multi_extra_1_latest.json,68746504,Punjab FC,Mumbai City,Football,India - Indian Super League,Bet365,Corners,Other / Unknown,9,1
odds_multi_extra_1_latest.json,68746504,Punjab FC,Mumbai City,Football,India - Indian Super League,Bet365,Both Teams To Score HT,Both teams to score,,1
odds_multi_extra_1_latest.json,68746504,Punjab FC,Mumbai City,Football,India - Indian Super League,Bet365,Specials,Other / Unknown,To Win From Behind (1),2
odds_multi_extra_1_latest.json,68746504,Punjab FC,Mumbai City,Football,India - Indian Super League,Bet365,Team Total Goals Away,Goals total / Over-Under,1.5,5
odds_multi_extra_1_latest.json,68746504,Punjab FC,Mumbai City,Football,India - Indian Super League,Bet365,Alternative Goal Line,Other / Unknown,1.25,12
odds_multi_extra_1_latest.json,68746504,Punjab FC,Mumbai City,Football,India - Indian Super League,Bet365,Both Teams To Score 2H,Both teams to score,,1
odds_multi_extra_1_latest.json,68746504,Punjab FC,Mumbai City,Football,India - Indian Super League,Bet365,First 10 Minutes (00:00 - 09:59),Other / Unknown,Goals (Over) (0.5),1
odds_multi_extra_1_latest.json,68746504,Punjab FC,Mumbai City,Football,India - Indian Super League,Bet365,Total Corners,Goals total / Over-Under,Under 6,5
odds_multi_extra_1_latest.json,68746504,Punjab FC,Mumbai City,Football,India - Indian Super League,Bet365,Alternative Total Goals,Goals total / Over-Under,3.5,6
odds_multi_extra_1_latest.json,68746504,Punjab FC,Mumbai City,Football,India - Indian Super League,Bet365,Number of Goals In Match,Other / Unknown,Under 2 goals,3
odds_multi_extra_1_latest.json,68746504,Punjab FC,Mumbai City,Football,India - Indian Super League,Bet365,Alternative Corners,Other / Unknown,4,12
odds_multi_extra_1_latest.json,68746504,Punjab FC,Mumbai City,Football,India - Indian Super League,Bet365,Half Time Result,Half-time / Period,2,3
odds_multi_extra_1_latest.json,68746504,Punjab FC,Mumbai City,Football,India - Indian Super League,Bet365,Corners 2-Way,Other / Unknown,9.5,1
odds_multi_extra_1_latest.json,68746504,Punjab FC,Mumbai City,Football,India - Indian Super League,Bet365,Correct Score,Correct score,1-0,22
odds_multi_extra_1_latest.json,68746504,Punjab FC,Mumbai City,Football,India - Indian Super League,Bet365,Exact Total Goals,Goals total / Over-Under,1 Goal,8
odds_multi_extra_1_latest.json,68746504,Punjab FC,Mumbai City,Football,India - Indian Super League,Bet365,Team Total Goals Home,Goals total / Over-Under,0.5,5
odds_multi_extra_1_latest.json,68746504,Punjab FC,Mumbai City,Football,India - Indian Super League,Bet365 (no latency),Totals,Goals total / Over-Under,2.5,1
odds_multi_extra_1_latest.json,67845766,VIFK,Aaland United,Football,"Finland - Kansallinen Liiga, Women",Bet365,ML,1X2 / Match result,,1
odds_multi_extra_1_latest.json,67845766,VIFK,Aaland United,Football,"Finland - Kansallinen Liiga, Women",Bet365,Draw No Bet,Other / Unknown,,1
odds_multi_extra_1_latest.json,67845766,VIFK,Aaland United,Football,"Finland - Kansallinen Liiga, Women",Bet365,Double Chance,Double chance,VIFK (W) or Draw,3
odds_multi_extra_1_latest.json,67845766,VIFK,Aaland United,Football,"Finland - Kansallinen Liiga, Women",Bet365,Spread,Handicap / Spread,2.5,1
odds_multi_extra_1_latest.json,67845766,VIFK,Aaland United,Football,"Finland - Kansallinen Liiga, Women",Bet365,Totals,Goals total / Over-Under,4,1
odds_multi_extra_1_latest.json,67845766,VIFK,Aaland United,Football,"Finland - Kansallinen Liiga, Women",Bet365,Goals Over/Under,Goals total / Over-Under,2.5,1
odds_multi_extra_1_latest.json,67845766,VIFK,Aaland United,Football,"Finland - Kansallinen Liiga, Women",Bet365,Spread HT,Handicap / Spread,1,1
odds_multi_extra_1_latest.json,67845766,VIFK,Aaland United,Football,"Finland - Kansallinen Liiga, Women",Bet365,Totals HT,Goals total / Over-Under,1.75,1
odds_multi_extra_1_latest.json,67845766,VIFK,Aaland United,Football,"Finland - Kansallinen Liiga, Women",Bet365,Correct Score,Correct score,0-0,31
odds_multi_extra_1_latest.json,67845766,VIFK,Aaland United,Football,"Finland - Kansallinen Liiga, Women",Bet365,Half Time Result,Half-time / Period,1,3
odds_multi_extra_1_latest.json,67845766,VIFK,Aaland United,Football,"Finland - Kansallinen Liiga, Women",Bet365 (no latency),Spread,Handicap / Spread,2.5,1
odds_multi_extra_1_latest.json,70946044,Nassaji Mazandaran FC,Navad Urmia FC,Football,Iran - Azadegan League,Bet365,ML,1X2 / Match result,,1
odds_multi_extra_1_latest.json,70946044,Nassaji Mazandaran FC,Navad Urmia FC,Football,Iran - Azadegan League,Bet365,Draw No Bet,Other / Unknown,,1
odds_multi_extra_1_latest.json,70946044,Nassaji Mazandaran FC,Navad Urmia FC,Football,Iran - Azadegan League,Bet365,Double Chance,Double chance,Nassaji Mazandaran or Draw,3
odds_multi_extra_1_latest.json,70946044,Nassaji Mazandaran FC,Navad Urmia FC,Football,Iran - Azadegan League,Bet365,Spread,Handicap / Spread,-1.25,1
odds_multi_extra_1_latest.json,70946044,Nassaji Mazandaran FC,Navad Urmia FC,Football,Iran - Azadegan League,Bet365,Totals,Goals total / Over-Under,2,1
odds_multi_extra_1_latest.json,70946044,Nassaji Mazandaran FC,Navad Urmia FC,Football,Iran - Azadegan League,Bet365,Goals Over/Under,Goals total / Over-Under,2.5,1
odds_multi_extra_1_latest.json,70946044,Nassaji Mazandaran FC,Navad Urmia FC,Football,Iran - Azadegan League,Bet365,Spread HT,Handicap / Spread,-0.5,1
odds_multi_extra_1_latest.json,70946044,Nassaji Mazandaran FC,Navad Urmia FC,Football,Iran - Azadegan League,Bet365,Totals HT,Goals total / Over-Under,0.75,1
odds_multi_extra_1_latest.json,70946044,Nassaji Mazandaran FC,Navad Urmia FC,Football,Iran - Azadegan League,Bet365,Half Time Result,Half-time / Period,1,3
odds_multi_extra_1_latest.json,70946044,Nassaji Mazandaran FC,Navad Urmia FC,Football,Iran - Azadegan League,Bet365,Correct Score,Correct score,0-0,15
odds_multi_extra_1_latest.json,70946044,Nassaji Mazandaran FC,Navad Urmia FC,Football,Iran - Azadegan League,Bet365 (no latency),ML,1X2 / Match result,,1
odds_multi_extra_1_latest.json,70946044,Nassaji Mazandaran FC,Navad Urmia FC,Football,Iran - Azadegan League,Bet365 (no latency),Spread,Handicap / Spread,-1.25,1
odds_multi_extra_1_latest.json,70946044,Nassaji Mazandaran FC,Navad Urmia FC,Football,Iran - Azadegan League,Bet365 (no latency),Totals,Goals total / Over-Under,2,1
odds_multi_extra_1_latest.json,68746498,Inter Kashi FC,SC East Bengal,Football,India - Indian Super League,Bet365,ML,1X2 / Match result,,1
odds_multi_extra_1_latest.json,68746498,Inter Kashi FC,SC East Bengal,Football,India - Indian Super League,Bet365,Draw No Bet,Other / Unknown,,1
odds_multi_extra_1_latest.json,68746498,Inter Kashi FC,SC East Bengal,Football,India - Indian Super League,Bet365,Double Chance,Double chance,Draw or East Bengal Club,3
odds_multi_extra_1_latest.json,68746498,Inter Kashi FC,SC East Bengal,Football,India - Indian Super League,Bet365,Spread,Handicap / Spread,1.5,1
odds_multi_extra_1_latest.json,68746498,Inter Kashi FC,SC East Bengal,Football,India - Indian Super League,Bet365,Totals,Goals total / Over-Under,2.75,1
odds_multi_extra_1_latest.json,68746498,Inter Kashi FC,SC East Bengal,Football,India - Indian Super League,Bet365,Goals Over/Under,Goals total / Over-Under,2.5,1
odds_multi_extra_1_latest.json,68746498,Inter Kashi FC,SC East Bengal,Football,India - Indian Super League,Bet365,Both Teams To Score,Both teams to score,,1
odds_multi_extra_1_latest.json,68746498,Inter Kashi FC,SC East Bengal,Football,India - Indian Super League,Bet365,Spread HT,Handicap / Spread,0.5,1
odds_multi_extra_1_latest.json,68746498,Inter Kashi FC,SC East Bengal,Football,India - Indian Super League,Bet365,Totals HT,Goals total / Over-Under,1.25,1
odds_multi_extra_1_latest.json,68746498,Inter Kashi FC,SC East Bengal,Football,India - Indian Super League,Bet365,European Handicap,Handicap / Spread,1,6
odds_multi_extra_1_latest.json,68746498,Inter Kashi FC,SC East Bengal,Football,India - Indian Super League,Bet365,Corners Totals,Goals total / Over-Under,10,1
odds_multi_extra_1_latest.json,68746498,Inter Kashi FC,SC East Bengal,Football,India - Indian Super League,Bet365,Corners Totals HT,Goals total / Over-Under,5,1
odds_multi_extra_1_latest.json,68746498,Inter Kashi FC,SC East Bengal,Football,India - Indian Super League,Bet365,Both Teams To Score HT,Both teams to score,,1
odds_multi_extra_1_latest.json,68746498,Inter Kashi FC,SC East Bengal,Football,India - Indian Super League,Bet365,Total Corners,Goals total / Over-Under,Under 6,5
odds_multi_extra_1_latest.json,68746498,Inter Kashi FC,SC East Bengal,Football,India - Indian Super League,Bet365,Alternative Total Goals,Goals total / Over-Under,4.5,7
odds_multi_extra_1_latest.json,68746498,Inter Kashi FC,SC East Bengal,Football,India - Indian Super League,Bet365,Team Total Goals Home,Goals total / Over-Under,1.5,4
odds_multi_extra_1_latest.json,68746498,Inter Kashi FC,SC East Bengal,Football,India - Indian Super League,Bet365,First 10 Minutes (00:00 - 09:59),Other / Unknown,Goals (Over) (0.5),1
odds_multi_extra_1_latest.json,68746498,Inter Kashi FC,SC East Bengal,Football,India - Indian Super League,Bet365,Alternative Asian Handicap,Handicap / Spread,0,14
odds_multi_extra_1_latest.json,68746498,Inter Kashi FC,SC East Bengal,Football,India - Indian Super League,Bet365,Both Teams To Score 2H,Both teams to score,,1
odds_multi_extra_1_latest.json,68746498,Inter Kashi FC,SC East Bengal,Football,India - Indian Super League,Bet365,Number of Goals In Match,Other / Unknown,Under 2 goals,3
odds_multi_extra_1_latest.json,68746498,Inter Kashi FC,SC East Bengal,Football,India - Indian Super League,Bet365,Half Time Result,Half-time / Period,1,3
odds_multi_extra_1_latest.json,68746498,Inter Kashi FC,SC East Bengal,Football,India - Indian Super League,Bet365,Alternative Goal Line,Other / Unknown,1.5,13
odds_multi_extra_1_latest.json,68746498,Inter Kashi FC,SC East Bengal,Football,India - Indian Super League,Bet365,Alternative Corners,Other / Unknown,5,12
odds_multi_extra_1_latest.json,68746498,Inter Kashi FC,SC East Bengal,Football,India - Indian Super League,Bet365,Exact Total Goals,Goals total / Over-Under,0 Goals,8
odds_multi_extra_1_latest.json,68746498,Inter Kashi FC,SC East Bengal,Football,India - Indian Super League,Bet365,Specials,Other / Unknown,To Win From Behind (1),2
odds_multi_extra_1_latest.json,68746498,Inter Kashi FC,SC East Bengal,Football,India - Indian Super League,Bet365,Team Total Goals Away,Goals total / Over-Under,4.5,7
odds_multi_extra_1_latest.json,68746498,Inter Kashi FC,SC East Bengal,Football,India - Indian Super League,Bet365,1st Half Handicap,Handicap / Spread,1 (1),2
odds_multi_extra_1_latest.json,68746498,Inter Kashi FC,SC East Bengal,Football,India - Indian Super League,Bet365,Corners 2-Way,Other / Unknown,10.5,1
odds_multi_extra_1_latest.json,68746498,Inter Kashi FC,SC East Bengal,Football,India - Indian Super League,Bet365,Correct Score,Correct score,0-0,27
odds_multi_extra_1_latest.json,68746498,Inter Kashi FC,SC East Bengal,Football,India - Indian Super League,Bet365,Corners,Other / Unknown,10,1
odds_multi_extra_1_latest.json,68746498,Inter Kashi FC,SC East Bengal,Football,India - Indian Super League,Bet365 (no latency),Spread,Handicap / Spread,1.5,1
odds_multi_extra_1_latest.json,71489164,Jamshedpur FC,Odisha FC,Football,India - Indian Super League,Bet365,ML,1X2 / Match result,,1
odds_multi_extra_1_latest.json,71489164,Jamshedpur FC,Odisha FC,Football,India - Indian Super League,Bet365,Draw No Bet,Other / Unknown,,1
odds_multi_extra_1_latest.json,71489164,Jamshedpur FC,Odisha FC,Football,India - Indian Super League,Bet365,Double Chance,Double chance,Jamshedpur FC or Draw,3
odds_multi_extra_1_latest.json,71489164,Jamshedpur FC,Odisha FC,Football,India - Indian Super League,Bet365,Spread,Handicap / Spread,-1.5,1
odds_multi_extra_1_latest.json,71489164,Jamshedpur FC,Odisha FC,Football,India - Indian Super League,Bet365,Totals,Goals total / Over-Under,3,1
odds_multi_extra_1_latest.json,71489164,Jamshedpur FC,Odisha FC,Football,India - Indian Super League,Bet365,Goals Over/Under,Goals total / Over-Under,2.5,1
odds_multi_extra_1_latest.json,71489164,Jamshedpur FC,Odisha FC,Football,India - Indian Super League,Bet365,Both Teams To Score,Both teams to score,,1
odds_multi_extra_1_latest.json,71489164,Jamshedpur FC,Odisha FC,Football,India - Indian Super League,Bet365,Spread HT,Handicap / Spread,-0.5,1
odds_multi_extra_1_latest.json,71489164,Jamshedpur FC,Odisha FC,Football,India - Indian Super League,Bet365,Totals HT,Goals total / Over-Under,1.25,1
odds_multi_extra_1_latest.json,71489164,Jamshedpur FC,Odisha FC,Football,India - Indian Super League,Bet365,European Handicap,Handicap / Spread,-1,6
odds_multi_extra_1_latest.json,71489164,Jamshedpur FC,Odisha FC,Football,India - Indian Super League,Bet365,Corners Totals,Goals total / Over-Under,10.5,1
odds_multi_extra_1_latest.json,71489164,Jamshedpur FC,Odisha FC,Football,India - Indian Super League,Bet365,Corners Totals HT,Goals total / Over-Under,5,1
odds_multi_extra_1_latest.json,71489164,Jamshedpur FC,Odisha FC,Football,India - Indian Super League,Bet365,1st Half Handicap,Handicap / Spread,1 (-1),2
odds_multi_extra_1_latest.json,71489164,Jamshedpur FC,Odisha FC,Football,India - Indian Super League,Bet365,Team Total Goals Away,Goals total / Over-Under,0.5,4
odds_multi_extra_1_latest.json,71489164,Jamshedpur FC,Odisha FC,Football,India - Indian Super League,Bet365,Alternative Goal Line,Other / Unknown,2,14
odds_multi_extra_1_latest.json,71489164,Jamshedpur FC,Odisha FC,Football,India - Indian Super League,Bet365,Both Teams To Score 2H,Both teams to score,,1
odds_multi_extra_1_latest.json,71489164,Jamshedpur FC,Odisha FC,Football,India - Indian Super League,Bet365,Both Teams To Score HT,Both teams to score,,1
odds_multi_extra_1_latest.json,71489164,Jamshedpur FC,Odisha FC,Football,India - Indian Super League,Bet365,Specials,Other / Unknown,To Win From Behind (1),2
odds_multi_extra_1_latest.json,71489164,Jamshedpur FC,Odisha FC,Football,India - Indian Super League,Bet365,Alternative Asian Handicap,Handicap / Spread,-2,14
odds_multi_extra_1_latest.json,71489164,Jamshedpur FC,Odisha FC,Football,India - Indian Super League,Bet365,Exact Total Goals,Goals total / Over-Under,0 Goals,8
odds_multi_extra_1_latest.json,71489164,Jamshedpur FC,Odisha FC,Football,India - Indian Super League,Bet365,Corners,Other / Unknown,11,1
odds_multi_extra_1_latest.json,71489164,Jamshedpur FC,Odisha FC,Football,India - Indian Super League,Bet365,Number of Goals In Match,Other / Unknown,Under 2 goals,3
odds_multi_extra_1_latest.json,71489164,Jamshedpur FC,Odisha FC,Football,India - Indian Super League,Bet365,First 10 Minutes (00:00 - 09:59),Other / Unknown,Goals (Over) (0.5),1
odds_multi_extra_1_latest.json,71489164,Jamshedpur FC,Odisha FC,Football,India - Indian Super League,Bet365,Alternative Corners,Other / Unknown,5,13
odds_multi_extra_1_latest.json,71489164,Jamshedpur FC,Odisha FC,Football,India - Indian Super League,Bet365,Alternative Total Goals,Goals total / Over-Under,0.5,7
odds_multi_extra_1_latest.json,71489164,Jamshedpur FC,Odisha FC,Football,India - Indian Super League,Bet365,Total Corners,Goals total / Over-Under,6 - 8,5
odds_multi_extra_1_latest.json,71489164,Jamshedpur FC,Odisha FC,Football,India - Indian Super League,Bet365,Correct Score,Correct score,3-3,28
odds_multi_extra_1_latest.json,71489164,Jamshedpur FC,Odisha FC,Football,India - Indian Super League,Bet365,Corners 2-Way,Other / Unknown,10.5,1
odds_multi_extra_1_latest.json,71489164,Jamshedpur FC,Odisha FC,Football,India - Indian Super League,Bet365,Half Time Result,Half-time / Period,1,3
odds_multi_extra_1_latest.json,71489164,Jamshedpur FC,Odisha FC,Football,India - Indian Super League,Bet365,Team Total Goals Home,Goals total / Over-Under,1.5,7
odds_multi_extra_1_latest.json,68746506,Mohun Bagan Super Giant,Sporting Club Delhi,Football,India - Indian Super League,Bet365,ML,1X2 / Match result,,1
odds_multi_extra_1_latest.json,68746506,Mohun Bagan Super Giant,Sporting Club Delhi,Football,India - Indian Super League,Bet365,Draw No Bet,Other / Unknown,,1
odds_multi_extra_1_latest.json,68746506,Mohun Bagan Super Giant,Sporting Club Delhi,Football,India - Indian Super League,Bet365,Double Chance,Double chance,Mohun Bagan SG or Draw,3
odds_multi_extra_1_latest.json,68746506,Mohun Bagan Super Giant,Sporting Club Delhi,Football,India - Indian Super League,Bet365,Spread,Handicap / Spread,-2,1
odds_multi_extra_1_latest.json,68746506,Mohun Bagan Super Giant,Sporting Club Delhi,Football,India - Indian Super League,Bet365,Totals,Goals total / Over-Under,3,1
odds_multi_extra_1_latest.json,68746506,Mohun Bagan Super Giant,Sporting Club Delhi,Football,India - Indian Super League,Bet365,Goals Over/Under,Goals total / Over-Under,2.5,1
odds_multi_extra_1_latest.json,68746506,Mohun Bagan Super Giant,Sporting Club Delhi,Football,India - Indian Super League,Bet365,Both Teams To Score,Both teams to score,,1
odds_multi_extra_1_latest.json,68746506,Mohun Bagan Super Giant,Sporting Club Delhi,Football,India - Indian Super League,Bet365,Spread HT,Handicap / Spread,-0.75,1
odds_multi_extra_1_latest.json,68746506,Mohun Bagan Super Giant,Sporting Club Delhi,Football,India - Indian Super League,Bet365,Totals HT,Goals total / Over-Under,1.25,1
odds_multi_extra_1_latest.json,68746506,Mohun Bagan Super Giant,Sporting Club Delhi,Football,India - Indian Super League,Bet365,European Handicap,Handicap / Spread,-2,2
odds_multi_extra_1_latest.json,68746506,Mohun Bagan Super Giant,Sporting Club Delhi,Football,India - Indian Super League,Bet365,Corners Totals,Goals total / Over-Under,10,1
odds_multi_extra_1_latest.json,68746506,Mohun Bagan Super Giant,Sporting Club Delhi,Football,India - Indian Super League,Bet365,Corners Totals HT,Goals total / Over-Under,5,1
odds_multi_extra_1_latest.json,68746506,Mohun Bagan Super Giant,Sporting Club Delhi,Football,India - Indian Super League,Bet365,Alternative Goal Line,Other / Unknown,1.25,14
odds_multi_extra_1_latest.json,68746506,Mohun Bagan Super Giant,Sporting Club Delhi,Football,India - Indian Super League,Bet365,Team Total Goals Away,Goals total / Over-Under,0.5,3
odds_multi_extra_1_latest.json,68746506,Mohun Bagan Super Giant,Sporting Club Delhi,Football,India - Indian Super League,Bet365,Correct Score,Correct score,7-0,27
odds_multi_extra_1_latest.json,68746506,Mohun Bagan Super Giant,Sporting Club Delhi,Football,India - Indian Super League,Bet365,First 10 Minutes (00:00 - 09:59),Other / Unknown,Goals (Over) (0.5),1
odds_multi_extra_1_latest.json,68746506,Mohun Bagan Super Giant,Sporting Club Delhi,Football,India - Indian Super League,Bet365,Alternative Total Goals,Goals total / Over-Under,7.5,7
odds_multi_extra_1_latest.json,68746506,Mohun Bagan Super Giant,Sporting Club Delhi,Football,India - Indian Super League,Bet365,Corners 2-Way,Other / Unknown,10.5,1
odds_multi_extra_1_latest.json,68746506,Mohun Bagan Super Giant,Sporting Club Delhi,Football,India - Indian Super League,Bet365,Both Teams To Score HT,Both teams to score,,1
odds_multi_extra_1_latest.json,68746506,Mohun Bagan Super Giant,Sporting Club Delhi,Football,India - Indian Super League,Bet365,Specials,Other / Unknown,To Win From Behind (2),2
odds_multi_extra_1_latest.json,68746506,Mohun Bagan Super Giant,Sporting Club Delhi,Football,India - Indian Super League,Bet365,1st Half Handicap,Handicap / Spread,Tie (1),2
odds_multi_extra_1_latest.json,68746506,Mohun Bagan Super Giant,Sporting Club Delhi,Football,India - Indian Super League,Bet365,Half Time Result,Half-time / Period,1,3
odds_multi_extra_1_latest.json,68746506,Mohun Bagan Super Giant,Sporting Club Delhi,Football,India - Indian Super League,Bet365,Alternative Corners,Other / Unknown,4,13
odds_multi_extra_1_latest.json,68746506,Mohun Bagan Super Giant,Sporting Club Delhi,Football,India - Indian Super League,Bet365,Corners,Other / Unknown,10,1
odds_multi_extra_1_latest.json,68746506,Mohun Bagan Super Giant,Sporting Club Delhi,Football,India - Indian Super League,Bet365,Both Teams To Score 2H,Both teams to score,,1
odds_multi_extra_1_latest.json,68746506,Mohun Bagan Super Giant,Sporting Club Delhi,Football,India - Indian Super League,Bet365,Total Corners,Goals total / Over-Under,Under 6,5
odds_multi_extra_1_latest.json,68746506,Mohun Bagan Super Giant,Sporting Club Delhi,Football,India - Indian Super League,Bet365,Number of Goals In Match,Other / Unknown,2 or 3 goals,3
odds_multi_extra_1_latest.json,68746506,Mohun Bagan Super Giant,Sporting Club Delhi,Football,India - Indian Super League,Bet365,Team Total Goals Home,Goals total / Over-Under,1.5,7
odds_multi_extra_1_latest.json,68746506,Mohun Bagan Super Giant,Sporting Club Delhi,Football,India - Indian Super League,Bet365,Alternative Asian Handicap,Handicap / Spread,-3.75,14
odds_multi_extra_1_latest.json,68746506,Mohun Bagan Super Giant,Sporting Club Delhi,Football,India - Indian Super League,Bet365,Exact Total Goals,Goals total / Over-Under,3 Goals,8
odds_multi_extra_1_latest.json,68746506,Mohun Bagan Super Giant,Sporting Club Delhi,Football,India - Indian Super League,Bet365 (no latency),Totals,Goals total / Over-Under,2.5,1
odds_multi_extra_2_latest.json,70232108,AE Kifisia FC,AE Larissa FC,Football,Greece - Super League,Bet365,ML,1X2 / Match result,,1
odds_multi_extra_2_latest.json,70232108,AE Kifisia FC,AE Larissa FC,Football,Greece - Super League,Bet365,Draw No Bet,Other / Unknown,,1
odds_multi_extra_2_latest.json,70232108,AE Kifisia FC,AE Larissa FC,Football,Greece - Super League,Bet365,Double Chance,Double chance,AE Kifisias or Draw,3
odds_multi_extra_2_latest.json,70232108,AE Kifisia FC,AE Larissa FC,Football,Greece - Super League,Bet365,Spread,Handicap / Spread,-0.25,1
odds_multi_extra_2_latest.json,70232108,AE Kifisia FC,AE Larissa FC,Football,Greece - Super League,Bet365,Totals,Goals total / Over-Under,2.25,1
odds_multi_extra_2_latest.json,70232108,AE Kifisia FC,AE Larissa FC,Football,Greece - Super League,Bet365,Goals Over/Under,Goals total / Over-Under,2.5,1
odds_multi_extra_2_latest.json,70232108,AE Kifisia FC,AE Larissa FC,Football,Greece - Super League,Bet365,Spread HT,Handicap / Spread,0,1
odds_multi_extra_2_latest.json,70232108,AE Kifisia FC,AE Larissa FC,Football,Greece - Super League,Bet365,Totals HT,Goals total / Over-Under,1,1
odds_multi_extra_2_latest.json,70232108,AE Kifisia FC,AE Larissa FC,Football,Greece - Super League,Bet365,Corners Spread,Handicap / Spread,-1,1
odds_multi_extra_2_latest.json,70232108,AE Kifisia FC,AE Larissa FC,Football,Greece - Super League,Bet365,Corners Totals,Goals total / Over-Under,8,1
odds_multi_extra_2_latest.json,70232108,AE Kifisia FC,AE Larissa FC,Football,Greece - Super League,Bet365,Corners Totals HT,Goals total / Over-Under,3.5,1
odds_multi_extra_2_latest.json,70232108,AE Kifisia FC,AE Larissa FC,Football,Greece - Super League,Bet365,Anytime Goalscorer,Other / Unknown,Angelo Sagal,57
odds_multi_extra_2_latest.json,70232108,AE Kifisia FC,AE Larissa FC,Football,Greece - Super League,Bet365,Correct Score,Correct score,5-0,22
odds_multi_extra_2_latest.json,70232108,AE Kifisia FC,AE Larissa FC,Football,Greece - Super League,Bet365,Half Time Result,Half-time / Period,1,3
odds_multi_extra_2_latest.json,70232108,AE Kifisia FC,AE Larissa FC,Football,Greece - Super League,Bet365,Team Goalscorer,Other / Unknown,No Goalscorer (Larissa) (Last),118
odds_multi_extra_2_latest.json,70232108,AE Kifisia FC,AE Larissa FC,Football,Greece - Super League,Bet365,Corners 2-Way,Other / Unknown,8.5,1
odds_multi_extra_2_latest.json,70232108,AE Kifisia FC,AE Larissa FC,Football,Greece - Super League,Bet365,Goal Method,Other / Unknown,Jani Atanasov (Header) (2),12
odds_multi_extra_2_latest.json,70232108,AE Kifisia FC,AE Larissa FC,Football,Greece - Super League,Bet365,Corners,Other / Unknown,8,1
odds_multi_extra_2_latest.json,70232108,AE Kifisia FC,AE Larissa FC,Football,Greece - Super League,Bet365,Multi Scorers,Other / Unknown,Patrik Mijic (2 or More) (1),114
odds_multi_extra_2_latest.json,70232108,AE Kifisia FC,AE Larissa FC,Football,Greece - Super League,Bet365,Player Shots,Other / Unknown,Georgios Konstantakopoulos (1),255
odds_multi_extra_2_latest.json,70232108,AE Kifisia FC,AE Larissa FC,Football,Greece - Super League,Bet365,Player Shots on Target,Other / Unknown,Apostolos Christopoulos (1),127
odds_multi_extra_2_latest.json,70232108,AE Kifisia FC,AE Larissa FC,Football,Greece - Super League,Bet365,Player To Score or Assist,Other / Unknown,Jeremy Antonisse (Score) (1),171
odds_multi_extra_2_latest.json,70232108,AE Kifisia FC,AE Larissa FC,Football,Greece - Super League,Bet365 (no latency),ML,1X2 / Match result,,1
odds_multi_extra_2_latest.json,70232106,Atromitos Athinon,Panserraikos FC,Football,Greece - Super League,Bet365,ML,1X2 / Match result,,1
odds_multi_extra_2_latest.json,70232106,Atromitos Athinon,Panserraikos FC,Football,Greece - Super League,Bet365,Draw No Bet,Other / Unknown,,1
odds_multi_extra_2_latest.json,70232106,Atromitos Athinon,Panserraikos FC,Football,Greece - Super League,Bet365,Double Chance,Double chance,Atromitos Athinon or Draw,3
odds_multi_extra_2_latest.json,70232106,Atromitos Athinon,Panserraikos FC,Football,Greece - Super League,Bet365,Spread,Handicap / Spread,-1,1
odds_multi_extra_2_latest.json,70232106,Atromitos Athinon,Panserraikos FC,Football,Greece - Super League,Bet365,Totals,Goals total / Over-Under,2.75,1
odds_multi_extra_2_latest.json,70232106,Atromitos Athinon,Panserraikos FC,Football,Greece - Super League,Bet365,Goals Over/Under,Goals total / Over-Under,2.5,1
odds_multi_extra_2_latest.json,70232106,Atromitos Athinon,Panserraikos FC,Football,Greece - Super League,Bet365,Spread HT,Handicap / Spread,-0.5,1
odds_multi_extra_2_latest.json,70232106,Atromitos Athinon,Panserraikos FC,Football,Greece - Super League,Bet365,Totals HT,Goals total / Over-Under,1.25,1
odds_multi_extra_2_latest.json,70232106,Atromitos Athinon,Panserraikos FC,Football,Greece - Super League,Bet365,Corners Spread,Handicap / Spread,-2,1
odds_multi_extra_2_latest.json,70232106,Atromitos Athinon,Panserraikos FC,Football,Greece - Super League,Bet365,Corners Totals,Goals total / Over-Under,8.5,1
odds_multi_extra_2_latest.json,70232106,Atromitos Athinon,Panserraikos FC,Football,Greece - Super League,Bet365,Corners Totals HT,Goals total / Over-Under,4,1
odds_multi_extra_2_latest.json,70232106,Atromitos Athinon,Panserraikos FC,Football,Greece - Super League,Bet365,Anytime Goalscorer,Other / Unknown,Georgios Marinos,56
odds_multi_extra_2_latest.json,70232106,Atromitos Athinon,Panserraikos FC,Football,Greece - Super League,Bet365,Goal Method,Other / Unknown,Ehije Ukaki (Header) (1),4
odds_multi_extra_2_latest.json,70232106,Atromitos Athinon,Panserraikos FC,Football,Greece - Super League,Bet365,Multi Scorers,Other / Unknown,Georgios Marinos (2 or More) (2),112
odds_multi_extra_2_latest.json,70232106,Atromitos Athinon,Panserraikos FC,Football,Greece - Super League,Bet365,Player To Score or Assist,Other / Unknown,Tom Van Weert (Score) (1),168
odds_multi_extra_2_latest.json,70232106,Atromitos Athinon,Panserraikos FC,Football,Greece - Super League,Bet365,Half Time Result,Half-time / Period,1,3
odds_multi_extra_2_latest.json,70232106,Atromitos Athinon,Panserraikos FC,Football,Greece - Super League,Bet365,Correct Score,Correct score,0-0,27
odds_multi_extra_2_latest.json,70232106,Atromitos Athinon,Panserraikos FC,Football,Greece - Super League,Bet365,Player Shots,Other / Unknown,Stephane Omeonga (2),244
odds_multi_extra_2_latest.json,70232106,Atromitos Athinon,Panserraikos FC,Football,Greece - Super League,Bet365,Team Goalscorer,Other / Unknown,Ehije Ukaki (First),116
odds_multi_extra_2_latest.json,70232106,Atromitos Athinon,Panserraikos FC,Football,Greece - Super League,Bet365,Corners,Other / Unknown,8,1
odds_multi_extra_2_latest.json,70232106,Atromitos Athinon,Panserraikos FC,Football,Greece - Super League,Bet365,Corners 2-Way,Other / Unknown,8.5,1
odds_multi_extra_2_latest.json,70232106,Atromitos Athinon,Panserraikos FC,Football,Greece - Super League,Bet365,Player Shots on Target,Other / Unknown,Evangelos Paliouras (1),122
odds_multi_extra_2_latest.json,70232106,Atromitos Athinon,Panserraikos FC,Football,Greece - Super League,Bet365 (no latency),Spread,Handicap / Spread,-1,1
odds_multi_extra_2_latest.json,70926700,Negelle Arsi,Shire Endaselassie FC,Football,Ethiopia - Premier League,Bet365,ML,1X2 / Match result,,1
odds_multi_extra_2_latest.json,70926700,Negelle Arsi,Shire Endaselassie FC,Football,Ethiopia - Premier League,Bet365,Draw No Bet,Other / Unknown,,1
odds_multi_extra_2_latest.json,70926700,Negelle Arsi,Shire Endaselassie FC,Football,Ethiopia - Premier League,Bet365,Double Chance,Double chance,Negelle Arsi or Draw,3
odds_multi_extra_2_latest.json,70926700,Negelle Arsi,Shire Endaselassie FC,Football,Ethiopia - Premier League,Bet365,Spread,Handicap / Spread,-0.5,1
odds_multi_extra_2_latest.json,70926700,Negelle Arsi,Shire Endaselassie FC,Football,Ethiopia - Premier League,Bet365,Totals,Goals total / Over-Under,1.75,1
odds_multi_extra_2_latest.json,70926700,Negelle Arsi,Shire Endaselassie FC,Football,Ethiopia - Premier League,Bet365,Goals Over/Under,Goals total / Over-Under,2.5,1
odds_multi_extra_2_latest.json,70926700,Negelle Arsi,Shire Endaselassie FC,Football,Ethiopia - Premier League,Bet365,Spread HT,Handicap / Spread,-0.25,1
odds_multi_extra_2_latest.json,70926700,Negelle Arsi,Shire Endaselassie FC,Football,Ethiopia - Premier League,Bet365,Totals HT,Goals total / Over-Under,0.75,1
odds_multi_extra_2_latest.json,70926700,Negelle Arsi,Shire Endaselassie FC,Football,Ethiopia - Premier League,Bet365,Corners Totals,Goals total / Over-Under,8,1
odds_multi_extra_2_latest.json,70926700,Negelle Arsi,Shire Endaselassie FC,Football,Ethiopia - Premier League,Bet365,Corners Totals HT,Goals total / Over-Under,3.5,1
odds_multi_extra_2_latest.json,70926700,Negelle Arsi,Shire Endaselassie FC,Football,Ethiopia - Premier League,Bet365,Corners,Other / Unknown,8,1
odds_multi_extra_2_latest.json,70926700,Negelle Arsi,Shire Endaselassie FC,Football,Ethiopia - Premier League,Bet365,Correct Score,Correct score,0-0,15
odds_multi_extra_2_latest.json,70926700,Negelle Arsi,Shire Endaselassie FC,Football,Ethiopia - Premier League,Bet365,Half Time Result,Half-time / Period,1,3
odds_multi_extra_2_latest.json,70926700,Negelle Arsi,Shire Endaselassie FC,Football,Ethiopia - Premier League,Bet365,Corners 2-Way,Other / Unknown,7.5,1
odds_multi_extra_2_latest.json,70926700,Negelle Arsi,Shire Endaselassie FC,Football,Ethiopia - Premier League,Bet365 (no latency),Spread,Handicap / Spread,-0.5,1
odds_multi_extra_2_latest.json,70926700,Negelle Arsi,Shire Endaselassie FC,Football,Ethiopia - Premier League,Bet365 (no latency),Totals,Goals total / Over-Under,1.75,1
odds_multi_extra_2_latest.json,71549302,Qatar,Sudan,Football,International - Int. Friendly Games,Bet365,ML,1X2 / Match result,,1
odds_multi_extra_2_latest.json,71549302,Qatar,Sudan,Football,International - Int. Friendly Games,Bet365,Draw No Bet,Other / Unknown,,1
odds_multi_extra_2_latest.json,71549302,Qatar,Sudan,Football,International - Int. Friendly Games,Bet365,Double Chance,Double chance,Qatar or Draw,3
odds_multi_extra_2_latest.json,71549302,Qatar,Sudan,Football,International - Int. Friendly Games,Bet365,Spread,Handicap / Spread,-1.5,1
odds_multi_extra_2_latest.json,71549302,Qatar,Sudan,Football,International - Int. Friendly Games,Bet365,Totals,Goals total / Over-Under,2.5,1
odds_multi_extra_2_latest.json,71549302,Qatar,Sudan,Football,International - Int. Friendly Games,Bet365,Goals Over/Under,Goals total / Over-Under,2.5,1
odds_multi_extra_2_latest.json,71549302,Qatar,Sudan,Football,International - Int. Friendly Games,Bet365,Both Teams To Score,Both teams to score,,1
odds_multi_extra_2_latest.json,71549302,Qatar,Sudan,Football,International - Int. Friendly Games,Bet365,Spread HT,Handicap / Spread,-0.5,1
odds_multi_extra_2_latest.json,71549302,Qatar,Sudan,Football,International - Int. Friendly Games,Bet365,Totals HT,Goals total / Over-Under,1,1
odds_multi_extra_2_latest.json,71549302,Qatar,Sudan,Football,International - Int. Friendly Games,Bet365,European Handicap,Handicap / Spread,1,2
odds_multi_extra_2_latest.json,71549302,Qatar,Sudan,Football,International - Int. Friendly Games,Bet365,Half Time Result,Half-time / Period,1,3
odds_multi_extra_2_latest.json,71549302,Qatar,Sudan,Football,International - Int. Friendly Games,Bet365,Both Teams To Score HT,Both teams to score,,1
odds_multi_extra_2_latest.json,71549302,Qatar,Sudan,Football,International - Int. Friendly Games,Bet365,Alternative Goal Line,Other / Unknown,1.25,13
odds_multi_extra_2_latest.json,71549302,Qatar,Sudan,Football,International - Int. Friendly Games,Bet365,Exact Total Goals,Goals total / Over-Under,2 Goals,8
odds_multi_extra_2_latest.json,71549302,Qatar,Sudan,Football,International - Int. Friendly Games,Bet365,Team Total Goals Home,Goals total / Over-Under,0.5,6
odds_multi_extra_2_latest.json,71549302,Qatar,Sudan,Football,International - Int. Friendly Games,Bet365,Team Total Goals Away,Goals total / Over-Under,0.5,3
odds_multi_extra_2_latest.json,71549302,Qatar,Sudan,Football,International - Int. Friendly Games,Bet365,1st Half Handicap,Handicap / Spread,1 (-1),2
odds_multi_extra_2_latest.json,71549302,Qatar,Sudan,Football,International - Int. Friendly Games,Bet365,Correct Score,Correct score,0-0,24
odds_multi_extra_2_latest.json,71549302,Qatar,Sudan,Football,International - Int. Friendly Games,Bet365,First 10 Minutes (00:00 - 09:59),Other / Unknown,Goals (Over) (0.5),1
odds_multi_extra_2_latest.json,71549302,Qatar,Sudan,Football,International - Int. Friendly Games,Bet365,Number of Goals In Match,Other / Unknown,2 or 3 goals,3
odds_multi_extra_2_latest.json,71549302,Qatar,Sudan,Football,International - Int. Friendly Games,Bet365,Alternative Asian Handicap,Handicap / Spread,-3.25,12
odds_multi_extra_2_latest.json,71549302,Qatar,Sudan,Football,International - Int. Friendly Games,Bet365,Alternative Total Goals,Goals total / Over-Under,0.5,6
odds_multi_extra_2_latest.json,71549302,Qatar,Sudan,Football,International - Int. Friendly Games,Bet365,Both Teams To Score 2H,Both teams to score,,1
odds_multi_extra_2_latest.json,71549302,Qatar,Sudan,Football,International - Int. Friendly Games,Bet365,Specials,Other / Unknown,To Win From Behind (1),2
odds_multi_extra_2_latest.json,71549302,Qatar,Sudan,Football,International - Int. Friendly Games,Bet365 (no latency),Spread,Handicap / Spread,-1.5,1
odds_multi_extra_2_latest.json,71575764,AL Budaiya,Manama Club,Football,Bahrain - Premier League,Bet365,ML,1X2 / Match result,,1
odds_multi_extra_2_latest.json,71575764,AL Budaiya,Manama Club,Football,Bahrain - Premier League,Bet365,Draw No Bet,Other / Unknown,,1
odds_multi_extra_2_latest.json,71575764,AL Budaiya,Manama Club,Football,Bahrain - Premier League,Bet365,Double Chance,Double chance,Budaiya or Draw,3
odds_multi_extra_2_latest.json,71575764,AL Budaiya,Manama Club,Football,Bahrain - Premier League,Bet365,Spread,Handicap / Spread,-0.25,1
odds_multi_extra_2_latest.json,71575764,AL Budaiya,Manama Club,Football,Bahrain - Premier League,Bet365,Totals,Goals total / Over-Under,2.5,1
odds_multi_extra_2_latest.json,71575764,AL Budaiya,Manama Club,Football,Bahrain - Premier League,Bet365,Goals Over/Under,Goals total / Over-Under,2.5,1
odds_multi_extra_2_latest.json,71575764,AL Budaiya,Manama Club,Football,Bahrain - Premier League,Bet365,Spread HT,Handicap / Spread,-0.25,1
odds_multi_extra_2_latest.json,71575764,AL Budaiya,Manama Club,Football,Bahrain - Premier League,Bet365,Totals HT,Goals total / Over-Under,1,1
odds_multi_extra_2_latest.json,71575764,AL Budaiya,Manama Club,Football,Bahrain - Premier League,Bet365,Corners Totals,Goals total / Over-Under,10,1
odds_multi_extra_2_latest.json,71575764,AL Budaiya,Manama Club,Football,Bahrain - Premier League,Bet365,Corners Totals HT,Goals total / Over-Under,4.5,1
odds_multi_extra_2_latest.json,71575764,AL Budaiya,Manama Club,Football,Bahrain - Premier League,Bet365,Correct Score,Correct score,1-0,17
odds_multi_extra_2_latest.json,71575764,AL Budaiya,Manama Club,Football,Bahrain - Premier League,Bet365,Corners 2-Way,Other / Unknown,10.5,1
odds_multi_extra_2_latest.json,71575764,AL Budaiya,Manama Club,Football,Bahrain - Premier League,Bet365,Half Time Result,Half-time / Period,Draw,3
odds_multi_extra_2_latest.json,71575764,AL Budaiya,Manama Club,Football,Bahrain - Premier League,Bet365,Corners,Other / Unknown,10,1
odds_multi_extra_2_latest.json,71575764,AL Budaiya,Manama Club,Football,Bahrain - Premier League,Bet365 (no latency),Spread,Handicap / Spread,-0.25,1
odds_multi_extra_2_latest.json,71575766,Al-Najma Manama,Al Ittihad,Football,Bahrain - Premier League,Bet365,ML,1X2 / Match result,,1
odds_multi_extra_2_latest.json,71575766,Al-Najma Manama,Al Ittihad,Football,Bahrain - Premier League,Bet365,Draw No Bet,Other / Unknown,,1
odds_multi_extra_2_latest.json,71575766,Al-Najma Manama,Al Ittihad,Football,Bahrain - Premier League,Bet365,Double Chance,Double chance,Al-Najma Manama or Draw,3
odds_multi_extra_2_latest.json,71575766,Al-Najma Manama,Al Ittihad,Football,Bahrain - Premier League,Bet365,Spread,Handicap / Spread,-0.25,1
odds_multi_extra_2_latest.json,71575766,Al-Najma Manama,Al Ittihad,Football,Bahrain - Premier League,Bet365,Totals,Goals total / Over-Under,2.5,1
odds_multi_extra_2_latest.json,71575766,Al-Najma Manama,Al Ittihad,Football,Bahrain - Premier League,Bet365,Goals Over/Under,Goals total / Over-Under,2.5,1
odds_multi_extra_2_latest.json,71575766,Al-Najma Manama,Al Ittihad,Football,Bahrain - Premier League,Bet365,Spread HT,Handicap / Spread,-0.25,1
odds_multi_extra_2_latest.json,71575766,Al-Najma Manama,Al Ittihad,Football,Bahrain - Premier League,Bet365,Totals HT,Goals total / Over-Under,1,1
odds_multi_extra_2_latest.json,71575766,Al-Najma Manama,Al Ittihad,Football,Bahrain - Premier League,Bet365,Corners Totals,Goals total / Over-Under,9,1
odds_multi_extra_2_latest.json,71575766,Al-Najma Manama,Al Ittihad,Football,Bahrain - Premier League,Bet365,Corners Totals HT,Goals total / Over-Under,4,1
odds_multi_extra_2_latest.json,71575766,Al-Najma Manama,Al Ittihad,Football,Bahrain - Premier League,Bet365,Corners 2-Way,Other / Unknown,9.5,1
odds_multi_extra_2_latest.json,71575766,Al-Najma Manama,Al Ittihad,Football,Bahrain - Premier League,Bet365,Half Time Result,Half-time / Period,1,3
odds_multi_extra_2_latest.json,71575766,Al-Najma Manama,Al Ittihad,Football,Bahrain - Premier League,Bet365,Correct Score,Correct score,0-0,17
odds_multi_extra_2_latest.json,71575766,Al-Najma Manama,Al Ittihad,Football,Bahrain - Premier League,Bet365,Corners,Other / Unknown,9,1
odds_multi_extra_2_latest.json,71575766,Al-Najma Manama,Al Ittihad,Football,Bahrain - Premier League,Bet365 (no latency),ML,1X2 / Match result,,1
odds_multi_extra_2_latest.json,70684194,Atlantis FC/2,Toolon Taisto,Football,Finland - Kolmonen,Bet365,ML,1X2 / Match result,,1
odds_multi_extra_2_latest.json,70684194,Atlantis FC/2,Toolon Taisto,Football,Finland - Kolmonen,Bet365,Draw No Bet,Other / Unknown,,1
odds_multi_extra_2_latest.json,70684194,Atlantis FC/2,Toolon Taisto,Football,Finland - Kolmonen,Bet365,Double Chance,Double chance,Atlantis FC/PM or Draw,3
odds_multi_extra_2_latest.json,70684194,Atlantis FC/2,Toolon Taisto,Football,Finland - Kolmonen,Bet365,Spread,Handicap / Spread,-0.5,1
odds_multi_extra_2_latest.json,70684194,Atlantis FC/2,Toolon Taisto,Football,Finland - Kolmonen,Bet365,Totals,Goals total / Over-Under,4,1
odds_multi_extra_2_latest.json,70684194,Atlantis FC/2,Toolon Taisto,Football,Finland - Kolmonen,Bet365,Goals Over/Under,Goals total / Over-Under,2.5,1
odds_multi_extra_2_latest.json,70684194,Atlantis FC/2,Toolon Taisto,Football,Finland - Kolmonen,Bet365,Spread HT,Handicap / Spread,-0.25,1
odds_multi_extra_2_latest.json,70684194,Atlantis FC/2,Toolon Taisto,Football,Finland - Kolmonen,Bet365,Totals HT,Goals total / Over-Under,1.75,1
odds_multi_extra_2_latest.json,70684194,Atlantis FC/2,Toolon Taisto,Football,Finland - Kolmonen,Bet365,Corners Totals,Goals total / Over-Under,11,1
odds_multi_extra_2_latest.json,70684194,Atlantis FC/2,Toolon Taisto,Football,Finland - Kolmonen,Bet365,Corners Totals HT,Goals total / Over-Under,5,1
odds_multi_extra_2_latest.json,70684194,Atlantis FC/2,Toolon Taisto,Football,Finland - Kolmonen,Bet365,Corners 2-Way,Other / Unknown,10.5,1
odds_multi_extra_2_latest.json,70684194,Atlantis FC/2,Toolon Taisto,Football,Finland - Kolmonen,Bet365,Half Time Result,Half-time / Period,1,3
odds_multi_extra_2_latest.json,70684194,Atlantis FC/2,Toolon Taisto,Football,Finland - Kolmonen,Bet365,Corners,Other / Unknown,11,1
odds_multi_extra_2_latest.json,70684194,Atlantis FC/2,Toolon Taisto,Football,Finland - Kolmonen,Bet365,Correct Score,Correct score,0-0,23
odds_multi_extra_2_latest.json,70684194,Atlantis FC/2,Toolon Taisto,Football,Finland - Kolmonen,Bet365 (no latency),ML,1X2 / Match result,,1
odds_multi_extra_2_latest.json,70684194,Atlantis FC/2,Toolon Taisto,Football,Finland - Kolmonen,Bet365 (no latency),Spread,Handicap / Spread,-0.5,1
odds_multi_extra_2_latest.json,70684194,Atlantis FC/2,Toolon Taisto,Football,Finland - Kolmonen,Bet365 (no latency),Totals,Goals total / Over-Under,4,1
odds_multi_extra_2_latest.json,68492534,BFC Daugavpils,Ogre United,Football,Latvia - Virsliga,Bet365,ML,1X2 / Match result,,1
odds_multi_extra_2_latest.json,68492534,BFC Daugavpils,Ogre United,Football,Latvia - Virsliga,Bet365,Draw No Bet,Other / Unknown,,1
odds_multi_extra_2_latest.json,68492534,BFC Daugavpils,Ogre United,Football,Latvia - Virsliga,Bet365,Double Chance,Double chance,BFC Daugavpils or Draw,3
odds_multi_extra_2_latest.json,68492534,BFC Daugavpils,Ogre United,Football,Latvia - Virsliga,Bet365,Spread,Handicap / Spread,-1.25,1
odds_multi_extra_2_latest.json,68492534,BFC Daugavpils,Ogre United,Football,Latvia - Virsliga,Bet365,Totals,Goals total / Over-Under,2.75,1
odds_multi_extra_2_latest.json,68492534,BFC Daugavpils,Ogre United,Football,Latvia - Virsliga,Bet365,Goals Over/Under,Goals total / Over-Under,2.5,1
odds_multi_extra_2_latest.json,68492534,BFC Daugavpils,Ogre United,Football,Latvia - Virsliga,Bet365,Both Teams To Score,Both teams to score,,1
odds_multi_extra_2_latest.json,68492534,BFC Daugavpils,Ogre United,Football,Latvia - Virsliga,Bet365,Spread HT,Handicap / Spread,-0.5,1
odds_multi_extra_2_latest.json,68492534,BFC Daugavpils,Ogre United,Football,Latvia - Virsliga,Bet365,Totals HT,Goals total / Over-Under,1.25,1
odds_multi_extra_2_latest.json,68492534,BFC Daugavpils,Ogre United,Football,Latvia - Virsliga,Bet365,European Handicap,Handicap / Spread,-1,2
odds_multi_extra_2_latest.json,68492534,BFC Daugavpils,Ogre United,Football,Latvia - Virsliga,Bet365,Corners Totals,Goals total / Over-Under,8.5,1
odds_multi_extra_2_latest.json,68492534,BFC Daugavpils,Ogre United,Football,Latvia - Virsliga,Bet365,Team Total Goals Away,Goals total / Over-Under,2.5,4
odds_multi_extra_2_latest.json,68492534,BFC Daugavpils,Ogre United,Football,Latvia - Virsliga,Bet365,Alternative Asian Handicap,Handicap / Spread,-3,14
odds_multi_extra_2_latest.json,68492534,BFC Daugavpils,Ogre United,Football,Latvia - Virsliga,Bet365,Alternative Goal Line,Other / Unknown,1.25,14
odds_multi_extra_2_latest.json,68492534,BFC Daugavpils,Ogre United,Football,Latvia - Virsliga,Bet365,Team Total Goals Home,Goals total / Over-Under,0.5,7
odds_multi_extra_2_latest.json,68492534,BFC Daugavpils,Ogre United,Football,Latvia - Virsliga,Bet365,Both Teams To Score HT,Both teams to score,,1
odds_multi_extra_2_latest.json,68492534,BFC Daugavpils,Ogre United,Football,Latvia - Virsliga,Bet365,Corners 2-Way,Other / Unknown,8.5,1
odds_multi_extra_2_latest.json,68492534,BFC Daugavpils,Ogre United,Football,Latvia - Virsliga,Bet365,Half Time Result,Half-time / Period,Draw,3
odds_multi_extra_2_latest.json,68492534,BFC Daugavpils,Ogre United,Football,Latvia - Virsliga,Bet365,Corners,Other / Unknown,9,1
odds_multi_extra_2_latest.json,68492534,BFC Daugavpils,Ogre United,Football,Latvia - Virsliga,Bet365,Total Corners,Goals total / Over-Under,Under 6,5
odds_multi_extra_2_latest.json,68492534,BFC Daugavpils,Ogre United,Football,Latvia - Virsliga,Bet365,1st Half Handicap,Handicap / Spread,1 (-1),2
odds_multi_extra_2_latest.json,68492534,BFC Daugavpils,Ogre United,Football,Latvia - Virsliga,Bet365,Both Teams To Score 2H,Both teams to score,,1
odds_multi_extra_2_latest.json,68492534,BFC Daugavpils,Ogre United,Football,Latvia - Virsliga,Bet365,Alternative Corners,Other / Unknown,4,11
odds_multi_extra_2_latest.json,68492534,BFC Daugavpils,Ogre United,Football,Latvia - Virsliga,Bet365,Correct Score,Correct score,1-0,23
odds_multi_extra_2_latest.json,68492534,BFC Daugavpils,Ogre United,Football,Latvia - Virsliga,Bet365,Specials,Other / Unknown,To Win From Behind (1),2
odds_multi_extra_2_latest.json,68492534,BFC Daugavpils,Ogre United,Football,Latvia - Virsliga,Bet365,Number of Goals In Match,Other / Unknown,2 or 3 goals,3
odds_multi_extra_2_latest.json,68492534,BFC Daugavpils,Ogre United,Football,Latvia - Virsliga,Bet365,Exact Total Goals,Goals total / Over-Under,0 Goals,8
odds_multi_extra_2_latest.json,68492534,BFC Daugavpils,Ogre United,Football,Latvia - Virsliga,Bet365,Alternative Total Goals,Goals total / Over-Under,0.5,7
odds_multi_extra_2_latest.json,68492534,BFC Daugavpils,Ogre United,Football,Latvia - Virsliga,Bet365 (no latency),Spread,Handicap / Spread,-1.25,1
odds_multi_extra_2_latest.json,70224452,FC Spaeri,FC Dinamo Batumi,Football,Georgia - Erovnuli Liga,Bet365,ML,1X2 / Match result,,1
odds_multi_extra_2_latest.json,70224452,FC Spaeri,FC Dinamo Batumi,Football,Georgia - Erovnuli Liga,Bet365,Draw No Bet,Other / Unknown,,1
odds_multi_extra_2_latest.json,70224452,FC Spaeri,FC Dinamo Batumi,Football,Georgia - Erovnuli Liga,Bet365,Double Chance,Double chance,FC Spaeri or Draw,3
odds_multi_extra_2_latest.json,70224452,FC Spaeri,FC Dinamo Batumi,Football,Georgia - Erovnuli Liga,Bet365,Spread,Handicap / Spread,-0.5,1
odds_multi_extra_2_latest.json,70224452,FC Spaeri,FC Dinamo Batumi,Football,Georgia - Erovnuli Liga,Bet365,Totals,Goals total / Over-Under,2.5,1
odds_multi_extra_2_latest.json,70224452,FC Spaeri,FC Dinamo Batumi,Football,Georgia - Erovnuli Liga,Bet365,Goals Over/Under,Goals total / Over-Under,2.5,1
odds_multi_extra_2_latest.json,70224452,FC Spaeri,FC Dinamo Batumi,Football,Georgia - Erovnuli Liga,Bet365,Spread HT,Handicap / Spread,-0.25,1
odds_multi_extra_2_latest.json,70224452,FC Spaeri,FC Dinamo Batumi,Football,Georgia - Erovnuli Liga,Bet365,Totals HT,Goals total / Over-Under,1,1
odds_multi_extra_2_latest.json,70224452,FC Spaeri,FC Dinamo Batumi,Football,Georgia - Erovnuli Liga,Bet365,Half Time Result,Half-time / Period,1,3
odds_multi_extra_2_latest.json,70224452,FC Spaeri,FC Dinamo Batumi,Football,Georgia - Erovnuli Liga,Bet365,Correct Score,Correct score,0-0,16
odds_multi_extra_2_latest.json,70224452,FC Spaeri,FC Dinamo Batumi,Football,Georgia - Erovnuli Liga,Bet365 (no latency),ML,1X2 / Match result,,1
odds_multi_extra_2_latest.json,70479402,Coastal Union FC,Simba SC,Football,Tanzania - Premier League,Bet365,ML,1X2 / Match result,,1
odds_multi_extra_2_latest.json,70479402,Coastal Union FC,Simba SC,Football,Tanzania - Premier League,Bet365,Draw No Bet,Other / Unknown,,1
odds_multi_extra_2_latest.json,70479402,Coastal Union FC,Simba SC,Football,Tanzania - Premier League,Bet365,Double Chance,Double chance,Coastal Union or Draw,3
odds_multi_extra_2_latest.json,70479402,Coastal Union FC,Simba SC,Football,Tanzania - Premier League,Bet365,Spread,Handicap / Spread,1.5,1
odds_multi_extra_2_latest.json,70479402,Coastal Union FC,Simba SC,Football,Tanzania - Premier League,Bet365,Totals,Goals total / Over-Under,2.25,1
odds_multi_extra_2_latest.json,70479402,Coastal Union FC,Simba SC,Football,Tanzania - Premier League,Bet365,Goals Over/Under,Goals total / Over-Under,2.5,1
odds_multi_extra_2_latest.json,70479402,Coastal Union FC,Simba SC,Football,Tanzania - Premier League,Bet365,Spread HT,Handicap / Spread,0.5,1
odds_multi_extra_2_latest.json,70479402,Coastal Union FC,Simba SC,Football,Tanzania - Premier League,Bet365,Totals HT,Goals total / Over-Under,1,1
odds_multi_extra_2_latest.json,70479402,Coastal Union FC,Simba SC,Football,Tanzania - Premier League,Bet365,Half Time Result,Half-time / Period,1,3
odds_multi_extra_2_latest.json,70479402,Coastal Union FC,Simba SC,Football,Tanzania - Premier League,Bet365,Correct Score,Correct score,0-0,17
odds_multi_extra_2_latest.json,70479402,Coastal Union FC,Simba SC,Football,Tanzania - Premier League,Bet365 (no latency),Spread,Handicap / Spread,1.5,1
odds_multi_extra_2_latest.json,70479402,Coastal Union FC,Simba SC,Football,Tanzania - Premier League,Bet365 (no latency),Totals,Goals total / Over-Under,2.25,1
odds_multi_extra_3_latest.json,71558146,Ajax Amsterdam,FC Groningen,Football,Netherlands - Eredivisie,Bet365,ML,1X2 / Match result,,1
odds_multi_extra_3_latest.json,71558146,Ajax Amsterdam,FC Groningen,Football,Netherlands - Eredivisie,Bet365,Draw No Bet,Other / Unknown,,1
odds_multi_extra_3_latest.json,71558146,Ajax Amsterdam,FC Groningen,Football,Netherlands - Eredivisie,Bet365,Double Chance,Double chance,Ajax or FC Groningen,3
odds_multi_extra_3_latest.json,71558146,Ajax Amsterdam,FC Groningen,Football,Netherlands - Eredivisie,Bet365,Spread,Handicap / Spread,-0.5,1
odds_multi_extra_3_latest.json,71558146,Ajax Amsterdam,FC Groningen,Football,Netherlands - Eredivisie,Bet365,Totals,Goals total / Over-Under,3,1
odds_multi_extra_3_latest.json,71558146,Ajax Amsterdam,FC Groningen,Football,Netherlands - Eredivisie,Bet365,Goals Over/Under,Goals total / Over-Under,2.5,1
odds_multi_extra_3_latest.json,71558146,Ajax Amsterdam,FC Groningen,Football,Netherlands - Eredivisie,Bet365,Both Teams To Score,Both teams to score,,1
odds_multi_extra_3_latest.json,71558146,Ajax Amsterdam,FC Groningen,Football,Netherlands - Eredivisie,Bet365,Spread HT,Handicap / Spread,-0.25,1
odds_multi_extra_3_latest.json,71558146,Ajax Amsterdam,FC Groningen,Football,Netherlands - Eredivisie,Bet365,Totals HT,Goals total / Over-Under,1.25,1
odds_multi_extra_3_latest.json,71558146,Ajax Amsterdam,FC Groningen,Football,Netherlands - Eredivisie,Bet365,European Handicap,Handicap / Spread,1,5
odds_multi_extra_3_latest.json,71558146,Ajax Amsterdam,FC Groningen,Football,Netherlands - Eredivisie,Bet365,Corners Spread,Handicap / Spread,-1,1
odds_multi_extra_3_latest.json,71558146,Ajax Amsterdam,FC Groningen,Football,Netherlands - Eredivisie,Bet365,Corners Totals,Goals total / Over-Under,10,1
odds_multi_extra_3_latest.json,71558146,Ajax Amsterdam,FC Groningen,Football,Netherlands - Eredivisie,Bet365,Corners Totals HT,Goals total / Over-Under,4.5,1
odds_multi_extra_3_latest.json,71558146,Ajax Amsterdam,FC Groningen,Football,Netherlands - Eredivisie,Bet365,Anytime Goalscorer,Other / Unknown,Kasper Dolberg,46
odds_multi_extra_3_latest.json,71558146,Ajax Amsterdam,FC Groningen,Football,Netherlands - Eredivisie,Bet365,Team Corners Home,Other / Unknown,5.5,1
odds_multi_extra_3_latest.json,71558146,Ajax Amsterdam,FC Groningen,Football,Netherlands - Eredivisie,Bet365,Player Shots,Other / Unknown,Don-Angelo Konadu (1),255
odds_multi_extra_3_latest.json,71558146,Ajax Amsterdam,FC Groningen,Football,Netherlands - Eredivisie,Bet365,Correct Score,Correct score,2-0,26
odds_multi_extra_3_latest.json,71558146,Ajax Amsterdam,FC Groningen,Football,Netherlands - Eredivisie,Bet365,Method of Victory,Other / Unknown,90 Mins (1),2
odds_multi_extra_3_latest.json,71558146,Ajax Amsterdam,FC Groningen,Football,Netherlands - Eredivisie,Bet365,Player To Score or Assist,Other / Unknown,Mika Godts (Score) (1),138
odds_multi_extra_3_latest.json,71558146,Ajax Amsterdam,FC Groningen,Football,Netherlands - Eredivisie,Bet365,Team Total Goals Home,Goals total / Over-Under,0.5,6
odds_multi_extra_3_latest.json,71558146,Ajax Amsterdam,FC Groningen,Football,Netherlands - Eredivisie,Bet365,Both Teams To Score HT,Both teams to score,,1
odds_multi_extra_3_latest.json,71558146,Ajax Amsterdam,FC Groningen,Football,Netherlands - Eredivisie,Bet365,Half Time Result,Half-time / Period,Draw,3
odds_multi_extra_3_latest.json,71558146,Ajax Amsterdam,FC Groningen,Football,Netherlands - Eredivisie,Bet365,Exact Total Goals,Goals total / Over-Under,2 Goals,8
odds_multi_extra_3_latest.json,71558146,Ajax Amsterdam,FC Groningen,Football,Netherlands - Eredivisie,Bet365,Multi Scorers,Other / Unknown,David van der Werff (2 or More) (2),92
odds_multi_extra_3_latest.json,71558146,Ajax Amsterdam,FC Groningen,Football,Netherlands - Eredivisie,Bet365,Team Goalscorer,Other / Unknown,Kasper Dolberg (First),96
odds_multi_extra_3_latest.json,71558146,Ajax Amsterdam,FC Groningen,Football,Netherlands - Eredivisie,Bet365,Total Corners,Goals total / Over-Under,Under 6,5
odds_multi_extra_3_latest.json,71558146,Ajax Amsterdam,FC Groningen,Football,Netherlands - Eredivisie,Bet365,Alternative Total Goals,Goals total / Over-Under,0.5,7
odds_multi_extra_3_latest.json,71558146,Ajax Amsterdam,FC Groningen,Football,Netherlands - Eredivisie,Bet365,Corners 2-Way,Other / Unknown,9.5,1
odds_multi_extra_3_latest.json,71558146,Ajax Amsterdam,FC Groningen,Football,Netherlands - Eredivisie,Bet365,Player Cards,Other / Unknown,Younes Taha (2),47
odds_multi_extra_3_latest.json,71558146,Ajax Amsterdam,FC Groningen,Football,Netherlands - Eredivisie,Bet365,Alternative Goal Line,Other / Unknown,1.25,14
odds_multi_extra_3_latest.json,71558146,Ajax Amsterdam,FC Groningen,Football,Netherlands - Eredivisie,Bet365,Specials,Other / Unknown,To Win From Behind (2),2
odds_multi_extra_3_latest.json,71558146,Ajax Amsterdam,FC Groningen,Football,Netherlands - Eredivisie,Bet365,Team Corners Away,Other / Unknown,4.5,1
odds_multi_extra_3_latest.json,71558146,Ajax Amsterdam,FC Groningen,Football,Netherlands - Eredivisie,Bet365,Team Total Goals Away,Goals total / Over-Under,4.5,5
odds_multi_extra_3_latest.json,71558146,Ajax Amsterdam,FC Groningen,Football,Netherlands - Eredivisie,Bet365,Alternative Corners,Other / Unknown,4,13
odds_multi_extra_3_latest.json,71558146,Ajax Amsterdam,FC Groningen,Football,Netherlands - Eredivisie,Bet365,Corner Handicap,Handicap / Spread,Tie (1),2
odds_multi_extra_3_latest.json,71558146,Ajax Amsterdam,FC Groningen,Football,Netherlands - Eredivisie,Bet365,Corners Race,Other / Unknown,5,4
odds_multi_extra_3_latest.json,71558146,Ajax Amsterdam,FC Groningen,Football,Netherlands - Eredivisie,Bet365,Alternative Asian Handicap,Handicap / Spread,-2.5,13
odds_multi_extra_3_latest.json,71558146,Ajax Amsterdam,FC Groningen,Football,Netherlands - Eredivisie,Bet365,First 10 Minutes (00:00 - 09:59),Other / Unknown,Corners (Over) (0.5),1
odds_multi_extra_3_latest.json,71558146,Ajax Amsterdam,FC Groningen,Football,Netherlands - Eredivisie,Bet365,Goal Method,Other / Unknown,Wout Weghorst (Header) (1),72
odds_multi_extra_3_latest.json,71558146,Ajax Amsterdam,FC Groningen,Football,Netherlands - Eredivisie,Bet365,1st Half Handicap,Handicap / Spread,Tie (1),2
odds_multi_extra_3_latest.json,71558146,Ajax Amsterdam,FC Groningen,Football,Netherlands - Eredivisie,Bet365,Player Shots on Target,Other / Unknown,Don-Angelo Konadu (1),130
odds_multi_extra_3_latest.json,71558146,Ajax Amsterdam,FC Groningen,Football,Netherlands - Eredivisie,Bet365,Both Teams To Score 2H,Both teams to score,,1
odds_multi_extra_3_latest.json,71558146,Ajax Amsterdam,FC Groningen,Football,Netherlands - Eredivisie,Bet365,Corners,Other / Unknown,10,1
odds_multi_extra_3_latest.json,71558146,Ajax Amsterdam,FC Groningen,Football,Netherlands - Eredivisie,Bet365,Number of Goals In Match,Other / Unknown,Under 2 goals,3
odds_multi_extra_3_latest.json,71558146,Ajax Amsterdam,FC Groningen,Football,Netherlands - Eredivisie,Bet365,Player to be Booked,Other / Unknown,Younes Taha (2),47
odds_multi_extra_3_latest.json,71558146,Ajax Amsterdam,FC Groningen,Football,Netherlands - Eredivisie,Bet365 (no latency),Totals,Goals total / Over-Under,3,1
odds_multi_extra_3_latest.json,71352614,FC Killas,FC Melgar,Football,Peru - Liga Femenina,Bet365,ML,1X2 / Match result,,1
odds_multi_extra_3_latest.json,71352614,FC Killas,FC Melgar,Football,Peru - Liga Femenina,Bet365,Draw No Bet,Other / Unknown,,1
odds_multi_extra_3_latest.json,71352614,FC Killas,FC Melgar,Football,Peru - Liga Femenina,Bet365,Double Chance,Double chance,FC Killas (W) or Draw,3
odds_multi_extra_3_latest.json,71352614,FC Killas,FC Melgar,Football,Peru - Liga Femenina,Bet365,Spread,Handicap / Spread,1.5,1
odds_multi_extra_3_latest.json,71352614,FC Killas,FC Melgar,Football,Peru - Liga Femenina,Bet365,Totals,Goals total / Over-Under,3.5,1
odds_multi_extra_3_latest.json,71352614,FC Killas,FC Melgar,Football,Peru - Liga Femenina,Bet365,Goals Over/Under,Goals total / Over-Under,2.5,1
odds_multi_extra_3_latest.json,71352614,FC Killas,FC Melgar,Football,Peru - Liga Femenina,Bet365,Spread HT,Handicap / Spread,0.75,1
odds_multi_extra_3_latest.json,71352614,FC Killas,FC Melgar,Football,Peru - Liga Femenina,Bet365,Corners Totals,Goals total / Over-Under,8,1
odds_multi_extra_3_latest.json,71352614,FC Killas,FC Melgar,Football,Peru - Liga Femenina,Bet365,Corners Totals HT,Goals total / Over-Under,3.5,1
odds_multi_extra_3_latest.json,71352614,FC Killas,FC Melgar,Football,Peru - Liga Femenina,Bet365,Correct Score,Correct score,1-0,28
odds_multi_extra_3_latest.json,71352614,FC Killas,FC Melgar,Football,Peru - Liga Femenina,Bet365,Half Time Result,Half-time / Period,1,3
odds_multi_extra_3_latest.json,71352614,FC Killas,FC Melgar,Football,Peru - Liga Femenina,Bet365,1st Half Goal Line,Half-time / Period,1.5,1
odds_multi_extra_3_latest.json,71352614,FC Killas,FC Melgar,Football,Peru - Liga Femenina,Bet365,Corners,Other / Unknown,8,1
odds_multi_extra_3_latest.json,71352614,FC Killas,FC Melgar,Football,Peru - Liga Femenina,Bet365,Corners 2-Way,Other / Unknown,7.5,1
odds_multi_extra_3_latest.json,71352614,FC Killas,FC Melgar,Football,Peru - Liga Femenina,Bet365 (no latency),Spread,Handicap / Spread,1.5,1
odds_multi_extra_3_latest.json,71523852,Grei Kvinner Elite FK,Lyn,Football,Norway - NM Cup Women,Bet365,ML,1X2 / Match result,,1
odds_multi_extra_3_latest.json,71523852,Grei Kvinner Elite FK,Lyn,Football,Norway - NM Cup Women,Bet365,Draw No Bet,Other / Unknown,,1
odds_multi_extra_3_latest.json,71523852,Grei Kvinner Elite FK,Lyn,Football,Norway - NM Cup Women,Bet365,Double Chance,Double chance,Draw or Lyn (W),3
odds_multi_extra_3_latest.json,71523852,Grei Kvinner Elite FK,Lyn,Football,Norway - NM Cup Women,Bet365,Spread,Handicap / Spread,2.5,1
odds_multi_extra_3_latest.json,71523852,Grei Kvinner Elite FK,Lyn,Football,Norway - NM Cup Women,Bet365,Totals,Goals total / Over-Under,3.5,1
odds_multi_extra_3_latest.json,71523852,Grei Kvinner Elite FK,Lyn,Football,Norway - NM Cup Women,Bet365,Goals Over/Under,Goals total / Over-Under,2.5,1
odds_multi_extra_3_latest.json,71523852,Grei Kvinner Elite FK,Lyn,Football,Norway - NM Cup Women,Bet365,Spread HT,Handicap / Spread,1.25,1
odds_multi_extra_3_latest.json,71523852,Grei Kvinner Elite FK,Lyn,Football,Norway - NM Cup Women,Bet365,Totals HT,Goals total / Over-Under,1.75,1
odds_multi_extra_3_latest.json,71523852,Grei Kvinner Elite FK,Lyn,Football,Norway - NM Cup Women,Bet365,Corners Totals,Goals total / Over-Under,9.5,1
odds_multi_extra_3_latest.json,71523852,Grei Kvinner Elite FK,Lyn,Football,Norway - NM Cup Women,Bet365,Corners Totals HT,Goals total / Over-Under,4.5,1
odds_multi_extra_3_latest.json,71523852,Grei Kvinner Elite FK,Lyn,Football,Norway - NM Cup Women,Bet365,Method of Victory,Other / Unknown,90 Mins (2),2
odds_multi_extra_3_latest.json,71523852,Grei Kvinner Elite FK,Lyn,Football,Norway - NM Cup Women,Bet365,Corners,Other / Unknown,10,1
odds_multi_extra_3_latest.json,71523852,Grei Kvinner Elite FK,Lyn,Football,Norway - NM Cup Women,Bet365,Corners 2-Way,Other / Unknown,9.5,1
odds_multi_extra_3_latest.json,71523852,Grei Kvinner Elite FK,Lyn,Football,Norway - NM Cup Women,Bet365,Correct Score,Correct score,2-0,30
odds_multi_extra_3_latest.json,71523852,Grei Kvinner Elite FK,Lyn,Football,Norway - NM Cup Women,Bet365,Half Time Result,Half-time / Period,Draw,3
odds_multi_extra_3_latest.json,71523852,Grei Kvinner Elite FK,Lyn,Football,Norway - NM Cup Women,Bet365 (no latency),Totals,Goals total / Over-Under,3.5,1
odds_multi_extra_3_latest.json,71055200,Odd BK,KFUM Oslo,Football,Norway - U19 Nasjonal,Bet365,ML,1X2 / Match result,,1
odds_multi_extra_3_latest.json,71055200,Odd BK,KFUM Oslo,Football,Norway - U19 Nasjonal,Bet365,Draw No Bet,Other / Unknown,,1
odds_multi_extra_3_latest.json,71055200,Odd BK,KFUM Oslo,Football,Norway - U19 Nasjonal,Bet365,Double Chance,Double chance,Odd BK U19 or Draw,3
odds_multi_extra_3_latest.json,71055200,Odd BK,KFUM Oslo,Football,Norway - U19 Nasjonal,Bet365,Spread,Handicap / Spread,-1.5,1
odds_multi_extra_3_latest.json,71055200,Odd BK,KFUM Oslo,Football,Norway - U19 Nasjonal,Bet365,Totals,Goals total / Over-Under,4.25,1
odds_multi_extra_3_latest.json,71055200,Odd BK,KFUM Oslo,Football,Norway - U19 Nasjonal,Bet365,Goals Over/Under,Goals total / Over-Under,2.5,1
odds_multi_extra_3_latest.json,71055200,Odd BK,KFUM Oslo,Football,Norway - U19 Nasjonal,Bet365,Spread HT,Handicap / Spread,-0.5,1
odds_multi_extra_3_latest.json,71055200,Odd BK,KFUM Oslo,Football,Norway - U19 Nasjonal,Bet365,Totals HT,Goals total / Over-Under,1.75,1
odds_multi_extra_3_latest.json,71055200,Odd BK,KFUM Oslo,Football,Norway - U19 Nasjonal,Bet365,Corners Totals,Goals total / Over-Under,9.5,1
odds_multi_extra_3_latest.json,71055200,Odd BK,KFUM Oslo,Football,Norway - U19 Nasjonal,Bet365,Corners Totals HT,Goals total / Over-Under,4.5,1
odds_multi_extra_3_latest.json,71055200,Odd BK,KFUM Oslo,Football,Norway - U19 Nasjonal,Bet365,Method of Victory,Other / Unknown,90 Mins (1),2
odds_multi_extra_3_latest.json,71055200,Odd BK,KFUM Oslo,Football,Norway - U19 Nasjonal,Bet365,Corners 2-Way,Other / Unknown,9.5,1
odds_multi_extra_3_latest.json,71055200,Odd BK,KFUM Oslo,Football,Norway - U19 Nasjonal,Bet365,Corners,Other / Unknown,10,1
odds_multi_extra_3_latest.json,71055200,Odd BK,KFUM Oslo,Football,Norway - U19 Nasjonal,Bet365,Correct Score,Correct score,0-0,28
odds_multi_extra_3_latest.json,71055200,Odd BK,KFUM Oslo,Football,Norway - U19 Nasjonal,Bet365,Half Time Result,Half-time / Period,1,3
odds_multi_extra_3_latest.json,71055200,Odd BK,KFUM Oslo,Football,Norway - U19 Nasjonal,Bet365 (no latency),Spread,Handicap / Spread,-1.5,1
odds_multi_extra_3_latest.json,71055200,Odd BK,KFUM Oslo,Football,Norway - U19 Nasjonal,Bet365 (no latency),Totals,Goals total / Over-Under,4.25,1
odds_multi_extra_3_latest.json,71530418,Al Arabi,AL Tadhamon,Football,Kuwait - Premier League,Bet365,ML,1X2 / Match result,,1
odds_multi_extra_3_latest.json,71530418,Al Arabi,AL Tadhamon,Football,Kuwait - Premier League,Bet365,Draw No Bet,Other / Unknown,,1
odds_multi_extra_3_latest.json,71530418,Al Arabi,AL Tadhamon,Football,Kuwait - Premier League,Bet365,Double Chance,Double chance,Al Arabi SC or Al Tadamon SC,3
odds_multi_extra_3_latest.json,71530418,Al Arabi,AL Tadhamon,Football,Kuwait - Premier League,Bet365,Spread,Handicap / Spread,-1.75,1
odds_multi_extra_3_latest.json,71530418,Al Arabi,AL Tadhamon,Football,Kuwait - Premier League,Bet365,Totals,Goals total / Over-Under,3,1
odds_multi_extra_3_latest.json,71530418,Al Arabi,AL Tadhamon,Football,Kuwait - Premier League,Bet365,Goals Over/Under,Goals total / Over-Under,2.5,1
odds_multi_extra_3_latest.json,71530418,Al Arabi,AL Tadhamon,Football,Kuwait - Premier League,Bet365,Both Teams To Score,Both teams to score,,1
odds_multi_extra_3_latest.json,71530418,Al Arabi,AL Tadhamon,Football,Kuwait - Premier League,Bet365,Spread HT,Handicap / Spread,-0.75,1
odds_multi_extra_3_latest.json,71530418,Al Arabi,AL Tadhamon,Football,Kuwait - Premier League,Bet365,Totals HT,Goals total / Over-Under,1.25,1
odds_multi_extra_3_latest.json,71530418,Al Arabi,AL Tadhamon,Football,Kuwait - Premier League,Bet365,European Handicap,Handicap / Spread,-2,2
odds_multi_extra_3_latest.json,71530418,Al Arabi,AL Tadhamon,Football,Kuwait - Premier League,Bet365,Corners Totals,Goals total / Over-Under,9.5,1
odds_multi_extra_3_latest.json,71530418,Al Arabi,AL Tadhamon,Football,Kuwait - Premier League,Bet365,Corners Totals HT,Goals total / Over-Under,4.5,1
odds_multi_extra_3_latest.json,71530418,Al Arabi,AL Tadhamon,Football,Kuwait - Premier League,Bet365,Exact Total Goals,Goals total / Over-Under,1 Goal,8
odds_multi_extra_3_latest.json,71530418,Al Arabi,AL Tadhamon,Football,Kuwait - Premier League,Bet365,Alternative Total Goals,Goals total / Over-Under,1.5,8
odds_multi_extra_3_latest.json,71530418,Al Arabi,AL Tadhamon,Football,Kuwait - Premier League,Bet365,Both Teams To Score 2H,Both teams to score,,1
odds_multi_extra_3_latest.json,71530418,Al Arabi,AL Tadhamon,Football,Kuwait - Premier League,Bet365,Half Time Result,Half-time / Period,1,3
odds_multi_extra_3_latest.json,71530418,Al Arabi,AL Tadhamon,Football,Kuwait - Premier League,Bet365,1st Half Handicap,Handicap / Spread,1 (-1),2
odds_multi_extra_3_latest.json,71530418,Al Arabi,AL Tadhamon,Football,Kuwait - Premier League,Bet365,Corners 2-Way,Other / Unknown,9.5,1
odds_multi_extra_3_latest.json,71530418,Al Arabi,AL Tadhamon,Football,Kuwait - Premier League,Bet365,Correct Score,Correct score,2-1,24
odds_multi_extra_3_latest.json,71530418,Al Arabi,AL Tadhamon,Football,Kuwait - Premier League,Bet365,Corners,Other / Unknown,9,1
odds_multi_extra_3_latest.json,71530418,Al Arabi,AL Tadhamon,Football,Kuwait - Premier League,Bet365,Alternative Goal Line,Other / Unknown,1.25,15
odds_multi_extra_3_latest.json,71530418,Al Arabi,AL Tadhamon,Football,Kuwait - Premier League,Bet365,Total Corners,Goals total / Over-Under,Under 6,5
odds_multi_extra_3_latest.json,71530418,Al Arabi,AL Tadhamon,Football,Kuwait - Premier League,Bet365,Both Teams To Score HT,Both teams to score,,1
odds_multi_extra_3_latest.json,71530418,Al Arabi,AL Tadhamon,Football,Kuwait - Premier League,Bet365,Alternative Asian Handicap,Handicap / Spread,-3.75,14
odds_multi_extra_3_latest.json,71530418,Al Arabi,AL Tadhamon,Football,Kuwait - Premier League,Bet365,Number of Goals In Match,Other / Unknown,2 or 3 goals,3
odds_multi_extra_3_latest.json,71530418,Al Arabi,AL Tadhamon,Football,Kuwait - Premier League,Bet365,Alternative Corners,Other / Unknown,11,12
odds_multi_extra_3_latest.json,71530418,Al Arabi,AL Tadhamon,Football,Kuwait - Premier League,Bet365,Specials,Other / Unknown,To Win From Behind (1),2
odds_multi_extra_3_latest.json,71530418,Al Arabi,AL Tadhamon,Football,Kuwait - Premier League,Bet365,Team Total Goals Home,Goals total / Over-Under,6.5,7
odds_multi_extra_3_latest.json,71530418,Al Arabi,AL Tadhamon,Football,Kuwait - Premier League,Bet365,Team Total Goals Away,Goals total / Over-Under,0.5,3
odds_multi_extra_3_latest.json,71530418,Al Arabi,AL Tadhamon,Football,Kuwait - Premier League,Bet365 (no latency),Spread,Handicap / Spread,-1.75,1
odds_multi_extra_3_latest.json,71530418,Al Arabi,AL Tadhamon,Football,Kuwait - Premier League,Bet365 (no latency),Totals,Goals total / Over-Under,3,1
odds_multi_extra_3_latest.json,71579104,Stade Malien de Bamako,US Bougouni,Football,Mali - Ligue 1,Bet365,ML,1X2 / Match result,,1
odds_multi_extra_3_latest.json,71579104,Stade Malien de Bamako,US Bougouni,Football,Mali - Ligue 1,Bet365,Draw No Bet,Other / Unknown,,1
odds_multi_extra_3_latest.json,71579104,Stade Malien de Bamako,US Bougouni,Football,Mali - Ligue 1,Bet365,Double Chance,Double chance,Stade Malien de Bamako or Draw,3
odds_multi_extra_3_latest.json,71579104,Stade Malien de Bamako,US Bougouni,Football,Mali - Ligue 1,Bet365,Spread,Handicap / Spread,-1.25,1
odds_multi_extra_3_latest.json,71579104,Stade Malien de Bamako,US Bougouni,Football,Mali - Ligue 1,Bet365,Totals,Goals total / Over-Under,2,1
odds_multi_extra_3_latest.json,71579104,Stade Malien de Bamako,US Bougouni,Football,Mali - Ligue 1,Bet365,Goals Over/Under,Goals total / Over-Under,2.5,1
odds_multi_extra_3_latest.json,71579104,Stade Malien de Bamako,US Bougouni,Football,Mali - Ligue 1,Bet365,Spread HT,Handicap / Spread,-0.5,1
odds_multi_extra_3_latest.json,71579104,Stade Malien de Bamako,US Bougouni,Football,Mali - Ligue 1,Bet365,Totals HT,Goals total / Over-Under,0.75,1
odds_multi_extra_3_latest.json,71579104,Stade Malien de Bamako,US Bougouni,Football,Mali - Ligue 1,Bet365,Corners Totals,Goals total / Over-Under,9,1
odds_multi_extra_3_latest.json,71579104,Stade Malien de Bamako,US Bougouni,Football,Mali - Ligue 1,Bet365,Corners Totals HT,Goals total / Over-Under,4.5,1
odds_multi_extra_3_latest.json,71579104,Stade Malien de Bamako,US Bougouni,Football,Mali - Ligue 1,Bet365,Corners 2-Way,Other / Unknown,8.5,1
odds_multi_extra_3_latest.json,71579104,Stade Malien de Bamako,US Bougouni,Football,Mali - Ligue 1,Bet365,Corners,Other / Unknown,9,1
odds_multi_extra_3_latest.json,71579104,Stade Malien de Bamako,US Bougouni,Football,Mali - Ligue 1,Bet365,Correct Score,Correct score,0-0,14
odds_multi_extra_3_latest.json,71579104,Stade Malien de Bamako,US Bougouni,Football,Mali - Ligue 1,Bet365,Half Time Result,Half-time / Period,1,3
odds_multi_extra_3_latest.json,71579104,Stade Malien de Bamako,US Bougouni,Football,Mali - Ligue 1,Bet365 (no latency),Spread,Handicap / Spread,-1.25,1
odds_multi_extra_3_latest.json,71579104,Stade Malien de Bamako,US Bougouni,Football,Mali - Ligue 1,Bet365 (no latency),Totals,Goals total / Over-Under,2,1
odds_multi_extra_3_latest.json,67126672,IF Elfsborg,Mjallby AIF,Football,Sweden - Allsvenskan,Bet365,ML,1X2 / Match result,,1
odds_multi_extra_3_latest.json,67126672,IF Elfsborg,Mjallby AIF,Football,Sweden - Allsvenskan,Bet365,Draw No Bet,Other / Unknown,,1
odds_multi_extra_3_latest.json,67126672,IF Elfsborg,Mjallby AIF,Football,Sweden - Allsvenskan,Bet365,Double Chance,Double chance,Elfsborg or Mjällby AIF,3
odds_multi_extra_3_latest.json,67126672,IF Elfsborg,Mjallby AIF,Football,Sweden - Allsvenskan,Bet365,Spread,Handicap / Spread,0,1
odds_multi_extra_3_latest.json,67126672,IF Elfsborg,Mjallby AIF,Football,Sweden - Allsvenskan,Bet365,Totals,Goals total / Over-Under,2.25,1
odds_multi_extra_3_latest.json,67126672,IF Elfsborg,Mjallby AIF,Football,Sweden - Allsvenskan,Bet365,Goals Over/Under,Goals total / Over-Under,2.5,1
odds_multi_extra_3_latest.json,67126672,IF Elfsborg,Mjallby AIF,Football,Sweden - Allsvenskan,Bet365,Both Teams To Score,Both teams to score,,1
odds_multi_extra_3_latest.json,67126672,IF Elfsborg,Mjallby AIF,Football,Sweden - Allsvenskan,Bet365,Spread HT,Handicap / Spread,0,1
odds_multi_extra_3_latest.json,67126672,IF Elfsborg,Mjallby AIF,Football,Sweden - Allsvenskan,Bet365,Totals HT,Goals total / Over-Under,1,1
odds_multi_extra_3_latest.json,67126672,IF Elfsborg,Mjallby AIF,Football,Sweden - Allsvenskan,Bet365,European Handicap,Handicap / Spread,1,6
odds_multi_extra_3_latest.json,67126672,IF Elfsborg,Mjallby AIF,Football,Sweden - Allsvenskan,Bet365,Corners Spread,Handicap / Spread,0,1
odds_multi_extra_3_latest.json,67126672,IF Elfsborg,Mjallby AIF,Football,Sweden - Allsvenskan,Bet365,Corners Totals,Goals total / Over-Under,10,1
odds_multi_extra_3_latest.json,67126672,IF Elfsborg,Mjallby AIF,Football,Sweden - Allsvenskan,Bet365,Corners Totals HT,Goals total / Over-Under,4.5,1
odds_multi_extra_3_latest.json,67126672,IF Elfsborg,Mjallby AIF,Football,Sweden - Allsvenskan,Bet365,Anytime Goalscorer,Other / Unknown,Dion Krasniqi,46
odds_multi_extra_3_latest.json,67126672,IF Elfsborg,Mjallby AIF,Football,Sweden - Allsvenskan,Bet365,Exact Total Goals,Goals total / Over-Under,0 Goals,8
odds_multi_extra_3_latest.json,67126672,IF Elfsborg,Mjallby AIF,Football,Sweden - Allsvenskan,Bet365,First 10 Minutes (00:00 - 09:59),Other / Unknown,Corners (Over) (0.5),1
odds_multi_extra_3_latest.json,67126672,IF Elfsborg,Mjallby AIF,Football,Sweden - Allsvenskan,Bet365,Team Corners Home,Other / Unknown,4.5,1
odds_multi_extra_3_latest.json,67126672,IF Elfsborg,Mjallby AIF,Football,Sweden - Allsvenskan,Bet365,Both Teams To Score HT,Both teams to score,,1
odds_multi_extra_3_latest.json,67126672,IF Elfsborg,Mjallby AIF,Football,Sweden - Allsvenskan,Bet365,Corner Handicap,Handicap / Spread,1 (-1),2
odds_multi_extra_3_latest.json,67126672,IF Elfsborg,Mjallby AIF,Football,Sweden - Allsvenskan,Bet365,Total Corners,Goals total / Over-Under,Under 6,5
odds_multi_extra_3_latest.json,67126672,IF Elfsborg,Mjallby AIF,Football,Sweden - Allsvenskan,Bet365,Multi Scorers,Other / Unknown,Ludvig Tidstrand (2 or More) (2),92
odds_multi_extra_3_latest.json,67126672,IF Elfsborg,Mjallby AIF,Football,Sweden - Allsvenskan,Bet365,Specials,Other / Unknown,To Win From Behind (1),2
odds_multi_extra_3_latest.json,67126672,IF Elfsborg,Mjallby AIF,Football,Sweden - Allsvenskan,Bet365,Player Cards,Other / Unknown,Julius Magnusson (1),53
odds_multi_extra_3_latest.json,67126672,IF Elfsborg,Mjallby AIF,Football,Sweden - Allsvenskan,Bet365,Corners Race,Other / Unknown,3,4
odds_multi_extra_3_latest.json,67126672,IF Elfsborg,Mjallby AIF,Football,Sweden - Allsvenskan,Bet365,Correct Score,Correct score,0-0,22
odds_multi_extra_3_latest.json,67126672,IF Elfsborg,Mjallby AIF,Football,Sweden - Allsvenskan,Bet365,Corners,Other / Unknown,10,1
odds_multi_extra_3_latest.json,67126672,IF Elfsborg,Mjallby AIF,Football,Sweden - Allsvenskan,Bet365,Alternative Goal Line,Other / Unknown,1.25,12
odds_multi_extra_3_latest.json,67126672,IF Elfsborg,Mjallby AIF,Football,Sweden - Allsvenskan,Bet365,Team Total Goals Away,Goals total / Over-Under,0.5,5
odds_multi_extra_3_latest.json,67126672,IF Elfsborg,Mjallby AIF,Football,Sweden - Allsvenskan,Bet365,1st Half Handicap,Handicap / Spread,Tie (-1),2
odds_multi_extra_3_latest.json,67126672,IF Elfsborg,Mjallby AIF,Football,Sweden - Allsvenskan,Bet365,Corners 2-Way,Other / Unknown,10.5,1
odds_multi_extra_3_latest.json,67126672,IF Elfsborg,Mjallby AIF,Football,Sweden - Allsvenskan,Bet365,Half Time Result,Half-time / Period,1,3
odds_multi_extra_3_latest.json,67126672,IF Elfsborg,Mjallby AIF,Football,Sweden - Allsvenskan,Bet365,Both Teams To Score 2H,Both teams to score,,1
odds_multi_extra_3_latest.json,67126672,IF Elfsborg,Mjallby AIF,Football,Sweden - Allsvenskan,Bet365,Alternative Corners,Other / Unknown,5,12
odds_multi_extra_3_latest.json,67126672,IF Elfsborg,Mjallby AIF,Football,Sweden - Allsvenskan,Bet365,Player to be Booked,Other / Unknown,Julius Magnusson (1),53
odds_multi_extra_3_latest.json,67126672,IF Elfsborg,Mjallby AIF,Football,Sweden - Allsvenskan,Bet365,Team Corners Away,Other / Unknown,4.5,1
odds_multi_extra_3_latest.json,67126672,IF Elfsborg,Mjallby AIF,Football,Sweden - Allsvenskan,Bet365,Alternative Total Goals,Goals total / Over-Under,3.5,6
odds_multi_extra_3_latest.json,67126672,IF Elfsborg,Mjallby AIF,Football,Sweden - Allsvenskan,Bet365,Alternative Asian Handicap,Handicap / Spread,-1.5,13
odds_multi_extra_3_latest.json,67126672,IF Elfsborg,Mjallby AIF,Football,Sweden - Allsvenskan,Bet365,Number of Goals In Match,Other / Unknown,2 or 3 goals,3
odds_multi_extra_3_latest.json,67126672,IF Elfsborg,Mjallby AIF,Football,Sweden - Allsvenskan,Bet365,Team Total Goals Home,Goals total / Over-Under,0.5,5
odds_multi_extra_3_latest.json,67126672,IF Elfsborg,Mjallby AIF,Football,Sweden - Allsvenskan,Bet365,Team Goalscorer,Other / Unknown,Arber Zeneli (First),96
odds_multi_extra_3_latest.json,67126672,IF Elfsborg,Mjallby AIF,Football,Sweden - Allsvenskan,Bet365 (no latency),Spread,Handicap / Spread,0,1
odds_multi_extra_3_latest.json,69109006,FF Jaro Akademia,VPS Akatemia,Football,Finland - Kakkonen Playoffs,Bet365,ML,1X2 / Match result,,1
odds_multi_extra_3_latest.json,69109006,FF Jaro Akademia,VPS Akatemia,Football,Finland - Kakkonen Playoffs,Bet365,Draw No Bet,Other / Unknown,,1
odds_multi_extra_3_latest.json,69109006,FF Jaro Akademia,VPS Akatemia,Football,Finland - Kakkonen Playoffs,Bet365,Double Chance,Double chance,FF Jaro II or Draw,3
odds_multi_extra_3_latest.json,69109006,FF Jaro Akademia,VPS Akatemia,Football,Finland - Kakkonen Playoffs,Bet365,Spread,Handicap / Spread,-0.5,1
odds_multi_extra_3_latest.json,69109006,FF Jaro Akademia,VPS Akatemia,Football,Finland - Kakkonen Playoffs,Bet365,Totals,Goals total / Over-Under,4.5,1
odds_multi_extra_3_latest.json,69109006,FF Jaro Akademia,VPS Akatemia,Football,Finland - Kakkonen Playoffs,Bet365,Goals Over/Under,Goals total / Over-Under,2.5,1
odds_multi_extra_3_latest.json,69109006,FF Jaro Akademia,VPS Akatemia,Football,Finland - Kakkonen Playoffs,Bet365,Both Teams To Score,Both teams to score,,1
odds_multi_extra_3_latest.json,69109006,FF Jaro Akademia,VPS Akatemia,Football,Finland - Kakkonen Playoffs,Bet365,Spread HT,Handicap / Spread,-0.25,1
odds_multi_extra_3_latest.json,69109006,FF Jaro Akademia,VPS Akatemia,Football,Finland - Kakkonen Playoffs,Bet365,Totals HT,Goals total / Over-Under,1.75,1
odds_multi_extra_3_latest.json,69109006,FF Jaro Akademia,VPS Akatemia,Football,Finland - Kakkonen Playoffs,Bet365,European Handicap,Handicap / Spread,1,2
odds_multi_extra_3_latest.json,69109006,FF Jaro Akademia,VPS Akatemia,Football,Finland - Kakkonen Playoffs,Bet365,Corners Totals,Goals total / Over-Under,10.5,1
odds_multi_extra_3_latest.json,69109006,FF Jaro Akademia,VPS Akatemia,Football,Finland - Kakkonen Playoffs,Bet365,Corners Totals HT,Goals total / Over-Under,5,1
odds_multi_extra_3_latest.json,69109006,FF Jaro Akademia,VPS Akatemia,Football,Finland - Kakkonen Playoffs,Bet365,Total Corners,Goals total / Over-Under,Under 6,5
odds_multi_extra_3_latest.json,69109006,FF Jaro Akademia,VPS Akatemia,Football,Finland - Kakkonen Playoffs,Bet365,Corners,Other / Unknown,11,1
odds_multi_extra_3_latest.json,69109006,FF Jaro Akademia,VPS Akatemia,Football,Finland - Kakkonen Playoffs,Bet365,Team Total Goals Away,Goals total / Over-Under,5.5,6
odds_multi_extra_3_latest.json,69109006,FF Jaro Akademia,VPS Akatemia,Football,Finland - Kakkonen Playoffs,Bet365,Alternative Total Goals,Goals total / Over-Under,10.5,10
odds_multi_extra_3_latest.json,69109006,FF Jaro Akademia,VPS Akatemia,Football,Finland - Kakkonen Playoffs,Bet365,Half Time Result,Half-time / Period,1,3
odds_multi_extra_3_latest.json,69109006,FF Jaro Akademia,VPS Akatemia,Football,Finland - Kakkonen Playoffs,Bet365,Alternative Asian Handicap,Handicap / Spread,-2.5,16
odds_multi_extra_3_latest.json,69109006,FF Jaro Akademia,VPS Akatemia,Football,Finland - Kakkonen Playoffs,Bet365,Team Total Goals Home,Goals total / Over-Under,0.5,8
odds_multi_extra_3_latest.json,69109006,FF Jaro Akademia,VPS Akatemia,Football,Finland - Kakkonen Playoffs,Bet365,Specials,Other / Unknown,To Win From Behind (1),2
odds_multi_extra_3_latest.json,69109006,FF Jaro Akademia,VPS Akatemia,Football,Finland - Kakkonen Playoffs,Bet365,Alternative Goal Line,Other / Unknown,2.25,17
odds_multi_extra_3_latest.json,69109006,FF Jaro Akademia,VPS Akatemia,Football,Finland - Kakkonen Playoffs,Bet365,Correct Score,Correct score,2-2,26
odds_multi_extra_3_latest.json,69109006,FF Jaro Akademia,VPS Akatemia,Football,Finland - Kakkonen Playoffs,Bet365,Both Teams To Score HT,Both teams to score,,1
odds_multi_extra_3_latest.json,69109006,FF Jaro Akademia,VPS Akatemia,Football,Finland - Kakkonen Playoffs,Bet365,Number of Goals In Match,Other / Unknown,Under 2 goals,3
odds_multi_extra_3_latest.json,69109006,FF Jaro Akademia,VPS Akatemia,Football,Finland - Kakkonen Playoffs,Bet365,Exact Total Goals,Goals total / Over-Under,0 Goals,8
odds_multi_extra_3_latest.json,69109006,FF Jaro Akademia,VPS Akatemia,Football,Finland - Kakkonen Playoffs,Bet365,1st Half Handicap,Handicap / Spread,Tie (1),2
odds_multi_extra_3_latest.json,69109006,FF Jaro Akademia,VPS Akatemia,Football,Finland - Kakkonen Playoffs,Bet365,Alternative Corners,Other / Unknown,5,13
odds_multi_extra_3_latest.json,69109006,FF Jaro Akademia,VPS Akatemia,Football,Finland - Kakkonen Playoffs,Bet365,Corners 2-Way,Other / Unknown,10.5,1
odds_multi_extra_3_latest.json,69109006,FF Jaro Akademia,VPS Akatemia,Football,Finland - Kakkonen Playoffs,Bet365,Both Teams To Score 2H,Both teams to score,,1
odds_multi_extra_3_latest.json,69109006,FF Jaro Akademia,VPS Akatemia,Football,Finland - Kakkonen Playoffs,Bet365 (no latency),Totals,Goals total / Over-Under,4.5,1
odds_multi_extra_3_latest.json,70232110,Panaitolikos Agrinio,Asteras Tripolis,Football,Greece - Super League,Bet365,ML,1X2 / Match result,,1
odds_multi_extra_3_latest.json,70232110,Panaitolikos Agrinio,Asteras Tripolis,Football,Greece - Super League,Bet365,Draw No Bet,Other / Unknown,,1
odds_multi_extra_3_latest.json,70232110,Panaitolikos Agrinio,Asteras Tripolis,Football,Greece - Super League,Bet365,Double Chance,Double chance,Panetolikos or Draw,3
odds_multi_extra_3_latest.json,70232110,Panaitolikos Agrinio,Asteras Tripolis,Football,Greece - Super League,Bet365,Spread,Handicap / Spread,0,1
odds_multi_extra_3_latest.json,70232110,Panaitolikos Agrinio,Asteras Tripolis,Football,Greece - Super League,Bet365,Totals,Goals total / Over-Under,2.25,1
odds_multi_extra_3_latest.json,70232110,Panaitolikos Agrinio,Asteras Tripolis,Football,Greece - Super League,Bet365,Goals Over/Under,Goals total / Over-Under,2.5,1
odds_multi_extra_3_latest.json,70232110,Panaitolikos Agrinio,Asteras Tripolis,Football,Greece - Super League,Bet365,Spread HT,Handicap / Spread,0,1
odds_multi_extra_3_latest.json,70232110,Panaitolikos Agrinio,Asteras Tripolis,Football,Greece - Super League,Bet365,Totals HT,Goals total / Over-Under,1,1
odds_multi_extra_3_latest.json,70232110,Panaitolikos Agrinio,Asteras Tripolis,Football,Greece - Super League,Bet365,Corners Spread,Handicap / Spread,0,1
odds_multi_extra_3_latest.json,70232110,Panaitolikos Agrinio,Asteras Tripolis,Football,Greece - Super League,Bet365,Corners Totals,Goals total / Over-Under,8.5,1
odds_multi_extra_3_latest.json,70232110,Panaitolikos Agrinio,Asteras Tripolis,Football,Greece - Super League,Bet365,Corners Totals HT,Goals total / Over-Under,4,1
odds_multi_extra_3_latest.json,70232110,Panaitolikos Agrinio,Asteras Tripolis,Football,Greece - Super League,Bet365,Anytime Goalscorer,Other / Unknown,Julian Bartolo,61
odds_multi_extra_3_latest.json,70232110,Panaitolikos Agrinio,Asteras Tripolis,Football,Greece - Super League,Bet365,Multi Scorers,Other / Unknown,Federico Macheda (2 or More) (2),122
odds_multi_extra_3_latest.json,70232110,Panaitolikos Agrinio,Asteras Tripolis,Football,Greece - Super League,Bet365,Team Goalscorer,Other / Unknown,Isaac Mbenza (First),126
odds_multi_extra_3_latest.json,70232110,Panaitolikos Agrinio,Asteras Tripolis,Football,Greece - Super League,Bet365,Player Shots on Target,Other / Unknown,Jorge Aguirre (1),139
odds_multi_extra_3_latest.json,70232110,Panaitolikos Agrinio,Asteras Tripolis,Football,Greece - Super League,Bet365,Corners 2-Way,Other / Unknown,8.5,1
odds_multi_extra_3_latest.json,70232110,Panaitolikos Agrinio,Asteras Tripolis,Football,Greece - Super League,Bet365,Correct Score,Correct score,1-0,21
odds_multi_extra_3_latest.json,70232110,Panaitolikos Agrinio,Asteras Tripolis,Football,Greece - Super League,Bet365,Player To Score or Assist,Other / Unknown,Georgios Charalampoglou (Score) (2),180
odds_multi_extra_3_latest.json,70232110,Panaitolikos Agrinio,Asteras Tripolis,Football,Greece - Super League,Bet365,Goal Method,Other / Unknown,Jorge Aguirre (Header) (1),8
odds_multi_extra_3_latest.json,70232110,Panaitolikos Agrinio,Asteras Tripolis,Football,Greece - Super League,Bet365,Player Shots,Other / Unknown,Giannis Satsias (1),281
odds_multi_extra_3_latest.json,70232110,Panaitolikos Agrinio,Asteras Tripolis,Football,Greece - Super League,Bet365,Corners,Other / Unknown,9,1
odds_multi_extra_3_latest.json,70232110,Panaitolikos Agrinio,Asteras Tripolis,Football,Greece - Super League,Bet365,Half Time Result,Half-time / Period,1,3
odds_multi_extra_3_latest.json,70232110,Panaitolikos Agrinio,Asteras Tripolis,Football,Greece - Super League,Bet365 (no latency),ML,1X2 / Match result,,1
odds_multi_extra_3_latest.json,71563848,Broendby IF,FC Copenhagen,Football,Denmark - Superliga,Bet365,ML,1X2 / Match result,,1
odds_multi_extra_3_latest.json,71563848,Broendby IF,FC Copenhagen,Football,Denmark - Superliga,Bet365,Draw No Bet,Other / Unknown,,1
odds_multi_extra_3_latest.json,71563848,Broendby IF,FC Copenhagen,Football,Denmark - Superliga,Bet365,Double Chance,Double chance,Brondby or FC Copenhagen,3
odds_multi_extra_3_latest.json,71563848,Broendby IF,FC Copenhagen,Football,Denmark - Superliga,Bet365,Spread,Handicap / Spread,0.25,1
odds_multi_extra_3_latest.json,71563848,Broendby IF,FC Copenhagen,Football,Denmark - Superliga,Bet365,Totals,Goals total / Over-Under,2.5,1
odds_multi_extra_3_latest.json,71563848,Broendby IF,FC Copenhagen,Football,Denmark - Superliga,Bet365,Goals Over/Under,Goals total / Over-Under,2.5,1
odds_multi_extra_3_latest.json,71563848,Broendby IF,FC Copenhagen,Football,Denmark - Superliga,Bet365,Both Teams To Score,Both teams to score,,1
odds_multi_extra_3_latest.json,71563848,Broendby IF,FC Copenhagen,Football,Denmark - Superliga,Bet365,Spread HT,Handicap / Spread,0,1
odds_multi_extra_3_latest.json,71563848,Broendby IF,FC Copenhagen,Football,Denmark - Superliga,Bet365,Totals HT,Goals total / Over-Under,1,1
odds_multi_extra_3_latest.json,71563848,Broendby IF,FC Copenhagen,Football,Denmark - Superliga,Bet365,European Handicap,Handicap / Spread,1,4
odds_multi_extra_3_latest.json,71563848,Broendby IF,FC Copenhagen,Football,Denmark - Superliga,Bet365,Corners Spread,Handicap / Spread,0.5,1
odds_multi_extra_3_latest.json,71563848,Broendby IF,FC Copenhagen,Football,Denmark - Superliga,Bet365,Corners Totals,Goals total / Over-Under,9.5,1
odds_multi_extra_3_latest.json,71563848,Broendby IF,FC Copenhagen,Football,Denmark - Superliga,Bet365,Corners Totals HT,Goals total / Over-Under,4.5,1
odds_multi_extra_3_latest.json,71563848,Broendby IF,FC Copenhagen,Football,Denmark - Superliga,Bet365,Anytime Goalscorer,Other / Unknown,Elias Achouri,54
odds_multi_extra_3_latest.json,71563848,Broendby IF,FC Copenhagen,Football,Denmark - Superliga,Bet365,Corners Race,Other / Unknown,3,4
odds_multi_extra_3_latest.json,71563848,Broendby IF,FC Copenhagen,Football,Denmark - Superliga,Bet365,Corners,Other / Unknown,9,1
odds_multi_extra_3_latest.json,71563848,Broendby IF,FC Copenhagen,Football,Denmark - Superliga,Bet365,Corner Handicap,Handicap / Spread,1 (1),2
odds_multi_extra_3_latest.json,71563848,Broendby IF,FC Copenhagen,Football,Denmark - Superliga,Bet365,Exact Total Goals,Goals total / Over-Under,3 Goals,8
odds_multi_extra_3_latest.json,71563848,Broendby IF,FC Copenhagen,Football,Denmark - Superliga,Bet365,Method of Victory,Other / Unknown,90 Mins (2),2
odds_multi_extra_3_latest.json,71563848,Broendby IF,FC Copenhagen,Football,Denmark - Superliga,Bet365,Player Cards,Other / Unknown,Zanka Jorgensen (2),61
odds_multi_extra_3_latest.json,71563848,Broendby IF,FC Copenhagen,Football,Denmark - Superliga,Bet365,Team Total Goals Home,Goals total / Over-Under,2.5,5
odds_multi_extra_3_latest.json,71563848,Broendby IF,FC Copenhagen,Football,Denmark - Superliga,Bet365,Alternative Corners,Other / Unknown,15,12
odds_multi_extra_3_latest.json,71563848,Broendby IF,FC Copenhagen,Football,Denmark - Superliga,Bet365,Alternative Asian Handicap,Handicap / Spread,-1.25,13
odds_multi_extra_3_latest.json,71563848,Broendby IF,FC Copenhagen,Football,Denmark - Superliga,Bet365,Team Corners Home,Other / Unknown,4.5,1
odds_multi_extra_3_latest.json,71563848,Broendby IF,FC Copenhagen,Football,Denmark - Superliga,Bet365,Half Time Result,Half-time / Period,1,3
odds_multi_extra_3_latest.json,71563848,Broendby IF,FC Copenhagen,Football,Denmark - Superliga,Bet365,Alternative Total Goals,Goals total / Over-Under,7.5,7
odds_multi_extra_3_latest.json,71563848,Broendby IF,FC Copenhagen,Football,Denmark - Superliga,Bet365,Player Shots,Other / Unknown,Robert Silva (2),282
odds_multi_extra_3_latest.json,71563848,Broendby IF,FC Copenhagen,Football,Denmark - Superliga,Bet365,Team Goalscorer,Other / Unknown,Filip Bundgaard (Last),112
odds_multi_extra_3_latest.json,71563848,Broendby IF,FC Copenhagen,Football,Denmark - Superliga,Bet365,1st Half Handicap,Handicap / Spread,Tie (-1),2
odds_multi_extra_3_latest.json,71563848,Broendby IF,FC Copenhagen,Football,Denmark - Superliga,Bet365,Both Teams To Score 2H,Both teams to score,,1
odds_multi_extra_3_latest.json,71563848,Broendby IF,FC Copenhagen,Football,Denmark - Superliga,Bet365,Correct Score,Correct score,1-0,23
odds_multi_extra_3_latest.json,71563848,Broendby IF,FC Copenhagen,Football,Denmark - Superliga,Bet365,Player to be Booked,Other / Unknown,Zanka Jorgensen (2),61
odds_multi_extra_3_latest.json,71563848,Broendby IF,FC Copenhagen,Football,Denmark - Superliga,Bet365,Player To Score or Assist,Other / Unknown,Birger Meling (Score) (2),162
odds_multi_extra_3_latest.json,71563848,Broendby IF,FC Copenhagen,Football,Denmark - Superliga,Bet365,Total Corners,Goals total / Over-Under,Under 6,5
odds_multi_extra_3_latest.json,71563848,Broendby IF,FC Copenhagen,Football,Denmark - Superliga,Bet365,Both Teams To Score HT,Both teams to score,,1
odds_multi_extra_3_latest.json,71563848,Broendby IF,FC Copenhagen,Football,Denmark - Superliga,Bet365,First 10 Minutes (00:00 - 09:59),Other / Unknown,Corners (Over) (0.5),1
odds_multi_extra_3_latest.json,71563848,Broendby IF,FC Copenhagen,Football,Denmark - Superliga,Bet365,Team Corners Away,Other / Unknown,4.5,1
odds_multi_extra_3_latest.json,71563848,Broendby IF,FC Copenhagen,Football,Denmark - Superliga,Bet365,Team Total Goals Away,Goals total / Over-Under,1.5,5
odds_multi_extra_3_latest.json,71563848,Broendby IF,FC Copenhagen,Football,Denmark - Superliga,Bet365,Number of Goals In Match,Other / Unknown,Under 2 goals,3
odds_multi_extra_3_latest.json,71563848,Broendby IF,FC Copenhagen,Football,Denmark - Superliga,Bet365,Corners 2-Way,Other / Unknown,9.5,1
odds_multi_extra_3_latest.json,71563848,Broendby IF,FC Copenhagen,Football,Denmark - Superliga,Bet365,Multi Scorers,Other / Unknown,Mayckel Lahdo (2 or More) (1),108
odds_multi_extra_3_latest.json,71563848,Broendby IF,FC Copenhagen,Football,Denmark - Superliga,Bet365,Player Shots on Target,Other / Unknown,Birger Meling (2),143
odds_multi_extra_3_latest.json,71563848,Broendby IF,FC Copenhagen,Football,Denmark - Superliga,Bet365,Specials,Other / Unknown,To Win From Behind (1),2
odds_multi_extra_3_latest.json,71563848,Broendby IF,FC Copenhagen,Football,Denmark - Superliga,Bet365,Alternative Goal Line,Other / Unknown,1.5,13
odds_multi_extra_3_latest.json,71563848,Broendby IF,FC Copenhagen,Football,Denmark - Superliga,Bet365 (no latency),ML,1X2 / Match result,,1
odds_multi_extra_4_latest.json,69923684,FC Lasten,Ylojarvi United FC,Football,Finland - Kolmonen,Bet365,ML,1X2 / Match result,,1
odds_multi_extra_4_latest.json,69923684,FC Lasten,Ylojarvi United FC,Football,Finland - Kolmonen,Bet365,Draw No Bet,Other / Unknown,,1
odds_multi_extra_4_latest.json,69923684,FC Lasten,Ylojarvi United FC,Football,Finland - Kolmonen,Bet365,Double Chance,Double chance,FC Lasten or Draw,3
odds_multi_extra_4_latest.json,69923684,FC Lasten,Ylojarvi United FC,Football,Finland - Kolmonen,Bet365,Spread,Handicap / Spread,-1.25,1
odds_multi_extra_4_latest.json,69923684,FC Lasten,Ylojarvi United FC,Football,Finland - Kolmonen,Bet365,Totals,Goals total / Over-Under,4,1
odds_multi_extra_4_latest.json,69923684,FC Lasten,Ylojarvi United FC,Football,Finland - Kolmonen,Bet365,Goals Over/Under,Goals total / Over-Under,2.5,1
odds_multi_extra_4_latest.json,69923684,FC Lasten,Ylojarvi United FC,Football,Finland - Kolmonen,Bet365,Spread HT,Handicap / Spread,-0.5,1
odds_multi_extra_4_latest.json,69923684,FC Lasten,Ylojarvi United FC,Football,Finland - Kolmonen,Bet365,Totals HT,Goals total / Over-Under,1.75,1
odds_multi_extra_4_latest.json,69923684,FC Lasten,Ylojarvi United FC,Football,Finland - Kolmonen,Bet365,Corners Totals,Goals total / Over-Under,9.5,1
odds_multi_extra_4_latest.json,69923684,FC Lasten,Ylojarvi United FC,Football,Finland - Kolmonen,Bet365,Corners Totals HT,Goals total / Over-Under,4.5,1
odds_multi_extra_4_latest.json,69923684,FC Lasten,Ylojarvi United FC,Football,Finland - Kolmonen,Bet365,Corners 2-Way,Other / Unknown,9.5,1
odds_multi_extra_4_latest.json,69923684,FC Lasten,Ylojarvi United FC,Football,Finland - Kolmonen,Bet365,Correct Score,Correct score,0-0,26
odds_multi_extra_4_latest.json,69923684,FC Lasten,Ylojarvi United FC,Football,Finland - Kolmonen,Bet365,Half Time Result,Half-time / Period,1,3
odds_multi_extra_4_latest.json,69923684,FC Lasten,Ylojarvi United FC,Football,Finland - Kolmonen,Bet365,Corners,Other / Unknown,9,1
odds_multi_extra_4_latest.json,69923684,FC Lasten,Ylojarvi United FC,Football,Finland - Kolmonen,Bet365 (no latency),ML,1X2 / Match result,,1
odds_multi_extra_4_latest.json,69923684,FC Lasten,Ylojarvi United FC,Football,Finland - Kolmonen,Bet365 (no latency),Spread,Handicap / Spread,-1.25,1
odds_multi_extra_4_latest.json,69923684,FC Lasten,Ylojarvi United FC,Football,Finland - Kolmonen,Bet365 (no latency),Totals,Goals total / Over-Under,4,1
odds_multi_extra_4_latest.json,70684198,Ppj/Lauttasaari,Valtti,Football,Finland - Kolmonen,Bet365,ML,1X2 / Match result,,1
odds_multi_extra_4_latest.json,70684198,Ppj/Lauttasaari,Valtti,Football,Finland - Kolmonen,Bet365,Draw No Bet,Other / Unknown,,1
odds_multi_extra_4_latest.json,70684198,Ppj/Lauttasaari,Valtti,Football,Finland - Kolmonen,Bet365,Double Chance,Double chance,PPJ/Lauttasaari or Draw,3
odds_multi_extra_4_latest.json,70684198,Ppj/Lauttasaari,Valtti,Football,Finland - Kolmonen,Bet365,Spread,Handicap / Spread,-0.25,1
odds_multi_extra_4_latest.json,70684198,Ppj/Lauttasaari,Valtti,Football,Finland - Kolmonen,Bet365,Totals,Goals total / Over-Under,3.5,1
odds_multi_extra_4_latest.json,70684198,Ppj/Lauttasaari,Valtti,Football,Finland - Kolmonen,Bet365,Goals Over/Under,Goals total / Over-Under,2.5,1
odds_multi_extra_4_latest.json,70684198,Ppj/Lauttasaari,Valtti,Football,Finland - Kolmonen,Bet365,Spread HT,Handicap / Spread,0,1
odds_multi_extra_4_latest.json,70684198,Ppj/Lauttasaari,Valtti,Football,Finland - Kolmonen,Bet365,Corners Totals,Goals total / Over-Under,10,1
odds_multi_extra_4_latest.json,70684198,Ppj/Lauttasaari,Valtti,Football,Finland - Kolmonen,Bet365,Corners Totals HT,Goals total / Over-Under,4.5,1
odds_multi_extra_4_latest.json,70684198,Ppj/Lauttasaari,Valtti,Football,Finland - Kolmonen,Bet365,Half Time Result,Half-time / Period,1,3
odds_multi_extra_4_latest.json,70684198,Ppj/Lauttasaari,Valtti,Football,Finland - Kolmonen,Bet365,Correct Score,Correct score,0-0,20
odds_multi_extra_4_latest.json,70684198,Ppj/Lauttasaari,Valtti,Football,Finland - Kolmonen,Bet365,1st Half Goal Line,Half-time / Period,1.5,1
odds_multi_extra_4_latest.json,70684198,Ppj/Lauttasaari,Valtti,Football,Finland - Kolmonen,Bet365,Corners,Other / Unknown,10,1
odds_multi_extra_4_latest.json,70684198,Ppj/Lauttasaari,Valtti,Football,Finland - Kolmonen,Bet365,Corners 2-Way,Other / Unknown,10.5,1
odds_multi_extra_4_latest.json,70684198,Ppj/Lauttasaari,Valtti,Football,Finland - Kolmonen,Bet365 (no latency),ML,1X2 / Match result,,1
odds_multi_extra_4_latest.json,70684198,Ppj/Lauttasaari,Valtti,Football,Finland - Kolmonen,Bet365 (no latency),Spread,Handicap / Spread,-0.25,1
odds_multi_extra_4_latest.json,70684198,Ppj/Lauttasaari,Valtti,Football,Finland - Kolmonen,Bet365 (no latency),Totals,Goals total / Over-Under,3.5,1
odds_multi_extra_4_latest.json,61466383,SK Treibach,FC Gleisdorf 09,Football,Austria Amateur - Regionalliga Centre,Bet365,ML,1X2 / Match result,,1
odds_multi_extra_4_latest.json,61466383,SK Treibach,FC Gleisdorf 09,Football,Austria Amateur - Regionalliga Centre,Bet365,Draw No Bet,Other / Unknown,,1
odds_multi_extra_4_latest.json,61466383,SK Treibach,FC Gleisdorf 09,Football,Austria Amateur - Regionalliga Centre,Bet365,Double Chance,Double chance,SK Treibach or Draw,3
odds_multi_extra_4_latest.json,61466383,SK Treibach,FC Gleisdorf 09,Football,Austria Amateur - Regionalliga Centre,Bet365,Spread,Handicap / Spread,0.5,1
odds_multi_extra_4_latest.json,61466383,SK Treibach,FC Gleisdorf 09,Football,Austria Amateur - Regionalliga Centre,Bet365,Totals,Goals total / Over-Under,3,1
odds_multi_extra_4_latest.json,61466383,SK Treibach,FC Gleisdorf 09,Football,Austria Amateur - Regionalliga Centre,Bet365,Goals Over/Under,Goals total / Over-Under,2.5,1
odds_multi_extra_4_latest.json,61466383,SK Treibach,FC Gleisdorf 09,Football,Austria Amateur - Regionalliga Centre,Bet365,Spread HT,Handicap / Spread,0.25,1
odds_multi_extra_4_latest.json,61466383,SK Treibach,FC Gleisdorf 09,Football,Austria Amateur - Regionalliga Centre,Bet365,Totals HT,Goals total / Over-Under,1.25,1
odds_multi_extra_4_latest.json,61466383,SK Treibach,FC Gleisdorf 09,Football,Austria Amateur - Regionalliga Centre,Bet365,Corners Totals,Goals total / Over-Under,8,1
odds_multi_extra_4_latest.json,61466383,SK Treibach,FC Gleisdorf 09,Football,Austria Amateur - Regionalliga Centre,Bet365,Corners Totals HT,Goals total / Over-Under,3.5,1
odds_multi_extra_4_latest.json,61466383,SK Treibach,FC Gleisdorf 09,Football,Austria Amateur - Regionalliga Centre,Bet365,Corners 2-Way,Other / Unknown,8.5,1
odds_multi_extra_4_latest.json,61466383,SK Treibach,FC Gleisdorf 09,Football,Austria Amateur - Regionalliga Centre,Bet365,Half Time Result,Half-time / Period,Draw,3
odds_multi_extra_4_latest.json,61466383,SK Treibach,FC Gleisdorf 09,Football,Austria Amateur - Regionalliga Centre,Bet365,Correct Score,Correct score,1-0,19
odds_multi_extra_4_latest.json,61466383,SK Treibach,FC Gleisdorf 09,Football,Austria Amateur - Regionalliga Centre,Bet365,Corners,Other / Unknown,8,1
odds_multi_extra_4_latest.json,68320188,IK Tord,Skara FC,Football,"Sweden - Division 2, Promotion Playoffs",Bet365,ML,1X2 / Match result,,1
odds_multi_extra_4_latest.json,68320188,IK Tord,Skara FC,Football,"Sweden - Division 2, Promotion Playoffs",Bet365,Draw No Bet,Other / Unknown,,1
odds_multi_extra_4_latest.json,68320188,IK Tord,Skara FC,Football,"Sweden - Division 2, Promotion Playoffs",Bet365,Double Chance,Double chance,IK Tord or Draw,3
odds_multi_extra_4_latest.json,68320188,IK Tord,Skara FC,Football,"Sweden - Division 2, Promotion Playoffs",Bet365,Spread,Handicap / Spread,0.5,1
odds_multi_extra_4_latest.json,68320188,IK Tord,Skara FC,Football,"Sweden - Division 2, Promotion Playoffs",Bet365,Totals,Goals total / Over-Under,3.25,1
odds_multi_extra_4_latest.json,68320188,IK Tord,Skara FC,Football,"Sweden - Division 2, Promotion Playoffs",Bet365,Goals Over/Under,Goals total / Over-Under,2.5,1
odds_multi_extra_4_latest.json,68320188,IK Tord,Skara FC,Football,"Sweden - Division 2, Promotion Playoffs",Bet365,Both Teams To Score,Both teams to score,,1
odds_multi_extra_4_latest.json,68320188,IK Tord,Skara FC,Football,"Sweden - Division 2, Promotion Playoffs",Bet365,Spread HT,Handicap / Spread,0.25,1
odds_multi_extra_4_latest.json,68320188,IK Tord,Skara FC,Football,"Sweden - Division 2, Promotion Playoffs",Bet365,Totals HT,Goals total / Over-Under,1.25,1
odds_multi_extra_4_latest.json,68320188,IK Tord,Skara FC,Football,"Sweden - Division 2, Promotion Playoffs",Bet365,European Handicap,Handicap / Spread,-2,6
odds_multi_extra_4_latest.json,68320188,IK Tord,Skara FC,Football,"Sweden - Division 2, Promotion Playoffs",Bet365,Corners Totals,Goals total / Over-Under,9,1
odds_multi_extra_4_latest.json,68320188,IK Tord,Skara FC,Football,"Sweden - Division 2, Promotion Playoffs",Bet365,Corners Totals HT,Goals total / Over-Under,4,1
odds_multi_extra_4_latest.json,68320188,IK Tord,Skara FC,Football,"Sweden - Division 2, Promotion Playoffs",Bet365,Corners,Other / Unknown,9,1
odds_multi_extra_4_latest.json,68320188,IK Tord,Skara FC,Football,"Sweden - Division 2, Promotion Playoffs",Bet365,Team Total Goals Home,Goals total / Over-Under,4.5,5
odds_multi_extra_4_latest.json,68320188,IK Tord,Skara FC,Football,"Sweden - Division 2, Promotion Playoffs",Bet365,Alternative Asian Handicap,Handicap / Spread,-1.25,15
odds_multi_extra_4_latest.json,68320188,IK Tord,Skara FC,Football,"Sweden - Division 2, Promotion Playoffs",Bet365,Specials,Other / Unknown,To Win From Behind (1),2
odds_multi_extra_4_latest.json,68320188,IK Tord,Skara FC,Football,"Sweden - Division 2, Promotion Playoffs",Bet365,Alternative Goal Line,Other / Unknown,1.5,16
odds_multi_extra_4_latest.json,68320188,IK Tord,Skara FC,Football,"Sweden - Division 2, Promotion Playoffs",Bet365,Alternative Total Goals,Goals total / Over-Under,0.5,8
odds_multi_extra_4_latest.json,68320188,IK Tord,Skara FC,Football,"Sweden - Division 2, Promotion Playoffs",Bet365,Both Teams To Score 2H,Both teams to score,,1
odds_multi_extra_4_latest.json,68320188,IK Tord,Skara FC,Football,"Sweden - Division 2, Promotion Playoffs",Bet365,Half Time Result,Half-time / Period,1,3
odds_multi_extra_4_latest.json,68320188,IK Tord,Skara FC,Football,"Sweden - Division 2, Promotion Playoffs",Bet365,Team Total Goals Away,Goals total / Over-Under,5.5,6
odds_multi_extra_4_latest.json,68320188,IK Tord,Skara FC,Football,"Sweden - Division 2, Promotion Playoffs",Bet365,Corners 2-Way,Other / Unknown,9.5,1
odds_multi_extra_4_latest.json,68320188,IK Tord,Skara FC,Football,"Sweden - Division 2, Promotion Playoffs",Bet365,Total Corners,Goals total / Over-Under,Under 6,5
odds_multi_extra_4_latest.json,68320188,IK Tord,Skara FC,Football,"Sweden - Division 2, Promotion Playoffs",Bet365,1st Half Handicap,Handicap / Spread,1 (1),2
odds_multi_extra_4_latest.json,68320188,IK Tord,Skara FC,Football,"Sweden - Division 2, Promotion Playoffs",Bet365,Number of Goals In Match,Other / Unknown,Under 2 goals,3
odds_multi_extra_4_latest.json,68320188,IK Tord,Skara FC,Football,"Sweden - Division 2, Promotion Playoffs",Bet365,Exact Total Goals,Goals total / Over-Under,1 Goal,8
odds_multi_extra_4_latest.json,68320188,IK Tord,Skara FC,Football,"Sweden - Division 2, Promotion Playoffs",Bet365,Both Teams To Score HT,Both teams to score,,1
odds_multi_extra_4_latest.json,68320188,IK Tord,Skara FC,Football,"Sweden - Division 2, Promotion Playoffs",Bet365,Correct Score,Correct score,1-0,22
odds_multi_extra_4_latest.json,68320188,IK Tord,Skara FC,Football,"Sweden - Division 2, Promotion Playoffs",Bet365,Alternative Corners,Other / Unknown,11,12
odds_multi_extra_4_latest.json,68320188,IK Tord,Skara FC,Football,"Sweden - Division 2, Promotion Playoffs",Bet365 (no latency),Spread,Handicap / Spread,0.5,1
odds_multi_extra_4_latest.json,68320188,IK Tord,Skara FC,Football,"Sweden - Division 2, Promotion Playoffs",Bet365 (no latency),Totals,Goals total / Over-Under,3.25,1
odds_multi_extra_4_latest.json,67919630,Ntnui,Ranheim 2,Football,Norway - 3rd Division Group 2,Bet365,ML,1X2 / Match result,,1
odds_multi_extra_4_latest.json,67919630,Ntnui,Ranheim 2,Football,Norway - 3rd Division Group 2,Bet365,Draw No Bet,Other / Unknown,,1
odds_multi_extra_4_latest.json,67919630,Ntnui,Ranheim 2,Football,Norway - 3rd Division Group 2,Bet365,Double Chance,Double chance,NTNUI or Draw,3
odds_multi_extra_4_latest.json,67919630,Ntnui,Ranheim 2,Football,Norway - 3rd Division Group 2,Bet365,Spread,Handicap / Spread,-0.25,1
odds_multi_extra_4_latest.json,67919630,Ntnui,Ranheim 2,Football,Norway - 3rd Division Group 2,Bet365,Totals,Goals total / Over-Under,4.75,1
odds_multi_extra_4_latest.json,67919630,Ntnui,Ranheim 2,Football,Norway - 3rd Division Group 2,Bet365,Goals Over/Under,Goals total / Over-Under,2.5,1
odds_multi_extra_4_latest.json,67919630,Ntnui,Ranheim 2,Football,Norway - 3rd Division Group 2,Bet365,Spread HT,Handicap / Spread,0,1
odds_multi_extra_4_latest.json,67919630,Ntnui,Ranheim 2,Football,Norway - 3rd Division Group 2,Bet365,Totals HT,Goals total / Over-Under,2,1
odds_multi_extra_4_latest.json,67919630,Ntnui,Ranheim 2,Football,Norway - 3rd Division Group 2,Bet365,Corners Totals,Goals total / Over-Under,10,1
odds_multi_extra_4_latest.json,67919630,Ntnui,Ranheim 2,Football,Norway - 3rd Division Group 2,Bet365,Corners Totals HT,Goals total / Over-Under,4.5,1
odds_multi_extra_4_latest.json,67919630,Ntnui,Ranheim 2,Football,Norway - 3rd Division Group 2,Bet365,Correct Score,Correct score,3-2,23
odds_multi_extra_4_latest.json,67919630,Ntnui,Ranheim 2,Football,Norway - 3rd Division Group 2,Bet365,Corners 2-Way,Other / Unknown,9.5,1
odds_multi_extra_4_latest.json,67919630,Ntnui,Ranheim 2,Football,Norway - 3rd Division Group 2,Bet365,Corners,Other / Unknown,10,1
odds_multi_extra_4_latest.json,67919630,Ntnui,Ranheim 2,Football,Norway - 3rd Division Group 2,Bet365,Half Time Result,Half-time / Period,1,3
odds_multi_extra_4_latest.json,67919630,Ntnui,Ranheim 2,Football,Norway - 3rd Division Group 2,Bet365 (no latency),Totals,Goals total / Over-Under,4.75,1
odds_multi_extra_4_latest.json,68492536,FC RFS,FS Jelgava,Football,Latvia - Virsliga,Bet365,ML,1X2 / Match result,,1
odds_multi_extra_4_latest.json,68492536,FC RFS,FS Jelgava,Football,Latvia - Virsliga,Bet365,Draw No Bet,Other / Unknown,,1
odds_multi_extra_4_latest.json,68492536,FC RFS,FS Jelgava,Football,Latvia - Virsliga,Bet365,Double Chance,Double chance,RFS or Draw,3
odds_multi_extra_4_latest.json,68492536,FC RFS,FS Jelgava,Football,Latvia - Virsliga,Bet365,Spread,Handicap / Spread,-2.25,1
odds_multi_extra_4_latest.json,68492536,FC RFS,FS Jelgava,Football,Latvia - Virsliga,Bet365,Totals,Goals total / Over-Under,3.25,1
odds_multi_extra_4_latest.json,68492536,FC RFS,FS Jelgava,Football,Latvia - Virsliga,Bet365,Goals Over/Under,Goals total / Over-Under,2.5,1
odds_multi_extra_4_latest.json,68492536,FC RFS,FS Jelgava,Football,Latvia - Virsliga,Bet365,Both Teams To Score,Both teams to score,,1
odds_multi_extra_4_latest.json,68492536,FC RFS,FS Jelgava,Football,Latvia - Virsliga,Bet365,Spread HT,Handicap / Spread,-1,1
odds_multi_extra_4_latest.json,68492536,FC RFS,FS Jelgava,Football,Latvia - Virsliga,Bet365,European Handicap,Handicap / Spread,-4,4
odds_multi_extra_4_latest.json,68492536,FC RFS,FS Jelgava,Football,Latvia - Virsliga,Bet365,Corners Totals,Goals total / Over-Under,10.5,1
odds_multi_extra_4_latest.json,68492536,FC RFS,FS Jelgava,Football,Latvia - Virsliga,Bet365,Corners Totals HT,Goals total / Over-Under,5,1
odds_multi_extra_4_latest.json,68492536,FC RFS,FS Jelgava,Football,Latvia - Virsliga,Bet365,Specials,Other / Unknown,To Win From Behind (1),2
odds_multi_extra_4_latest.json,68492536,FC RFS,FS Jelgava,Football,Latvia - Virsliga,Bet365,Alternative Goal Line,Other / Unknown,1.5,16
odds_multi_extra_4_latest.json,68492536,FC RFS,FS Jelgava,Football,Latvia - Virsliga,Bet365,Alternative Corners,Other / Unknown,12,13
odds_multi_extra_4_latest.json,68492536,FC RFS,FS Jelgava,Football,Latvia - Virsliga,Bet365,Half Time Result,Half-time / Period,Draw,3
odds_multi_extra_4_latest.json,68492536,FC RFS,FS Jelgava,Football,Latvia - Virsliga,Bet365,Number of Goals In Match,Other / Unknown,Under 2 goals,3
odds_multi_extra_4_latest.json,68492536,FC RFS,FS Jelgava,Football,Latvia - Virsliga,Bet365,Both Teams To Score 2H,Both teams to score,,1
odds_multi_extra_4_latest.json,68492536,FC RFS,FS Jelgava,Football,Latvia - Virsliga,Bet365,Correct Score,Correct score,0-0,27
odds_multi_extra_4_latest.json,68492536,FC RFS,FS Jelgava,Football,Latvia - Virsliga,Bet365,1st Half Handicap,Handicap / Spread,1 (-1),2
odds_multi_extra_4_latest.json,68492536,FC RFS,FS Jelgava,Football,Latvia - Virsliga,Bet365,Exact Total Goals,Goals total / Over-Under,0 Goals,8
odds_multi_extra_4_latest.json,68492536,FC RFS,FS Jelgava,Football,Latvia - Virsliga,Bet365,Corners,Other / Unknown,11,1
odds_multi_extra_4_latest.json,68492536,FC RFS,FS Jelgava,Football,Latvia - Virsliga,Bet365,Team Total Goals Home,Goals total / Over-Under,1.5,8
odds_multi_extra_4_latest.json,68492536,FC RFS,FS Jelgava,Football,Latvia - Virsliga,Bet365,Total Corners,Goals total / Over-Under,Under 6,5
odds_multi_extra_4_latest.json,68492536,FC RFS,FS Jelgava,Football,Latvia - Virsliga,Bet365,Alternative Asian Handicap,Handicap / Spread,-1.25,15
odds_multi_extra_4_latest.json,68492536,FC RFS,FS Jelgava,Football,Latvia - Virsliga,Bet365,Both Teams To Score HT,Both teams to score,,1
odds_multi_extra_4_latest.json,68492536,FC RFS,FS Jelgava,Football,Latvia - Virsliga,Bet365,Team Total Goals Away,Goals total / Over-Under,0.5,3
odds_multi_extra_4_latest.json,68492536,FC RFS,FS Jelgava,Football,Latvia - Virsliga,Bet365,Corners 2-Way,Other / Unknown,10.5,1
odds_multi_extra_4_latest.json,68492536,FC RFS,FS Jelgava,Football,Latvia - Virsliga,Bet365,1st Half Goal Line,Half-time / Period,1.5,1
odds_multi_extra_4_latest.json,68492536,FC RFS,FS Jelgava,Football,Latvia - Virsliga,Bet365,Alternative Total Goals,Goals total / Over-Under,6.5,8
odds_multi_extra_4_latest.json,68492536,FC RFS,FS Jelgava,Football,Latvia - Virsliga,Bet365 (no latency),Totals,Goals total / Over-Under,2.5,1
odds_multi_extra_4_latest.json,70224454,FC Rustavi,FC Samgurali Tskaltubo,Football,Georgia - Erovnuli Liga,Bet365,ML,1X2 / Match result,,1
odds_multi_extra_4_latest.json,70224454,FC Rustavi,FC Samgurali Tskaltubo,Football,Georgia - Erovnuli Liga,Bet365,Draw No Bet,Other / Unknown,,1
odds_multi_extra_4_latest.json,70224454,FC Rustavi,FC Samgurali Tskaltubo,Football,Georgia - Erovnuli Liga,Bet365,Double Chance,Double chance,FC Rustavi or Draw,3
odds_multi_extra_4_latest.json,70224454,FC Rustavi,FC Samgurali Tskaltubo,Football,Georgia - Erovnuli Liga,Bet365,Spread,Handicap / Spread,-0.25,1
odds_multi_extra_4_latest.json,70224454,FC Rustavi,FC Samgurali Tskaltubo,Football,Georgia - Erovnuli Liga,Bet365,Totals,Goals total / Over-Under,2.5,1
odds_multi_extra_4_latest.json,70224454,FC Rustavi,FC Samgurali Tskaltubo,Football,Georgia - Erovnuli Liga,Bet365,Goals Over/Under,Goals total / Over-Under,2.5,1
odds_multi_extra_4_latest.json,70224454,FC Rustavi,FC Samgurali Tskaltubo,Football,Georgia - Erovnuli Liga,Bet365,Spread HT,Handicap / Spread,-0.25,1
odds_multi_extra_4_latest.json,70224454,FC Rustavi,FC Samgurali Tskaltubo,Football,Georgia - Erovnuli Liga,Bet365,Totals HT,Goals total / Over-Under,1,1
odds_multi_extra_4_latest.json,70224454,FC Rustavi,FC Samgurali Tskaltubo,Football,Georgia - Erovnuli Liga,Bet365,Correct Score,Correct score,0-0,15
odds_multi_extra_4_latest.json,70224454,FC Rustavi,FC Samgurali Tskaltubo,Football,Georgia - Erovnuli Liga,Bet365,Half Time Result,Half-time / Period,1,3
odds_multi_extra_4_latest.json,70224454,FC Rustavi,FC Samgurali Tskaltubo,Football,Georgia - Erovnuli Liga,Bet365 (no latency),ML,1X2 / Match result,,1
odds_multi_extra_4_latest.json,70224454,FC Rustavi,FC Samgurali Tskaltubo,Football,Georgia - Erovnuli Liga,Bet365 (no latency),Totals,Goals total / Over-Under,2.5,1
odds_multi_extra_4_latest.json,70663780,Tarup-Paarup IF,Vorup FB,Football,Denmark Amateur - Danmarksserien,Bet365,ML,1X2 / Match result,,1
odds_multi_extra_4_latest.json,70663780,Tarup-Paarup IF,Vorup FB,Football,Denmark Amateur - Danmarksserien,Bet365,Draw No Bet,Other / Unknown,,1
odds_multi_extra_4_latest.json,70663780,Tarup-Paarup IF,Vorup FB,Football,Denmark Amateur - Danmarksserien,Bet365,Double Chance,Double chance,Tarup-Paarup or Draw,3
odds_multi_extra_4_latest.json,70663780,Tarup-Paarup IF,Vorup FB,Football,Denmark Amateur - Danmarksserien,Bet365,Spread,Handicap / Spread,1.5,1
odds_multi_extra_4_latest.json,70663780,Tarup-Paarup IF,Vorup FB,Football,Denmark Amateur - Danmarksserien,Bet365,Totals,Goals total / Over-Under,3.5,1
odds_multi_extra_4_latest.json,70663780,Tarup-Paarup IF,Vorup FB,Football,Denmark Amateur - Danmarksserien,Bet365,Goals Over/Under,Goals total / Over-Under,2.5,1
odds_multi_extra_4_latest.json,70663780,Tarup-Paarup IF,Vorup FB,Football,Denmark Amateur - Danmarksserien,Bet365,Spread HT,Handicap / Spread,0.5,1
odds_multi_extra_4_latest.json,70663780,Tarup-Paarup IF,Vorup FB,Football,Denmark Amateur - Danmarksserien,Bet365,Corners Totals,Goals total / Over-Under,10,1
odds_multi_extra_4_latest.json,70663780,Tarup-Paarup IF,Vorup FB,Football,Denmark Amateur - Danmarksserien,Bet365,1st Half Goal Line,Half-time / Period,1.5,1
odds_multi_extra_4_latest.json,70663780,Tarup-Paarup IF,Vorup FB,Football,Denmark Amateur - Danmarksserien,Bet365,Half Time Result,Half-time / Period,1,3
odds_multi_extra_4_latest.json,70663780,Tarup-Paarup IF,Vorup FB,Football,Denmark Amateur - Danmarksserien,Bet365,Correct Score,Correct score,0-0,23
odds_multi_extra_4_latest.json,69880336,Wadi Degla SC,Zed FC,Football,Egypt - Premier League,Bet365,ML,1X2 / Match result,,1
odds_multi_extra_4_latest.json,69880336,Wadi Degla SC,Zed FC,Football,Egypt - Premier League,Bet365,Draw No Bet,Other / Unknown,,1
odds_multi_extra_4_latest.json,69880336,Wadi Degla SC,Zed FC,Football,Egypt - Premier League,Bet365,Double Chance,Double chance,Draw or ZED FC,3
odds_multi_extra_4_latest.json,69880336,Wadi Degla SC,Zed FC,Football,Egypt - Premier League,Bet365,Spread,Handicap / Spread,-0.25,1
odds_multi_extra_4_latest.json,69880336,Wadi Degla SC,Zed FC,Football,Egypt - Premier League,Bet365,Totals,Goals total / Over-Under,1.75,1
odds_multi_extra_4_latest.json,69880336,Wadi Degla SC,Zed FC,Football,Egypt - Premier League,Bet365,Goals Over/Under,Goals total / Over-Under,2.5,1
odds_multi_extra_4_latest.json,69880336,Wadi Degla SC,Zed FC,Football,Egypt - Premier League,Bet365,Both Teams To Score,Both teams to score,,1
odds_multi_extra_4_latest.json,69880336,Wadi Degla SC,Zed FC,Football,Egypt - Premier League,Bet365,Spread HT,Handicap / Spread,-0.25,1
odds_multi_extra_4_latest.json,69880336,Wadi Degla SC,Zed FC,Football,Egypt - Premier League,Bet365,Totals HT,Goals total / Over-Under,0.75,1
odds_multi_extra_4_latest.json,69880336,Wadi Degla SC,Zed FC,Football,Egypt - Premier League,Bet365,European Handicap,Handicap / Spread,1,2
odds_multi_extra_4_latest.json,69880336,Wadi Degla SC,Zed FC,Football,Egypt - Premier League,Bet365,Corners Totals,Goals total / Over-Under,8.5,1
odds_multi_extra_4_latest.json,69880336,Wadi Degla SC,Zed FC,Football,Egypt - Premier League,Bet365,Corners Totals HT,Goals total / Over-Under,4,1
odds_multi_extra_4_latest.json,69880336,Wadi Degla SC,Zed FC,Football,Egypt - Premier League,Bet365,Specials,Other / Unknown,To Win From Behind (1),2
odds_multi_extra_4_latest.json,69880336,Wadi Degla SC,Zed FC,Football,Egypt - Premier League,Bet365,Correct Score,Correct score,1-0,15
odds_multi_extra_4_latest.json,69880336,Wadi Degla SC,Zed FC,Football,Egypt - Premier League,Bet365,Corners,Other / Unknown,8,1
odds_multi_extra_4_latest.json,69880336,Wadi Degla SC,Zed FC,Football,Egypt - Premier League,Bet365,Alternative Corners,Other / Unknown,4,6
odds_multi_extra_4_latest.json,69880336,Wadi Degla SC,Zed FC,Football,Egypt - Premier League,Bet365,Team Total Goals Home,Goals total / Over-Under,4.5,5
odds_multi_extra_4_latest.json,69880336,Wadi Degla SC,Zed FC,Football,Egypt - Premier League,Bet365,Both Teams To Score HT,Both teams to score,,1
odds_multi_extra_4_latest.json,69880336,Wadi Degla SC,Zed FC,Football,Egypt - Premier League,Bet365,Number of Goals In Match,Other / Unknown,Under 2 goals,3
odds_multi_extra_4_latest.json,69880336,Wadi Degla SC,Zed FC,Football,Egypt - Premier League,Bet365,Corners 2-Way,Other / Unknown,8.5,1
odds_multi_extra_4_latest.json,69880336,Wadi Degla SC,Zed FC,Football,Egypt - Premier League,Bet365,Alternative Total Goals,Goals total / Over-Under,0.5,5
odds_multi_extra_4_latest.json,69880336,Wadi Degla SC,Zed FC,Football,Egypt - Premier League,Bet365,Team Total Goals Away,Goals total / Over-Under,0.5,4
odds_multi_extra_4_latest.json,69880336,Wadi Degla SC,Zed FC,Football,Egypt - Premier League,Bet365,Alternative Goal Line,Other / Unknown,0.5,12
odds_multi_extra_4_latest.json,69880336,Wadi Degla SC,Zed FC,Football,Egypt - Premier League,Bet365,Exact Total Goals,Goals total / Over-Under,0 Goals,8
odds_multi_extra_4_latest.json,69880336,Wadi Degla SC,Zed FC,Football,Egypt - Premier League,Bet365,Half Time Result,Half-time / Period,1,3
odds_multi_extra_4_latest.json,69880336,Wadi Degla SC,Zed FC,Football,Egypt - Premier League,Bet365,1st Half Handicap,Handicap / Spread,1 (-1),2
odds_multi_extra_4_latest.json,69880336,Wadi Degla SC,Zed FC,Football,Egypt - Premier League,Bet365,Total Corners,Goals total / Over-Under,Under 6,5
odds_multi_extra_4_latest.json,69880336,Wadi Degla SC,Zed FC,Football,Egypt - Premier League,Bet365,Alternative Asian Handicap,Handicap / Spread,-1.75,10
odds_multi_extra_4_latest.json,69880336,Wadi Degla SC,Zed FC,Football,Egypt - Premier League,Bet365,Both Teams To Score 2H,Both teams to score,,1
odds_multi_extra_4_latest.json,69880336,Wadi Degla SC,Zed FC,Football,Egypt - Premier League,Bet365 (no latency),Totals,Goals total / Over-Under,1.75,1
odds_multi_extra_4_latest.json,61902056,Ilzer SV,USV Gnas,Football,"Austria Amateur - Steiermark, Landesliga",Bet365,ML,1X2 / Match result,,1
odds_multi_extra_4_latest.json,61902056,Ilzer SV,USV Gnas,Football,"Austria Amateur - Steiermark, Landesliga",Bet365,Draw No Bet,Other / Unknown,,1
odds_multi_extra_4_latest.json,61902056,Ilzer SV,USV Gnas,Football,"Austria Amateur - Steiermark, Landesliga",Bet365,Double Chance,Double chance,Ilzer SV or Draw,3
odds_multi_extra_4_latest.json,61902056,Ilzer SV,USV Gnas,Football,"Austria Amateur - Steiermark, Landesliga",Bet365,Spread,Handicap / Spread,-0.5,1
odds_multi_extra_4_latest.json,61902056,Ilzer SV,USV Gnas,Football,"Austria Amateur - Steiermark, Landesliga",Bet365,Totals,Goals total / Over-Under,3.25,1
odds_multi_extra_4_latest.json,61902056,Ilzer SV,USV Gnas,Football,"Austria Amateur - Steiermark, Landesliga",Bet365,Goals Over/Under,Goals total / Over-Under,2.5,1
odds_multi_extra_4_latest.json,61902056,Ilzer SV,USV Gnas,Football,"Austria Amateur - Steiermark, Landesliga",Bet365,Spread HT,Handicap / Spread,-0.25,1
odds_multi_extra_4_latest.json,61902056,Ilzer SV,USV Gnas,Football,"Austria Amateur - Steiermark, Landesliga",Bet365,Totals HT,Goals total / Over-Under,1.25,1
odds_multi_extra_4_latest.json,61902056,Ilzer SV,USV Gnas,Football,"Austria Amateur - Steiermark, Landesliga",Bet365,Corners Totals,Goals total / Over-Under,10,1
odds_multi_extra_4_latest.json,61902056,Ilzer SV,USV Gnas,Football,"Austria Amateur - Steiermark, Landesliga",Bet365,Corners Totals HT,Goals total / Over-Under,4.5,1
odds_multi_extra_4_latest.json,61902056,Ilzer SV,USV Gnas,Football,"Austria Amateur - Steiermark, Landesliga",Bet365,Correct Score,Correct score,0-0,19
odds_multi_extra_4_latest.json,61902056,Ilzer SV,USV Gnas,Football,"Austria Amateur - Steiermark, Landesliga",Bet365,Corners,Other / Unknown,10,1
odds_multi_extra_4_latest.json,61902056,Ilzer SV,USV Gnas,Football,"Austria Amateur - Steiermark, Landesliga",Bet365,Half Time Result,Half-time / Period,1,3
odds_multi_extra_4_latest.json,61902056,Ilzer SV,USV Gnas,Football,"Austria Amateur - Steiermark, Landesliga",Bet365,Corners 2-Way,Other / Unknown,10.5,1
odds_multi_extra_5_latest.json,71530420,Al-Fahaheel,Kuwait SC,Football,Kuwait - Premier League,Bet365,ML,1X2 / Match result,,1
odds_multi_extra_5_latest.json,71530420,Al-Fahaheel,Kuwait SC,Football,Kuwait - Premier League,Bet365,Draw No Bet,Other / Unknown,,1
odds_multi_extra_5_latest.json,71530420,Al-Fahaheel,Kuwait SC,Football,Kuwait - Premier League,Bet365,Double Chance,Double chance,Al Fahaheel SC or Draw,3
odds_multi_extra_5_latest.json,71530420,Al-Fahaheel,Kuwait SC,Football,Kuwait - Premier League,Bet365,Spread,Handicap / Spread,1.75,1
odds_multi_extra_5_latest.json,71530420,Al-Fahaheel,Kuwait SC,Football,Kuwait - Premier League,Bet365,Totals,Goals total / Over-Under,3.25,1
odds_multi_extra_5_latest.json,71530420,Al-Fahaheel,Kuwait SC,Football,Kuwait - Premier League,Bet365,Goals Over/Under,Goals total / Over-Under,2.5,1
odds_multi_extra_5_latest.json,71530420,Al-Fahaheel,Kuwait SC,Football,Kuwait - Premier League,Bet365,Both Teams To Score,Both teams to score,,1
odds_multi_extra_5_latest.json,71530420,Al-Fahaheel,Kuwait SC,Football,Kuwait - Premier League,Bet365,Spread HT,Handicap / Spread,0.75,1
odds_multi_extra_5_latest.json,71530420,Al-Fahaheel,Kuwait SC,Football,Kuwait - Premier League,Bet365,Totals HT,Goals total / Over-Under,1.25,1
odds_multi_extra_5_latest.json,71530420,Al-Fahaheel,Kuwait SC,Football,Kuwait - Premier League,Bet365,European Handicap,Handicap / Spread,2,2
odds_multi_extra_5_latest.json,71530420,Al-Fahaheel,Kuwait SC,Football,Kuwait - Premier League,Bet365,Corners Totals,Goals total / Over-Under,10.5,1
odds_multi_extra_5_latest.json,71530420,Al-Fahaheel,Kuwait SC,Football,Kuwait - Premier League,Bet365,Corners Totals HT,Goals total / Over-Under,5,1
odds_multi_extra_5_latest.json,71530420,Al-Fahaheel,Kuwait SC,Football,Kuwait - Premier League,Bet365,Half Time Result,Half-time / Period,1,3
odds_multi_extra_5_latest.json,71530420,Al-Fahaheel,Kuwait SC,Football,Kuwait - Premier League,Bet365,Team Total Goals Away,Goals total / Over-Under,0.5,8
odds_multi_extra_5_latest.json,71530420,Al-Fahaheel,Kuwait SC,Football,Kuwait - Premier League,Bet365,Team Total Goals Home,Goals total / Over-Under,0.5,4
odds_multi_extra_5_latest.json,71530420,Al-Fahaheel,Kuwait SC,Football,Kuwait - Premier League,Bet365,Total Corners,Goals total / Over-Under,Under 6,5
odds_multi_extra_5_latest.json,71530420,Al-Fahaheel,Kuwait SC,Football,Kuwait - Premier League,Bet365,1st Half Handicap,Handicap / Spread,1 (1),2
odds_multi_extra_5_latest.json,71530420,Al-Fahaheel,Kuwait SC,Football,Kuwait - Premier League,Bet365,Number of Goals In Match,Other / Unknown,Under 2 goals,3
odds_multi_extra_5_latest.json,71530420,Al-Fahaheel,Kuwait SC,Football,Kuwait - Premier League,Bet365,Exact Total Goals,Goals total / Over-Under,0 Goals,8
odds_multi_extra_5_latest.json,71530420,Al-Fahaheel,Kuwait SC,Football,Kuwait - Premier League,Bet365,Alternative Total Goals,Goals total / Over-Under,4.5,8
odds_multi_extra_5_latest.json,71530420,Al-Fahaheel,Kuwait SC,Football,Kuwait - Premier League,Bet365,Alternative Corners,Other / Unknown,12,13
odds_multi_extra_5_latest.json,71530420,Al-Fahaheel,Kuwait SC,Football,Kuwait - Premier League,Bet365,Correct Score,Correct score,1-1,24
odds_multi_extra_5_latest.json,71530420,Al-Fahaheel,Kuwait SC,Football,Kuwait - Premier League,Bet365,Corners 2-Way,Other / Unknown,10.5,1
odds_multi_extra_5_latest.json,71530420,Al-Fahaheel,Kuwait SC,Football,Kuwait - Premier League,Bet365,Alternative Asian Handicap,Handicap / Spread,0.25,14
odds_multi_extra_5_latest.json,71530420,Al-Fahaheel,Kuwait SC,Football,Kuwait - Premier League,Bet365,Alternative Goal Line,Other / Unknown,1.5,16
odds_multi_extra_5_latest.json,71530420,Al-Fahaheel,Kuwait SC,Football,Kuwait - Premier League,Bet365,Both Teams To Score 2H,Both teams to score,,1
odds_multi_extra_5_latest.json,71530420,Al-Fahaheel,Kuwait SC,Football,Kuwait - Premier League,Bet365,Both Teams To Score HT,Both teams to score,,1
odds_multi_extra_5_latest.json,71530420,Al-Fahaheel,Kuwait SC,Football,Kuwait - Premier League,Bet365,Corners,Other / Unknown,11,1
odds_multi_extra_5_latest.json,71530420,Al-Fahaheel,Kuwait SC,Football,Kuwait - Premier League,Bet365,Specials,Other / Unknown,To Win From Behind (1),2
odds_multi_extra_5_latest.json,71530420,Al-Fahaheel,Kuwait SC,Football,Kuwait - Premier League,Bet365 (no latency),Spread,Handicap / Spread,1.75,1
odds_multi_extra_5_latest.json,64055887,Al-Hazm,Al-Taawoun FC,Football,Saudi Arabia - Saudi Pro League,Bet365,ML,1X2 / Match result,,1
odds_multi_extra_5_latest.json,64055887,Al-Hazm,Al-Taawoun FC,Football,Saudi Arabia - Saudi Pro League,Bet365,Draw No Bet,Other / Unknown,,1
odds_multi_extra_5_latest.json,64055887,Al-Hazm,Al-Taawoun FC,Football,Saudi Arabia - Saudi Pro League,Bet365,Double Chance,Double chance,Al Hazm or Draw,3
odds_multi_extra_5_latest.json,64055887,Al-Hazm,Al-Taawoun FC,Football,Saudi Arabia - Saudi Pro League,Bet365,Spread,Handicap / Spread,0.75,1
odds_multi_extra_5_latest.json,64055887,Al-Hazm,Al-Taawoun FC,Football,Saudi Arabia - Saudi Pro League,Bet365,Totals,Goals total / Over-Under,3,1
odds_multi_extra_5_latest.json,64055887,Al-Hazm,Al-Taawoun FC,Football,Saudi Arabia - Saudi Pro League,Bet365,Goals Over/Under,Goals total / Over-Under,2.5,1
odds_multi_extra_5_latest.json,64055887,Al-Hazm,Al-Taawoun FC,Football,Saudi Arabia - Saudi Pro League,Bet365,Both Teams To Score,Both teams to score,,1
odds_multi_extra_5_latest.json,64055887,Al-Hazm,Al-Taawoun FC,Football,Saudi Arabia - Saudi Pro League,Bet365,Spread HT,Handicap / Spread,0.25,1
odds_multi_extra_5_latest.json,64055887,Al-Hazm,Al-Taawoun FC,Football,Saudi Arabia - Saudi Pro League,Bet365,Totals HT,Goals total / Over-Under,1.25,1
odds_multi_extra_5_latest.json,64055887,Al-Hazm,Al-Taawoun FC,Football,Saudi Arabia - Saudi Pro League,Bet365,European Handicap,Handicap / Spread,-1,2
odds_multi_extra_5_latest.json,64055887,Al-Hazm,Al-Taawoun FC,Football,Saudi Arabia - Saudi Pro League,Bet365,Corners Spread,Handicap / Spread,0.5,1
odds_multi_extra_5_latest.json,64055887,Al-Hazm,Al-Taawoun FC,Football,Saudi Arabia - Saudi Pro League,Bet365,Corners Totals,Goals total / Over-Under,9.5,1
odds_multi_extra_5_latest.json,64055887,Al-Hazm,Al-Taawoun FC,Football,Saudi Arabia - Saudi Pro League,Bet365,Corners Totals HT,Goals total / Over-Under,4.5,1
odds_multi_extra_5_latest.json,64055887,Al-Hazm,Al-Taawoun FC,Football,Saudi Arabia - Saudi Pro League,Bet365,Anytime Goalscorer,Other / Unknown,Hassan Idris,68
odds_multi_extra_5_latest.json,64055887,Al-Hazm,Al-Taawoun FC,Football,Saudi Arabia - Saudi Pro League,Bet365,Exact Total Goals,Goals total / Over-Under,3 Goals,8
odds_multi_extra_5_latest.json,64055887,Al-Hazm,Al-Taawoun FC,Football,Saudi Arabia - Saudi Pro League,Bet365,First 10 Minutes (00:00 - 09:59),Other / Unknown,Corners (Over) (0.5),1
odds_multi_extra_5_latest.json,64055887,Al-Hazm,Al-Taawoun FC,Football,Saudi Arabia - Saudi Pro League,Bet365,Corners 2-Way,Other / Unknown,9.5,1
odds_multi_extra_5_latest.json,64055887,Al-Hazm,Al-Taawoun FC,Football,Saudi Arabia - Saudi Pro League,Bet365,1st Half Handicap,Handicap / Spread,1 (1),2
odds_multi_extra_5_latest.json,64055887,Al-Hazm,Al-Taawoun FC,Football,Saudi Arabia - Saudi Pro League,Bet365,Alternative Asian Handicap,Handicap / Spread,-1,14
odds_multi_extra_5_latest.json,64055887,Al-Hazm,Al-Taawoun FC,Football,Saudi Arabia - Saudi Pro League,Bet365,Alternative Corners,Other / Unknown,11,12
odds_multi_extra_5_latest.json,64055887,Al-Hazm,Al-Taawoun FC,Football,Saudi Arabia - Saudi Pro League,Bet365,Player Shots on Target,Other / Unknown,Roger Martinez (2),179
odds_multi_extra_5_latest.json,64055887,Al-Hazm,Al-Taawoun FC,Football,Saudi Arabia - Saudi Pro League,Bet365,Both Teams To Score 2H,Both teams to score,,1
odds_multi_extra_5_latest.json,64055887,Al-Hazm,Al-Taawoun FC,Football,Saudi Arabia - Saudi Pro League,Bet365,Corner Handicap,Handicap / Spread,1 (1),2
odds_multi_extra_5_latest.json,64055887,Al-Hazm,Al-Taawoun FC,Football,Saudi Arabia - Saudi Pro League,Bet365,Total Corners,Goals total / Over-Under,Under 6,5
odds_multi_extra_5_latest.json,64055887,Al-Hazm,Al-Taawoun FC,Football,Saudi Arabia - Saudi Pro League,Bet365,Multi Scorers,Other / Unknown,Abdulrazzaq Awaji (2 or More) (1),136
odds_multi_extra_5_latest.json,64055887,Al-Hazm,Al-Taawoun FC,Football,Saudi Arabia - Saudi Pro League,Bet365,Player Shots,Other / Unknown,Cristopher Zambrano (2),361
odds_multi_extra_5_latest.json,64055887,Al-Hazm,Al-Taawoun FC,Football,Saudi Arabia - Saudi Pro League,Bet365,Number of Goals In Match,Other / Unknown,2 or 3 goals,3
odds_multi_extra_5_latest.json,64055887,Al-Hazm,Al-Taawoun FC,Football,Saudi Arabia - Saudi Pro League,Bet365,Alternative Total Goals,Goals total / Over-Under,0.5,7
odds_multi_extra_5_latest.json,64055887,Al-Hazm,Al-Taawoun FC,Football,Saudi Arabia - Saudi Pro League,Bet365,Team Corners Home,Other / Unknown,4.5,1
odds_multi_extra_5_latest.json,64055887,Al-Hazm,Al-Taawoun FC,Football,Saudi Arabia - Saudi Pro League,Bet365,Specials,Other / Unknown,To Win From Behind (1),2
odds_multi_extra_5_latest.json,64055887,Al-Hazm,Al-Taawoun FC,Football,Saudi Arabia - Saudi Pro League,Bet365,Correct Score,Correct score,3-2,26
odds_multi_extra_5_latest.json,64055887,Al-Hazm,Al-Taawoun FC,Football,Saudi Arabia - Saudi Pro League,Bet365,Corners,Other / Unknown,9,1
odds_multi_extra_5_latest.json,64055887,Al-Hazm,Al-Taawoun FC,Football,Saudi Arabia - Saudi Pro League,Bet365,Team Corners Away,Other / Unknown,4.5,1
odds_multi_extra_5_latest.json,64055887,Al-Hazm,Al-Taawoun FC,Football,Saudi Arabia - Saudi Pro League,Bet365,Both Teams To Score HT,Both teams to score,,1
odds_multi_extra_5_latest.json,64055887,Al-Hazm,Al-Taawoun FC,Football,Saudi Arabia - Saudi Pro League,Bet365,Corners Race,Other / Unknown,7,4
odds_multi_extra_5_latest.json,64055887,Al-Hazm,Al-Taawoun FC,Football,Saudi Arabia - Saudi Pro League,Bet365,Player To Score or Assist,Other / Unknown,Fahad Al Rashidi (Score) (2),201
odds_multi_extra_5_latest.json,64055887,Al-Hazm,Al-Taawoun FC,Football,Saudi Arabia - Saudi Pro League,Bet365,Team Goalscorer,Other / Unknown,Amir Sayoud (First),140
odds_multi_extra_5_latest.json,64055887,Al-Hazm,Al-Taawoun FC,Football,Saudi Arabia - Saudi Pro League,Bet365,Team Total Goals Away,Goals total / Over-Under,1.5,6
odds_multi_extra_5_latest.json,64055887,Al-Hazm,Al-Taawoun FC,Football,Saudi Arabia - Saudi Pro League,Bet365,Alternative Goal Line,Other / Unknown,1.5,12
odds_multi_extra_5_latest.json,64055887,Al-Hazm,Al-Taawoun FC,Football,Saudi Arabia - Saudi Pro League,Bet365,Team Total Goals Home,Goals total / Over-Under,0.5,5
odds_multi_extra_5_latest.json,64055887,Al-Hazm,Al-Taawoun FC,Football,Saudi Arabia - Saudi Pro League,Bet365,Half Time Result,Half-time / Period,Draw,3
odds_multi_extra_5_latest.json,64055887,Al-Hazm,Al-Taawoun FC,Football,Saudi Arabia - Saudi Pro League,Bet365 (no latency),Spread,Handicap / Spread,0.75,1
odds_multi_extra_5_latest.json,68158798,CA Barracas Central Reserve,CA Union Santa Fe Reserve,Football,"Argentina - Copa Proyeccion Final, Reserves",Bet365,ML,1X2 / Match result,,1
odds_multi_extra_5_latest.json,68158798,CA Barracas Central Reserve,CA Union Santa Fe Reserve,Football,"Argentina - Copa Proyeccion Final, Reserves",Bet365,Draw No Bet,Other / Unknown,,1
odds_multi_extra_5_latest.json,68158798,CA Barracas Central Reserve,CA Union Santa Fe Reserve,Football,"Argentina - Copa Proyeccion Final, Reserves",Bet365,Double Chance,Double chance,Barracas Central Reserves or Draw,3
odds_multi_extra_5_latest.json,68158798,CA Barracas Central Reserve,CA Union Santa Fe Reserve,Football,"Argentina - Copa Proyeccion Final, Reserves",Bet365,Spread,Handicap / Spread,0.25,1
odds_multi_extra_5_latest.json,68158798,CA Barracas Central Reserve,CA Union Santa Fe Reserve,Football,"Argentina - Copa Proyeccion Final, Reserves",Bet365,Totals,Goals total / Over-Under,2.25,1
odds_multi_extra_5_latest.json,68158798,CA Barracas Central Reserve,CA Union Santa Fe Reserve,Football,"Argentina - Copa Proyeccion Final, Reserves",Bet365,Goals Over/Under,Goals total / Over-Under,2.5,1
odds_multi_extra_5_latest.json,68158798,CA Barracas Central Reserve,CA Union Santa Fe Reserve,Football,"Argentina - Copa Proyeccion Final, Reserves",Bet365,Spread HT,Handicap / Spread,0.25,1
odds_multi_extra_5_latest.json,68158798,CA Barracas Central Reserve,CA Union Santa Fe Reserve,Football,"Argentina - Copa Proyeccion Final, Reserves",Bet365,Totals HT,Goals total / Over-Under,1,1
odds_multi_extra_5_latest.json,68158798,CA Barracas Central Reserve,CA Union Santa Fe Reserve,Football,"Argentina - Copa Proyeccion Final, Reserves",Bet365,Corners Totals,Goals total / Over-Under,8,1
odds_multi_extra_5_latest.json,68158798,CA Barracas Central Reserve,CA Union Santa Fe Reserve,Football,"Argentina - Copa Proyeccion Final, Reserves",Bet365,Corners Totals HT,Goals total / Over-Under,3.5,1
odds_multi_extra_5_latest.json,68158798,CA Barracas Central Reserve,CA Union Santa Fe Reserve,Football,"Argentina - Copa Proyeccion Final, Reserves",Bet365,Half Time Result,Half-time / Period,1,3
odds_multi_extra_5_latest.json,68158798,CA Barracas Central Reserve,CA Union Santa Fe Reserve,Football,"Argentina - Copa Proyeccion Final, Reserves",Bet365,Correct Score,Correct score,2-2,15
odds_multi_extra_5_latest.json,68158798,CA Barracas Central Reserve,CA Union Santa Fe Reserve,Football,"Argentina - Copa Proyeccion Final, Reserves",Bet365,Corners 2-Way,Other / Unknown,8.5,1
odds_multi_extra_5_latest.json,68158798,CA Barracas Central Reserve,CA Union Santa Fe Reserve,Football,"Argentina - Copa Proyeccion Final, Reserves",Bet365,Corners,Other / Unknown,8,1
odds_multi_extra_5_latest.json,68158798,CA Barracas Central Reserve,CA Union Santa Fe Reserve,Football,"Argentina - Copa Proyeccion Final, Reserves",Bet365 (no latency),Totals,Goals total / Over-Under,2.5,1
odds_multi_extra_5_latest.json,68751798,CA Paranaense PR,Botafogo FR RJ,Football,Brazil - U20 Campeonato Brasileiro,Bet365,ML,1X2 / Match result,,1
odds_multi_extra_5_latest.json,68751798,CA Paranaense PR,Botafogo FR RJ,Football,Brazil - U20 Campeonato Brasileiro,Bet365,Draw No Bet,Other / Unknown,,1
odds_multi_extra_5_latest.json,68751798,CA Paranaense PR,Botafogo FR RJ,Football,Brazil - U20 Campeonato Brasileiro,Bet365,Double Chance,Double chance,Athletico Paranaense U20 or Draw,3
odds_multi_extra_5_latest.json,68751798,CA Paranaense PR,Botafogo FR RJ,Football,Brazil - U20 Campeonato Brasileiro,Bet365,Spread,Handicap / Spread,-0.25,1
odds_multi_extra_5_latest.json,68751798,CA Paranaense PR,Botafogo FR RJ,Football,Brazil - U20 Campeonato Brasileiro,Bet365,Totals,Goals total / Over-Under,2.75,1
odds_multi_extra_5_latest.json,68751798,CA Paranaense PR,Botafogo FR RJ,Football,Brazil - U20 Campeonato Brasileiro,Bet365,Goals Over/Under,Goals total / Over-Under,2.5,1
odds_multi_extra_5_latest.json,68751798,CA Paranaense PR,Botafogo FR RJ,Football,Brazil - U20 Campeonato Brasileiro,Bet365,Spread HT,Handicap / Spread,0,1
odds_multi_extra_5_latest.json,68751798,CA Paranaense PR,Botafogo FR RJ,Football,Brazil - U20 Campeonato Brasileiro,Bet365,Totals HT,Goals total / Over-Under,1,1
odds_multi_extra_5_latest.json,68751798,CA Paranaense PR,Botafogo FR RJ,Football,Brazil - U20 Campeonato Brasileiro,Bet365,Corners Totals,Goals total / Over-Under,11.5,1
odds_multi_extra_5_latest.json,68751798,CA Paranaense PR,Botafogo FR RJ,Football,Brazil - U20 Campeonato Brasileiro,Bet365,Corners Totals HT,Goals total / Over-Under,5,1
odds_multi_extra_5_latest.json,68751798,CA Paranaense PR,Botafogo FR RJ,Football,Brazil - U20 Campeonato Brasileiro,Bet365,Correct Score,Correct score,0-0,17
odds_multi_extra_5_latest.json,68751798,CA Paranaense PR,Botafogo FR RJ,Football,Brazil - U20 Campeonato Brasileiro,Bet365,Corners 2-Way,Other / Unknown,11.5,1
odds_multi_extra_5_latest.json,68751798,CA Paranaense PR,Botafogo FR RJ,Football,Brazil - U20 Campeonato Brasileiro,Bet365,Corners,Other / Unknown,11,1
odds_multi_extra_5_latest.json,68751798,CA Paranaense PR,Botafogo FR RJ,Football,Brazil - U20 Campeonato Brasileiro,Bet365,Half Time Result,Half-time / Period,1,3
odds_multi_extra_5_latest.json,68751798,CA Paranaense PR,Botafogo FR RJ,Football,Brazil - U20 Campeonato Brasileiro,Bet365 (no latency),Totals,Goals total / Over-Under,2.5,1
odds_multi_extra_5_latest.json,64055897,Al Nassr Club,Damac FC,Football,Saudi Arabia - Saudi Pro League,Bet365,ML,1X2 / Match result,,1
odds_multi_extra_5_latest.json,64055897,Al Nassr Club,Damac FC,Football,Saudi Arabia - Saudi Pro League,Bet365,Draw No Bet,Other / Unknown,,1
odds_multi_extra_5_latest.json,64055897,Al Nassr Club,Damac FC,Football,Saudi Arabia - Saudi Pro League,Bet365,Double Chance,Double chance,Draw or Damac FC,3
odds_multi_extra_5_latest.json,64055897,Al Nassr Club,Damac FC,Football,Saudi Arabia - Saudi Pro League,Bet365,Spread,Handicap / Spread,-2.5,1
odds_multi_extra_5_latest.json,64055897,Al Nassr Club,Damac FC,Football,Saudi Arabia - Saudi Pro League,Bet365,Totals,Goals total / Over-Under,3.5,1
odds_multi_extra_5_latest.json,64055897,Al Nassr Club,Damac FC,Football,Saudi Arabia - Saudi Pro League,Bet365,Goals Over/Under,Goals total / Over-Under,2.5,1
odds_multi_extra_5_latest.json,64055897,Al Nassr Club,Damac FC,Football,Saudi Arabia - Saudi Pro League,Bet365,Both Teams To Score,Both teams to score,,1
odds_multi_extra_5_latest.json,64055897,Al Nassr Club,Damac FC,Football,Saudi Arabia - Saudi Pro League,Bet365,Spread HT,Handicap / Spread,-1,1
odds_multi_extra_5_latest.json,64055897,Al Nassr Club,Damac FC,Football,Saudi Arabia - Saudi Pro League,Bet365,European Handicap,Handicap / Spread,-2,8
odds_multi_extra_5_latest.json,64055897,Al Nassr Club,Damac FC,Football,Saudi Arabia - Saudi Pro League,Bet365,Corners Spread,Handicap / Spread,-5.5,1
odds_multi_extra_5_latest.json,64055897,Al Nassr Club,Damac FC,Football,Saudi Arabia - Saudi Pro League,Bet365,Corners Totals,Goals total / Over-Under,9.5,1
odds_multi_extra_5_latest.json,64055897,Al Nassr Club,Damac FC,Football,Saudi Arabia - Saudi Pro League,Bet365,Corners Totals HT,Goals total / Over-Under,4.5,1
odds_multi_extra_5_latest.json,64055897,Al Nassr Club,Damac FC,Football,Saudi Arabia - Saudi Pro League,Bet365,Anytime Goalscorer,Other / Unknown,Angelo Gabriel,60
odds_multi_extra_5_latest.json,64055897,Al Nassr Club,Damac FC,Football,Saudi Arabia - Saudi Pro League,Bet365,Corners Race,Other / Unknown,3,4
odds_multi_extra_5_latest.json,64055897,Al Nassr Club,Damac FC,Football,Saudi Arabia - Saudi Pro League,Bet365,Total Corners,Goals total / Over-Under,Under 6,5
odds_multi_extra_5_latest.json,64055897,Al Nassr Club,Damac FC,Football,Saudi Arabia - Saudi Pro League,Bet365,Alternative Total Goals,Goals total / Over-Under,0.5,8
odds_multi_extra_5_latest.json,64055897,Al Nassr Club,Damac FC,Football,Saudi Arabia - Saudi Pro League,Bet365,Alternative Asian Handicap,Handicap / Spread,-4.5,16
odds_multi_extra_5_latest.json,64055897,Al Nassr Club,Damac FC,Football,Saudi Arabia - Saudi Pro League,Bet365,Corners 2-Way,Other / Unknown,9.5,1
odds_multi_extra_5_latest.json,64055897,Al Nassr Club,Damac FC,Football,Saudi Arabia - Saudi Pro League,Bet365,Correct Score,Correct score,2-0,31
odds_multi_extra_5_latest.json,64055897,Al Nassr Club,Damac FC,Football,Saudi Arabia - Saudi Pro League,Bet365,Multi Scorers,Other / Unknown,Abdulaziz Al Aliwa (3 or More) (1),120
odds_multi_extra_5_latest.json,64055897,Al Nassr Club,Damac FC,Football,Saudi Arabia - Saudi Pro League,Bet365,Corners,Other / Unknown,10,1
odds_multi_extra_5_latest.json,64055897,Al Nassr Club,Damac FC,Football,Saudi Arabia - Saudi Pro League,Bet365,Team Goalscorer,Other / Unknown,Sadio Mane (First),124
odds_multi_extra_5_latest.json,64055897,Al Nassr Club,Damac FC,Football,Saudi Arabia - Saudi Pro League,Bet365,Team Total Goals Away,Goals total / Over-Under,1.5,3
odds_multi_extra_5_latest.json,64055897,Al Nassr Club,Damac FC,Football,Saudi Arabia - Saudi Pro League,Bet365,Half Time Result,Half-time / Period,1,3
odds_multi_extra_5_latest.json,64055897,Al Nassr Club,Damac FC,Football,Saudi Arabia - Saudi Pro League,Bet365,Corner Handicap,Handicap / Spread,1 (-5),2
odds_multi_extra_5_latest.json,64055897,Al Nassr Club,Damac FC,Football,Saudi Arabia - Saudi Pro League,Bet365,Team Total Goals Home,Goals total / Over-Under,0.5,8
odds_multi_extra_5_latest.json,64055897,Al Nassr Club,Damac FC,Football,Saudi Arabia - Saudi Pro League,Bet365,Alternative Corners,Other / Unknown,4,13
odds_multi_extra_5_latest.json,64055897,Al Nassr Club,Damac FC,Football,Saudi Arabia - Saudi Pro League,Bet365,Alternative Goal Line,Other / Unknown,1.5,15
odds_multi_extra_5_latest.json,64055897,Al Nassr Club,Damac FC,Football,Saudi Arabia - Saudi Pro League,Bet365,Both Teams To Score HT,Both teams to score,,1
odds_multi_extra_5_latest.json,64055897,Al Nassr Club,Damac FC,Football,Saudi Arabia - Saudi Pro League,Bet365,1st Half Handicap,Handicap / Spread,Tie (1),2
odds_multi_extra_5_latest.json,64055897,Al Nassr Club,Damac FC,Football,Saudi Arabia - Saudi Pro League,Bet365,Specials,Other / Unknown,To Win From Behind (1),2
odds_multi_extra_5_latest.json,64055897,Al Nassr Club,Damac FC,Football,Saudi Arabia - Saudi Pro League,Bet365,First 10 Minutes (00:00 - 09:59),Other / Unknown,Corners (Over) (0.5),1
odds_multi_extra_5_latest.json,64055897,Al Nassr Club,Damac FC,Football,Saudi Arabia - Saudi Pro League,Bet365,Player Shots,Other / Unknown,Nabil Alioui (2),315
odds_multi_extra_5_latest.json,64055897,Al Nassr Club,Damac FC,Football,Saudi Arabia - Saudi Pro League,Bet365,Player To Score or Assist,Other / Unknown,Abdulrahman Al Khaibre (Score) (2),174
odds_multi_extra_5_latest.json,64055897,Al Nassr Club,Damac FC,Football,Saudi Arabia - Saudi Pro League,Bet365,Team Corners Away,Other / Unknown,1.5,1
odds_multi_extra_5_latest.json,64055897,Al Nassr Club,Damac FC,Football,Saudi Arabia - Saudi Pro League,Bet365,Both Teams To Score 2H,Both teams to score,,1
odds_multi_extra_5_latest.json,64055897,Al Nassr Club,Damac FC,Football,Saudi Arabia - Saudi Pro League,Bet365,Player Shots on Target,Other / Unknown,Nabil Alioui (2),154
odds_multi_extra_5_latest.json,64055897,Al Nassr Club,Damac FC,Football,Saudi Arabia - Saudi Pro League,Bet365,Team Corners Home,Other / Unknown,7.5,1
odds_multi_extra_5_latest.json,64055897,Al Nassr Club,Damac FC,Football,Saudi Arabia - Saudi Pro League,Bet365,1st Half Goal Line,Half-time / Period,1.5,1
odds_multi_extra_5_latest.json,64055897,Al Nassr Club,Damac FC,Football,Saudi Arabia - Saudi Pro League,Bet365,Number of Goals In Match,Other / Unknown,2 or 3 goals,3
odds_multi_extra_5_latest.json,64055897,Al Nassr Club,Damac FC,Football,Saudi Arabia - Saudi Pro League,Bet365,Exact Total Goals,Goals total / Over-Under,3 Goals,8
odds_multi_extra_5_latest.json,64055897,Al Nassr Club,Damac FC,Football,Saudi Arabia - Saudi Pro League,Bet365 (no latency),Spread,Handicap / Spread,-2.5,1
odds_multi_extra_5_latest.json,64055885,Al-Fayha FC,Al Hilal SFC,Football,Saudi Arabia - Saudi Pro League,Bet365,ML,1X2 / Match result,,1
odds_multi_extra_5_latest.json,64055885,Al-Fayha FC,Al Hilal SFC,Football,Saudi Arabia - Saudi Pro League,Bet365,Draw No Bet,Other / Unknown,,1
odds_multi_extra_5_latest.json,64055885,Al-Fayha FC,Al Hilal SFC,Football,Saudi Arabia - Saudi Pro League,Bet365,Double Chance,Double chance,Al Feiha or Draw,3
odds_multi_extra_5_latest.json,64055885,Al-Fayha FC,Al Hilal SFC,Football,Saudi Arabia - Saudi Pro League,Bet365,Spread,Handicap / Spread,2,1
odds_multi_extra_5_latest.json,64055885,Al-Fayha FC,Al Hilal SFC,Football,Saudi Arabia - Saudi Pro League,Bet365,Totals,Goals total / Over-Under,3.25,1
odds_multi_extra_5_latest.json,64055885,Al-Fayha FC,Al Hilal SFC,Football,Saudi Arabia - Saudi Pro League,Bet365,Goals Over/Under,Goals total / Over-Under,2.5,1
odds_multi_extra_5_latest.json,64055885,Al-Fayha FC,Al Hilal SFC,Football,Saudi Arabia - Saudi Pro League,Bet365,Both Teams To Score,Both teams to score,,1
odds_multi_extra_5_latest.json,64055885,Al-Fayha FC,Al Hilal SFC,Football,Saudi Arabia - Saudi Pro League,Bet365,Spread HT,Handicap / Spread,0.75,1
odds_multi_extra_5_latest.json,64055885,Al-Fayha FC,Al Hilal SFC,Football,Saudi Arabia - Saudi Pro League,Bet365,European Handicap,Handicap / Spread,2,8
odds_multi_extra_5_latest.json,64055885,Al-Fayha FC,Al Hilal SFC,Football,Saudi Arabia - Saudi Pro League,Bet365,Corners Spread,Handicap / Spread,3.5,1
odds_multi_extra_5_latest.json,64055885,Al-Fayha FC,Al Hilal SFC,Football,Saudi Arabia - Saudi Pro League,Bet365,Corners Totals,Goals total / Over-Under,10,1
odds_multi_extra_5_latest.json,64055885,Al-Fayha FC,Al Hilal SFC,Football,Saudi Arabia - Saudi Pro League,Bet365,Corners Totals HT,Goals total / Over-Under,4.5,1
odds_multi_extra_5_latest.json,64055885,Al-Fayha FC,Al Hilal SFC,Football,Saudi Arabia - Saudi Pro League,Bet365,Anytime Goalscorer,Other / Unknown,Saikou Secka,63
odds_multi_extra_5_latest.json,64055885,Al-Fayha FC,Al Hilal SFC,Football,Saudi Arabia - Saudi Pro League,Bet365,Team Total Goals Home,Goals total / Over-Under,0.5,4
odds_multi_extra_5_latest.json,64055885,Al-Fayha FC,Al Hilal SFC,Football,Saudi Arabia - Saudi Pro League,Bet365,Alternative Asian Handicap,Handicap / Spread,0.25,14
odds_multi_extra_5_latest.json,64055885,Al-Fayha FC,Al Hilal SFC,Football,Saudi Arabia - Saudi Pro League,Bet365,First 10 Minutes (00:00 - 09:59),Other / Unknown,Corners (Over) (0.5),1
odds_multi_extra_5_latest.json,64055885,Al-Fayha FC,Al Hilal SFC,Football,Saudi Arabia - Saudi Pro League,Bet365,Team Corners Home,Other / Unknown,2.5,1
odds_multi_extra_5_latest.json,64055885,Al-Fayha FC,Al Hilal SFC,Football,Saudi Arabia - Saudi Pro League,Bet365,1st Half Handicap,Handicap / Spread,1 (1),2
odds_multi_extra_5_latest.json,64055885,Al-Fayha FC,Al Hilal SFC,Football,Saudi Arabia - Saudi Pro League,Bet365,Number of Goals In Match,Other / Unknown,2 or 3 goals,3
odds_multi_extra_5_latest.json,64055885,Al-Fayha FC,Al Hilal SFC,Football,Saudi Arabia - Saudi Pro League,Bet365,Team Total Goals Away,Goals total / Over-Under,1.5,8
odds_multi_extra_5_latest.json,64055885,Al-Fayha FC,Al Hilal SFC,Football,Saudi Arabia - Saudi Pro League,Bet365,Both Teams To Score HT,Both teams to score,,1
odds_multi_extra_5_latest.json,64055885,Al-Fayha FC,Al Hilal SFC,Football,Saudi Arabia - Saudi Pro League,Bet365,Corner Handicap,Handicap / Spread,1 (4),2
odds_multi_extra_5_latest.json,64055885,Al-Fayha FC,Al Hilal SFC,Football,Saudi Arabia - Saudi Pro League,Bet365,Correct Score,Correct score,0-0,30
odds_multi_extra_5_latest.json,64055885,Al-Fayha FC,Al Hilal SFC,Football,Saudi Arabia - Saudi Pro League,Bet365,Team Corners Away,Other / Unknown,6.5,1
odds_multi_extra_5_latest.json,64055885,Al-Fayha FC,Al Hilal SFC,Football,Saudi Arabia - Saudi Pro League,Bet365,Team Goalscorer,Other / Unknown,Saikou Secka (First),130
odds_multi_extra_5_latest.json,64055885,Al-Fayha FC,Al Hilal SFC,Football,Saudi Arabia - Saudi Pro League,Bet365,Total Corners,Goals total / Over-Under,Under 6,5
odds_multi_extra_5_latest.json,64055885,Al-Fayha FC,Al Hilal SFC,Football,Saudi Arabia - Saudi Pro League,Bet365,Exact Total Goals,Goals total / Over-Under,0 Goals,8
odds_multi_extra_5_latest.json,64055885,Al-Fayha FC,Al Hilal SFC,Football,Saudi Arabia - Saudi Pro League,Bet365,Half Time Result,Half-time / Period,Draw,3
odds_multi_extra_5_latest.json,64055885,Al-Fayha FC,Al Hilal SFC,Football,Saudi Arabia - Saudi Pro League,Bet365,1st Half Goal Line,Half-time / Period,1.5,1
odds_multi_extra_5_latest.json,64055885,Al-Fayha FC,Al Hilal SFC,Football,Saudi Arabia - Saudi Pro League,Bet365,Corners,Other / Unknown,10,1
odds_multi_extra_5_latest.json,64055885,Al-Fayha FC,Al Hilal SFC,Football,Saudi Arabia - Saudi Pro League,Bet365,Corners 2-Way,Other / Unknown,10.5,1
odds_multi_extra_5_latest.json,64055885,Al-Fayha FC,Al Hilal SFC,Football,Saudi Arabia - Saudi Pro League,Bet365,Specials,Other / Unknown,To Win From Behind (1),2
odds_multi_extra_5_latest.json,64055885,Al-Fayha FC,Al Hilal SFC,Football,Saudi Arabia - Saudi Pro League,Bet365,Player To Score or Assist,Other / Unknown,David Jason (Score) (1),186
odds_multi_extra_5_latest.json,64055885,Al-Fayha FC,Al Hilal SFC,Football,Saudi Arabia - Saudi Pro League,Bet365,Multi Scorers,Other / Unknown,Malik Al Abdulmenem (2 or More) (1),126
odds_multi_extra_5_latest.json,64055885,Al-Fayha FC,Al Hilal SFC,Football,Saudi Arabia - Saudi Pro League,Bet365,Player Shots,Other / Unknown,Abdullah Al Zaid (2),329
odds_multi_extra_5_latest.json,64055885,Al-Fayha FC,Al Hilal SFC,Football,Saudi Arabia - Saudi Pro League,Bet365,Alternative Total Goals,Goals total / Over-Under,0.5,8
odds_multi_extra_5_latest.json,64055885,Al-Fayha FC,Al Hilal SFC,Football,Saudi Arabia - Saudi Pro League,Bet365,Both Teams To Score 2H,Both teams to score,,1
odds_multi_extra_5_latest.json,64055885,Al-Fayha FC,Al Hilal SFC,Football,Saudi Arabia - Saudi Pro League,Bet365,Corners Race,Other / Unknown,3,4
odds_multi_extra_5_latest.json,64055885,Al-Fayha FC,Al Hilal SFC,Football,Saudi Arabia - Saudi Pro League,Bet365,Alternative Corners,Other / Unknown,4,13
odds_multi_extra_5_latest.json,64055885,Al-Fayha FC,Al Hilal SFC,Football,Saudi Arabia - Saudi Pro League,Bet365,Alternative Goal Line,Other / Unknown,1.5,16
odds_multi_extra_5_latest.json,64055885,Al-Fayha FC,Al Hilal SFC,Football,Saudi Arabia - Saudi Pro League,Bet365,Player Shots on Target,Other / Unknown,Abdulaziz Jurmush (2),155
odds_multi_extra_5_latest.json,64055885,Al-Fayha FC,Al Hilal SFC,Football,Saudi Arabia - Saudi Pro League,Bet365 (no latency),Spread,Handicap / Spread,2,1
odds_multi_extra_5_latest.json,64055889,Al-Ittihad Club,Al Qadsiah,Football,Saudi Arabia - Saudi Pro League,Bet365,ML,1X2 / Match result,,1
odds_multi_extra_5_latest.json,64055889,Al-Ittihad Club,Al Qadsiah,Football,Saudi Arabia - Saudi Pro League,Bet365,Draw No Bet,Other / Unknown,,1
odds_multi_extra_5_latest.json,64055889,Al-Ittihad Club,Al Qadsiah,Football,Saudi Arabia - Saudi Pro League,Bet365,Double Chance,Double chance,Al Ittihad Jeddah or Draw,3
odds_multi_extra_5_latest.json,64055889,Al-Ittihad Club,Al Qadsiah,Football,Saudi Arabia - Saudi Pro League,Bet365,Spread,Handicap / Spread,0.25,1
odds_multi_extra_5_latest.json,64055889,Al-Ittihad Club,Al Qadsiah,Football,Saudi Arabia - Saudi Pro League,Bet365,Totals,Goals total / Over-Under,3.25,1
odds_multi_extra_5_latest.json,64055889,Al-Ittihad Club,Al Qadsiah,Football,Saudi Arabia - Saudi Pro League,Bet365,Goals Over/Under,Goals total / Over-Under,2.5,1
odds_multi_extra_5_latest.json,64055889,Al-Ittihad Club,Al Qadsiah,Football,Saudi Arabia - Saudi Pro League,Bet365,Both Teams To Score,Both teams to score,,1
odds_multi_extra_5_latest.json,64055889,Al-Ittihad Club,Al Qadsiah,Football,Saudi Arabia - Saudi Pro League,Bet365,Spread HT,Handicap / Spread,0,1
odds_multi_extra_5_latest.json,64055889,Al-Ittihad Club,Al Qadsiah,Football,Saudi Arabia - Saudi Pro League,Bet365,Totals HT,Goals total / Over-Under,1.25,1
odds_multi_extra_5_latest.json,64055889,Al-Ittihad Club,Al Qadsiah,Football,Saudi Arabia - Saudi Pro League,Bet365,European Handicap,Handicap / Spread,-1,2
odds_multi_extra_5_latest.json,64055889,Al-Ittihad Club,Al Qadsiah,Football,Saudi Arabia - Saudi Pro League,Bet365,Corners Spread,Handicap / Spread,0.5,1
odds_multi_extra_5_latest.json,64055889,Al-Ittihad Club,Al Qadsiah,Football,Saudi Arabia - Saudi Pro League,Bet365,Corners Totals,Goals total / Over-Under,9.5,1
odds_multi_extra_5_latest.json,64055889,Al-Ittihad Club,Al Qadsiah,Football,Saudi Arabia - Saudi Pro League,Bet365,Corners Totals HT,Goals total / Over-Under,4.5,1
odds_multi_extra_5_latest.json,64055889,Al-Ittihad Club,Al Qadsiah,Football,Saudi Arabia - Saudi Pro League,Bet365,Anytime Goalscorer,Other / Unknown,Bryant Ortega,57
odds_multi_extra_5_latest.json,64055889,Al-Ittihad Club,Al Qadsiah,Football,Saudi Arabia - Saudi Pro League,Bet365,Specials,Other / Unknown,To Win From Behind (1),2
odds_multi_extra_5_latest.json,64055889,Al-Ittihad Club,Al Qadsiah,Football,Saudi Arabia - Saudi Pro League,Bet365,Corners,Other / Unknown,9,1
odds_multi_extra_5_latest.json,64055889,Al-Ittihad Club,Al Qadsiah,Football,Saudi Arabia - Saudi Pro League,Bet365,Alternative Total Goals,Goals total / Over-Under,7.5,8
odds_multi_extra_5_latest.json,64055889,Al-Ittihad Club,Al Qadsiah,Football,Saudi Arabia - Saudi Pro League,Bet365,Number of Goals In Match,Other / Unknown,2 or 3 goals,3
odds_multi_extra_5_latest.json,64055889,Al-Ittihad Club,Al Qadsiah,Football,Saudi Arabia - Saudi Pro League,Bet365,Player To Score or Assist,Other / Unknown,Iker Almena (Assist) (2),168
odds_multi_extra_5_latest.json,64055889,Al-Ittihad Club,Al Qadsiah,Football,Saudi Arabia - Saudi Pro League,Bet365,Both Teams To Score 2H,Both teams to score,,1
odds_multi_extra_5_latest.json,64055889,Al-Ittihad Club,Al Qadsiah,Football,Saudi Arabia - Saudi Pro League,Bet365,Alternative Goal Line,Other / Unknown,1.5,15
odds_multi_extra_5_latest.json,64055889,Al-Ittihad Club,Al Qadsiah,Football,Saudi Arabia - Saudi Pro League,Bet365,Multi Scorers,Other / Unknown,Abdulah Al Jwayzan (2 or More) (2),114
odds_multi_extra_5_latest.json,64055889,Al-Ittihad Club,Al Qadsiah,Football,Saudi Arabia - Saudi Pro League,Bet365,Team Total Goals Away,Goals total / Over-Under,4.5,6
odds_multi_extra_5_latest.json,64055889,Al-Ittihad Club,Al Qadsiah,Football,Saudi Arabia - Saudi Pro League,Bet365,Team Total Goals Home,Goals total / Over-Under,3.5,5
odds_multi_extra_5_latest.json,64055889,Al-Ittihad Club,Al Qadsiah,Football,Saudi Arabia - Saudi Pro League,Bet365,Total Corners,Goals total / Over-Under,Under 6,5
odds_multi_extra_5_latest.json,64055889,Al-Ittihad Club,Al Qadsiah,Football,Saudi Arabia - Saudi Pro League,Bet365,First 10 Minutes (00:00 - 09:59),Other / Unknown,Corners (Over) (0.5),1
odds_multi_extra_5_latest.json,64055889,Al-Ittihad Club,Al Qadsiah,Football,Saudi Arabia - Saudi Pro League,Bet365,Player Shots on Target,Other / Unknown,Bryant Ortega (1),151
odds_multi_extra_5_latest.json,64055889,Al-Ittihad Club,Al Qadsiah,Football,Saudi Arabia - Saudi Pro League,Bet365,Correct Score,Correct score,4-2,23
odds_multi_extra_5_latest.json,64055889,Al-Ittihad Club,Al Qadsiah,Football,Saudi Arabia - Saudi Pro League,Bet365,Exact Total Goals,Goals total / Over-Under,0 Goals,8
odds_multi_extra_5_latest.json,64055889,Al-Ittihad Club,Al Qadsiah,Football,Saudi Arabia - Saudi Pro League,Bet365,Both Teams To Score HT,Both teams to score,,1
odds_multi_extra_5_latest.json,64055889,Al-Ittihad Club,Al Qadsiah,Football,Saudi Arabia - Saudi Pro League,Bet365,Team Corners Away,Other / Unknown,4.5,1
odds_multi_extra_5_latest.json,64055889,Al-Ittihad Club,Al Qadsiah,Football,Saudi Arabia - Saudi Pro League,Bet365,1st Half Handicap,Handicap / Spread,1 (1),2
odds_multi_extra_5_latest.json,64055889,Al-Ittihad Club,Al Qadsiah,Football,Saudi Arabia - Saudi Pro League,Bet365,Alternative Corners,Other / Unknown,4,12
odds_multi_extra_5_latest.json,64055889,Al-Ittihad Club,Al Qadsiah,Football,Saudi Arabia - Saudi Pro League,Bet365,Corners 2-Way,Other / Unknown,9.5,1
odds_multi_extra_5_latest.json,64055889,Al-Ittihad Club,Al Qadsiah,Football,Saudi Arabia - Saudi Pro League,Bet365,Corners Race,Other / Unknown,3,4
odds_multi_extra_5_latest.json,64055889,Al-Ittihad Club,Al Qadsiah,Football,Saudi Arabia - Saudi Pro League,Bet365,Player Shots,Other / Unknown,Bryant Ortega (1),307
odds_multi_extra_5_latest.json,64055889,Al-Ittihad Club,Al Qadsiah,Football,Saudi Arabia - Saudi Pro League,Bet365,Team Corners Home,Other / Unknown,4.5,1
odds_multi_extra_5_latest.json,64055889,Al-Ittihad Club,Al Qadsiah,Football,Saudi Arabia - Saudi Pro League,Bet365,Team Goalscorer,Other / Unknown,Abdullah Al Salem (First),118
odds_multi_extra_5_latest.json,64055889,Al-Ittihad Club,Al Qadsiah,Football,Saudi Arabia - Saudi Pro League,Bet365,Half Time Result,Half-time / Period,1,3
odds_multi_extra_5_latest.json,64055889,Al-Ittihad Club,Al Qadsiah,Football,Saudi Arabia - Saudi Pro League,Bet365,Alternative Asian Handicap,Handicap / Spread,-1.75,13
odds_multi_extra_5_latest.json,64055889,Al-Ittihad Club,Al Qadsiah,Football,Saudi Arabia - Saudi Pro League,Bet365,Corner Handicap,Handicap / Spread,1 (1),2
odds_multi_extra_5_latest.json,64055889,Al-Ittihad Club,Al Qadsiah,Football,Saudi Arabia - Saudi Pro League,Bet365 (no latency),Spread,Handicap / Spread,0.25,1
odds_multi_extra_5_latest.json,64055893,Al-Kholood,Al-Fateh SC,Football,Saudi Arabia - Saudi Pro League,Bet365,ML,1X2 / Match result,,1
odds_multi_extra_5_latest.json,64055893,Al-Kholood,Al-Fateh SC,Football,Saudi Arabia - Saudi Pro League,Bet365,Draw No Bet,Other / Unknown,,1
odds_multi_extra_5_latest.json,64055893,Al-Kholood,Al-Fateh SC,Football,Saudi Arabia - Saudi Pro League,Bet365,Double Chance,Double chance,Al Kholood or Draw,3
odds_multi_extra_5_latest.json,64055893,Al-Kholood,Al-Fateh SC,Football,Saudi Arabia - Saudi Pro League,Bet365,Spread,Handicap / Spread,0,1
odds_multi_extra_5_latest.json,64055893,Al-Kholood,Al-Fateh SC,Football,Saudi Arabia - Saudi Pro League,Bet365,Totals,Goals total / Over-Under,3,1
odds_multi_extra_5_latest.json,64055893,Al-Kholood,Al-Fateh SC,Football,Saudi Arabia - Saudi Pro League,Bet365,Goals Over/Under,Goals total / Over-Under,2.5,1
odds_multi_extra_5_latest.json,64055893,Al-Kholood,Al-Fateh SC,Football,Saudi Arabia - Saudi Pro League,Bet365,Both Teams To Score,Both teams to score,,1
odds_multi_extra_5_latest.json,64055893,Al-Kholood,Al-Fateh SC,Football,Saudi Arabia - Saudi Pro League,Bet365,Spread HT,Handicap / Spread,0,1
odds_multi_extra_5_latest.json,64055893,Al-Kholood,Al-Fateh SC,Football,Saudi Arabia - Saudi Pro League,Bet365,Totals HT,Goals total / Over-Under,1.25,1
odds_multi_extra_5_latest.json,64055893,Al-Kholood,Al-Fateh SC,Football,Saudi Arabia - Saudi Pro League,Bet365,European Handicap,Handicap / Spread,-1,2
odds_multi_extra_5_latest.json,64055893,Al-Kholood,Al-Fateh SC,Football,Saudi Arabia - Saudi Pro League,Bet365,Corners Spread,Handicap / Spread,0,1
odds_multi_extra_5_latest.json,64055893,Al-Kholood,Al-Fateh SC,Football,Saudi Arabia - Saudi Pro League,Bet365,Corners Totals,Goals total / Over-Under,10,1
odds_multi_extra_5_latest.json,64055893,Al-Kholood,Al-Fateh SC,Football,Saudi Arabia - Saudi Pro League,Bet365,Corners Totals HT,Goals total / Over-Under,4.5,1
odds_multi_extra_5_latest.json,64055893,Al-Kholood,Al-Fateh SC,Football,Saudi Arabia - Saudi Pro League,Bet365,Anytime Goalscorer,Other / Unknown,Ramiro Enrique,66
odds_multi_extra_5_latest.json,64055893,Al-Kholood,Al-Fateh SC,Football,Saudi Arabia - Saudi Pro League,Bet365,First 10 Minutes (00:00 - 09:59),Other / Unknown,Corners (Over) (0.5),1
odds_multi_extra_5_latest.json,64055893,Al-Kholood,Al-Fateh SC,Football,Saudi Arabia - Saudi Pro League,Bet365,Corners,Other / Unknown,10,1
odds_multi_extra_5_latest.json,64055893,Al-Kholood,Al-Fateh SC,Football,Saudi Arabia - Saudi Pro League,Bet365,Corner Handicap,Handicap / Spread,1 (1),2
odds_multi_extra_5_latest.json,64055893,Al-Kholood,Al-Fateh SC,Football,Saudi Arabia - Saudi Pro League,Bet365,Corners 2-Way,Other / Unknown,10.5,1
odds_multi_extra_5_latest.json,64055893,Al-Kholood,Al-Fateh SC,Football,Saudi Arabia - Saudi Pro League,Bet365,Corners Race,Other / Unknown,3,4
odds_multi_extra_5_latest.json,64055893,Al-Kholood,Al-Fateh SC,Football,Saudi Arabia - Saudi Pro League,Bet365,Player Shots on Target,Other / Unknown,Abdulaziz Al Elewai (1),187
odds_multi_extra_5_latest.json,64055893,Al-Kholood,Al-Fateh SC,Football,Saudi Arabia - Saudi Pro League,Bet365,Multi Scorers,Other / Unknown,Ramiro Enrique (2 or More) (1),132
odds_multi_extra_5_latest.json,64055893,Al-Kholood,Al-Fateh SC,Football,Saudi Arabia - Saudi Pro League,Bet365,Player Shots,Other / Unknown,Abdulaziz Al Elewai (1),369
odds_multi_extra_5_latest.json,64055893,Al-Kholood,Al-Fateh SC,Football,Saudi Arabia - Saudi Pro League,Bet365,Specials,Other / Unknown,To Win From Behind (1),2
odds_multi_extra_5_latest.json,64055893,Al-Kholood,Al-Fateh SC,Football,Saudi Arabia - Saudi Pro League,Bet365,Alternative Asian Handicap,Handicap / Spread,-1.75,14
odds_multi_extra_5_latest.json,64055893,Al-Kholood,Al-Fateh SC,Football,Saudi Arabia - Saudi Pro League,Bet365,Alternative Total Goals,Goals total / Over-Under,0.5,7
odds_multi_extra_5_latest.json,64055893,Al-Kholood,Al-Fateh SC,Football,Saudi Arabia - Saudi Pro League,Bet365,Team Corners Home,Other / Unknown,4.5,1
odds_multi_extra_5_latest.json,64055893,Al-Kholood,Al-Fateh SC,Football,Saudi Arabia - Saudi Pro League,Bet365,Both Teams To Score 2H,Both teams to score,,1
odds_multi_extra_5_latest.json,64055893,Al-Kholood,Al-Fateh SC,Football,Saudi Arabia - Saudi Pro League,Bet365,Team Corners Away,Other / Unknown,4.5,1
odds_multi_extra_5_latest.json,64055893,Al-Kholood,Al-Fateh SC,Football,Saudi Arabia - Saudi Pro League,Bet365,Team Total Goals Home,Goals total / Over-Under,1.5,5
odds_multi_extra_5_latest.json,64055893,Al-Kholood,Al-Fateh SC,Football,Saudi Arabia - Saudi Pro League,Bet365,Team Goalscorer,Other / Unknown,Hattan Bahebri (First),136
odds_multi_extra_5_latest.json,64055893,Al-Kholood,Al-Fateh SC,Football,Saudi Arabia - Saudi Pro League,Bet365,Total Corners,Goals total / Over-Under,Under 6,5
odds_multi_extra_5_latest.json,64055893,Al-Kholood,Al-Fateh SC,Football,Saudi Arabia - Saudi Pro League,Bet365,1st Half Handicap,Handicap / Spread,1 (1),2
odds_multi_extra_5_latest.json,64055893,Al-Kholood,Al-Fateh SC,Football,Saudi Arabia - Saudi Pro League,Bet365,Both Teams To Score HT,Both teams to score,,1
odds_multi_extra_5_latest.json,64055893,Al-Kholood,Al-Fateh SC,Football,Saudi Arabia - Saudi Pro League,Bet365,Number of Goals In Match,Other / Unknown,Under 2 goals,3
odds_multi_extra_5_latest.json,64055893,Al-Kholood,Al-Fateh SC,Football,Saudi Arabia - Saudi Pro League,Bet365,Alternative Goal Line,Other / Unknown,1.25,14
odds_multi_extra_5_latest.json,64055893,Al-Kholood,Al-Fateh SC,Football,Saudi Arabia - Saudi Pro League,Bet365,Team Total Goals Away,Goals total / Over-Under,0.5,5
odds_multi_extra_5_latest.json,64055893,Al-Kholood,Al-Fateh SC,Football,Saudi Arabia - Saudi Pro League,Bet365,Alternative Corners,Other / Unknown,5,12
odds_multi_extra_5_latest.json,64055893,Al-Kholood,Al-Fateh SC,Football,Saudi Arabia - Saudi Pro League,Bet365,Player To Score or Assist,Other / Unknown,Mohamed Refat (Score) (2),195
odds_multi_extra_5_latest.json,64055893,Al-Kholood,Al-Fateh SC,Football,Saudi Arabia - Saudi Pro League,Bet365,Half Time Result,Half-time / Period,2,3
odds_multi_extra_5_latest.json,64055893,Al-Kholood,Al-Fateh SC,Football,Saudi Arabia - Saudi Pro League,Bet365,Exact Total Goals,Goals total / Over-Under,5 Goals,8
odds_multi_extra_5_latest.json,64055893,Al-Kholood,Al-Fateh SC,Football,Saudi Arabia - Saudi Pro League,Bet365,Correct Score,Correct score,0-0,23
odds_multi_extra_5_latest.json,64055893,Al-Kholood,Al-Fateh SC,Football,Saudi Arabia - Saudi Pro League,Bet365 (no latency),Spread,Handicap / Spread,0,1
odds_multi_extra_5_latest.json,64055899,Al-Riyadh SC,Al-Okhdood Club,Football,Saudi Arabia - Saudi Pro League,Bet365,ML,1X2 / Match result,,1
odds_multi_extra_5_latest.json,64055899,Al-Riyadh SC,Al-Okhdood Club,Football,Saudi Arabia - Saudi Pro League,Bet365,Draw No Bet,Other / Unknown,,1
odds_multi_extra_5_latest.json,64055899,Al-Riyadh SC,Al-Okhdood Club,Football,Saudi Arabia - Saudi Pro League,Bet365,Double Chance,Double chance,Al Riyadh or Draw,3
odds_multi_extra_5_latest.json,64055899,Al-Riyadh SC,Al-Okhdood Club,Football,Saudi Arabia - Saudi Pro League,Bet365,Spread,Handicap / Spread,-1.25,1
odds_multi_extra_5_latest.json,64055899,Al-Riyadh SC,Al-Okhdood Club,Football,Saudi Arabia - Saudi Pro League,Bet365,Totals,Goals total / Over-Under,3,1
odds_multi_extra_5_latest.json,64055899,Al-Riyadh SC,Al-Okhdood Club,Football,Saudi Arabia - Saudi Pro League,Bet365,Goals Over/Under,Goals total / Over-Under,2.5,1
odds_multi_extra_5_latest.json,64055899,Al-Riyadh SC,Al-Okhdood Club,Football,Saudi Arabia - Saudi Pro League,Bet365,Both Teams To Score,Both teams to score,,1
odds_multi_extra_5_latest.json,64055899,Al-Riyadh SC,Al-Okhdood Club,Football,Saudi Arabia - Saudi Pro League,Bet365,Spread HT,Handicap / Spread,-0.5,1
odds_multi_extra_5_latest.json,64055899,Al-Riyadh SC,Al-Okhdood Club,Football,Saudi Arabia - Saudi Pro League,Bet365,Totals HT,Goals total / Over-Under,1.25,1
odds_multi_extra_5_latest.json,64055899,Al-Riyadh SC,Al-Okhdood Club,Football,Saudi Arabia - Saudi Pro League,Bet365,European Handicap,Handicap / Spread,-1,2
odds_multi_extra_5_latest.json,64055899,Al-Riyadh SC,Al-Okhdood Club,Football,Saudi Arabia - Saudi Pro League,Bet365,Corners Spread,Handicap / Spread,-2.5,1
odds_multi_extra_5_latest.json,64055899,Al-Riyadh SC,Al-Okhdood Club,Football,Saudi Arabia - Saudi Pro League,Bet365,Corners Totals,Goals total / Over-Under,10,1
odds_multi_extra_5_latest.json,64055899,Al-Riyadh SC,Al-Okhdood Club,Football,Saudi Arabia - Saudi Pro League,Bet365,Corners Totals HT,Goals total / Over-Under,4.5,1
odds_multi_extra_5_latest.json,64055899,Al-Riyadh SC,Al-Okhdood Club,Football,Saudi Arabia - Saudi Pro League,Bet365,Anytime Goalscorer,Other / Unknown,Mamadou Sylla,66
odds_multi_extra_5_latest.json,64055899,Al-Riyadh SC,Al-Okhdood Club,Football,Saudi Arabia - Saudi Pro League,Bet365,Total Corners,Goals total / Over-Under,Under 6,5
odds_multi_extra_5_latest.json,64055899,Al-Riyadh SC,Al-Okhdood Club,Football,Saudi Arabia - Saudi Pro League,Bet365,Alternative Asian Handicap,Handicap / Spread,-3.25,15
odds_multi_extra_5_latest.json,64055899,Al-Riyadh SC,Al-Okhdood Club,Football,Saudi Arabia - Saudi Pro League,Bet365,Corners 2-Way,Other / Unknown,9.5,1
odds_multi_extra_5_latest.json,64055899,Al-Riyadh SC,Al-Okhdood Club,Football,Saudi Arabia - Saudi Pro League,Bet365,1st Half Handicap,Handicap / Spread,Tie (1),2
odds_multi_extra_5_latest.json,64055899,Al-Riyadh SC,Al-Okhdood Club,Football,Saudi Arabia - Saudi Pro League,Bet365,Specials,Other / Unknown,To Win From Behind (1),2
odds_multi_extra_5_latest.json,64055899,Al-Riyadh SC,Al-Okhdood Club,Football,Saudi Arabia - Saudi Pro League,Bet365,Exact Total Goals,Goals total / Over-Under,1 Goal,8
odds_multi_extra_5_latest.json,64055899,Al-Riyadh SC,Al-Okhdood Club,Football,Saudi Arabia - Saudi Pro League,Bet365,Corner Handicap,Handicap / Spread,1 (-2),2
odds_multi_extra_5_latest.json,64055899,Al-Riyadh SC,Al-Okhdood Club,Football,Saudi Arabia - Saudi Pro League,Bet365,Team Total Goals Away,Goals total / Over-Under,0.5,4
odds_multi_extra_5_latest.json,64055899,Al-Riyadh SC,Al-Okhdood Club,Football,Saudi Arabia - Saudi Pro League,Bet365,Alternative Goal Line,Other / Unknown,4,13
odds_multi_extra_5_latest.json,64055899,Al-Riyadh SC,Al-Okhdood Club,Football,Saudi Arabia - Saudi Pro League,Bet365,Both Teams To Score HT,Both teams to score,,1
odds_multi_extra_5_latest.json,64055899,Al-Riyadh SC,Al-Okhdood Club,Football,Saudi Arabia - Saudi Pro League,Bet365,Player Shots on Target,Other / Unknown,Leandro Antunes (1),165
odds_multi_extra_5_latest.json,64055899,Al-Riyadh SC,Al-Okhdood Club,Football,Saudi Arabia - Saudi Pro League,Bet365,Player To Score or Assist,Other / Unknown,Burak Ince (Score) (2),198
odds_multi_extra_5_latest.json,64055899,Al-Riyadh SC,Al-Okhdood Club,Football,Saudi Arabia - Saudi Pro League,Bet365,Team Goalscorer,Other / Unknown,Masalah Al Shaekh (First),136
odds_multi_extra_5_latest.json,64055899,Al-Riyadh SC,Al-Okhdood Club,Football,Saudi Arabia - Saudi Pro League,Bet365,Team Corners Home,Other / Unknown,5.5,1
odds_multi_extra_5_latest.json,64055899,Al-Riyadh SC,Al-Okhdood Club,Football,Saudi Arabia - Saudi Pro League,Bet365,Both Teams To Score 2H,Both teams to score,,1
odds_multi_extra_5_latest.json,64055899,Al-Riyadh SC,Al-Okhdood Club,Football,Saudi Arabia - Saudi Pro League,Bet365,Corners,Other / Unknown,10,1
odds_multi_extra_5_latest.json,64055899,Al-Riyadh SC,Al-Okhdood Club,Football,Saudi Arabia - Saudi Pro League,Bet365,First 10 Minutes (00:00 - 09:59),Other / Unknown,Corners (Over) (0.5),1
odds_multi_extra_5_latest.json,64055899,Al-Riyadh SC,Al-Okhdood Club,Football,Saudi Arabia - Saudi Pro League,Bet365,Multi Scorers,Other / Unknown,Mamadou Sylla (2 or More) (1),132
odds_multi_extra_5_latest.json,64055899,Al-Riyadh SC,Al-Okhdood Club,Football,Saudi Arabia - Saudi Pro League,Bet365,Number of Goals In Match,Other / Unknown,Under 2 goals,3
odds_multi_extra_5_latest.json,64055899,Al-Riyadh SC,Al-Okhdood Club,Football,Saudi Arabia - Saudi Pro League,Bet365,Half Time Result,Half-time / Period,1,3
odds_multi_extra_5_latest.json,64055899,Al-Riyadh SC,Al-Okhdood Club,Football,Saudi Arabia - Saudi Pro League,Bet365,Team Corners Away,Other / Unknown,3.5,1
odds_multi_extra_5_latest.json,64055899,Al-Riyadh SC,Al-Okhdood Club,Football,Saudi Arabia - Saudi Pro League,Bet365,Player Shots,Other / Unknown,Antonio Jose Toze (1),334
odds_multi_extra_5_latest.json,64055899,Al-Riyadh SC,Al-Okhdood Club,Football,Saudi Arabia - Saudi Pro League,Bet365,Team Total Goals Home,Goals total / Over-Under,6.5,7
odds_multi_extra_5_latest.json,64055899,Al-Riyadh SC,Al-Okhdood Club,Football,Saudi Arabia - Saudi Pro League,Bet365,Alternative Corners,Other / Unknown,11,13
odds_multi_extra_5_latest.json,64055899,Al-Riyadh SC,Al-Okhdood Club,Football,Saudi Arabia - Saudi Pro League,Bet365,Correct Score,Correct score,1-0,28
odds_multi_extra_5_latest.json,64055899,Al-Riyadh SC,Al-Okhdood Club,Football,Saudi Arabia - Saudi Pro League,Bet365,Corners Race,Other / Unknown,5,4
odds_multi_extra_5_latest.json,64055899,Al-Riyadh SC,Al-Okhdood Club,Football,Saudi Arabia - Saudi Pro League,Bet365,Alternative Total Goals,Goals total / Over-Under,1.5,7
odds_multi_extra_5_latest.json,64055899,Al-Riyadh SC,Al-Okhdood Club,Football,Saudi Arabia - Saudi Pro League,Bet365 (no latency),Totals,Goals total / Over-Under,2.5,1
odds_multi_extra_5_latest.json,71553438,Boca Juniors,CA River Plate (ARG),Football,"Argentina - Primera Division, Women",Bet365,ML,1X2 / Match result,,1
odds_multi_extra_5_latest.json,71553438,Boca Juniors,CA River Plate (ARG),Football,"Argentina - Primera Division, Women",Bet365,Draw No Bet,Other / Unknown,,1
odds_multi_extra_5_latest.json,71553438,Boca Juniors,CA River Plate (ARG),Football,"Argentina - Primera Division, Women",Bet365,Double Chance,Double chance,Boca Juniors (W) or River Plate (W),3
odds_multi_extra_5_latest.json,71553438,Boca Juniors,CA River Plate (ARG),Football,"Argentina - Primera Division, Women",Bet365,Spread,Handicap / Spread,-0.25,1
odds_multi_extra_5_latest.json,71553438,Boca Juniors,CA River Plate (ARG),Football,"Argentina - Primera Division, Women",Bet365,Totals,Goals total / Over-Under,2,1
odds_multi_extra_5_latest.json,71553438,Boca Juniors,CA River Plate (ARG),Football,"Argentina - Primera Division, Women",Bet365,Goals Over/Under,Goals total / Over-Under,2.5,1
odds_multi_extra_5_latest.json,71553438,Boca Juniors,CA River Plate (ARG),Football,"Argentina - Primera Division, Women",Bet365,Spread HT,Handicap / Spread,-0.25,1
odds_multi_extra_5_latest.json,71553438,Boca Juniors,CA River Plate (ARG),Football,"Argentina - Primera Division, Women",Bet365,Totals HT,Goals total / Over-Under,0.75,1
odds_multi_extra_5_latest.json,71553438,Boca Juniors,CA River Plate (ARG),Football,"Argentina - Primera Division, Women",Bet365,Corners Totals,Goals total / Over-Under,8,1
odds_multi_extra_5_latest.json,71553438,Boca Juniors,CA River Plate (ARG),Football,"Argentina - Primera Division, Women",Bet365,Corners Totals HT,Goals total / Over-Under,3.5,1
odds_multi_extra_5_latest.json,71553438,Boca Juniors,CA River Plate (ARG),Football,"Argentina - Primera Division, Women",Bet365,Correct Score,Correct score,2-1,15
odds_multi_extra_5_latest.json,71553438,Boca Juniors,CA River Plate (ARG),Football,"Argentina - Primera Division, Women",Bet365,Corners,Other / Unknown,8,1
odds_multi_extra_5_latest.json,71553438,Boca Juniors,CA River Plate (ARG),Football,"Argentina - Primera Division, Women",Bet365,Half Time Result,Half-time / Period,2,3
odds_multi_extra_5_latest.json,71553438,Boca Juniors,CA River Plate (ARG),Football,"Argentina - Primera Division, Women",Bet365,Corners 2-Way,Other / Unknown,7.5,1
odds_multi_extra_5_latest.json,71553438,Boca Juniors,CA River Plate (ARG),Football,"Argentina - Primera Division, Women",Bet365 (no latency),Spread,Handicap / Spread,-0.25,1
