event_id,sport,date_denmark,home,away,league,bookmaker,market,label,home_odds,draw_odds,away_odds,over,under,yes,no,hdp,raw_odds,updated_at
71286208,Basketball,2026-05-13 20:30,Herons Basket Montecatini,Juvecaserta 2021,Italy - Serie B,Bet365,ML,,N/A,,N/A,,,,,,"{""home"": ""N/A"", ""away"": ""N/A""}",2026-05-13T12:46:00.483Z
71286208,Basketball,2026-05-13 20:30,Herons Basket Montecatini,Juvecaserta 2021,Italy - Serie B,Bet365,Totals,,,,,N/A,N/A,,,167.5,"{""hdp"": 167.5, ""over"": ""N/A"", ""under"": ""N/A""}",2026-05-13T12:46:00.483Z
71286208,Basketball,2026-05-13 20:30,Herons Basket Montecatini,Juvecaserta 2021,Italy - Serie B,Bet365,ML HT,,1.58,,2.22,,,,,,"{""home"": ""1.58"", ""away"": ""2.22""}",2026-05-12T13:53:24.914Z
71286208,Basketball,2026-05-13 20:30,Herons Basket Montecatini,Juvecaserta 2021,Italy - Serie B,Bet365,Spread HT,,1.83,,1.83,,,,,-2.5,"{""hdp"": -2.5, ""home"": ""1.83"", ""away"": ""1.83""}",2026-05-12T13:53:24.914Z
71286208,Basketball,2026-05-13 20:30,Herons Basket Montecatini,Juvecaserta 2021,Italy - Serie B,Bet365,Totals HT,,,,,1.80,1.86,,,83.5,"{""hdp"": 83.5, ""over"": ""1.80"", ""under"": ""1.86""}",2026-05-12T13:53:24.914Z
71286208,Basketball,2026-05-13 20:30,Herons Basket Montecatini,Juvecaserta 2021,Italy - Serie B,Bet365,Totals 1Q,,,,,1.74,1.95,,,41.5,"{""hdp"": 41.5, ""over"": ""1.74"", ""under"": ""1.95""}",2026-05-12T13:53:24.914Z
71286208,Basketball,2026-05-13 20:30,Herons Basket Montecatini,Juvecaserta 2021,Italy - Serie B,Bet365,Team Total Home,,,,,1.86,1.80,,,86.5,"{""hdp"": 86.5, ""over"": ""1.86"", ""under"": ""1.80""}",2026-05-12T13:53:24.914Z
71286208,Basketball,2026-05-13 20:30,Herons Basket Montecatini,Juvecaserta 2021,Italy - Serie B,Bet365,Team Total Away,,,,,1.83,1.83,,,81.5,"{""hdp"": 81.5, ""over"": ""1.83"", ""under"": ""1.83""}",2026-05-12T13:53:24.914Z
71286208,Basketball,2026-05-13 20:30,Herons Basket Montecatini,Juvecaserta 2021,Italy - Serie B,Bet365,ML Q1,,1.64,,2.12,,,,,,"{""home"": ""1.64"", ""away"": ""2.12""}",2026-05-12T13:53:24.914Z
71286208,Basketball,2026-05-13 20:30,Herons Basket Montecatini,Juvecaserta 2021,Italy - Serie B,Bet365,Spread Q1,,1.83,,1.83,,,,,-1.5,"{""hdp"": -1.5, ""home"": ""1.83"", ""away"": ""1.83""}",2026-05-12T13:53:24.914Z
71286216,Basketball,2026-05-13 20:30,Fulgor Omegna Basket,Virtus Gvm Roma 1960,Italy - Serie B,Bet365,ML,,N/A,,N/A,,,,,,"{""home"": ""N/A"", ""away"": ""N/A""}",2026-05-13T12:50:56.479Z
71286216,Basketball,2026-05-13 20:30,Fulgor Omegna Basket,Virtus Gvm Roma 1960,Italy - Serie B,Bet365,Totals,,,,,N/A,N/A,,,161.5,"{""hdp"": 161.5, ""over"": ""N/A"", ""under"": ""N/A""}",2026-05-13T13:21:00.76Z
71286216,Basketball,2026-05-13 20:30,Fulgor Omegna Basket,Virtus Gvm Roma 1960,Italy - Serie B,Bet365,ML HT,,2.62,,1.44,,,,,,"{""home"": ""2.62"", ""away"": ""1.44""}",2026-05-12T17:01:53.875Z
71286216,Basketball,2026-05-13 20:30,Fulgor Omegna Basket,Virtus Gvm Roma 1960,Italy - Serie B,Bet365,Spread HT,,1.86,,1.80,,,,,3.5,"{""hdp"": 3.5, ""home"": ""1.86"", ""away"": ""1.80""}",2026-05-12T11:44:47.208Z
71286216,Basketball,2026-05-13 20:30,Fulgor Omegna Basket,Virtus Gvm Roma 1960,Italy - Serie B,Bet365,Totals HT,,,,,1.86,1.80,,,81.5,"{""hdp"": 81.5, ""over"": ""1.86"", ""under"": ""1.80""}",2026-05-13T14:05:08.107Z
71286216,Basketball,2026-05-13 20:30,Fulgor Omegna Basket,Virtus Gvm Roma 1960,Italy - Serie B,Bet365,Totals 1Q,,,,,1.83,1.83,,,40.5,"{""hdp"": 40.5, ""over"": ""1.83"", ""under"": ""1.83""}",2026-05-13T12:04:25.182Z
71286216,Basketball,2026-05-13 20:30,Fulgor Omegna Basket,Virtus Gvm Roma 1960,Italy - Serie B,Bet365,Team Total Home,,,,,1.83,1.83,,,77.5,"{""hdp"": 77.5, ""over"": ""1.83"", ""under"": ""1.83""}",2026-05-13T13:21:00.76Z
71286216,Basketball,2026-05-13 20:30,Fulgor Omegna Basket,Virtus Gvm Roma 1960,Italy - Serie B,Bet365,Team Total Away,,,,,1.86,1.80,,,85.5,"{""hdp"": 85.5, ""over"": ""1.86"", ""under"": ""1.80""}",2026-05-13T13:21:00.76Z
71286216,Basketball,2026-05-13 20:30,Fulgor Omegna Basket,Virtus Gvm Roma 1960,Italy - Serie B,Bet365,ML Q1,,2.40,,1.52,,,,,,"{""home"": ""2.40"", ""away"": ""1.52""}",2026-05-12T15:28:21.921Z
71286216,Basketball,2026-05-13 20:30,Fulgor Omegna Basket,Virtus Gvm Roma 1960,Italy - Serie B,Bet365,Spread Q1,,1.80,,1.86,,,,,2.5,"{""hdp"": 2.5, ""home"": ""1.80"", ""away"": ""1.86""}",2026-05-12T15:28:21.921Z
71286212,Basketball,2026-05-13 20:45,Treviglio Brianza Basket,ASD Latina Basket,Italy - Serie B,Bet365,ML,,N/A,,N/A,,,,,,"{""home"": ""N/A"", ""away"": ""N/A""}",2026-05-13T12:42:56.3Z
71286212,Basketball,2026-05-13 20:45,Treviglio Brianza Basket,ASD Latina Basket,Italy - Serie B,Bet365,Totals,,,,,N/A,N/A,,,150.5,"{""hdp"": 150.5, ""over"": ""N/A"", ""under"": ""N/A""}",2026-05-13T12:42:56.3Z
71286212,Basketball,2026-05-13 20:45,Treviglio Brianza Basket,ASD Latina Basket,Italy - Serie B,Bet365,ML HT,,1.83,,1.83,,,,,,"{""home"": ""1.83"", ""away"": ""1.83""}",2026-05-12T11:44:47.208Z
71286212,Basketball,2026-05-13 20:45,Treviglio Brianza Basket,ASD Latina Basket,Italy - Serie B,Bet365,Spread HT,,1.86,,1.80,,,,,-0.5,"{""hdp"": -0.5, ""home"": ""1.86"", ""away"": ""1.80""}",2026-05-12T11:44:47.208Z
71286212,Basketball,2026-05-13 20:45,Treviglio Brianza Basket,ASD Latina Basket,Italy - Serie B,Bet365,Totals HT,,,,,1.83,1.83,,,75.5,"{""hdp"": 75.5, ""over"": ""1.83"", ""under"": ""1.83""}",2026-05-12T11:44:47.208Z
71286212,Basketball,2026-05-13 20:45,Treviglio Brianza Basket,ASD Latina Basket,Italy - Serie B,Bet365,Totals 1Q,,,,,1.80,1.86,,,37.5,"{""hdp"": 37.5, ""over"": ""1.80"", ""under"": ""1.86""}",2026-05-12T11:44:47.208Z
71286212,Basketball,2026-05-13 20:45,Treviglio Brianza Basket,ASD Latina Basket,Italy - Serie B,Bet365,Team Total Home,,,,,1.83,1.83,,,75.5,"{""hdp"": 75.5, ""over"": ""1.83"", ""under"": ""1.83""}",2026-05-12T11:44:47.208Z
71286212,Basketball,2026-05-13 20:45,Treviglio Brianza Basket,ASD Latina Basket,Italy - Serie B,Bet365,Team Total Away,,,,,1.83,1.83,,,75.5,"{""hdp"": 75.5, ""over"": ""1.83"", ""under"": ""1.83""}",2026-05-12T11:44:47.208Z
71286212,Basketball,2026-05-13 20:45,Treviglio Brianza Basket,ASD Latina Basket,Italy - Serie B,Bet365,ML Q1,,1.83,,1.83,,,,,,"{""home"": ""1.83"", ""away"": ""1.83""}",2026-05-12T11:44:47.208Z
71286212,Basketball,2026-05-13 20:45,Treviglio Brianza Basket,ASD Latina Basket,Italy - Serie B,Bet365,Spread Q1,,1.86,,1.80,,,,,-0.5,"{""hdp"": -0.5, ""home"": ""1.86"", ""away"": ""1.80""}",2026-05-12T11:44:47.208Z
70449624,Basketball,2026-05-13 21:00,Valencia Basket,Panathinaikos BC,International - Euroleague,Bet365,ML,,N/A,,N/A,,,,,,"{""home"": ""N/A"", ""away"": ""N/A""}",2026-05-13T12:46:12.998Z
70449624,Basketball,2026-05-13 21:00,Valencia Basket,Panathinaikos BC,International - Euroleague,Bet365,Totals,,,,,N/A,N/A,,,174.5,"{""hdp"": 174.5, ""over"": ""N/A"", ""under"": ""N/A""}",2026-05-13T12:46:12.998Z
70449624,Basketball,2026-05-13 21:00,Valencia Basket,Panathinaikos BC,International - Euroleague,Bet365,ML HT,,1.71,,2.10,,,,,,"{""home"": ""1.71"", ""away"": ""2.10""}",2026-05-12T21:37:30.551Z
70449624,Basketball,2026-05-13 21:00,Valencia Basket,Panathinaikos BC,International - Euroleague,Bet365,Spread HT,,1.74,,1.95,,,,,-0.5,"{""hdp"": -0.5, ""home"": ""1.74"", ""away"": ""1.95""}",2026-05-12T21:37:30.551Z
70449624,Basketball,2026-05-13 21:00,Valencia Basket,Panathinaikos BC,International - Euroleague,Bet365,Totals HT,,,,,1.83,1.83,,,87.5,"{""hdp"": 87.5, ""over"": ""1.83"", ""under"": ""1.83""}",2026-05-10T08:17:03.278Z
70449624,Basketball,2026-05-13 21:00,Valencia Basket,Panathinaikos BC,International - Euroleague,Bet365,Totals 1Q,,,,,1.83,1.83,,,43.5,"{""hdp"": 43.5, ""over"": ""1.83"", ""under"": ""1.83""}",2026-05-10T08:17:03.278Z
70449624,Basketball,2026-05-13 21:00,Valencia Basket,Panathinaikos BC,International - Euroleague,Bet365,Team Total Home,,,,,1.83,1.83,,,88.5,"{""hdp"": 88.5, ""over"": ""1.83"", ""under"": ""1.83""}",2026-05-12T21:08:14.164Z
70449624,Basketball,2026-05-13 21:00,Valencia Basket,Panathinaikos BC,International - Euroleague,Bet365,Team Total Away,,,,,1.86,1.80,,,86.5,"{""hdp"": 86.5, ""over"": ""1.86"", ""under"": ""1.80""}",2026-05-12T21:08:14.164Z
70449624,Basketball,2026-05-13 21:00,Valencia Basket,Panathinaikos BC,International - Euroleague,Bet365,Points & Rebounds O/U,Matt Costello (1) (9.5),,,,1.89,1.89,,,9.5,"{""label"": ""Matt Costello (1) (9.5)"", ""hdp"": 9.5, ""over"": ""1.89"", ""under"": ""1.89""}",2026-05-13T17:09:12.419Z
70449624,Basketball,2026-05-13 21:00,Valencia Basket,Panathinaikos BC,International - Euroleague,Bet365,Points & Rebounds O/U,Braxton Key (1) (10.5),,,,1.89,1.89,,,10.5,"{""label"": ""Braxton Key (1) (10.5)"", ""hdp"": 10.5, ""over"": ""1.89"", ""under"": ""1.89""}",2026-05-13T17:09:12.419Z
70449624,Basketball,2026-05-13 21:00,Valencia Basket,Panathinaikos BC,International - Euroleague,Bet365,Points & Rebounds O/U,Kameron Taylor (1) (16.5),,,,1.95,1.83,,,16.5,"{""label"": ""Kameron Taylor (1) (16.5)"", ""hdp"": 16.5, ""over"": ""1.95"", ""under"": ""1.83""}",2026-05-13T17:09:12.419Z
70449624,Basketball,2026-05-13 21:00,Valencia Basket,Panathinaikos BC,International - Euroleague,Bet365,Points & Rebounds O/U,Nigel Hayes-Davis (2) (18.5),,,,2.00,1.80,,,18.5,"{""label"": ""Nigel Hayes-Davis (2) (18.5)"", ""hdp"": 18.5, ""over"": ""2.00"", ""under"": ""1.80""}",2026-05-13T17:09:12.419Z
70449624,Basketball,2026-05-13 21:00,Valencia Basket,Panathinaikos BC,International - Euroleague,Bet365,Points & Rebounds O/U,Juancho Hernangomez (2) (11.5),,,,1.83,1.95,,,11.5,"{""label"": ""Juancho Hernangomez (2) (11.5)"", ""hdp"": 11.5, ""over"": ""1.83"", ""under"": ""1.95""}",2026-05-13T17:09:12.419Z
70449624,Basketball,2026-05-13 21:00,Valencia Basket,Panathinaikos BC,International - Euroleague,Bet365,Points & Rebounds O/U,Mathias Lessort (2) (15.5),,,,1.83,1.95,,,15.5,"{""label"": ""Mathias Lessort (2) (15.5)"", ""hdp"": 15.5, ""over"": ""1.83"", ""under"": ""1.95""}",2026-05-13T17:09:12.419Z
70449624,Basketball,2026-05-13 21:00,Valencia Basket,Panathinaikos BC,International - Euroleague,Bet365,Points & Rebounds O/U,Nate Reuvers (1) (11.5),,,,2.05,1.74,,,11.5,"{""label"": ""Nate Reuvers (1) (11.5)"", ""hdp"": 11.5, ""over"": ""2.05"", ""under"": ""1.74""}",2026-05-13T17:09:12.419Z
70449624,Basketball,2026-05-13 21:00,Valencia Basket,Panathinaikos BC,International - Euroleague,Bet365,Points & Rebounds O/U,Cedi Osman (2) (17.5),,,,1.71,2.10,,,17.5,"{""label"": ""Cedi Osman (2) (17.5)"", ""hdp"": 17.5, ""over"": ""1.71"", ""under"": ""2.10""}",2026-05-13T17:09:12.419Z
70449624,Basketball,2026-05-13 21:00,Valencia Basket,Panathinaikos BC,International - Euroleague,Bet365,"Points, Assists & Rebounds O/U",Kendrick Nunn (2) (25.5),,,,1.74,2.05,,,25.5,"{""label"": ""Kendrick Nunn (2) (25.5)"", ""hdp"": 25.5, ""over"": ""1.74"", ""under"": ""2.05""}",2026-05-13T16:08:53.338Z
70449624,Basketball,2026-05-13 21:00,Valencia Basket,Panathinaikos BC,International - Euroleague,Bet365,"Points, Assists & Rebounds O/U",Jean Montero (1) (26.5),,,,1.80,2.00,,,26.5,"{""label"": ""Jean Montero (1) (26.5)"", ""hdp"": 26.5, ""over"": ""1.80"", ""under"": ""2.00""}",2026-05-13T16:08:53.338Z
70449624,Basketball,2026-05-13 21:00,Valencia Basket,Panathinaikos BC,International - Euroleague,Bet365,Player Rebounds Milestones,Braxton Key,,,,1.40,,,,3,"{""label"": ""Braxton Key"", ""hdp"": 3, ""over"": ""1.40""}",2026-05-13T11:14:03.968Z
70449624,Basketball,2026-05-13 21:00,Valencia Basket,Panathinaikos BC,International - Euroleague,Bet365,Player Rebounds Milestones,Braxton Key,,,,3.00,,,,5,"{""label"": ""Braxton Key"", ""hdp"": 5, ""over"": ""3.00""}",2026-05-13T11:14:03.968Z
70449624,Basketball,2026-05-13 21:00,Valencia Basket,Panathinaikos BC,International - Euroleague,Bet365,Player Rebounds Milestones,Braxton Key,,,,8.50,,,,7,"{""label"": ""Braxton Key"", ""hdp"": 7, ""over"": ""8.50""}",2026-05-13T11:14:03.968Z
70449624,Basketball,2026-05-13 21:00,Valencia Basket,Panathinaikos BC,International - Euroleague,Bet365,Player Rebounds Milestones,Braxton Key,,,,29.00,,,,10,"{""label"": ""Braxton Key"", ""hdp"": 10, ""over"": ""29.00""}",2026-05-13T11:14:03.968Z
70449624,Basketball,2026-05-13 21:00,Valencia Basket,Panathinaikos BC,International - Euroleague,Bet365,Player Rebounds Milestones,Nigel Hayes-Davis,,,,1.23,,,,3,"{""label"": ""Nigel Hayes-Davis"", ""hdp"": 3, ""over"": ""1.23""}",2026-05-13T11:14:03.968Z
70449624,Basketball,2026-05-13 21:00,Valencia Basket,Panathinaikos BC,International - Euroleague,Bet365,Player Rebounds Milestones,Cedi Osman,,,,1.25,,,,3,"{""label"": ""Cedi Osman"", ""hdp"": 3, ""over"": ""1.25""}",2026-05-13T11:14:03.968Z
70449624,Basketball,2026-05-13 21:00,Valencia Basket,Panathinaikos BC,International - Euroleague,Bet365,Player Rebounds Milestones,Nigel Hayes-Davis,,,,2.25,,,,5,"{""label"": ""Nigel Hayes-Davis"", ""hdp"": 5, ""over"": ""2.25""}",2026-05-13T11:14:03.968Z
70449624,Basketball,2026-05-13 21:00,Valencia Basket,Panathinaikos BC,International - Euroleague,Bet365,Player Rebounds Milestones,Cedi Osman,,,,2.30,,,,5,"{""label"": ""Cedi Osman"", ""hdp"": 5, ""over"": ""2.30""}",2026-05-13T11:14:03.968Z
70449624,Basketball,2026-05-13 21:00,Valencia Basket,Panathinaikos BC,International - Euroleague,Bet365,Player Rebounds Milestones,Nigel Hayes-Davis,,,,5.75,,,,7,"{""label"": ""Nigel Hayes-Davis"", ""hdp"": 7, ""over"": ""5.75""}",2026-05-13T11:14:03.968Z
70449624,Basketball,2026-05-13 21:00,Valencia Basket,Panathinaikos BC,International - Euroleague,Bet365,Player Rebounds Milestones,Cedi Osman,,,,6.00,,,,7,"{""label"": ""Cedi Osman"", ""hdp"": 7, ""over"": ""6.00""}",2026-05-13T11:14:03.968Z
70449624,Basketball,2026-05-13 21:00,Valencia Basket,Panathinaikos BC,International - Euroleague,Bet365,Player Rebounds Milestones,Cedi Osman,,,,19.00,,,,10,"{""label"": ""Cedi Osman"", ""hdp"": 10, ""over"": ""19.00""}",2026-05-13T11:14:03.968Z
70449624,Basketball,2026-05-13 21:00,Valencia Basket,Panathinaikos BC,International - Euroleague,Bet365,Player Rebounds Milestones,Mathias Lessort,,,,1.02,,,,3,"{""label"": ""Mathias Lessort"", ""hdp"": 3, ""over"": ""1.02""}",2026-05-13T11:14:03.968Z
70449624,Basketball,2026-05-13 21:00,Valencia Basket,Panathinaikos BC,International - Euroleague,Bet365,Player Rebounds Milestones,Kameron Taylor,,,,1.22,,,,3,"{""label"": ""Kameron Taylor"", ""hdp"": 3, ""over"": ""1.22""}",2026-05-13T11:14:03.968Z
70449624,Basketball,2026-05-13 21:00,Valencia Basket,Panathinaikos BC,International - Euroleague,Bet365,Player Rebounds Milestones,Matt Costello,,,,1.37,,,,3,"{""label"": ""Matt Costello"", ""hdp"": 3, ""over"": ""1.37""}",2026-05-13T11:14:03.968Z
70449624,Basketball,2026-05-13 21:00,Valencia Basket,Panathinaikos BC,International - Euroleague,Bet365,Player Rebounds Milestones,Jean Montero,,,,1.66,,,,3,"{""label"": ""Jean Montero"", ""hdp"": 3, ""over"": ""1.66""}",2026-05-13T11:14:03.968Z
70449624,Basketball,2026-05-13 21:00,Valencia Basket,Panathinaikos BC,International - Euroleague,Bet365,Player Rebounds Milestones,Kendrick Nunn,,,,1.66,,,,3,"{""label"": ""Kendrick Nunn"", ""hdp"": 3, ""over"": ""1.66""}",2026-05-13T11:14:03.968Z
70449624,Basketball,2026-05-13 21:00,Valencia Basket,Panathinaikos BC,International - Euroleague,Bet365,Player Rebounds Milestones,Nate Reuvers,,,,1.66,,,,3,"{""label"": ""Nate Reuvers"", ""hdp"": 3, ""over"": ""1.66""}",2026-05-13T11:14:03.968Z
70449624,Basketball,2026-05-13 21:00,Valencia Basket,Panathinaikos BC,International - Euroleague,Bet365,Player Rebounds Milestones,Kameron Taylor,,,,2.20,,,,5,"{""label"": ""Kameron Taylor"", ""hdp"": 5, ""over"": ""2.20""}",2026-05-13T11:14:03.968Z
70449624,Basketball,2026-05-13 21:00,Valencia Basket,Panathinaikos BC,International - Euroleague,Bet365,Player Rebounds Milestones,Matt Costello,,,,2.85,,,,5,"{""label"": ""Matt Costello"", ""hdp"": 5, ""over"": ""2.85""}",2026-05-13T11:14:03.968Z
70449624,Basketball,2026-05-13 21:00,Valencia Basket,Panathinaikos BC,International - Euroleague,Bet365,Player Rebounds Milestones,Jean Montero,,,,4.50,,,,5,"{""label"": ""Jean Montero"", ""hdp"": 5, ""over"": ""4.50""}",2026-05-13T11:14:03.968Z
70449624,Basketball,2026-05-13 21:00,Valencia Basket,Panathinaikos BC,International - Euroleague,Bet365,Player Rebounds Milestones,Kendrick Nunn,,,,4.50,,,,5,"{""label"": ""Kendrick Nunn"", ""hdp"": 5, ""over"": ""4.50""}",2026-05-13T11:14:03.968Z
70449624,Basketball,2026-05-13 21:00,Valencia Basket,Panathinaikos BC,International - Euroleague,Bet365,Player Rebounds Milestones,Nate Reuvers,,,,4.50,,,,5,"{""label"": ""Nate Reuvers"", ""hdp"": 5, ""over"": ""4.50""}",2026-05-13T11:14:03.968Z
70449624,Basketball,2026-05-13 21:00,Valencia Basket,Panathinaikos BC,International - Euroleague,Bet365,Player Rebounds Milestones,Kameron Taylor,,,,5.50,,,,7,"{""label"": ""Kameron Taylor"", ""hdp"": 7, ""over"": ""5.50""}",2026-05-13T11:14:03.968Z
70449624,Basketball,2026-05-13 21:00,Valencia Basket,Panathinaikos BC,International - Euroleague,Bet365,Player Rebounds Milestones,Matt Costello,,,,7.75,,,,7,"{""label"": ""Matt Costello"", ""hdp"": 7, ""over"": ""7.75""}",2026-05-13T11:14:03.968Z
70449624,Basketball,2026-05-13 21:00,Valencia Basket,Panathinaikos BC,International - Euroleague,Bet365,Player Rebounds Milestones,Jean Montero,,,,12.00,,,,7,"{""label"": ""Jean Montero"", ""hdp"": 7, ""over"": ""12.00""}",2026-05-13T11:14:03.968Z
70449624,Basketball,2026-05-13 21:00,Valencia Basket,Panathinaikos BC,International - Euroleague,Bet365,Player Rebounds Milestones,Kendrick Nunn,,,,12.00,,,,7,"{""label"": ""Kendrick Nunn"", ""hdp"": 7, ""over"": ""12.00""}",2026-05-13T11:14:03.968Z
70449624,Basketball,2026-05-13 21:00,Valencia Basket,Panathinaikos BC,International - Euroleague,Bet365,Player Rebounds Milestones,Nate Reuvers,,,,12.00,,,,7,"{""label"": ""Nate Reuvers"", ""hdp"": 7, ""over"": ""12.00""}",2026-05-13T11:14:03.968Z
70449624,Basketball,2026-05-13 21:00,Valencia Basket,Panathinaikos BC,International - Euroleague,Bet365,Player Rebounds Milestones,Nigel Hayes-Davis,,,,19.00,,,,10,"{""label"": ""Nigel Hayes-Davis"", ""hdp"": 10, ""over"": ""19.00""}",2026-05-13T11:14:03.968Z
70449624,Basketball,2026-05-13 21:00,Valencia Basket,Panathinaikos BC,International - Euroleague,Bet365,Player Rebounds Milestones,Kameron Taylor,,,,19.00,,,,10,"{""label"": ""Kameron Taylor"", ""hdp"": 10, ""over"": ""19.00""}",2026-05-13T11:14:03.968Z
70449624,Basketball,2026-05-13 21:00,Valencia Basket,Panathinaikos BC,International - Euroleague,Bet365,Player Rebounds Milestones,Matt Costello,,,,26.00,,,,10,"{""label"": ""Matt Costello"", ""hdp"": 10, ""over"": ""26.00""}",2026-05-13T11:14:03.968Z
70449624,Basketball,2026-05-13 21:00,Valencia Basket,Panathinaikos BC,International - Euroleague,Bet365,Player Rebounds Milestones,Jean Montero,,,,36.00,,,,10,"{""label"": ""Jean Montero"", ""hdp"": 10, ""over"": ""36.00""}",2026-05-13T11:14:03.968Z
70449624,Basketball,2026-05-13 21:00,Valencia Basket,Panathinaikos BC,International - Euroleague,Bet365,Player Rebounds Milestones,Kendrick Nunn,,,,36.00,,,,10,"{""label"": ""Kendrick Nunn"", ""hdp"": 10, ""over"": ""36.00""}",2026-05-13T11:14:03.968Z
70449624,Basketball,2026-05-13 21:00,Valencia Basket,Panathinaikos BC,International - Euroleague,Bet365,Player Rebounds Milestones,Nate Reuvers,,,,36.00,,,,10,"{""label"": ""Nate Reuvers"", ""hdp"": 10, ""over"": ""36.00""}",2026-05-13T11:14:03.968Z
70449624,Basketball,2026-05-13 21:00,Valencia Basket,Panathinaikos BC,International - Euroleague,Bet365,Player Rebounds Milestones,Kameron Taylor,,,,36.00,,,,13,"{""label"": ""Kameron Taylor"", ""hdp"": 13, ""over"": ""36.00""}",2026-05-13T11:14:03.968Z
70449624,Basketball,2026-05-13 21:00,Valencia Basket,Panathinaikos BC,International - Euroleague,Bet365,Player Rebounds Milestones,Juancho Hernangomez,,,,1.07,,,,3,"{""label"": ""Juancho Hernangomez"", ""hdp"": 3, ""over"": ""1.07""}",2026-05-13T11:14:03.968Z
70449624,Basketball,2026-05-13 21:00,Valencia Basket,Panathinaikos BC,International - Euroleague,Bet365,Player Rebounds Milestones,Mathias Lessort,,,,1.18,,,,5,"{""label"": ""Mathias Lessort"", ""hdp"": 5, ""over"": ""1.18""}",2026-05-13T11:14:03.968Z
70449624,Basketball,2026-05-13 21:00,Valencia Basket,Panathinaikos BC,International - Euroleague,Bet365,Player Rebounds Milestones,Juancho Hernangomez,,,,1.45,,,,5,"{""label"": ""Juancho Hernangomez"", ""hdp"": 5, ""over"": ""1.45""}",2026-05-13T11:14:03.968Z
70449624,Basketball,2026-05-13 21:00,Valencia Basket,Panathinaikos BC,International - Euroleague,Bet365,Player Rebounds Milestones,Mathias Lessort,,,,1.71,,,,7,"{""label"": ""Mathias Lessort"", ""hdp"": 7, ""over"": ""1.71""}",2026-05-13T11:14:03.968Z
70449624,Basketball,2026-05-13 21:00,Valencia Basket,Panathinaikos BC,International - Euroleague,Bet365,Player Rebounds Milestones,Juancho Hernangomez,,,,2.60,,,,7,"{""label"": ""Juancho Hernangomez"", ""hdp"": 7, ""over"": ""2.60""}",2026-05-13T11:14:03.968Z
70449624,Basketball,2026-05-13 21:00,Valencia Basket,Panathinaikos BC,International - Euroleague,Bet365,Player Rebounds Milestones,Mathias Lessort,,,,4.50,,,,10,"{""label"": ""Mathias Lessort"", ""hdp"": 10, ""over"": ""4.50""}",2026-05-13T11:14:03.968Z
70449624,Basketball,2026-05-13 21:00,Valencia Basket,Panathinaikos BC,International - Euroleague,Bet365,Player Rebounds Milestones,Juancho Hernangomez,,,,9.50,,,,10,"{""label"": ""Juancho Hernangomez"", ""hdp"": 10, ""over"": ""9.50""}",2026-05-13T11:14:03.968Z
70449624,Basketball,2026-05-13 21:00,Valencia Basket,Panathinaikos BC,International - Euroleague,Bet365,Player Rebounds Milestones,Mathias Lessort,,,,14.00,,,,13,"{""label"": ""Mathias Lessort"", ""hdp"": 13, ""over"": ""14.00""}",2026-05-13T11:14:03.968Z
70449624,Basketball,2026-05-13 21:00,Valencia Basket,Panathinaikos BC,International - Euroleague,Bet365,Player Rebounds Milestones,Juancho Hernangomez,,,,26.00,,,,13,"{""label"": ""Juancho Hernangomez"", ""hdp"": 13, ""over"": ""26.00""}",2026-05-13T11:14:03.968Z
70449624,Basketball,2026-05-13 21:00,Valencia Basket,Panathinaikos BC,International - Euroleague,Bet365,Player Rebounds Milestones,Mathias Lessort,,,,23.00,,,,15,"{""label"": ""Mathias Lessort"", ""hdp"": 15, ""over"": ""23.00""}",2026-05-13T11:14:03.968Z
70449624,Basketball,2026-05-13 21:00,Valencia Basket,Panathinaikos BC,International - Euroleague,Bet365,Player Rebounds Milestones,Juancho Hernangomez,,,,36.00,,,,15,"{""label"": ""Juancho Hernangomez"", ""hdp"": 15, ""over"": ""36.00""}",2026-05-13T11:14:03.968Z
70449624,Basketball,2026-05-13 21:00,Valencia Basket,Panathinaikos BC,International - Euroleague,Bet365,Player Rebounds Milestones,Mathias Lessort,,,,36.00,,,,17,"{""label"": ""Mathias Lessort"", ""hdp"": 17, ""over"": ""36.00""}",2026-05-13T11:14:03.968Z
70449624,Basketball,2026-05-13 21:00,Valencia Basket,Panathinaikos BC,International - Euroleague,Bet365,Threes Made O/U,Brancou Badio (1) (1.5),,,,1.55,2.40,,,1.5,"{""label"": ""Brancou Badio (1) (1.5)"", ""hdp"": 1.5, ""over"": ""1.55"", ""under"": ""2.40""}",2026-05-13T16:59:17.36Z
70449624,Basketball,2026-05-13 21:00,Valencia Basket,Panathinaikos BC,International - Euroleague,Bet365,Threes Made O/U,Jean Montero (1) (1.5),,,,1.55,2.40,,,1.5,"{""label"": ""Jean Montero (1) (1.5)"", ""hdp"": 1.5, ""over"": ""1.55"", ""under"": ""2.40""}",2026-05-13T16:59:17.36Z
70449624,Basketball,2026-05-13 21:00,Valencia Basket,Panathinaikos BC,International - Euroleague,Bet365,Threes Made O/U,Kameron Taylor (1) (1.5),,,,2.40,1.55,,,1.5,"{""label"": ""Kameron Taylor (1) (1.5)"", ""hdp"": 1.5, ""over"": ""2.40"", ""under"": ""1.55""}",2026-05-13T16:59:17.36Z
70449624,Basketball,2026-05-13 21:00,Valencia Basket,Panathinaikos BC,International - Euroleague,Bet365,Threes Made O/U,Cedi Osman (2) (1.5),,,,1.66,2.20,,,1.5,"{""label"": ""Cedi Osman (2) (1.5)"", ""hdp"": 1.5, ""over"": ""1.66"", ""under"": ""2.20""}",2026-05-13T16:59:17.36Z
70449624,Basketball,2026-05-13 21:00,Valencia Basket,Panathinaikos BC,International - Euroleague,Bet365,Threes Made O/U,Nigel Hayes-Davis (2) (1.5),,,,1.71,2.10,,,1.5,"{""label"": ""Nigel Hayes-Davis (2) (1.5)"", ""hdp"": 1.5, ""over"": ""1.71"", ""under"": ""2.10""}",2026-05-13T16:59:17.36Z
70449624,Basketball,2026-05-13 21:00,Valencia Basket,Panathinaikos BC,International - Euroleague,Bet365,Threes Made O/U,Kendrick Nunn (2) (2.5),,,,1.89,1.89,,,2.5,"{""label"": ""Kendrick Nunn (2) (2.5)"", ""hdp"": 2.5, ""over"": ""1.89"", ""under"": ""1.89""}",2026-05-13T16:59:17.36Z
70449624,Basketball,2026-05-13 21:00,Valencia Basket,Panathinaikos BC,International - Euroleague,Bet365,Player Assists Milestones,Darius Thompson,,,,2.40,,,,3,"{""label"": ""Darius Thompson"", ""hdp"": 3, ""over"": ""2.40""}",2026-05-13T17:20:03.791Z
70449624,Basketball,2026-05-13 21:00,Valencia Basket,Panathinaikos BC,International - Euroleague,Bet365,Player Assists Milestones,Darius Thompson,,,,9.00,,,,5,"{""label"": ""Darius Thompson"", ""hdp"": 5, ""over"": ""9.00""}",2026-05-13T17:20:03.791Z
70449624,Basketball,2026-05-13 21:00,Valencia Basket,Panathinaikos BC,International - Euroleague,Bet365,Player Assists Milestones,Darius Thompson,,,,23.00,,,,7,"{""label"": ""Darius Thompson"", ""hdp"": 7, ""over"": ""23.00""}",2026-05-13T17:20:03.791Z
70449624,Basketball,2026-05-13 21:00,Valencia Basket,Panathinaikos BC,International - Euroleague,Bet365,Player Assists Milestones,Jerian Grant,,,,1.22,,,,3,"{""label"": ""Jerian Grant"", ""hdp"": 3, ""over"": ""1.22""}",2026-05-13T17:20:03.791Z
70449624,Basketball,2026-05-13 21:00,Valencia Basket,Panathinaikos BC,International - Euroleague,Bet365,Player Assists Milestones,Kendrick Nunn,,,,1.37,,,,3,"{""label"": ""Kendrick Nunn"", ""hdp"": 3, ""over"": ""1.37""}",2026-05-13T17:20:03.791Z
70449624,Basketball,2026-05-13 21:00,Valencia Basket,Panathinaikos BC,International - Euroleague,Bet365,Player Assists Milestones,Jerian Grant,,,,2.20,,,,5,"{""label"": ""Jerian Grant"", ""hdp"": 5, ""over"": ""2.20""}",2026-05-13T17:20:03.791Z
70449624,Basketball,2026-05-13 21:00,Valencia Basket,Panathinaikos BC,International - Euroleague,Bet365,Player Assists Milestones,Kendrick Nunn,,,,3.00,,,,5,"{""label"": ""Kendrick Nunn"", ""hdp"": 5, ""over"": ""3.00""}",2026-05-13T17:20:03.791Z
70449624,Basketball,2026-05-13 21:00,Valencia Basket,Panathinaikos BC,International - Euroleague,Bet365,Player Assists Milestones,Jerian Grant,,,,5.75,,,,7,"{""label"": ""Jerian Grant"", ""hdp"": 7, ""over"": ""5.75""}",2026-05-13T17:20:03.791Z
70449624,Basketball,2026-05-13 21:00,Valencia Basket,Panathinaikos BC,International - Euroleague,Bet365,Player Assists Milestones,Kendrick Nunn,,,,9.00,,,,7,"{""label"": ""Kendrick Nunn"", ""hdp"": 7, ""over"": ""9.00""}",2026-05-13T17:20:03.791Z
70449624,Basketball,2026-05-13 21:00,Valencia Basket,Panathinaikos BC,International - Euroleague,Bet365,Player Assists Milestones,Jerian Grant,,,,19.00,,,,10,"{""label"": ""Jerian Grant"", ""hdp"": 10, ""over"": ""19.00""}",2026-05-13T17:20:03.791Z
70449624,Basketball,2026-05-13 21:00,Valencia Basket,Panathinaikos BC,International - Euroleague,Bet365,Player Assists Milestones,Kendrick Nunn,,,,36.00,,,,10,"{""label"": ""Kendrick Nunn"", ""hdp"": 10, ""over"": ""36.00""}",2026-05-13T17:20:03.791Z
70449624,Basketball,2026-05-13 21:00,Valencia Basket,Panathinaikos BC,International - Euroleague,Bet365,Player Assists Milestones,Jean Montero,,,,36.00,,,,15,"{""label"": ""Jean Montero"", ""hdp"": 15, ""over"": ""36.00""}",2026-05-13T17:20:03.791Z
70449624,Basketball,2026-05-13 21:00,Valencia Basket,Panathinaikos BC,International - Euroleague,Bet365,Player Assists Milestones,Jean Montero,,,,1.04,,,,3,"{""label"": ""Jean Montero"", ""hdp"": 3, ""over"": ""1.04""}",2026-05-13T17:20:03.791Z
70449624,Basketball,2026-05-13 21:00,Valencia Basket,Panathinaikos BC,International - Euroleague,Bet365,Player Assists Milestones,Brancou Badio,,,,1.86,,,,3,"{""label"": ""Brancou Badio"", ""hdp"": 3, ""over"": ""1.86""}",2026-05-13T17:20:03.791Z
70449624,Basketball,2026-05-13 21:00,Valencia Basket,Panathinaikos BC,International - Euroleague,Bet365,Player Assists Milestones,Jean Montero,,,,1.32,,,,5,"{""label"": ""Jean Montero"", ""hdp"": 5, ""over"": ""1.32""}",2026-05-13T17:20:03.791Z
70449624,Basketball,2026-05-13 21:00,Valencia Basket,Panathinaikos BC,International - Euroleague,Bet365,Player Assists Milestones,Brancou Badio,,,,5.75,,,,5,"{""label"": ""Brancou Badio"", ""hdp"": 5, ""over"": ""5.75""}",2026-05-13T17:20:03.791Z
70449624,Basketball,2026-05-13 21:00,Valencia Basket,Panathinaikos BC,International - Euroleague,Bet365,Player Assists Milestones,Jean Montero,,,,2.22,,,,7,"{""label"": ""Jean Montero"", ""hdp"": 7, ""over"": ""2.22""}",2026-05-13T17:20:03.791Z
70449624,Basketball,2026-05-13 21:00,Valencia Basket,Panathinaikos BC,International - Euroleague,Bet365,Player Assists Milestones,Brancou Badio,,,,17.00,,,,7,"{""label"": ""Brancou Badio"", ""hdp"": 7, ""over"": ""17.00""}",2026-05-13T17:20:03.791Z
70449624,Basketball,2026-05-13 21:00,Valencia Basket,Panathinaikos BC,International - Euroleague,Bet365,Player Assists Milestones,Jean Montero,,,,7.50,,,,10,"{""label"": ""Jean Montero"", ""hdp"": 10, ""over"": ""7.50""}",2026-05-13T17:20:03.791Z
70449624,Basketball,2026-05-13 21:00,Valencia Basket,Panathinaikos BC,International - Euroleague,Bet365,Player Assists Milestones,Jean Montero,,,,20.00,,,,13,"{""label"": ""Jean Montero"", ""hdp"": 13, ""over"": ""20.00""}",2026-05-13T17:20:03.791Z
70449624,Basketball,2026-05-13 21:00,Valencia Basket,Panathinaikos BC,International - Euroleague,Bet365,Player Assists Milestones,TJ Shorts,,,,1.28,,,,3,"{""label"": ""TJ Shorts"", ""hdp"": 3, ""over"": ""1.28""}",2026-05-13T17:20:03.791Z
70449624,Basketball,2026-05-13 21:00,Valencia Basket,Panathinaikos BC,International - Euroleague,Bet365,Player Assists Milestones,TJ Shorts,,,,2.55,,,,5,"{""label"": ""TJ Shorts"", ""hdp"": 5, ""over"": ""2.55""}",2026-05-13T17:20:03.791Z
70449624,Basketball,2026-05-13 21:00,Valencia Basket,Panathinaikos BC,International - Euroleague,Bet365,Player Assists Milestones,TJ Shorts,,,,7.00,,,,7,"{""label"": ""TJ Shorts"", ""hdp"": 7, ""over"": ""7.00""}",2026-05-13T17:20:03.791Z
70449624,Basketball,2026-05-13 21:00,Valencia Basket,Panathinaikos BC,International - Euroleague,Bet365,Player Assists Milestones,TJ Shorts,,,,23.00,,,,10,"{""label"": ""TJ Shorts"", ""hdp"": 10, ""over"": ""23.00""}",2026-05-13T17:20:03.791Z
70449624,Basketball,2026-05-13 21:00,Valencia Basket,Panathinaikos BC,International - Euroleague,Bet365,Player Points Milestones,Cedi Osman,,,,1.01,,,,5,"{""label"": ""Cedi Osman"", ""hdp"": 5, ""over"": ""1.01""}",2026-05-13T17:00:22.722Z
70449624,Basketball,2026-05-13 21:00,Valencia Basket,Panathinaikos BC,International - Euroleague,Bet365,Player Points Milestones,TJ Shorts,,,,1.09,,,,5,"{""label"": ""TJ Shorts"", ""hdp"": 5, ""over"": ""1.09""}",2026-05-13T17:00:22.722Z
70449624,Basketball,2026-05-13 21:00,Valencia Basket,Panathinaikos BC,International - Euroleague,Bet365,Player Points Milestones,Cedi Osman,,,,1.20,,,,10,"{""label"": ""Cedi Osman"", ""hdp"": 10, ""over"": ""1.20""}",2026-05-13T17:00:22.722Z
70449624,Basketball,2026-05-13 21:00,Valencia Basket,Panathinaikos BC,International - Euroleague,Bet365,Player Points Milestones,TJ Shorts,,,,1.83,,,,10,"{""label"": ""TJ Shorts"", ""hdp"": 10, ""over"": ""1.83""}",2026-05-13T17:00:22.722Z
70449624,Basketball,2026-05-13 21:00,Valencia Basket,Panathinaikos BC,International - Euroleague,Bet365,Player Points Milestones,Cedi Osman,,,,1.86,,,,15,"{""label"": ""Cedi Osman"", ""hdp"": 15, ""over"": ""1.86""}",2026-05-13T17:00:22.722Z
70449624,Basketball,2026-05-13 21:00,Valencia Basket,Panathinaikos BC,International - Euroleague,Bet365,Player Points Milestones,TJ Shorts,,,,4.75,,,,15,"{""label"": ""TJ Shorts"", ""hdp"": 15, ""over"": ""4.75""}",2026-05-13T17:00:22.722Z
70449624,Basketball,2026-05-13 21:00,Valencia Basket,Panathinaikos BC,International - Euroleague,Bet365,Player Points Milestones,Cedi Osman,,,,4.20,,,,20,"{""label"": ""Cedi Osman"", ""hdp"": 20, ""over"": ""4.20""}",2026-05-13T17:00:22.722Z
70449624,Basketball,2026-05-13 21:00,Valencia Basket,Panathinaikos BC,International - Euroleague,Bet365,Player Points Milestones,TJ Shorts,,,,13.00,,,,20,"{""label"": ""TJ Shorts"", ""hdp"": 20, ""over"": ""13.00""}",2026-05-13T17:00:22.722Z
70449624,Basketball,2026-05-13 21:00,Valencia Basket,Panathinaikos BC,International - Euroleague,Bet365,Player Points Milestones,Cedi Osman,,,,10.00,,,,25,"{""label"": ""Cedi Osman"", ""hdp"": 25, ""over"": ""10.00""}",2026-05-13T17:00:22.722Z
70449624,Basketball,2026-05-13 21:00,Valencia Basket,Panathinaikos BC,International - Euroleague,Bet365,Player Points Milestones,TJ Shorts,,,,29.00,,,,25,"{""label"": ""TJ Shorts"", ""hdp"": 25, ""over"": ""29.00""}",2026-05-13T17:00:22.722Z
70449624,Basketball,2026-05-13 21:00,Valencia Basket,Panathinaikos BC,International - Euroleague,Bet365,Player Points Milestones,Cedi Osman,,,,19.00,,,,30,"{""label"": ""Cedi Osman"", ""hdp"": 30, ""over"": ""19.00""}",2026-05-13T17:00:22.722Z
70449624,Basketball,2026-05-13 21:00,Valencia Basket,Panathinaikos BC,International - Euroleague,Bet365,Player Points Milestones,Braxton Key,,,,36.00,,,,25,"{""label"": ""Braxton Key"", ""hdp"": 25, ""over"": ""36.00""}",2026-05-13T17:00:22.722Z
70449624,Basketball,2026-05-13 21:00,Valencia Basket,Panathinaikos BC,International - Euroleague,Bet365,Player Points Milestones,Juancho Hernangomez,,,,1.45,,,,5,"{""label"": ""Juancho Hernangomez"", ""hdp"": 5, ""over"": ""1.45""}",2026-05-13T17:00:22.722Z
70449624,Basketball,2026-05-13 21:00,Valencia Basket,Panathinaikos BC,International - Euroleague,Bet365,Player Points Milestones,Juancho Hernangomez,,,,4.20,,,,10,"{""label"": ""Juancho Hernangomez"", ""hdp"": 10, ""over"": ""4.20""}",2026-05-13T17:00:22.722Z
70449624,Basketball,2026-05-13 21:00,Valencia Basket,Panathinaikos BC,International - Euroleague,Bet365,Player Points Milestones,Juancho Hernangomez,,,,14.00,,,,15,"{""label"": ""Juancho Hernangomez"", ""hdp"": 15, ""over"": ""14.00""}",2026-05-13T17:00:22.722Z
70449624,Basketball,2026-05-13 21:00,Valencia Basket,Panathinaikos BC,International - Euroleague,Bet365,Player Points Milestones,Kendrick Nunn,,,,1.89,,,,20,"{""label"": ""Kendrick Nunn"", ""hdp"": 20, ""over"": ""1.89""}",2026-05-13T17:00:22.722Z
70449624,Basketball,2026-05-13 21:00,Valencia Basket,Panathinaikos BC,International - Euroleague,Bet365,Player Points Milestones,Mathias Lessort,,,,1.13,,,,5,"{""label"": ""Mathias Lessort"", ""hdp"": 5, ""over"": ""1.13""}",2026-05-13T17:00:22.722Z
70449624,Basketball,2026-05-13 21:00,Valencia Basket,Panathinaikos BC,International - Euroleague,Bet365,Player Points Milestones,Mathias Lessort,,,,2.02,,,,10,"{""label"": ""Mathias Lessort"", ""hdp"": 10, ""over"": ""2.02""}",2026-05-13T17:00:22.722Z
70449624,Basketball,2026-05-13 21:00,Valencia Basket,Panathinaikos BC,International - Euroleague,Bet365,Player Points Milestones,Mathias Lessort,,,,5.75,,,,15,"{""label"": ""Mathias Lessort"", ""hdp"": 15, ""over"": ""5.75""}",2026-05-13T17:00:22.722Z
70449624,Basketball,2026-05-13 21:00,Valencia Basket,Panathinaikos BC,International - Euroleague,Bet365,Player Points Milestones,Mathias Lessort,,,,16.00,,,,20,"{""label"": ""Mathias Lessort"", ""hdp"": 20, ""over"": ""16.00""}",2026-05-13T17:00:22.722Z
70449624,Basketball,2026-05-13 21:00,Valencia Basket,Panathinaikos BC,International - Euroleague,Bet365,Player Points Milestones,Kendrick Nunn,,,,1.03,,,,10,"{""label"": ""Kendrick Nunn"", ""hdp"": 10, ""over"": ""1.03""}",2026-05-13T17:00:22.722Z
70449624,Basketball,2026-05-13 21:00,Valencia Basket,Panathinaikos BC,International - Euroleague,Bet365,Player Points Milestones,Nigel Hayes-Davis,,,,1.20,,,,10,"{""label"": ""Nigel Hayes-Davis"", ""hdp"": 10, ""over"": ""1.20""}",2026-05-13T17:00:22.722Z
70449624,Basketball,2026-05-13 21:00,Valencia Basket,Panathinaikos BC,International - Euroleague,Bet365,Player Points Milestones,Nigel Hayes-Davis,,,,1.95,,,,15,"{""label"": ""Nigel Hayes-Davis"", ""hdp"": 15, ""over"": ""1.95""}",2026-05-13T17:00:22.722Z
70449624,Basketball,2026-05-13 21:00,Valencia Basket,Panathinaikos BC,International - Euroleague,Bet365,Player Points Milestones,Nigel Hayes-Davis,,,,4.50,,,,20,"{""label"": ""Nigel Hayes-Davis"", ""hdp"": 20, ""over"": ""4.50""}",2026-05-13T17:00:22.722Z
70449624,Basketball,2026-05-13 21:00,Valencia Basket,Panathinaikos BC,International - Euroleague,Bet365,Player Points Milestones,Nigel Hayes-Davis,,,,20.00,,,,30,"{""label"": ""Nigel Hayes-Davis"", ""hdp"": 30, ""over"": ""20.00""}",2026-05-13T17:00:22.722Z
70449624,Basketball,2026-05-13 21:00,Valencia Basket,Panathinaikos BC,International - Euroleague,Bet365,Player Points Milestones,Kendrick Nunn,,,,16.00,,,,35,"{""label"": ""Kendrick Nunn"", ""hdp"": 35, ""over"": ""16.00""}",2026-05-13T17:00:22.722Z
70449624,Basketball,2026-05-13 21:00,Valencia Basket,Panathinaikos BC,International - Euroleague,Bet365,Player Points Milestones,Jean Montero,,,,1.05,,,,10,"{""label"": ""Jean Montero"", ""hdp"": 10, ""over"": ""1.05""}",2026-05-13T17:00:22.722Z
70449624,Basketball,2026-05-13 21:00,Valencia Basket,Panathinaikos BC,International - Euroleague,Bet365,Player Points Milestones,Kendrick Nunn,,,,1.25,,,,15,"{""label"": ""Kendrick Nunn"", ""hdp"": 15, ""over"": ""1.25""}",2026-05-13T17:00:22.722Z
70449624,Basketball,2026-05-13 21:00,Valencia Basket,Panathinaikos BC,International - Euroleague,Bet365,Player Points Milestones,Jean Montero,,,,1.34,,,,15,"{""label"": ""Jean Montero"", ""hdp"": 15, ""over"": ""1.34""}",2026-05-13T17:00:22.722Z
70449624,Basketball,2026-05-13 21:00,Valencia Basket,Panathinaikos BC,International - Euroleague,Bet365,Player Points Milestones,Jean Montero,,,,2.22,,,,20,"{""label"": ""Jean Montero"", ""hdp"": 20, ""over"": ""2.22""}",2026-05-13T17:00:22.722Z
70449624,Basketball,2026-05-13 21:00,Valencia Basket,Panathinaikos BC,International - Euroleague,Bet365,Player Points Milestones,Kendrick Nunn,,,,3.60,,,,25,"{""label"": ""Kendrick Nunn"", ""hdp"": 25, ""over"": ""3.60""}",2026-05-13T17:00:22.722Z
70449624,Basketball,2026-05-13 21:00,Valencia Basket,Panathinaikos BC,International - Euroleague,Bet365,Player Points Milestones,Jean Montero,,,,4.75,,,,25,"{""label"": ""Jean Montero"", ""hdp"": 25, ""over"": ""4.75""}",2026-05-13T17:00:22.722Z
70449624,Basketball,2026-05-13 21:00,Valencia Basket,Panathinaikos BC,International - Euroleague,Bet365,Player Points Milestones,Kendrick Nunn,,,,7.75,,,,30,"{""label"": ""Kendrick Nunn"", ""hdp"": 30, ""over"": ""7.75""}",2026-05-13T17:00:22.722Z
70449624,Basketball,2026-05-13 21:00,Valencia Basket,Panathinaikos BC,International - Euroleague,Bet365,Player Points Milestones,Jean Montero,,,,10.00,,,,30,"{""label"": ""Jean Montero"", ""hdp"": 30, ""over"": ""10.00""}",2026-05-13T17:00:22.722Z
70449624,Basketball,2026-05-13 21:00,Valencia Basket,Panathinaikos BC,International - Euroleague,Bet365,Player Points Milestones,Jean Montero,,,,19.00,,,,35,"{""label"": ""Jean Montero"", ""hdp"": 35, ""over"": ""19.00""}",2026-05-13T17:00:22.722Z
70449624,Basketball,2026-05-13 21:00,Valencia Basket,Panathinaikos BC,International - Euroleague,Bet365,Player Points Milestones,Kendrick Nunn,,,,26.00,,,,40,"{""label"": ""Kendrick Nunn"", ""hdp"": 40, ""over"": ""26.00""}",2026-05-13T17:00:22.722Z
70449624,Basketball,2026-05-13 21:00,Valencia Basket,Panathinaikos BC,International - Euroleague,Bet365,Player Points Milestones,Kendrick Nunn,,,,36.00,,,,45,"{""label"": ""Kendrick Nunn"", ""hdp"": 45, ""over"": ""36.00""}",2026-05-13T17:00:22.722Z
70449624,Basketball,2026-05-13 21:00,Valencia Basket,Panathinaikos BC,International - Euroleague,Bet365,Player Points Milestones,Nigel Hayes-Davis,,,,1.01,,,,5,"{""label"": ""Nigel Hayes-Davis"", ""hdp"": 5, ""over"": ""1.01""}",2026-05-13T17:00:22.722Z
70449624,Basketball,2026-05-13 21:00,Valencia Basket,Panathinaikos BC,International - Euroleague,Bet365,Player Points Milestones,Brancou Badio,,,,1.03,,,,5,"{""label"": ""Brancou Badio"", ""hdp"": 5, ""over"": ""1.03""}",2026-05-13T17:00:22.722Z
70449624,Basketball,2026-05-13 21:00,Valencia Basket,Panathinaikos BC,International - Euroleague,Bet365,Player Points Milestones,Kameron Taylor,,,,1.04,,,,5,"{""label"": ""Kameron Taylor"", ""hdp"": 5, ""over"": ""1.04""}",2026-05-13T17:00:22.722Z
70449624,Basketball,2026-05-13 21:00,Valencia Basket,Panathinaikos BC,International - Euroleague,Bet365,Player Points Milestones,Darius Thompson,,,,1.33,,,,5,"{""label"": ""Darius Thompson"", ""hdp"": 5, ""over"": ""1.33""}",2026-05-13T17:00:22.722Z
70449624,Basketball,2026-05-13 21:00,Valencia Basket,Panathinaikos BC,International - Euroleague,Bet365,Player Points Milestones,Matt Costello,,,,1.50,,,,5,"{""label"": ""Matt Costello"", ""hdp"": 5, ""over"": ""1.50""}",2026-05-13T17:00:22.722Z
70449624,Basketball,2026-05-13 21:00,Valencia Basket,Panathinaikos BC,International - Euroleague,Bet365,Player Points Milestones,Brancou Badio,,,,1.36,,,,10,"{""label"": ""Brancou Badio"", ""hdp"": 10, ""over"": ""1.36""}",2026-05-13T17:00:22.722Z
70449624,Basketball,2026-05-13 21:00,Valencia Basket,Panathinaikos BC,International - Euroleague,Bet365,Player Points Milestones,Kameron Taylor,,,,1.47,,,,10,"{""label"": ""Kameron Taylor"", ""hdp"": 10, ""over"": ""1.47""}",2026-05-13T17:00:22.722Z
70449624,Basketball,2026-05-13 21:00,Valencia Basket,Panathinaikos BC,International - Euroleague,Bet365,Player Points Milestones,Nate Reuvers,,,,2.55,,,,10,"{""label"": ""Nate Reuvers"", ""hdp"": 10, ""over"": ""2.55""}",2026-05-13T17:00:22.722Z
70449624,Basketball,2026-05-13 21:00,Valencia Basket,Panathinaikos BC,International - Euroleague,Bet365,Player Points Milestones,Darius Thompson,,,,3.40,,,,10,"{""label"": ""Darius Thompson"", ""hdp"": 10, ""over"": ""3.40""}",2026-05-13T17:00:22.722Z
70449624,Basketball,2026-05-13 21:00,Valencia Basket,Panathinaikos BC,International - Euroleague,Bet365,Player Points Milestones,Matt Costello,,,,4.75,,,,10,"{""label"": ""Matt Costello"", ""hdp"": 10, ""over"": ""4.75""}",2026-05-13T17:00:22.722Z
70449624,Basketball,2026-05-13 21:00,Valencia Basket,Panathinaikos BC,International - Euroleague,Bet365,Player Points Milestones,Jerian Grant,,,,4.75,,,,10,"{""label"": ""Jerian Grant"", ""hdp"": 10, ""over"": ""4.75""}",2026-05-13T17:00:22.722Z
70449624,Basketball,2026-05-13 21:00,Valencia Basket,Panathinaikos BC,International - Euroleague,Bet365,Player Points Milestones,Brancou Badio,,,,2.55,,,,15,"{""label"": ""Brancou Badio"", ""hdp"": 15, ""over"": ""2.55""}",2026-05-13T17:00:22.722Z
70449624,Basketball,2026-05-13 21:00,Valencia Basket,Panathinaikos BC,International - Euroleague,Bet365,Player Points Milestones,Kameron Taylor,,,,3.10,,,,15,"{""label"": ""Kameron Taylor"", ""hdp"": 15, ""over"": ""3.10""}",2026-05-13T17:00:22.722Z
70449624,Basketball,2026-05-13 21:00,Valencia Basket,Panathinaikos BC,International - Euroleague,Bet365,Player Points Milestones,Darius Thompson,,,,11.00,,,,15,"{""label"": ""Darius Thompson"", ""hdp"": 15, ""over"": ""11.00""}",2026-05-13T17:00:22.722Z
70449624,Basketball,2026-05-13 21:00,Valencia Basket,Panathinaikos BC,International - Euroleague,Bet365,Player Points Milestones,Matt Costello,,,,16.00,,,,15,"{""label"": ""Matt Costello"", ""hdp"": 15, ""over"": ""16.00""}",2026-05-13T17:00:22.722Z
70449624,Basketball,2026-05-13 21:00,Valencia Basket,Panathinaikos BC,International - Euroleague,Bet365,Player Points Milestones,Jerian Grant,,,,16.00,,,,15,"{""label"": ""Jerian Grant"", ""hdp"": 15, ""over"": ""16.00""}",2026-05-13T17:00:22.722Z
70449624,Basketball,2026-05-13 21:00,Valencia Basket,Panathinaikos BC,International - Euroleague,Bet365,Player Points Milestones,Brancou Badio,,,,6.50,,,,20,"{""label"": ""Brancou Badio"", ""hdp"": 20, ""over"": ""6.50""}",2026-05-13T17:00:22.722Z
70449624,Basketball,2026-05-13 21:00,Valencia Basket,Panathinaikos BC,International - Euroleague,Bet365,Player Points Milestones,Kameron Taylor,,,,8.25,,,,20,"{""label"": ""Kameron Taylor"", ""hdp"": 20, ""over"": ""8.25""}",2026-05-13T17:00:22.722Z
70449624,Basketball,2026-05-13 21:00,Valencia Basket,Panathinaikos BC,International - Euroleague,Bet365,Player Points Milestones,Nate Reuvers,,,,19.00,,,,20,"{""label"": ""Nate Reuvers"", ""hdp"": 20, ""over"": ""19.00""}",2026-05-13T17:00:22.722Z
70449624,Basketball,2026-05-13 21:00,Valencia Basket,Panathinaikos BC,International - Euroleague,Bet365,Player Points Milestones,Darius Thompson,,,,26.00,,,,20,"{""label"": ""Darius Thompson"", ""hdp"": 20, ""over"": ""26.00""}",2026-05-13T17:00:22.722Z
70449624,Basketball,2026-05-13 21:00,Valencia Basket,Panathinaikos BC,International - Euroleague,Bet365,Player Points Milestones,Matt Costello,,,,36.00,,,,20,"{""label"": ""Matt Costello"", ""hdp"": 20, ""over"": ""36.00""}",2026-05-13T17:00:22.722Z
70449624,Basketball,2026-05-13 21:00,Valencia Basket,Panathinaikos BC,International - Euroleague,Bet365,Player Points Milestones,Jerian Grant,,,,36.00,,,,20,"{""label"": ""Jerian Grant"", ""hdp"": 20, ""over"": ""36.00""}",2026-05-13T17:00:22.722Z
70449624,Basketball,2026-05-13 21:00,Valencia Basket,Panathinaikos BC,International - Euroleague,Bet365,Player Points Milestones,Juancho Hernangomez,,,,36.00,,,,20,"{""label"": ""Juancho Hernangomez"", ""hdp"": 20, ""over"": ""36.00""}",2026-05-13T17:00:22.722Z
70449624,Basketball,2026-05-13 21:00,Valencia Basket,Panathinaikos BC,International - Euroleague,Bet365,Player Points Milestones,Brancou Badio,,,,14.00,,,,25,"{""label"": ""Brancou Badio"", ""hdp"": 25, ""over"": ""14.00""}",2026-05-13T17:00:22.722Z
70449624,Basketball,2026-05-13 21:00,Valencia Basket,Panathinaikos BC,International - Euroleague,Bet365,Player Points Milestones,Kameron Taylor,,,,18.00,,,,25,"{""label"": ""Kameron Taylor"", ""hdp"": 25, ""over"": ""18.00""}",2026-05-13T17:00:22.722Z
70449624,Basketball,2026-05-13 21:00,Valencia Basket,Panathinaikos BC,International - Euroleague,Bet365,Player Points Milestones,Mathias Lessort,,,,36.00,,,,25,"{""label"": ""Mathias Lessort"", ""hdp"": 25, ""over"": ""36.00""}",2026-05-13T17:00:22.722Z
70449624,Basketball,2026-05-13 21:00,Valencia Basket,Panathinaikos BC,International - Euroleague,Bet365,Player Points Milestones,Nate Reuvers,,,,36.00,,,,25,"{""label"": ""Nate Reuvers"", ""hdp"": 25, ""over"": ""36.00""}",2026-05-13T17:00:22.722Z
70449624,Basketball,2026-05-13 21:00,Valencia Basket,Panathinaikos BC,International - Euroleague,Bet365,Player Points Milestones,Darius Thompson,,,,36.00,,,,25,"{""label"": ""Darius Thompson"", ""hdp"": 25, ""over"": ""36.00""}",2026-05-13T17:00:22.722Z
70449624,Basketball,2026-05-13 21:00,Valencia Basket,Panathinaikos BC,International - Euroleague,Bet365,Player Points Milestones,Brancou Badio,,,,29.00,,,,30,"{""label"": ""Brancou Badio"", ""hdp"": 30, ""over"": ""29.00""}",2026-05-13T17:00:22.722Z
70449624,Basketball,2026-05-13 21:00,Valencia Basket,Panathinaikos BC,International - Euroleague,Bet365,Player Points Milestones,Kameron Taylor,,,,36.00,,,,30,"{""label"": ""Kameron Taylor"", ""hdp"": 30, ""over"": ""36.00""}",2026-05-13T17:00:22.722Z
70449624,Basketball,2026-05-13 21:00,Valencia Basket,Panathinaikos BC,International - Euroleague,Bet365,Player Points Milestones,Nigel Hayes-Davis,,,,36.00,,,,35,"{""label"": ""Nigel Hayes-Davis"", ""hdp"": 35, ""over"": ""36.00""}",2026-05-13T17:00:22.722Z
70449624,Basketball,2026-05-13 21:00,Valencia Basket,Panathinaikos BC,International - Euroleague,Bet365,Player Points Milestones,Cedi Osman,,,,36.00,,,,35,"{""label"": ""Cedi Osman"", ""hdp"": 35, ""over"": ""36.00""}",2026-05-13T17:00:22.722Z
70449624,Basketball,2026-05-13 21:00,Valencia Basket,Panathinaikos BC,International - Euroleague,Bet365,Player Points Milestones,Jean Montero,,,,36.00,,,,40,"{""label"": ""Jean Montero"", ""hdp"": 40, ""over"": ""36.00""}",2026-05-13T17:00:22.722Z
70449624,Basketball,2026-05-13 21:00,Valencia Basket,Panathinaikos BC,International - Euroleague,Bet365,Player Points Milestones,Nate Reuvers,,,,1.22,,,,5,"{""label"": ""Nate Reuvers"", ""hdp"": 5, ""over"": ""1.22""}",2026-05-13T17:00:22.722Z
70449624,Basketball,2026-05-13 21:00,Valencia Basket,Panathinaikos BC,International - Euroleague,Bet365,Player Points Milestones,Jerian Grant,,,,1.54,,,,5,"{""label"": ""Jerian Grant"", ""hdp"": 5, ""over"": ""1.54""}",2026-05-13T17:00:22.722Z
70449624,Basketball,2026-05-13 21:00,Valencia Basket,Panathinaikos BC,International - Euroleague,Bet365,Player Points Milestones,Nate Reuvers,,,,8.25,,,,15,"{""label"": ""Nate Reuvers"", ""hdp"": 15, ""over"": ""8.25""}",2026-05-13T17:00:22.722Z
70449624,Basketball,2026-05-13 21:00,Valencia Basket,Panathinaikos BC,International - Euroleague,Bet365,Player Points Milestones,Nigel Hayes-Davis,,,,10.00,,,,25,"{""label"": ""Nigel Hayes-Davis"", ""hdp"": 25, ""over"": ""10.00""}",2026-05-13T17:00:22.722Z
70449624,Basketball,2026-05-13 21:00,Valencia Basket,Panathinaikos BC,International - Euroleague,Bet365,Player Points Milestones,Braxton Key,,,,1.27,,,,5,"{""label"": ""Braxton Key"", ""hdp"": 5, ""over"": ""1.27""}",2026-05-13T17:00:22.722Z
70449624,Basketball,2026-05-13 21:00,Valencia Basket,Panathinaikos BC,International - Euroleague,Bet365,Player Points Milestones,Braxton Key,,,,3.00,,,,10,"{""label"": ""Braxton Key"", ""hdp"": 10, ""over"": ""3.00""}",2026-05-13T17:00:22.722Z
70449624,Basketball,2026-05-13 21:00,Valencia Basket,Panathinaikos BC,International - Euroleague,Bet365,Player Points Milestones,Braxton Key,,,,9.75,,,,15,"{""label"": ""Braxton Key"", ""hdp"": 15, ""over"": ""9.75""}",2026-05-13T17:00:22.722Z
70449624,Basketball,2026-05-13 21:00,Valencia Basket,Panathinaikos BC,International - Euroleague,Bet365,Player Points Milestones,Braxton Key,,,,23.00,,,,20,"{""label"": ""Braxton Key"", ""hdp"": 20, ""over"": ""23.00""}",2026-05-13T17:00:22.722Z
70449624,Basketball,2026-05-13 21:00,Valencia Basket,Panathinaikos BC,International - Euroleague,Bet365,Player Threes Milestones,Kendrick Nunn,,,,1.05,,,,1,"{""label"": ""Kendrick Nunn"", ""hdp"": 1, ""over"": ""1.05""}",2026-05-13T17:00:22.722Z
70449624,Basketball,2026-05-13 21:00,Valencia Basket,Panathinaikos BC,International - Euroleague,Bet365,Player Threes Milestones,Kendrick Nunn,,,,1.28,,,,2,"{""label"": ""Kendrick Nunn"", ""hdp"": 2, ""over"": ""1.28""}",2026-05-13T17:00:22.722Z
70449624,Basketball,2026-05-13 21:00,Valencia Basket,Panathinaikos BC,International - Euroleague,Bet365,Player Threes Milestones,Kendrick Nunn,,,,1.89,,,,3,"{""label"": ""Kendrick Nunn"", ""hdp"": 3, ""over"": ""1.89""}",2026-05-13T17:00:22.722Z
70449624,Basketball,2026-05-13 21:00,Valencia Basket,Panathinaikos BC,International - Euroleague,Bet365,Player Threes Milestones,Kendrick Nunn,,,,3.25,,,,4,"{""label"": ""Kendrick Nunn"", ""hdp"": 4, ""over"": ""3.25""}",2026-05-13T17:00:22.722Z
70449624,Basketball,2026-05-13 21:00,Valencia Basket,Panathinaikos BC,International - Euroleague,Bet365,Player Threes Milestones,Kendrick Nunn,,,,6.25,,,,5,"{""label"": ""Kendrick Nunn"", ""hdp"": 5, ""over"": ""6.25""}",2026-05-13T17:00:22.722Z
70449624,Basketball,2026-05-13 21:00,Valencia Basket,Panathinaikos BC,International - Euroleague,Bet365,Player Threes Milestones,Kendrick Nunn,,,,10.50,,,,6,"{""label"": ""Kendrick Nunn"", ""hdp"": 6, ""over"": ""10.50""}",2026-05-13T17:00:22.722Z
70449624,Basketball,2026-05-13 21:00,Valencia Basket,Panathinaikos BC,International - Euroleague,Bet365,Player Threes Milestones,Kendrick Nunn,,,,18.00,,,,7,"{""label"": ""Kendrick Nunn"", ""hdp"": 7, ""over"": ""18.00""}",2026-05-13T17:00:22.722Z
70449624,Basketball,2026-05-13 21:00,Valencia Basket,Panathinaikos BC,International - Euroleague,Bet365,Player Threes Milestones,Kendrick Nunn,,,,29.00,,,,8,"{""label"": ""Kendrick Nunn"", ""hdp"": 8, ""over"": ""29.00""}",2026-05-13T17:00:22.722Z
70449624,Basketball,2026-05-13 21:00,Valencia Basket,Panathinaikos BC,International - Euroleague,Bet365,Player Threes Milestones,Jean Montero,,,,1.10,,,,1,"{""label"": ""Jean Montero"", ""hdp"": 1, ""over"": ""1.10""}",2026-05-13T17:00:22.722Z
70449624,Basketball,2026-05-13 21:00,Valencia Basket,Panathinaikos BC,International - Euroleague,Bet365,Player Threes Milestones,Jean Montero,,,,1.50,,,,2,"{""label"": ""Jean Montero"", ""hdp"": 2, ""over"": ""1.50""}",2026-05-13T17:00:22.722Z
70449624,Basketball,2026-05-13 21:00,Valencia Basket,Panathinaikos BC,International - Euroleague,Bet365,Player Threes Milestones,Jean Montero,,,,2.50,,,,3,"{""label"": ""Jean Montero"", ""hdp"": 3, ""over"": ""2.50""}",2026-05-13T17:00:22.722Z
70449624,Basketball,2026-05-13 21:00,Valencia Basket,Panathinaikos BC,International - Euroleague,Bet365,Player Threes Milestones,Jean Montero,,,,5.00,,,,4,"{""label"": ""Jean Montero"", ""hdp"": 4, ""over"": ""5.00""}",2026-05-13T17:00:22.722Z
70449624,Basketball,2026-05-13 21:00,Valencia Basket,Panathinaikos BC,International - Euroleague,Bet365,Player Threes Milestones,Jean Montero,,,,9.75,,,,5,"{""label"": ""Jean Montero"", ""hdp"": 5, ""over"": ""9.75""}",2026-05-13T17:00:22.722Z
70449624,Basketball,2026-05-13 21:00,Valencia Basket,Panathinaikos BC,International - Euroleague,Bet365,Player Threes Milestones,Jean Montero,,,,17.00,,,,6,"{""label"": ""Jean Montero"", ""hdp"": 6, ""over"": ""17.00""}",2026-05-13T17:00:22.722Z
70449624,Basketball,2026-05-13 21:00,Valencia Basket,Panathinaikos BC,International - Euroleague,Bet365,Player Threes Milestones,Jean Montero,,,,29.00,,,,7,"{""label"": ""Jean Montero"", ""hdp"": 7, ""over"": ""29.00""}",2026-05-13T17:00:22.722Z
70449624,Basketball,2026-05-13 21:00,Valencia Basket,Panathinaikos BC,International - Euroleague,Bet365,Player Threes Milestones,Brancou Badio,,,,1.11,,,,1,"{""label"": ""Brancou Badio"", ""hdp"": 1, ""over"": ""1.11""}",2026-05-13T17:00:22.722Z
70449624,Basketball,2026-05-13 21:00,Valencia Basket,Panathinaikos BC,International - Euroleague,Bet365,Player Threes Milestones,Cedi Osman,,,,1.13,,,,1,"{""label"": ""Cedi Osman"", ""hdp"": 1, ""over"": ""1.13""}",2026-05-13T17:00:22.722Z
70449624,Basketball,2026-05-13 21:00,Valencia Basket,Panathinaikos BC,International - Euroleague,Bet365,Player Threes Milestones,Kameron Taylor,,,,1.30,,,,1,"{""label"": ""Kameron Taylor"", ""hdp"": 1, ""over"": ""1.30""}",2026-05-13T17:00:22.722Z
70449624,Basketball,2026-05-13 21:00,Valencia Basket,Panathinaikos BC,International - Euroleague,Bet365,Player Threes Milestones,Brancou Badio,,,,1.55,,,,2,"{""label"": ""Brancou Badio"", ""hdp"": 2, ""over"": ""1.55""}",2026-05-13T17:00:22.722Z
70449624,Basketball,2026-05-13 21:00,Valencia Basket,Panathinaikos BC,International - Euroleague,Bet365,Player Threes Milestones,Cedi Osman,,,,1.66,,,,2,"{""label"": ""Cedi Osman"", ""hdp"": 2, ""over"": ""1.66""}",2026-05-13T17:00:22.722Z
70449624,Basketball,2026-05-13 21:00,Valencia Basket,Panathinaikos BC,International - Euroleague,Bet365,Player Threes Milestones,Kameron Taylor,,,,2.40,,,,2,"{""label"": ""Kameron Taylor"", ""hdp"": 2, ""over"": ""2.40""}",2026-05-13T17:00:22.722Z
70449624,Basketball,2026-05-13 21:00,Valencia Basket,Panathinaikos BC,International - Euroleague,Bet365,Player Threes Milestones,Brancou Badio,,,,2.70,,,,3,"{""label"": ""Brancou Badio"", ""hdp"": 3, ""over"": ""2.70""}",2026-05-13T17:00:22.722Z
70449624,Basketball,2026-05-13 21:00,Valencia Basket,Panathinaikos BC,International - Euroleague,Bet365,Player Threes Milestones,Cedi Osman,,,,2.95,,,,3,"{""label"": ""Cedi Osman"", ""hdp"": 3, ""over"": ""2.95""}",2026-05-13T17:00:22.722Z
70449624,Basketball,2026-05-13 21:00,Valencia Basket,Panathinaikos BC,International - Euroleague,Bet365,Player Threes Milestones,Kameron Taylor,,,,5.50,,,,3,"{""label"": ""Kameron Taylor"", ""hdp"": 3, ""over"": ""5.50""}",2026-05-13T17:00:22.722Z
70449624,Basketball,2026-05-13 21:00,Valencia Basket,Panathinaikos BC,International - Euroleague,Bet365,Player Threes Milestones,Brancou Badio,,,,5.25,,,,4,"{""label"": ""Brancou Badio"", ""hdp"": 4, ""over"": ""5.25""}",2026-05-13T17:00:22.722Z
70449624,Basketball,2026-05-13 21:00,Valencia Basket,Panathinaikos BC,International - Euroleague,Bet365,Player Threes Milestones,Cedi Osman,,,,6.25,,,,4,"{""label"": ""Cedi Osman"", ""hdp"": 4, ""over"": ""6.25""}",2026-05-13T17:00:22.722Z
70449624,Basketball,2026-05-13 21:00,Valencia Basket,Panathinaikos BC,International - Euroleague,Bet365,Player Threes Milestones,Kameron Taylor,,,,11.50,,,,4,"{""label"": ""Kameron Taylor"", ""hdp"": 4, ""over"": ""11.50""}",2026-05-13T17:00:22.722Z
70449624,Basketball,2026-05-13 21:00,Valencia Basket,Panathinaikos BC,International - Euroleague,Bet365,Player Threes Milestones,Brancou Badio,,,,10.50,,,,5,"{""label"": ""Brancou Badio"", ""hdp"": 5, ""over"": ""10.50""}",2026-05-13T17:00:22.722Z
70449624,Basketball,2026-05-13 21:00,Valencia Basket,Panathinaikos BC,International - Euroleague,Bet365,Player Threes Milestones,Cedi Osman,,,,12.00,,,,5,"{""label"": ""Cedi Osman"", ""hdp"": 5, ""over"": ""12.00""}",2026-05-13T17:00:22.722Z
70449624,Basketball,2026-05-13 21:00,Valencia Basket,Panathinaikos BC,International - Euroleague,Bet365,Player Threes Milestones,Kameron Taylor,,,,20.00,,,,5,"{""label"": ""Kameron Taylor"", ""hdp"": 5, ""over"": ""20.00""}",2026-05-13T17:00:22.722Z
70449624,Basketball,2026-05-13 21:00,Valencia Basket,Panathinaikos BC,International - Euroleague,Bet365,Player Threes Milestones,Brancou Badio,,,,18.00,,,,6,"{""label"": ""Brancou Badio"", ""hdp"": 6, ""over"": ""18.00""}",2026-05-13T17:00:22.722Z
70449624,Basketball,2026-05-13 21:00,Valencia Basket,Panathinaikos BC,International - Euroleague,Bet365,Player Threes Milestones,Cedi Osman,,,,19.00,,,,6,"{""label"": ""Cedi Osman"", ""hdp"": 6, ""over"": ""19.00""}",2026-05-13T17:00:22.722Z
70449624,Basketball,2026-05-13 21:00,Valencia Basket,Panathinaikos BC,International - Euroleague,Bet365,Player Threes Milestones,Kameron Taylor,,,,36.00,,,,6,"{""label"": ""Kameron Taylor"", ""hdp"": 6, ""over"": ""36.00""}",2026-05-13T17:00:22.722Z
70449624,Basketball,2026-05-13 21:00,Valencia Basket,Panathinaikos BC,International - Euroleague,Bet365,Player Threes Milestones,Brancou Badio,,,,36.00,,,,7,"{""label"": ""Brancou Badio"", ""hdp"": 7, ""over"": ""36.00""}",2026-05-13T17:00:22.722Z
70449624,Basketball,2026-05-13 21:00,Valencia Basket,Panathinaikos BC,International - Euroleague,Bet365,Player Threes Milestones,Nigel Hayes-Davis,,,,36.00,,,,7,"{""label"": ""Nigel Hayes-Davis"", ""hdp"": 7, ""over"": ""36.00""}",2026-05-13T17:00:22.722Z
70449624,Basketball,2026-05-13 21:00,Valencia Basket,Panathinaikos BC,International - Euroleague,Bet365,Player Threes Milestones,Cedi Osman,,,,36.00,,,,7,"{""label"": ""Cedi Osman"", ""hdp"": 7, ""over"": ""36.00""}",2026-05-13T17:00:22.722Z
70449624,Basketball,2026-05-13 21:00,Valencia Basket,Panathinaikos BC,International - Euroleague,Bet365,Player Threes Milestones,Nigel Hayes-Davis,,,,13.00,,,,5,"{""label"": ""Nigel Hayes-Davis"", ""hdp"": 5, ""over"": ""13.00""}",2026-05-13T17:00:22.722Z
70449624,Basketball,2026-05-13 21:00,Valencia Basket,Panathinaikos BC,International - Euroleague,Bet365,Player Threes Milestones,Nigel Hayes-Davis,,,,1.14,,,,1,"{""label"": ""Nigel Hayes-Davis"", ""hdp"": 1, ""over"": ""1.14""}",2026-05-13T17:00:22.722Z
70449624,Basketball,2026-05-13 21:00,Valencia Basket,Panathinaikos BC,International - Euroleague,Bet365,Player Threes Milestones,Nigel Hayes-Davis,,,,1.71,,,,2,"{""label"": ""Nigel Hayes-Davis"", ""hdp"": 2, ""over"": ""1.71""}",2026-05-13T17:00:22.722Z
70449624,Basketball,2026-05-13 21:00,Valencia Basket,Panathinaikos BC,International - Euroleague,Bet365,Player Threes Milestones,Nigel Hayes-Davis,,,,3.20,,,,3,"{""label"": ""Nigel Hayes-Davis"", ""hdp"": 3, ""over"": ""3.20""}",2026-05-13T17:00:22.722Z
70449624,Basketball,2026-05-13 21:00,Valencia Basket,Panathinaikos BC,International - Euroleague,Bet365,Player Threes Milestones,Nigel Hayes-Davis,,,,6.75,,,,4,"{""label"": ""Nigel Hayes-Davis"", ""hdp"": 4, ""over"": ""6.75""}",2026-05-13T17:00:22.722Z
70449624,Basketball,2026-05-13 21:00,Valencia Basket,Panathinaikos BC,International - Euroleague,Bet365,Player Threes Milestones,Nigel Hayes-Davis,,,,20.00,,,,6,"{""label"": ""Nigel Hayes-Davis"", ""hdp"": 6, ""over"": ""20.00""}",2026-05-13T17:00:22.722Z
70449624,Basketball,2026-05-13 21:00,Valencia Basket,Panathinaikos BC,International - Euroleague,Bet365,Points & Assists O/U,Jerian Grant (2) (9.5),,,,1.62,2.25,,,9.5,"{""label"": ""Jerian Grant (2) (9.5)"", ""hdp"": 9.5, ""over"": ""1.62"", ""under"": ""2.25""}",2026-05-13T16:25:01.937Z
70449624,Basketball,2026-05-13 21:00,Valencia Basket,Panathinaikos BC,International - Euroleague,Bet365,Points & Assists O/U,Brancou Badio (1) (15.5),,,,1.89,1.89,,,15.5,"{""label"": ""Brancou Badio (1) (15.5)"", ""hdp"": 15.5, ""over"": ""1.89"", ""under"": ""1.89""}",2026-05-13T16:25:01.937Z
70449624,Basketball,2026-05-13 21:00,Valencia Basket,Panathinaikos BC,International - Euroleague,Bet365,Points & Assists O/U,Darius Thompson (1) (8.5),,,,1.89,1.89,,,8.5,"{""label"": ""Darius Thompson (1) (8.5)"", ""hdp"": 8.5, ""over"": ""1.89"", ""under"": ""1.89""}",2026-05-13T16:25:01.937Z
70449624,Basketball,2026-05-13 21:00,Valencia Basket,Panathinaikos BC,International - Euroleague,Bet365,Points & Assists O/U,TJ Shorts (2) (13.5),,,,1.89,1.89,,,13.5,"{""label"": ""TJ Shorts (2) (13.5)"", ""hdp"": 13.5, ""over"": ""1.89"", ""under"": ""1.89""}",2026-05-13T16:25:01.937Z
70449624,Basketball,2026-05-13 21:00,Valencia Basket,Panathinaikos BC,International - Euroleague,Bet365,Rebounds O/U,Matt Costello (1) (3.5),,,,1.89,1.89,,,3.5,"{""label"": ""Matt Costello (1) (3.5)"", ""hdp"": 3.5, ""over"": ""1.89"", ""under"": ""1.89""}",2026-05-13T11:54:10.817Z
70449624,Basketball,2026-05-13 21:00,Valencia Basket,Panathinaikos BC,International - Euroleague,Bet365,Rebounds O/U,Jean Montero (1) (2.5),,,,1.66,2.20,,,2.5,"{""label"": ""Jean Montero (1) (2.5)"", ""hdp"": 2.5, ""over"": ""1.66"", ""under"": ""2.20""}",2026-05-13T11:54:10.817Z
70449624,Basketball,2026-05-13 21:00,Valencia Basket,Panathinaikos BC,International - Euroleague,Bet365,Rebounds O/U,Nate Reuvers (1) (2.5),,,,1.66,2.20,,,2.5,"{""label"": ""Nate Reuvers (1) (2.5)"", ""hdp"": 2.5, ""over"": ""1.66"", ""under"": ""2.20""}",2026-05-13T11:54:10.817Z
70449624,Basketball,2026-05-13 21:00,Valencia Basket,Panathinaikos BC,International - Euroleague,Bet365,Rebounds O/U,Kameron Taylor (1) (4.5),,,,2.20,1.66,,,4.5,"{""label"": ""Kameron Taylor (1) (4.5)"", ""hdp"": 4.5, ""over"": ""2.20"", ""under"": ""1.66""}",2026-05-13T11:54:10.817Z
70449624,Basketball,2026-05-13 21:00,Valencia Basket,Panathinaikos BC,International - Euroleague,Bet365,Rebounds O/U,Kendrick Nunn (2) (2.5),,,,1.66,2.20,,,2.5,"{""label"": ""Kendrick Nunn (2) (2.5)"", ""hdp"": 2.5, ""over"": ""1.66"", ""under"": ""2.20""}",2026-05-13T11:54:10.817Z
70449624,Basketball,2026-05-13 21:00,Valencia Basket,Panathinaikos BC,International - Euroleague,Bet365,Rebounds O/U,Mathias Lessort (2) (6.5),,,,1.71,2.10,,,6.5,"{""label"": ""Mathias Lessort (2) (6.5)"", ""hdp"": 6.5, ""over"": ""1.71"", ""under"": ""2.10""}",2026-05-13T11:54:10.817Z
70449624,Basketball,2026-05-13 21:00,Valencia Basket,Panathinaikos BC,International - Euroleague,Bet365,Rebounds O/U,Nigel Hayes-Davis (2) (4.5),,,,2.25,1.62,,,4.5,"{""label"": ""Nigel Hayes-Davis (2) (4.5)"", ""hdp"": 4.5, ""over"": ""2.25"", ""under"": ""1.62""}",2026-05-13T11:54:10.817Z
70449624,Basketball,2026-05-13 21:00,Valencia Basket,Panathinaikos BC,International - Euroleague,Bet365,Rebounds O/U,Cedi Osman (2) (3.5),,,,1.62,2.25,,,3.5,"{""label"": ""Cedi Osman (2) (3.5)"", ""hdp"": 3.5, ""over"": ""1.62"", ""under"": ""2.25""}",2026-05-13T11:54:10.817Z
70449624,Basketball,2026-05-13 21:00,Valencia Basket,Panathinaikos BC,International - Euroleague,Bet365,Rebounds O/U,Braxton Key (1) (3.5),,,,1.95,1.83,,,3.5,"{""label"": ""Braxton Key (1) (3.5)"", ""hdp"": 3.5, ""over"": ""1.95"", ""under"": ""1.83""}",2026-05-13T11:54:10.817Z
70449624,Basketball,2026-05-13 21:00,Valencia Basket,Panathinaikos BC,International - Euroleague,Bet365,Rebounds O/U,Juancho Hernangomez (2) (5.5),,,,1.89,1.89,,,5.5,"{""label"": ""Juancho Hernangomez (2) (5.5)"", ""hdp"": 5.5, ""over"": ""1.89"", ""under"": ""1.89""}",2026-05-13T11:54:10.817Z
70449624,Basketball,2026-05-13 21:00,Valencia Basket,Panathinaikos BC,International - Euroleague,Bet365,ML Q1,,1.76,,2.00,,,,,,"{""home"": ""1.76"", ""away"": ""2.00""}",2026-05-12T21:08:14.164Z
70449624,Basketball,2026-05-13 21:00,Valencia Basket,Panathinaikos BC,International - Euroleague,Bet365,Alternative Totals,,,,,1.38,2.80,,,166.5,"{""hdp"": 166.5, ""over"": ""1.38"", ""under"": ""2.80""}",2026-05-10T08:52:14.532Z
70449624,Basketball,2026-05-13 21:00,Valencia Basket,Panathinaikos BC,International - Euroleague,Bet365,Alternative Totals,,,,,1.40,2.72,,,167,"{""hdp"": 167, ""over"": ""1.40"", ""under"": ""2.72""}",2026-05-10T08:52:14.532Z
70449624,Basketball,2026-05-13 21:00,Valencia Basket,Panathinaikos BC,International - Euroleague,Bet365,Alternative Totals,,,,,1.43,2.65,,,167.5,"{""hdp"": 167.5, ""over"": ""1.43"", ""under"": ""2.65""}",2026-05-10T08:52:14.532Z
70449624,Basketball,2026-05-13 21:00,Valencia Basket,Panathinaikos BC,International - Euroleague,Bet365,Alternative Totals,,,,,1.45,2.60,,,168,"{""hdp"": 168, ""over"": ""1.45"", ""under"": ""2.60""}",2026-05-10T08:52:14.532Z
70449624,Basketball,2026-05-13 21:00,Valencia Basket,Panathinaikos BC,International - Euroleague,Bet365,Alternative Totals,,,,,1.47,2.55,,,168.5,"{""hdp"": 168.5, ""over"": ""1.47"", ""under"": ""2.55""}",2026-05-10T08:52:14.532Z
70449624,Basketball,2026-05-13 21:00,Valencia Basket,Panathinaikos BC,International - Euroleague,Bet365,Alternative Totals,,,,,1.50,2.50,,,169,"{""hdp"": 169, ""over"": ""1.50"", ""under"": ""2.50""}",2026-05-10T08:52:14.532Z
70449624,Basketball,2026-05-13 21:00,Valencia Basket,Panathinaikos BC,International - Euroleague,Bet365,Alternative Totals,,,,,1.52,2.40,,,169.5,"{""hdp"": 169.5, ""over"": ""1.52"", ""under"": ""2.40""}",2026-05-10T08:52:14.532Z
70449624,Basketball,2026-05-13 21:00,Valencia Basket,Panathinaikos BC,International - Euroleague,Bet365,Alternative Totals,,,,,1.55,2.30,,,170,"{""hdp"": 170, ""over"": ""1.55"", ""under"": ""2.30""}",2026-05-10T08:52:14.532Z
70449624,Basketball,2026-05-13 21:00,Valencia Basket,Panathinaikos BC,International - Euroleague,Bet365,Alternative Totals,,,,,1.57,2.25,,,170.5,"{""hdp"": 170.5, ""over"": ""1.57"", ""under"": ""2.25""}",2026-05-10T08:52:14.532Z
70449624,Basketball,2026-05-13 21:00,Valencia Basket,Panathinaikos BC,International - Euroleague,Bet365,Alternative Totals,,,,,1.60,2.20,,,171,"{""hdp"": 171, ""over"": ""1.60"", ""under"": ""2.20""}",2026-05-10T08:52:14.532Z
70449624,Basketball,2026-05-13 21:00,Valencia Basket,Panathinaikos BC,International - Euroleague,Bet365,Alternative Totals,,,,,1.64,2.12,,,171.5,"{""hdp"": 171.5, ""over"": ""1.64"", ""under"": ""2.12""}",2026-05-10T08:52:14.532Z
70449624,Basketball,2026-05-13 21:00,Valencia Basket,Panathinaikos BC,International - Euroleague,Bet365,Alternative Totals,,,,,1.66,2.10,,,172,"{""hdp"": 172, ""over"": ""1.66"", ""under"": ""2.10""}",2026-05-10T08:52:14.532Z
70449624,Basketball,2026-05-13 21:00,Valencia Basket,Panathinaikos BC,International - Euroleague,Bet365,Alternative Totals,,,,,1.74,2.05,,,172.5,"{""hdp"": 172.5, ""over"": ""1.74"", ""under"": ""2.05""}",2026-05-10T08:52:14.532Z
70449624,Basketball,2026-05-13 21:00,Valencia Basket,Panathinaikos BC,International - Euroleague,Bet365,Alternative Totals,,,,,1.71,2.00,,,173,"{""hdp"": 173, ""over"": ""1.71"", ""under"": ""2.00""}",2026-05-10T08:52:14.532Z
70449624,Basketball,2026-05-13 21:00,Valencia Basket,Panathinaikos BC,International - Euroleague,Bet365,Alternative Totals,,,,,1.74,1.95,,,173.5,"{""hdp"": 173.5, ""over"": ""1.74"", ""under"": ""1.95""}",2026-05-10T08:52:14.532Z
70449624,Basketball,2026-05-13 21:00,Valencia Basket,Panathinaikos BC,International - Euroleague,Bet365,Alternative Totals,,,,,1.80,1.90,,,174,"{""hdp"": 174, ""over"": ""1.80"", ""under"": ""1.90""}",2026-05-10T08:52:14.532Z
70449624,Basketball,2026-05-13 21:00,Valencia Basket,Panathinaikos BC,International - Euroleague,Bet365,Alternative Totals,,,,,1.90,1.80,,,175,"{""hdp"": 175, ""over"": ""1.90"", ""under"": ""1.80""}",2026-05-10T08:52:14.532Z
70449624,Basketball,2026-05-13 21:00,Valencia Basket,Panathinaikos BC,International - Euroleague,Bet365,Alternative Totals,,,,,1.95,1.74,,,175.5,"{""hdp"": 175.5, ""over"": ""1.95"", ""under"": ""1.74""}",2026-05-10T08:52:14.532Z
70449624,Basketball,2026-05-13 21:00,Valencia Basket,Panathinaikos BC,International - Euroleague,Bet365,Alternative Totals,,,,,2.00,1.71,,,176,"{""hdp"": 176, ""over"": ""2.00"", ""under"": ""1.71""}",2026-05-10T08:52:14.532Z
70449624,Basketball,2026-05-13 21:00,Valencia Basket,Panathinaikos BC,International - Euroleague,Bet365,Alternative Totals,,,,,2.05,1.68,,,176.5,"{""hdp"": 176.5, ""over"": ""2.05"", ""under"": ""1.68""}",2026-05-10T08:52:14.532Z
70449624,Basketball,2026-05-13 21:00,Valencia Basket,Panathinaikos BC,International - Euroleague,Bet365,Alternative Totals,,,,,2.10,1.66,,,177,"{""hdp"": 177, ""over"": ""2.10"", ""under"": ""1.66""}",2026-05-10T08:52:14.532Z
70449624,Basketball,2026-05-13 21:00,Valencia Basket,Panathinaikos BC,International - Euroleague,Bet365,Alternative Totals,,,,,2.12,1.64,,,177.5,"{""hdp"": 177.5, ""over"": ""2.12"", ""under"": ""1.64""}",2026-05-10T08:52:14.532Z
70449624,Basketball,2026-05-13 21:00,Valencia Basket,Panathinaikos BC,International - Euroleague,Bet365,Alternative Totals,,,,,2.20,1.60,,,178,"{""hdp"": 178, ""over"": ""2.20"", ""under"": ""1.60""}",2026-05-10T08:52:14.532Z
70449624,Basketball,2026-05-13 21:00,Valencia Basket,Panathinaikos BC,International - Euroleague,Bet365,Alternative Totals,,,,,2.25,1.57,,,178.5,"{""hdp"": 178.5, ""over"": ""2.25"", ""under"": ""1.57""}",2026-05-10T08:52:14.532Z
70449624,Basketball,2026-05-13 21:00,Valencia Basket,Panathinaikos BC,International - Euroleague,Bet365,Alternative Totals,,,,,2.30,1.55,,,179,"{""hdp"": 179, ""over"": ""2.30"", ""under"": ""1.55""}",2026-05-10T08:52:14.532Z
70449624,Basketball,2026-05-13 21:00,Valencia Basket,Panathinaikos BC,International - Euroleague,Bet365,Alternative Totals,,,,,2.40,1.52,,,179.5,"{""hdp"": 179.5, ""over"": ""2.40"", ""under"": ""1.52""}",2026-05-10T08:52:14.532Z
70449624,Basketball,2026-05-13 21:00,Valencia Basket,Panathinaikos BC,International - Euroleague,Bet365,Alternative Totals,,,,,2.50,1.50,,,180,"{""hdp"": 180, ""over"": ""2.50"", ""under"": ""1.50""}",2026-05-10T08:52:14.532Z
70449624,Basketball,2026-05-13 21:00,Valencia Basket,Panathinaikos BC,International - Euroleague,Bet365,Alternative Totals,,,,,2.55,1.47,,,180.5,"{""hdp"": 180.5, ""over"": ""2.55"", ""under"": ""1.47""}",2026-05-10T08:52:14.532Z
70449624,Basketball,2026-05-13 21:00,Valencia Basket,Panathinaikos BC,International - Euroleague,Bet365,Alternative Totals,,,,,2.60,1.45,,,181,"{""hdp"": 181, ""over"": ""2.60"", ""under"": ""1.45""}",2026-05-10T08:52:14.532Z
70449624,Basketball,2026-05-13 21:00,Valencia Basket,Panathinaikos BC,International - Euroleague,Bet365,Alternative Totals,,,,,2.65,1.43,,,181.5,"{""hdp"": 181.5, ""over"": ""2.65"", ""under"": ""1.43""}",2026-05-10T08:52:14.532Z
70449624,Basketball,2026-05-13 21:00,Valencia Basket,Panathinaikos BC,International - Euroleague,Bet365,Alternative Totals,,,,,2.72,1.40,,,182,"{""hdp"": 182, ""over"": ""2.72"", ""under"": ""1.40""}",2026-05-10T08:52:14.532Z
70449624,Basketball,2026-05-13 21:00,Valencia Basket,Panathinaikos BC,International - Euroleague,Bet365,Alternative Totals,,,,,2.80,1.38,,,182.5,"{""hdp"": 182.5, ""over"": ""2.80"", ""under"": ""1.38""}",2026-05-10T08:52:14.532Z
70449624,Basketball,2026-05-13 21:00,Valencia Basket,Panathinaikos BC,International - Euroleague,Bet365,Assists O/U,Darius Thompson (1) (2.5),,,,2.40,1.55,,,2.5,"{""label"": ""Darius Thompson (1) (2.5)"", ""hdp"": 2.5, ""over"": ""2.40"", ""under"": ""1.55""}",2026-05-13T17:29:09.494Z
70449624,Basketball,2026-05-13 21:00,Valencia Basket,Panathinaikos BC,International - Euroleague,Bet365,Assists O/U,Jerian Grant (2) (4.5),,,,2.20,1.66,,,4.5,"{""label"": ""Jerian Grant (2) (4.5)"", ""hdp"": 4.5, ""over"": ""2.20"", ""under"": ""1.66""}",2026-05-13T17:29:09.494Z
70449624,Basketball,2026-05-13 21:00,Valencia Basket,Panathinaikos BC,International - Euroleague,Bet365,Assists O/U,Kendrick Nunn (2) (3.5),,,,1.90,1.86,,,3.5,"{""label"": ""Kendrick Nunn (2) (3.5)"", ""hdp"": 3.5, ""over"": ""1.90"", ""under"": ""1.86""}",2026-05-13T17:29:09.494Z
70449624,Basketball,2026-05-13 21:00,Valencia Basket,Panathinaikos BC,International - Euroleague,Bet365,Assists O/U,Brancou Badio (1) (2.5),,,,1.86,1.90,,,2.5,"{""label"": ""Brancou Badio (1) (2.5)"", ""hdp"": 2.5, ""over"": ""1.86"", ""under"": ""1.90""}",2026-05-13T17:29:09.494Z
70449624,Basketball,2026-05-13 21:00,Valencia Basket,Panathinaikos BC,International - Euroleague,Bet365,Assists O/U,Jean Montero (1) (5.5),,,,1.66,2.20,,,5.5,"{""label"": ""Jean Montero (1) (5.5)"", ""hdp"": 5.5, ""over"": ""1.66"", ""under"": ""2.20""}",2026-05-13T17:29:09.494Z
70449624,Basketball,2026-05-13 21:00,Valencia Basket,Panathinaikos BC,International - Euroleague,Bet365,Assists O/U,TJ Shorts (2) (3.5),,,,1.71,2.10,,,3.5,"{""label"": ""TJ Shorts (2) (3.5)"", ""hdp"": 3.5, ""over"": ""1.71"", ""under"": ""2.10""}",2026-05-13T17:29:09.494Z
70449624,Basketball,2026-05-13 21:00,Valencia Basket,Panathinaikos BC,International - Euroleague,Bet365,Points O/U,Nigel Hayes-Davis (2) (14.5),,,,1.95,1.83,,,14.5,"{""label"": ""Nigel Hayes-Davis (2) (14.5)"", ""hdp"": 14.5, ""over"": ""1.95"", ""under"": ""1.83""}",2026-05-13T12:14:11.957Z
70449624,Basketball,2026-05-13 21:00,Valencia Basket,Panathinaikos BC,International - Euroleague,Bet365,Points O/U,Kendrick Nunn (2) (19.5),,,,1.86,1.90,,,19.5,"{""label"": ""Kendrick Nunn (2) (19.5)"", ""hdp"": 19.5, ""over"": ""1.86"", ""under"": ""1.90""}",2026-05-13T12:14:11.957Z
70449624,Basketball,2026-05-13 21:00,Valencia Basket,Panathinaikos BC,International - Euroleague,Bet365,Points O/U,Cedi Osman (2) (12.5),,,,1.76,2.02,,,12.5,"{""label"": ""Cedi Osman (2) (12.5)"", ""hdp"": 12.5, ""over"": ""1.76"", ""under"": ""2.02""}",2026-05-13T12:14:11.957Z
70449624,Basketball,2026-05-13 21:00,Valencia Basket,Panathinaikos BC,International - Euroleague,Bet365,Points O/U,TJ Shorts (2) (10.5),,,,1.95,1.83,,,10.5,"{""label"": ""TJ Shorts (2) (10.5)"", ""hdp"": 10.5, ""over"": ""1.95"", ""under"": ""1.83""}",2026-05-13T12:14:11.957Z
70449624,Basketball,2026-05-13 21:00,Valencia Basket,Panathinaikos BC,International - Euroleague,Bet365,Points O/U,Brancou Badio (1) (13.5),,,,2.20,1.66,,,13.5,"{""label"": ""Brancou Badio (1) (13.5)"", ""hdp"": 13.5, ""over"": ""2.20"", ""under"": ""1.66""}",2026-05-13T12:14:11.957Z
70449624,Basketball,2026-05-13 21:00,Valencia Basket,Panathinaikos BC,International - Euroleague,Bet365,Points O/U,Matt Costello (1) (5.5),,,,1.80,2.00,,,5.5,"{""label"": ""Matt Costello (1) (5.5)"", ""hdp"": 5.5, ""over"": ""1.80"", ""under"": ""2.00""}",2026-05-13T12:14:11.957Z
70449624,Basketball,2026-05-13 21:00,Valencia Basket,Panathinaikos BC,International - Euroleague,Bet365,Points O/U,Jean Montero (1) (17.5),,,,2.05,1.74,,,17.5,"{""label"": ""Jean Montero (1) (17.5)"", ""hdp"": 17.5, ""over"": ""2.05"", ""under"": ""1.74""}",2026-05-13T12:14:11.957Z
70449624,Basketball,2026-05-13 21:00,Valencia Basket,Panathinaikos BC,International - Euroleague,Bet365,Points O/U,Kameron Taylor (1) (12.5),,,,2.20,1.66,,,12.5,"{""label"": ""Kameron Taylor (1) (12.5)"", ""hdp"": 12.5, ""over"": ""2.20"", ""under"": ""1.66""}",2026-05-13T12:14:11.957Z
70449624,Basketball,2026-05-13 21:00,Valencia Basket,Panathinaikos BC,International - Euroleague,Bet365,Points O/U,Darius Thompson (1) (6.5),,,,1.83,1.95,,,6.5,"{""label"": ""Darius Thompson (1) (6.5)"", ""hdp"": 6.5, ""over"": ""1.83"", ""under"": ""1.95""}",2026-05-13T12:14:11.957Z
70449624,Basketball,2026-05-13 21:00,Valencia Basket,Panathinaikos BC,International - Euroleague,Bet365,Points O/U,Mathias Lessort (2) (9.5),,,,2.20,1.66,,,9.5,"{""label"": ""Mathias Lessort (2) (9.5)"", ""hdp"": 9.5, ""over"": ""2.20"", ""under"": ""1.66""}",2026-05-13T12:14:11.957Z
70449624,Basketball,2026-05-13 21:00,Valencia Basket,Panathinaikos BC,International - Euroleague,Bet365,Points O/U,Nate Reuvers (1) (7.5),,,,1.80,2.00,,,7.5,"{""label"": ""Nate Reuvers (1) (7.5)"", ""hdp"": 7.5, ""over"": ""1.80"", ""under"": ""2.00""}",2026-05-13T12:14:11.957Z
70449624,Basketball,2026-05-13 21:00,Valencia Basket,Panathinaikos BC,International - Euroleague,Bet365,Points O/U,Jerian Grant (2) (6.5),,,,2.25,1.62,,,6.5,"{""label"": ""Jerian Grant (2) (6.5)"", ""hdp"": 6.5, ""over"": ""2.25"", ""under"": ""1.62""}",2026-05-13T12:14:11.957Z
70449624,Basketball,2026-05-13 21:00,Valencia Basket,Panathinaikos BC,International - Euroleague,Bet365,Points O/U,Juancho Hernangomez (2) (6.5),,,,2.00,1.80,,,6.5,"{""label"": ""Juancho Hernangomez (2) (6.5)"", ""hdp"": 6.5, ""over"": ""2.00"", ""under"": ""1.80""}",2026-05-13T12:14:11.957Z
70449624,Basketball,2026-05-13 21:00,Valencia Basket,Panathinaikos BC,International - Euroleague,Bet365,Points O/U,Braxton Key (1) (7.5),,,,2.00,1.80,,,7.5,"{""label"": ""Braxton Key (1) (7.5)"", ""hdp"": 7.5, ""over"": ""2.00"", ""under"": ""1.80""}",2026-05-13T12:14:11.957Z
70449624,Basketball,2026-05-13 21:00,Valencia Basket,Panathinaikos BC,International - Euroleague,Bet365,Spread Q1,,1.83,,1.83,,,,,-0.5,"{""hdp"": -0.5, ""home"": ""1.83"", ""away"": ""1.83""}",2026-05-10T22:03:56.036Z
70449624,Basketball,2026-05-13 21:00,Valencia Basket,Panathinaikos BC,International - Euroleague,Bet365,Alternative Spread,,3.70,,1.25,,,,,-10.5,"{""hdp"": -10.5, ""home"": ""3.70"", ""away"": ""1.25""}",2026-05-12T21:24:49.129Z
70449624,Basketball,2026-05-13 21:00,Valencia Basket,Panathinaikos BC,International - Euroleague,Bet365,Alternative Spread,,3.55,,1.27,,,,,-10,"{""hdp"": -10, ""home"": ""3.55"", ""away"": ""1.27""}",2026-05-12T21:24:49.129Z
70449624,Basketball,2026-05-13 21:00,Valencia Basket,Panathinaikos BC,International - Euroleague,Bet365,Alternative Spread,,3.30,,1.30,,,,,-9.5,"{""hdp"": -9.5, ""home"": ""3.30"", ""away"": ""1.30""}",2026-05-12T21:24:49.129Z
70449624,Basketball,2026-05-13 21:00,Valencia Basket,Panathinaikos BC,International - Euroleague,Bet365,Alternative Spread,,3.25,,1.31,,,,,-9,"{""hdp"": -9, ""home"": ""3.25"", ""away"": ""1.31""}",2026-05-12T21:24:49.129Z
70449624,Basketball,2026-05-13 21:00,Valencia Basket,Panathinaikos BC,International - Euroleague,Bet365,Alternative Spread,,3.05,,1.35,,,,,-8.5,"{""hdp"": -8.5, ""home"": ""3.05"", ""away"": ""1.35""}",2026-05-12T21:24:49.129Z
70449624,Basketball,2026-05-13 21:00,Valencia Basket,Panathinaikos BC,International - Euroleague,Bet365,Alternative Spread,,2.95,,1.36,,,,,-8,"{""hdp"": -8, ""home"": ""2.95"", ""away"": ""1.36""}",2026-05-12T21:24:49.129Z
70449624,Basketball,2026-05-13 21:00,Valencia Basket,Panathinaikos BC,International - Euroleague,Bet365,Alternative Spread,,2.77,,1.40,,,,,-7.5,"{""hdp"": -7.5, ""home"": ""2.77"", ""away"": ""1.40""}",2026-05-12T21:24:49.129Z
70449624,Basketball,2026-05-13 21:00,Valencia Basket,Panathinaikos BC,International - Euroleague,Bet365,Alternative Spread,,2.70,,1.43,,,,,-7,"{""hdp"": -7, ""home"": ""2.70"", ""away"": ""1.43""}",2026-05-12T21:24:49.129Z
70449624,Basketball,2026-05-13 21:00,Valencia Basket,Panathinaikos BC,International - Euroleague,Bet365,Alternative Spread,,2.60,,1.47,,,,,-6.5,"{""hdp"": -6.5, ""home"": ""2.60"", ""away"": ""1.47""}",2026-05-12T21:24:49.129Z
70449624,Basketball,2026-05-13 21:00,Valencia Basket,Panathinaikos BC,International - Euroleague,Bet365,Alternative Spread,,2.55,,1.50,,,,,-6,"{""hdp"": -6, ""home"": ""2.55"", ""away"": ""1.50""}",2026-05-12T21:24:49.129Z
70449624,Basketball,2026-05-13 21:00,Valencia Basket,Panathinaikos BC,International - Euroleague,Bet365,Alternative Spread,,2.35,,1.55,,,,,-5.5,"{""hdp"": -5.5, ""home"": ""2.35"", ""away"": ""1.55""}",2026-05-12T21:24:49.129Z
70449624,Basketball,2026-05-13 21:00,Valencia Basket,Panathinaikos BC,International - Euroleague,Bet365,Alternative Spread,,2.27,,1.58,,,,,-5,"{""hdp"": -5, ""home"": ""2.27"", ""away"": ""1.58""}",2026-05-12T21:24:49.129Z
70449624,Basketball,2026-05-13 21:00,Valencia Basket,Panathinaikos BC,International - Euroleague,Bet365,Alternative Spread,,2.20,,1.62,,,,,-4.5,"{""hdp"": -4.5, ""home"": ""2.20"", ""away"": ""1.62""}",2026-05-12T21:24:49.129Z
70449624,Basketball,2026-05-13 21:00,Valencia Basket,Panathinaikos BC,International - Euroleague,Bet365,Alternative Spread,,2.10,,1.68,,,,,-4,"{""hdp"": -4, ""home"": ""2.10"", ""away"": ""1.68""}",2026-05-12T21:24:49.129Z
70449624,Basketball,2026-05-13 21:00,Valencia Basket,Panathinaikos BC,International - Euroleague,Bet365,Alternative Spread,,2.05,,1.71,,,,,-3.5,"{""hdp"": -3.5, ""home"": ""2.05"", ""away"": ""1.71""}",2026-05-12T21:24:49.129Z
70449624,Basketball,2026-05-13 21:00,Valencia Basket,Panathinaikos BC,International - Euroleague,Bet365,Alternative Spread,,1.95,,1.80,,,,,-3,"{""hdp"": -3, ""home"": ""1.95"", ""away"": ""1.80""}",2026-05-12T21:24:49.129Z
70449624,Basketball,2026-05-13 21:00,Valencia Basket,Panathinaikos BC,International - Euroleague,Bet365,Alternative Spread,,1.83,,1.90,,,,,-2,"{""hdp"": -2, ""home"": ""1.83"", ""away"": ""1.90""}",2026-05-12T21:24:49.129Z
70449624,Basketball,2026-05-13 21:00,Valencia Basket,Panathinaikos BC,International - Euroleague,Bet365,Alternative Spread,,1.76,,1.95,,,,,-1.5,"{""hdp"": -1.5, ""home"": ""1.76"", ""away"": ""1.95""}",2026-05-12T21:24:49.129Z
70449624,Basketball,2026-05-13 21:00,Valencia Basket,Panathinaikos BC,International - Euroleague,Bet365,Alternative Spread,,1.66,,2.10,,,,,-1,"{""hdp"": -1, ""home"": ""1.66"", ""away"": ""2.10""}",2026-05-12T21:24:49.129Z
70449624,Basketball,2026-05-13 21:00,Valencia Basket,Panathinaikos BC,International - Euroleague,Bet365,Alternative Spread,,1.57,,2.25,,,,,1,"{""hdp"": 1, ""home"": ""1.57"", ""away"": ""2.25""}",2026-05-12T21:24:49.129Z
70449624,Basketball,2026-05-13 21:00,Valencia Basket,Panathinaikos BC,International - Euroleague,Bet365,Alternative Spread,,1.54,,2.35,,,,,1.5,"{""hdp"": 1.5, ""home"": ""1.54"", ""away"": ""2.35""}",2026-05-12T21:24:49.129Z
70449624,Basketball,2026-05-13 21:00,Valencia Basket,Panathinaikos BC,International - Euroleague,Bet365,Alternative Spread,,1.50,,2.50,,,,,2,"{""hdp"": 2, ""home"": ""1.50"", ""away"": ""2.50""}",2026-05-12T21:24:49.129Z
70449624,Basketball,2026-05-13 21:00,Valencia Basket,Panathinaikos BC,International - Euroleague,Bet365,Alternative Spread,,1.47,,2.55,,,,,2.5,"{""hdp"": 2.5, ""home"": ""1.47"", ""away"": ""2.55""}",2026-05-12T21:24:49.129Z
70449624,Basketball,2026-05-13 21:00,Valencia Basket,Panathinaikos BC,International - Euroleague,Bet365,Alternative Spread,,1.41,,2.70,,,,,3,"{""hdp"": 3, ""home"": ""1.41"", ""away"": ""2.70""}",2026-05-12T21:24:49.129Z
70449624,Basketball,2026-05-13 21:00,Valencia Basket,Panathinaikos BC,International - Euroleague,Bet365,Alternative Spread,,1.40,,2.75,,,,,3.5,"{""hdp"": 3.5, ""home"": ""1.40"", ""away"": ""2.75""}",2026-05-12T21:24:49.129Z
70449624,Basketball,2026-05-13 21:00,Valencia Basket,Panathinaikos BC,International - Euroleague,Bet365,Alternative Spread,,1.35,,3.00,,,,,4,"{""hdp"": 4, ""home"": ""1.35"", ""away"": ""3.00""}",2026-05-12T21:24:49.129Z
70449624,Basketball,2026-05-13 21:00,Valencia Basket,Panathinaikos BC,International - Euroleague,Bet365,Alternative Spread,,1.34,,3.05,,,,,4.5,"{""hdp"": 4.5, ""home"": ""1.34"", ""away"": ""3.05""}",2026-05-12T21:24:49.129Z
70449624,Basketball,2026-05-13 21:00,Valencia Basket,Panathinaikos BC,International - Euroleague,Bet365,Alternative Spread,,1.30,,3.25,,,,,5,"{""hdp"": 5, ""home"": ""1.30"", ""away"": ""3.25""}",2026-05-12T21:24:49.129Z
70449624,Basketball,2026-05-13 21:00,Valencia Basket,Panathinaikos BC,International - Euroleague,Bet365,Alternative Spread,,1.28,,3.35,,,,,5.5,"{""hdp"": 5.5, ""home"": ""1.28"", ""away"": ""3.35""}",2026-05-12T21:24:49.129Z
71168694,Basketball,2026-05-13 21:00,Dany Basket Quarrata,Siaz Basket,Italy - Serie B,Bet365,ML,,N/A,,N/A,,,,,,"{""home"": ""N/A"", ""away"": ""N/A""}",2026-05-13T12:46:00.483Z
71168694,Basketball,2026-05-13 21:00,Dany Basket Quarrata,Siaz Basket,Italy - Serie B,Bet365,Totals,,,,,N/A,N/A,,,146.5,"{""hdp"": 146.5, ""over"": ""N/A"", ""under"": ""N/A""}",2026-05-13T12:46:00.483Z
71168694,Basketball,2026-05-13 21:00,Dany Basket Quarrata,Siaz Basket,Italy - Serie B,Bet365,ML HT,,1.80,,1.86,,,,,,"{""home"": ""1.80"", ""away"": ""1.86""}",2026-05-12T13:51:25.403Z
71168694,Basketball,2026-05-13 21:00,Dany Basket Quarrata,Siaz Basket,Italy - Serie B,Bet365,Spread HT,,1.83,,1.83,,,,,-0.5,"{""hdp"": -0.5, ""home"": ""1.83"", ""away"": ""1.83""}",2026-05-12T13:51:25.403Z
71168694,Basketball,2026-05-13 21:00,Dany Basket Quarrata,Siaz Basket,Italy - Serie B,Bet365,Totals HT,,,,,1.83,1.83,,,73.5,"{""hdp"": 73.5, ""over"": ""1.83"", ""under"": ""1.83""}",2026-05-12T13:51:25.403Z
71168694,Basketball,2026-05-13 21:00,Dany Basket Quarrata,Siaz Basket,Italy - Serie B,Bet365,Totals 1Q,,,,,1.80,1.86,,,36.5,"{""hdp"": 36.5, ""over"": ""1.80"", ""under"": ""1.86""}",2026-05-12T13:51:25.403Z
71168694,Basketball,2026-05-13 21:00,Dany Basket Quarrata,Siaz Basket,Italy - Serie B,Bet365,Team Total Home,,,,,1.80,1.86,,,73.5,"{""hdp"": 73.5, ""over"": ""1.80"", ""under"": ""1.86""}",2026-05-12T13:51:25.403Z
71168694,Basketball,2026-05-13 21:00,Dany Basket Quarrata,Siaz Basket,Italy - Serie B,Bet365,Team Total Away,,,,,1.83,1.83,,,72.5,"{""hdp"": 72.5, ""over"": ""1.83"", ""under"": ""1.83""}",2026-05-12T13:51:25.403Z
71168694,Basketball,2026-05-13 21:00,Dany Basket Quarrata,Siaz Basket,Italy - Serie B,Bet365,ML Q1,,1.80,,1.86,,,,,,"{""home"": ""1.80"", ""away"": ""1.86""}",2026-05-12T13:51:25.403Z
71168694,Basketball,2026-05-13 21:00,Dany Basket Quarrata,Siaz Basket,Italy - Serie B,Bet365,Spread Q1,,1.83,,1.83,,,,,-0.5,"{""hdp"": -0.5, ""home"": ""1.83"", ""away"": ""1.83""}",2026-05-12T13:51:25.403Z
71168784,Basketball,2026-05-13 20:30,Ravenna Piero Manetti,Pallacanestro Fiorenzuola,Italy - Serie B,Bet365,ML,,N/A,,N/A,,,,,,"{""home"": ""N/A"", ""away"": ""N/A""}",2026-05-13T12:43:27.116Z
71168784,Basketball,2026-05-13 20:30,Ravenna Piero Manetti,Pallacanestro Fiorenzuola,Italy - Serie B,Bet365,Totals,,,,,N/A,N/A,,,152.5,"{""hdp"": 152.5, ""over"": ""N/A"", ""under"": ""N/A""}",2026-05-13T12:43:27.116Z
71168784,Basketball,2026-05-13 20:30,Ravenna Piero Manetti,Pallacanestro Fiorenzuola,Italy - Serie B,Bet365,ML HT,,1.50,,2.50,,,,,,"{""home"": ""1.50"", ""away"": ""2.50""}",2026-05-12T18:28:27.552Z
71168784,Basketball,2026-05-13 20:30,Ravenna Piero Manetti,Pallacanestro Fiorenzuola,Italy - Serie B,Bet365,Spread HT,,1.74,,1.95,,,,,-2.5,"{""hdp"": -2.5, ""home"": ""1.74"", ""away"": ""1.95""}",2026-05-12T18:28:27.552Z
71168784,Basketball,2026-05-13 20:30,Ravenna Piero Manetti,Pallacanestro Fiorenzuola,Italy - Serie B,Bet365,Totals HT,,,,,1.83,1.83,,,76.5,"{""hdp"": 76.5, ""over"": ""1.83"", ""under"": ""1.83""}",2026-05-12T18:28:27.552Z
71168784,Basketball,2026-05-13 20:30,Ravenna Piero Manetti,Pallacanestro Fiorenzuola,Italy - Serie B,Bet365,Totals 1Q,,,,,1.86,1.80,,,38.5,"{""hdp"": 38.5, ""over"": ""1.86"", ""under"": ""1.80""}",2026-05-12T18:35:23.205Z
71168784,Basketball,2026-05-13 20:30,Ravenna Piero Manetti,Pallacanestro Fiorenzuola,Italy - Serie B,Bet365,Team Total Home,,,,,1.83,1.83,,,79.5,"{""hdp"": 79.5, ""over"": ""1.83"", ""under"": ""1.83""}",2026-05-12T18:35:23.205Z
71168784,Basketball,2026-05-13 20:30,Ravenna Piero Manetti,Pallacanestro Fiorenzuola,Italy - Serie B,Bet365,Team Total Away,,,,,1.86,1.80,,,73.5,"{""hdp"": 73.5, ""over"": ""1.86"", ""under"": ""1.80""}",2026-05-12T18:35:23.205Z
71168784,Basketball,2026-05-13 20:30,Ravenna Piero Manetti,Pallacanestro Fiorenzuola,Italy - Serie B,Bet365,Spread Q1,,1.80,,1.86,,,,,-1.5,"{""hdp"": -1.5, ""home"": ""1.80"", ""away"": ""1.86""}",2026-05-12T18:35:23.205Z
71168784,Basketball,2026-05-13 20:30,Ravenna Piero Manetti,Pallacanestro Fiorenzuola,Italy - Serie B,Bet365,ML Q1,,1.57,,2.25,,,,,,"{""home"": ""1.57"", ""away"": ""2.25""}",2026-05-12T18:35:23.205Z
71425816,Basketball,2026-05-13 21:00,Pallacanestro Ruvo di Puglia,AS Pistoia Basket 2000,Italy - Serie A2,Bet365,ML,,N/A,,N/A,,,,,,"{""home"": ""N/A"", ""away"": ""N/A""}",2026-05-13T12:50:15.145Z
71425816,Basketball,2026-05-13 21:00,Pallacanestro Ruvo di Puglia,AS Pistoia Basket 2000,Italy - Serie A2,Bet365,Totals,,,,,N/A,N/A,,,167.5,"{""hdp"": 167.5, ""over"": ""N/A"", ""under"": ""N/A""}",2026-05-13T12:50:15.145Z
71425816,Basketball,2026-05-13 21:00,Pallacanestro Ruvo di Puglia,AS Pistoia Basket 2000,Italy - Serie A2,Bet365,ML HT,,1.52,,2.40,,,,,,"{""home"": ""1.52"", ""away"": ""2.40""}",2026-05-12T15:29:22.193Z
71425816,Basketball,2026-05-13 21:00,Pallacanestro Ruvo di Puglia,AS Pistoia Basket 2000,Italy - Serie A2,Bet365,Spread HT,,1.80,,1.86,,,,,-2.5,"{""hdp"": -2.5, ""home"": ""1.80"", ""away"": ""1.86""}",2026-05-12T15:29:22.193Z
71425816,Basketball,2026-05-13 21:00,Pallacanestro Ruvo di Puglia,AS Pistoia Basket 2000,Italy - Serie A2,Bet365,Totals HT,,,,,1.83,1.83,,,84.5,"{""hdp"": 84.5, ""over"": ""1.83"", ""under"": ""1.83""}",2026-05-12T15:29:22.193Z
71425816,Basketball,2026-05-13 21:00,Pallacanestro Ruvo di Puglia,AS Pistoia Basket 2000,Italy - Serie A2,Bet365,Totals 1Q,,,,,1.83,1.83,,,42.5,"{""hdp"": 42.5, ""over"": ""1.83"", ""under"": ""1.83""}",2026-05-12T15:29:22.193Z
71425816,Basketball,2026-05-13 21:00,Pallacanestro Ruvo di Puglia,AS Pistoia Basket 2000,Italy - Serie A2,Bet365,Team Total Home,,,,,1.86,1.80,,,86.5,"{""hdp"": 86.5, ""over"": ""1.86"", ""under"": ""1.80""}",2026-05-13T16:14:28.082Z
71425816,Basketball,2026-05-13 21:00,Pallacanestro Ruvo di Puglia,AS Pistoia Basket 2000,Italy - Serie A2,Bet365,Team Total Away,,,,,1.83,1.83,,,81.5,"{""hdp"": 81.5, ""over"": ""1.83"", ""under"": ""1.83""}",2026-05-13T16:14:28.082Z
71425816,Basketball,2026-05-13 21:00,Pallacanestro Ruvo di Puglia,AS Pistoia Basket 2000,Italy - Serie A2,Bet365,Spread Q1,,1.83,,1.83,,,,,-1.5,"{""hdp"": -1.5, ""home"": ""1.83"", ""away"": ""1.83""}",2026-05-12T15:29:22.193Z
71425816,Basketball,2026-05-13 21:00,Pallacanestro Ruvo di Puglia,AS Pistoia Basket 2000,Italy - Serie A2,Bet365,ML Q1,,1.64,,2.12,,,,,,"{""home"": ""1.64"", ""away"": ""2.12""}",2026-05-13T16:14:28.082Z
71286296,Basketball,2026-05-13 21:00,Real Sebastiani Rieti,Ueb Cividale,Italy - Serie A2,Bet365,ML,,N/A,,N/A,,,,,,"{""home"": ""N/A"", ""away"": ""N/A""}",2026-05-13T12:43:37.871Z
71286296,Basketball,2026-05-13 21:00,Real Sebastiani Rieti,Ueb Cividale,Italy - Serie A2,Bet365,Totals,,,,,N/A,N/A,,,151.5,"{""hdp"": 151.5, ""over"": ""N/A"", ""under"": ""N/A""}",2026-05-13T12:43:37.871Z
71286296,Basketball,2026-05-13 21:00,Real Sebastiani Rieti,Ueb Cividale,Italy - Serie A2,Bet365,ML HT,,1.60,,2.20,,,,,,"{""home"": ""1.60"", ""away"": ""2.20""}",2026-05-13T15:47:11.955Z
71286296,Basketball,2026-05-13 21:00,Real Sebastiani Rieti,Ueb Cividale,Italy - Serie A2,Bet365,Spread HT,,1.80,,1.86,,,,,-1.5,"{""hdp"": -1.5, ""home"": ""1.80"", ""away"": ""1.86""}",2026-05-13T15:47:11.955Z
71286296,Basketball,2026-05-13 21:00,Real Sebastiani Rieti,Ueb Cividale,Italy - Serie A2,Bet365,Totals HT,,,,,1.83,1.83,,,76.5,"{""hdp"": 76.5, ""over"": ""1.83"", ""under"": ""1.83""}",2026-05-12T16:11:10.604Z
71286296,Basketball,2026-05-13 21:00,Real Sebastiani Rieti,Ueb Cividale,Italy - Serie A2,Bet365,Totals 1Q,,,,,1.83,1.83,,,38.5,"{""hdp"": 38.5, ""over"": ""1.83"", ""under"": ""1.83""}",2026-05-12T16:11:10.604Z
71286296,Basketball,2026-05-13 21:00,Real Sebastiani Rieti,Ueb Cividale,Italy - Serie A2,Bet365,Team Total Home,,,,,1.83,1.83,,,78.5,"{""hdp"": 78.5, ""over"": ""1.83"", ""under"": ""1.83""}",2026-05-13T15:16:13.622Z
71286296,Basketball,2026-05-13 21:00,Real Sebastiani Rieti,Ueb Cividale,Italy - Serie A2,Bet365,Team Total Away,,,,,1.83,1.83,,,73.5,"{""hdp"": 73.5, ""over"": ""1.83"", ""under"": ""1.83""}",2026-05-13T15:16:13.622Z
71286296,Basketball,2026-05-13 21:00,Real Sebastiani Rieti,Ueb Cividale,Italy - Serie A2,Bet365,ML Q1,,1.60,,2.20,,,,,,"{""home"": ""1.60"", ""away"": ""2.20""}",2026-05-13T15:16:13.622Z
71286296,Basketball,2026-05-13 21:00,Real Sebastiani Rieti,Ueb Cividale,Italy - Serie A2,Bet365,Spread Q1,,1.83,,1.83,,,,,-1.5,"{""hdp"": -1.5, ""home"": ""1.83"", ""away"": ""1.83""}",2026-05-13T15:16:13.622Z
71286210,Basketball,2026-05-13 21:00,Cestistica Citta Di San Severo,Rucker San Vendemiano,Italy - Serie B,Bet365,ML,,N/A,,N/A,,,,,,"{""home"": ""N/A"", ""away"": ""N/A""}",2026-05-13T12:43:37.871Z
71286210,Basketball,2026-05-13 21:00,Cestistica Citta Di San Severo,Rucker San Vendemiano,Italy - Serie B,Bet365,Totals,,,,,N/A,N/A,,,160.5,"{""hdp"": 160.5, ""over"": ""N/A"", ""under"": ""N/A""}",2026-05-13T12:43:37.871Z
71286210,Basketball,2026-05-13 21:00,Cestistica Citta Di San Severo,Rucker San Vendemiano,Italy - Serie B,Bet365,ML HT,,1.83,,1.83,,,,,,"{""home"": ""1.83"", ""away"": ""1.83""}",2026-05-13T16:48:15.86Z
71286210,Basketball,2026-05-13 21:00,Cestistica Citta Di San Severo,Rucker San Vendemiano,Italy - Serie B,Bet365,Spread HT,,1.86,,1.80,,,,,-0.5,"{""hdp"": -0.5, ""home"": ""1.86"", ""away"": ""1.80""}",2026-05-13T16:48:15.86Z
71286210,Basketball,2026-05-13 21:00,Cestistica Citta Di San Severo,Rucker San Vendemiano,Italy - Serie B,Bet365,Totals HT,,,,,1.83,1.83,,,80.5,"{""hdp"": 80.5, ""over"": ""1.83"", ""under"": ""1.83""}",2026-05-12T11:03:36.456Z
71286210,Basketball,2026-05-13 21:00,Cestistica Citta Di San Severo,Rucker San Vendemiano,Italy - Serie B,Bet365,Totals 1Q,,,,,1.86,1.80,,,40.5,"{""hdp"": 40.5, ""over"": ""1.86"", ""under"": ""1.80""}",2026-05-12T11:03:36.456Z
71286210,Basketball,2026-05-13 21:00,Cestistica Citta Di San Severo,Rucker San Vendemiano,Italy - Serie B,Bet365,Team Total Home,,,,,1.83,1.83,,,80.5,"{""hdp"": 80.5, ""over"": ""1.83"", ""under"": ""1.83""}",2026-05-13T15:47:40.402Z
71286210,Basketball,2026-05-13 21:00,Cestistica Citta Di San Severo,Rucker San Vendemiano,Italy - Serie B,Bet365,Team Total Away,,,,,1.83,1.83,,,80.5,"{""hdp"": 80.5, ""over"": ""1.83"", ""under"": ""1.83""}",2026-05-13T15:47:40.402Z
71286210,Basketball,2026-05-13 21:00,Cestistica Citta Di San Severo,Rucker San Vendemiano,Italy - Serie B,Bet365,Spread Q1,,1.86,,1.80,,,,,-0.5,"{""hdp"": -0.5, ""home"": ""1.86"", ""away"": ""1.80""}",2026-05-13T15:47:40.402Z
71286210,Basketball,2026-05-13 21:00,Cestistica Citta Di San Severo,Rucker San Vendemiano,Italy - Serie B,Bet365,ML Q1,,1.83,,1.83,,,,,,"{""home"": ""1.83"", ""away"": ""1.83""}",2026-05-13T15:47:40.402Z
71168788,Basketball,2026-05-13 21:00,Fulgor Fidenza,Ferrara Basket 2018,Italy - Serie B,Bet365,ML,,N/A,,N/A,,,,,,"{""home"": ""N/A"", ""away"": ""N/A""}",2026-05-13T13:54:10.452Z
71168788,Basketball,2026-05-13 21:00,Fulgor Fidenza,Ferrara Basket 2018,Italy - Serie B,Bet365,Totals,,,,,N/A,N/A,,,154.5,"{""hdp"": 154.5, ""over"": ""N/A"", ""under"": ""N/A""}",2026-05-13T13:54:10.452Z
71168788,Basketball,2026-05-13 21:00,Fulgor Fidenza,Ferrara Basket 2018,Italy - Serie B,Bet365,ML HT,,2.12,,1.64,,,,,,"{""home"": ""2.12"", ""away"": ""1.64""}",2026-05-13T12:15:22.538Z
71168788,Basketball,2026-05-13 21:00,Fulgor Fidenza,Ferrara Basket 2018,Italy - Serie B,Bet365,Spread HT,,1.83,,1.83,,,,,1.5,"{""hdp"": 1.5, ""home"": ""1.83"", ""away"": ""1.83""}",2026-05-13T12:15:22.538Z
71168788,Basketball,2026-05-13 21:00,Fulgor Fidenza,Ferrara Basket 2018,Italy - Serie B,Bet365,Totals HT,,,,,1.83,1.83,,,77.5,"{""hdp"": 77.5, ""over"": ""1.83"", ""under"": ""1.83""}",2026-05-12T13:51:20.061Z
71168788,Basketball,2026-05-13 21:00,Fulgor Fidenza,Ferrara Basket 2018,Italy - Serie B,Bet365,Totals 1Q,,,,,1.80,1.86,,,38.5,"{""hdp"": 38.5, ""over"": ""1.80"", ""under"": ""1.86""}",2026-05-13T13:54:10.452Z
71168788,Basketball,2026-05-13 21:00,Fulgor Fidenza,Ferrara Basket 2018,Italy - Serie B,Bet365,Team Total Home,,,,,1.83,1.83,,,75.5,"{""hdp"": 75.5, ""over"": ""1.83"", ""under"": ""1.83""}",2026-05-13T13:23:17.006Z
71168788,Basketball,2026-05-13 21:00,Fulgor Fidenza,Ferrara Basket 2018,Italy - Serie B,Bet365,Team Total Away,,,,,1.80,1.86,,,78.5,"{""hdp"": 78.5, ""over"": ""1.80"", ""under"": ""1.86""}",2026-05-13T13:23:17.006Z
71168788,Basketball,2026-05-13 21:00,Fulgor Fidenza,Ferrara Basket 2018,Italy - Serie B,Bet365,ML Q1,,2.05,,1.68,,,,,,"{""home"": ""2.05"", ""away"": ""1.68""}",2026-05-13T13:54:10.452Z
71168788,Basketball,2026-05-13 21:00,Fulgor Fidenza,Ferrara Basket 2018,Italy - Serie B,Bet365,Spread Q1,,1.86,,1.80,,,,,0.5,"{""hdp"": 0.5, ""home"": ""1.86"", ""away"": ""1.80""}",2026-05-13T13:54:10.452Z
71463044,Football,2026-05-13 20:30,AS Bakaridjan,AS Korofina,Mali - Ligue 1,Bet365,ML,,2.250,2.750,3.200,,,,,,"{""home"": ""2.250"", ""draw"": ""2.750"", ""away"": ""3.200""}",2026-05-12T14:53:04.457Z
71463044,Football,2026-05-13 20:30,AS Bakaridjan,AS Korofina,Mali - Ligue 1,Bet365,Draw No Bet,,1.615,,2.200,,,,,,"{""home"": ""1.615"", ""away"": ""2.200""}",2026-05-12T14:53:04.457Z
71463044,Football,2026-05-13 20:30,AS Bakaridjan,AS Korofina,Mali - Ligue 1,Bet365,Double Chance,AS Bakaridjan or Draw,,,,,1.285,,,,"{""label"": ""AS Bakaridjan or Draw"", ""under"": ""1.285""}",2026-05-12T16:35:41.365Z
71463044,Football,2026-05-13 20:30,AS Bakaridjan,AS Korofina,Mali - Ligue 1,Bet365,Double Chance,Draw or AS Korofina,,,,,1.533,,,,"{""label"": ""Draw or AS Korofina"", ""under"": ""1.533""}",2026-05-12T16:35:41.365Z
71463044,Football,2026-05-13 20:30,AS Bakaridjan,AS Korofina,Mali - Ligue 1,Bet365,Double Chance,AS Bakaridjan or AS Korofina,,,,,1.363,,,,"{""label"": ""AS Bakaridjan or AS Korofina"", ""under"": ""1.363""}",2026-05-12T16:35:41.365Z
71463044,Football,2026-05-13 20:30,AS Bakaridjan,AS Korofina,Mali - Ligue 1,Bet365,Spread,,2.000,,1.800,,,,,-0.25,"{""hdp"": -0.25, ""home"": ""2.000"", ""away"": ""1.800""}",2026-05-12T14:58:01.812Z
71463044,Football,2026-05-13 20:30,AS Bakaridjan,AS Korofina,Mali - Ligue 1,Bet365,Totals,,,,,1.825,1.975,,,1.75,"{""hdp"": 1.75, ""over"": ""1.825"", ""under"": ""1.975""}",2026-05-12T14:58:01.812Z
71463044,Football,2026-05-13 20:30,AS Bakaridjan,AS Korofina,Mali - Ligue 1,Bet365,Goals Over/Under,,,,,2.750,1.400,,,2.5,"{""hdp"": 2.5, ""over"": ""2.750"", ""under"": ""1.400""}",2026-05-12T14:53:04.457Z
71463044,Football,2026-05-13 20:30,AS Bakaridjan,AS Korofina,Mali - Ligue 1,Bet365,Spread HT,,1.675,,2.150,,,,,0,"{""hdp"": 0, ""home"": ""1.675"", ""away"": ""2.150""}",2026-05-12T17:04:52.023Z
71463044,Football,2026-05-13 20:30,AS Bakaridjan,AS Korofina,Mali - Ligue 1,Bet365,Totals HT,,,,,1.975,1.825,,,0.75,"{""hdp"": 0.75, ""over"": ""1.975"", ""under"": ""1.825""}",2026-05-12T17:51:09.182Z
71463044,Football,2026-05-13 20:30,AS Bakaridjan,AS Korofina,Mali - Ligue 1,Bet365,Correct Score,0-0,,,,,,,,,"{""label"": ""0-0"", ""odds"": ""5.000""}",2026-05-12T14:53:04.457Z
71463044,Football,2026-05-13 20:30,AS Bakaridjan,AS Korofina,Mali - Ligue 1,Bet365,Correct Score,1-0,,,,,,,,,"{""label"": ""1-0"", ""odds"": ""5.500""}",2026-05-12T14:53:04.457Z
71463044,Football,2026-05-13 20:30,AS Bakaridjan,AS Korofina,Mali - Ligue 1,Bet365,Correct Score,1-1,,,,,,,,,"{""label"": ""1-1"", ""odds"": ""6.500""}",2026-05-12T14:53:04.457Z
71463044,Football,2026-05-13 20:30,AS Bakaridjan,AS Korofina,Mali - Ligue 1,Bet365,Correct Score,2-0,,,,,,,,,"{""label"": ""2-0"", ""odds"": ""9.500""}",2026-05-12T14:53:04.457Z
71463044,Football,2026-05-13 20:30,AS Bakaridjan,AS Korofina,Mali - Ligue 1,Bet365,Correct Score,2-1,,,,,,,,,"{""label"": ""2-1"", ""odds"": ""13.000""}",2026-05-12T14:53:04.457Z
71463044,Football,2026-05-13 20:30,AS Bakaridjan,AS Korofina,Mali - Ligue 1,Bet365,Correct Score,2-2,,,,,,,,,"{""label"": ""2-2"", ""odds"": ""23.000""}",2026-05-12T14:53:04.457Z
71463044,Football,2026-05-13 20:30,AS Bakaridjan,AS Korofina,Mali - Ligue 1,Bet365,Correct Score,3-0,,,,,,,,,"{""label"": ""3-0"", ""odds"": ""21.000""}",2026-05-12T14:53:04.457Z
71463044,Football,2026-05-13 20:30,AS Bakaridjan,AS Korofina,Mali - Ligue 1,Bet365,Correct Score,3-1,,,,,,,,,"{""label"": ""3-1"", ""odds"": ""26.000""}",2026-05-12T14:53:04.457Z
71463044,Football,2026-05-13 20:30,AS Bakaridjan,AS Korofina,Mali - Ligue 1,Bet365,Correct Score,3-2,,,,,,,,,"{""label"": ""3-2"", ""odds"": ""51.000""}",2026-05-12T14:53:04.457Z
71463044,Football,2026-05-13 20:30,AS Bakaridjan,AS Korofina,Mali - Ligue 1,Bet365,Correct Score,3-3,,,,,,,,,"{""label"": ""3-3"", ""odds"": ""81.000""}",2026-05-12T14:53:04.457Z
71463044,Football,2026-05-13 20:30,AS Bakaridjan,AS Korofina,Mali - Ligue 1,Bet365,Correct Score,4-0,,,,,,,,,"{""label"": ""4-0"", ""odds"": ""41.000""}",2026-05-12T14:53:04.457Z
71463044,Football,2026-05-13 20:30,AS Bakaridjan,AS Korofina,Mali - Ligue 1,Bet365,Correct Score,4-1,,,,,,,,,"{""label"": ""4-1"", ""odds"": ""51.000""}",2026-05-12T14:53:04.457Z
71463044,Football,2026-05-13 20:30,AS Bakaridjan,AS Korofina,Mali - Ligue 1,Bet365,Correct Score,5-0,,,,,,,,,"{""label"": ""5-0"", ""odds"": ""81.000""}",2026-05-12T14:53:04.457Z
71463044,Football,2026-05-13 20:30,AS Bakaridjan,AS Korofina,Mali - Ligue 1,Bet365,Half Time Result,1,,,,,3.100,,,1,"{""label"": ""1"", ""hdp"": 1, ""under"": ""3.100""}",2026-05-12T16:17:48.916Z
71463044,Football,2026-05-13 20:30,AS Bakaridjan,AS Korofina,Mali - Ligue 1,Bet365,Half Time Result,Draw,,,,,1.833,,,,"{""label"": ""Draw"", ""under"": ""1.833""}",2026-05-12T16:17:48.916Z
71463044,Football,2026-05-13 20:30,AS Bakaridjan,AS Korofina,Mali - Ligue 1,Bet365,Half Time Result,2,,,,,4.000,,,2,"{""label"": ""2"", ""hdp"": 2, ""under"": ""4.000""}",2026-05-12T16:17:48.916Z
71019438,Football,2026-05-13 21:00,Lazio Rome,Inter Milano,Italy - Coppa Italia,Bet365,ML,,5.750,3.800,1.600,,,,,,"{""home"": ""5.750"", ""draw"": ""3.800"", ""away"": ""1.600""}",2026-05-13T17:56:28.66Z
71019438,Football,2026-05-13 21:00,Lazio Rome,Inter Milano,Italy - Coppa Italia,Bet365,Draw No Bet,,3.750,,1.250,,,,,,"{""home"": ""3.750"", ""away"": ""1.250""}",2026-05-13T15:46:31.626Z
71019438,Football,2026-05-13 21:00,Lazio Rome,Inter Milano,Italy - Coppa Italia,Bet365,Double Chance,Draw or Inter Milan,,,,,1.166,,,,"{""label"": ""Draw or Inter Milan"", ""under"": ""1.166""}",2026-05-13T17:07:09.952Z
71019438,Football,2026-05-13 21:00,Lazio Rome,Inter Milano,Italy - Coppa Italia,Bet365,Double Chance,Lazio or Inter Milan,,,,,1.285,,,,"{""label"": ""Lazio or Inter Milan"", ""under"": ""1.285""}",2026-05-13T17:07:09.952Z
71019438,Football,2026-05-13 21:00,Lazio Rome,Inter Milano,Italy - Coppa Italia,Bet365,Double Chance,Lazio or Draw,,,,,2.100,,,,"{""label"": ""Lazio or Draw"", ""under"": ""2.100""}",2026-05-13T17:07:09.952Z
71019438,Football,2026-05-13 21:00,Lazio Rome,Inter Milano,Italy - Coppa Italia,Bet365,Spread,,1.775,,2.025,,,,,1,"{""hdp"": 1, ""home"": ""1.775"", ""away"": ""2.025""}",2026-05-13T17:59:32.139Z
71019438,Football,2026-05-13 21:00,Lazio Rome,Inter Milano,Italy - Coppa Italia,Bet365,Totals,,,,,2.000,1.800,,,2.5,"{""hdp"": 2.5, ""over"": ""2.000"", ""under"": ""1.800""}",2026-05-13T17:57:38.87Z
71019438,Football,2026-05-13 21:00,Lazio Rome,Inter Milano,Italy - Coppa Italia,Bet365,Goals Over/Under,,,,,2.000,1.800,,,2.5,"{""hdp"": 2.5, ""over"": ""2.000"", ""under"": ""1.800""}",2026-05-13T15:05:00.744Z
71019438,Football,2026-05-13 21:00,Lazio Rome,Inter Milano,Italy - Coppa Italia,Bet365,Both Teams To Score,,,,,,,1.950,1.800,,"{""yes"": ""1.950"", ""no"": ""1.800""}",2026-05-13T08:07:34.23Z
71019438,Football,2026-05-13 21:00,Lazio Rome,Inter Milano,Italy - Coppa Italia,Bet365,Spread HT,,2.025,,1.775,,,,,0.25,"{""hdp"": 0.25, ""home"": ""2.025"", ""away"": ""1.775""}",2026-05-13T16:18:00.321Z
71019438,Football,2026-05-13 21:00,Lazio Rome,Inter Milano,Italy - Coppa Italia,Bet365,Totals HT,,,,,1.900,1.900,,,1,"{""hdp"": 1, ""over"": ""1.900"", ""under"": ""1.900""}",2026-05-13T14:02:55.538Z
71019438,Football,2026-05-13 21:00,Lazio Rome,Inter Milano,Italy - Coppa Italia,Bet365,European Handicap,,13.000,,,,,,,-1,"{""hdp"": -1, ""home"": ""13.000""}",2026-05-13T18:00:18.97Z
71019438,Football,2026-05-13 21:00,Lazio Rome,Inter Milano,Italy - Coppa Italia,Bet365,European Handicap,,,7.000,1.166,,,,,1,"{""hdp"": 1, ""draw"": ""7.000"", ""away"": ""1.166""}",2026-05-13T18:00:18.97Z
71019438,Football,2026-05-13 21:00,Lazio Rome,Inter Milano,Italy - Coppa Italia,Bet365,Corners Spread,,1.900,,1.900,,,,,1.5,"{""hdp"": 1.5, ""home"": ""1.900"", ""away"": ""1.900""}",2026-05-13T06:06:57.379Z
71019438,Football,2026-05-13 21:00,Lazio Rome,Inter Milano,Italy - Coppa Italia,Bet365,Corners Totals,,,,,1.925,1.875,,,9,"{""hdp"": 9, ""over"": ""1.925"", ""under"": ""1.875""}",2026-05-07T22:15:47.436Z
71019438,Football,2026-05-13 21:00,Lazio Rome,Inter Milano,Italy - Coppa Italia,Bet365,Corners Totals HT,,,,,1.775,2.025,,,4,"{""hdp"": 4, ""over"": ""1.775"", ""under"": ""2.025""}",2026-05-13T09:41:30.965Z
71019438,Football,2026-05-13 21:00,Lazio Rome,Inter Milano,Italy - Coppa Italia,Bet365,Bookings Spread,,1.900,,,,,,,0,"{""hdp"": 0, ""home"": ""1.900""}",2026-05-13T17:19:38.592Z
71019438,Football,2026-05-13 21:00,Lazio Rome,Inter Milano,Italy - Coppa Italia,Bet365,Bookings Totals,,,,,1.900,1.900,,,4.5,"{""hdp"": 4.5, ""over"": ""1.900"", ""under"": ""1.900""}",2026-05-13T17:18:40.265Z
71019438,Football,2026-05-13 21:00,Lazio Rome,Inter Milano,Italy - Coppa Italia,Bet365,Anytime Goalscorer,Davide Frattesi,,,,4.000,,,,0.5,"{""label"": ""Davide Frattesi"", ""hdp"": 0.5, ""over"": ""4.000""}",2026-05-13T16:07:33.915Z
71019438,Football,2026-05-13 21:00,Lazio Rome,Inter Milano,Italy - Coppa Italia,Bet365,Anytime Goalscorer,Nicolo Rovella,,,,11.000,,,,0.5,"{""label"": ""Nicolo Rovella"", ""hdp"": 0.5, ""over"": ""11.000""}",2026-05-13T16:07:33.915Z
71019438,Football,2026-05-13 21:00,Lazio Rome,Inter Milano,Italy - Coppa Italia,Bet365,Anytime Goalscorer,Nuno Tavares,,,,11.000,,,,0.5,"{""label"": ""Nuno Tavares"", ""hdp"": 0.5, ""over"": ""11.000""}",2026-05-13T16:07:33.915Z
71019438,Football,2026-05-13 21:00,Lazio Rome,Inter Milano,Italy - Coppa Italia,Bet365,Anytime Goalscorer,Elseid Hysaj,,,,29.000,,,,0.5,"{""label"": ""Elseid Hysaj"", ""hdp"": 0.5, ""over"": ""29.000""}",2026-05-13T16:07:33.915Z
71019438,Football,2026-05-13 21:00,Lazio Rome,Inter Milano,Italy - Coppa Italia,Bet365,Anytime Goalscorer,Boulaye Dia,,,,4.750,,,,0.5,"{""label"": ""Boulaye Dia"", ""hdp"": 0.5, ""over"": ""4.750""}",2026-05-13T16:07:33.915Z
71019438,Football,2026-05-13 21:00,Lazio Rome,Inter Milano,Italy - Coppa Italia,Bet365,Anytime Goalscorer,Luis Henrique de Lima,,,,4.750,,,,0.5,"{""label"": ""Luis Henrique de Lima"", ""hdp"": 0.5, ""over"": ""4.750""}",2026-05-13T16:07:33.915Z
71019438,Football,2026-05-13 21:00,Lazio Rome,Inter Milano,Italy - Coppa Italia,Bet365,Anytime Goalscorer,Gustav Isaksen,,,,4.750,,,,0.5,"{""label"": ""Gustav Isaksen"", ""hdp"": 0.5, ""over"": ""4.750""}",2026-05-13T16:07:33.915Z
71019438,Football,2026-05-13 21:00,Lazio Rome,Inter Milano,Italy - Coppa Italia,Bet365,Anytime Goalscorer,Hakan Calhanoglu,,,,4.750,,,,0.5,"{""label"": ""Hakan Calhanoglu"", ""hdp"": 0.5, ""over"": ""4.750""}",2026-05-13T16:07:33.915Z
71019438,Football,2026-05-13 21:00,Lazio Rome,Inter Milano,Italy - Coppa Italia,Bet365,Anytime Goalscorer,Henrikh Mkhitaryan,,,,4.750,,,,0.5,"{""label"": ""Henrikh Mkhitaryan"", ""hdp"": 0.5, ""over"": ""4.750""}",2026-05-13T16:07:33.915Z
71019438,Football,2026-05-13 21:00,Lazio Rome,Inter Milano,Italy - Coppa Italia,Bet365,Anytime Goalscorer,Piotr Zielinski,,,,4.750,,,,0.5,"{""label"": ""Piotr Zielinski"", ""hdp"": 0.5, ""over"": ""4.750""}",2026-05-13T16:07:33.915Z
71019438,Football,2026-05-13 21:00,Lazio Rome,Inter Milano,Italy - Coppa Italia,Bet365,Anytime Goalscorer,Pedro,,,,4.750,,,,0.5,"{""label"": ""Pedro"", ""hdp"": 0.5, ""over"": ""4.750""}",2026-05-13T16:07:33.915Z
71019438,Football,2026-05-13 21:00,Lazio Rome,Inter Milano,Italy - Coppa Italia,Bet365,Anytime Goalscorer,Andy Diouf,,,,5.000,,,,0.5,"{""label"": ""Andy Diouf"", ""hdp"": 0.5, ""over"": ""5.000""}",2026-05-13T16:07:33.915Z
71019438,Football,2026-05-13 21:00,Lazio Rome,Inter Milano,Italy - Coppa Italia,Bet365,Anytime Goalscorer,Denzel Dumfries,,,,5.000,,,,0.5,"{""label"": ""Denzel Dumfries"", ""hdp"": 0.5, ""over"": ""5.000""}",2026-05-13T16:07:33.915Z
71019438,Football,2026-05-13 21:00,Lazio Rome,Inter Milano,Italy - Coppa Italia,Bet365,Anytime Goalscorer,Federico Dimarco,,,,5.000,,,,0.5,"{""label"": ""Federico Dimarco"", ""hdp"": 0.5, ""over"": ""5.000""}",2026-05-13T16:07:33.915Z
71019438,Football,2026-05-13 21:00,Lazio Rome,Inter Milano,Italy - Coppa Italia,Bet365,Anytime Goalscorer,Matteo Cancellieri,,,,5.000,,,,0.5,"{""label"": ""Matteo Cancellieri"", ""hdp"": 0.5, ""over"": ""5.000""}",2026-05-13T16:07:33.915Z
71019438,Football,2026-05-13 21:00,Lazio Rome,Inter Milano,Italy - Coppa Italia,Bet365,Anytime Goalscorer,Alessandro Bastoni,,,,8.000,,,,0.5,"{""label"": ""Alessandro Bastoni"", ""hdp"": 0.5, ""over"": ""8.000""}",2026-05-13T16:07:33.915Z
71019438,Football,2026-05-13 21:00,Lazio Rome,Inter Milano,Italy - Coppa Italia,Bet365,Anytime Goalscorer,Matteo Cocchi,,,,8.000,,,,0.5,"{""label"": ""Matteo Cocchi"", ""hdp"": 0.5, ""over"": ""8.000""}",2026-05-13T16:07:33.915Z
71019438,Football,2026-05-13 21:00,Lazio Rome,Inter Milano,Italy - Coppa Italia,Bet365,Anytime Goalscorer,Yann Aurel Bisseck,,,,8.000,,,,0.5,"{""label"": ""Yann Aurel Bisseck"", ""hdp"": 0.5, ""over"": ""8.000""}",2026-05-13T16:07:33.915Z
71019438,Football,2026-05-13 21:00,Lazio Rome,Inter Milano,Italy - Coppa Italia,Bet365,Anytime Goalscorer,Nicolo Barella,,,,6.000,,,,0.5,"{""label"": ""Nicolo Barella"", ""hdp"": 0.5, ""over"": ""6.000""}",2026-05-13T16:07:33.915Z
71019438,Football,2026-05-13 21:00,Lazio Rome,Inter Milano,Italy - Coppa Italia,Bet365,Anytime Goalscorer,Petar Sucic,,,,6.000,,,,0.5,"{""label"": ""Petar Sucic"", ""hdp"": 0.5, ""over"": ""6.000""}",2026-05-13T16:07:33.915Z
71019438,Football,2026-05-13 21:00,Lazio Rome,Inter Milano,Italy - Coppa Italia,Bet365,Anytime Goalscorer,Mattia Mosconi,,,,3.200,,,,0.5,"{""label"": ""Mattia Mosconi"", ""hdp"": 0.5, ""over"": ""3.200""}",2026-05-13T16:07:33.915Z
71019438,Football,2026-05-13 21:00,Lazio Rome,Inter Milano,Italy - Coppa Italia,Bet365,Anytime Goalscorer,Petar Ratkov,,,,4.000,,,,0.5,"{""label"": ""Petar Ratkov"", ""hdp"": 0.5, ""over"": ""4.000""}",2026-05-13T16:07:33.915Z
71019438,Football,2026-05-13 21:00,Lazio Rome,Inter Milano,Italy - Coppa Italia,Bet365,Anytime Goalscorer,Mattia Zaccagni,,,,6.000,,,,0.5,"{""label"": ""Mattia Zaccagni"", ""hdp"": 0.5, ""over"": ""6.000""}",2026-05-13T16:07:33.915Z
71019438,Football,2026-05-13 21:00,Lazio Rome,Inter Milano,Italy - Coppa Italia,Bet365,Anytime Goalscorer,Tijjani Noslin,,,,6.000,,,,0.5,"{""label"": ""Tijjani Noslin"", ""hdp"": 0.5, ""over"": ""6.000""}",2026-05-13T16:07:33.915Z
71019438,Football,2026-05-13 21:00,Lazio Rome,Inter Milano,Italy - Coppa Italia,Bet365,Anytime Goalscorer,Carlos Augusto,,,,6.500,,,,0.5,"{""label"": ""Carlos Augusto"", ""hdp"": 0.5, ""over"": ""6.500""}",2026-05-13T16:07:33.915Z
71019438,Football,2026-05-13 21:00,Lazio Rome,Inter Milano,Italy - Coppa Italia,Bet365,Anytime Goalscorer,Alessio Romagnoli,,,,23.000,,,,0.5,"{""label"": ""Alessio Romagnoli"", ""hdp"": 0.5, ""over"": ""23.000""}",2026-05-13T16:07:33.915Z
71019438,Football,2026-05-13 21:00,Lazio Rome,Inter Milano,Italy - Coppa Italia,Bet365,Anytime Goalscorer,Adam Marusic,,,,15.000,,,,0.5,"{""label"": ""Adam Marusic"", ""hdp"": 0.5, ""over"": ""15.000""}",2026-05-13T16:07:33.915Z
71019438,Football,2026-05-13 21:00,Lazio Rome,Inter Milano,Italy - Coppa Italia,Bet365,Anytime Goalscorer,Gabarron Patric Gil,,,,15.000,,,,0.5,"{""label"": ""Gabarron Patric Gil"", ""hdp"": 0.5, ""over"": ""15.000""}",2026-05-13T16:07:33.915Z
71019438,Football,2026-05-13 21:00,Lazio Rome,Inter Milano,Italy - Coppa Italia,Bet365,Anytime Goalscorer,Luca Pellegrini,,,,15.000,,,,0.5,"{""label"": ""Luca Pellegrini"", ""hdp"": 0.5, ""over"": ""15.000""}",2026-05-13T16:07:33.915Z
71019438,Football,2026-05-13 21:00,Lazio Rome,Inter Milano,Italy - Coppa Italia,Bet365,Anytime Goalscorer,Manuel Lazzari,,,,15.000,,,,0.5,"{""label"": ""Manuel Lazzari"", ""hdp"": 0.5, ""over"": ""15.000""}",2026-05-13T16:07:33.915Z
71019438,Football,2026-05-13 21:00,Lazio Rome,Inter Milano,Italy - Coppa Italia,Bet365,Anytime Goalscorer,Oliver Provstgaard,,,,15.000,,,,0.5,"{""label"": ""Oliver Provstgaard"", ""hdp"": 0.5, ""over"": ""15.000""}",2026-05-13T16:07:33.915Z
71019438,Football,2026-05-13 21:00,Lazio Rome,Inter Milano,Italy - Coppa Italia,Bet365,Anytime Goalscorer,Stefan de Vrij,,,,15.000,,,,0.5,"{""label"": ""Stefan de Vrij"", ""hdp"": 0.5, ""over"": ""15.000""}",2026-05-13T16:07:33.915Z
71019438,Football,2026-05-13 21:00,Lazio Rome,Inter Milano,Italy - Coppa Italia,Bet365,Anytime Goalscorer,Mario Gila,,,,19.000,,,,0.5,"{""label"": ""Mario Gila"", ""hdp"": 0.5, ""over"": ""19.000""}",2026-05-13T16:07:33.915Z
71019438,Football,2026-05-13 21:00,Lazio Rome,Inter Milano,Italy - Coppa Italia,Bet365,Anytime Goalscorer,Francesco Acerbi,,,,13.000,,,,0.5,"{""label"": ""Francesco Acerbi"", ""hdp"": 0.5, ""over"": ""13.000""}",2026-05-13T16:07:33.915Z
71019438,Football,2026-05-13 21:00,Lazio Rome,Inter Milano,Italy - Coppa Italia,Bet365,Anytime Goalscorer,Reda Belahyane,,,,13.000,,,,0.5,"{""label"": ""Reda Belahyane"", ""hdp"": 0.5, ""over"": ""13.000""}",2026-05-13T16:07:33.915Z
71019438,Football,2026-05-13 21:00,Lazio Rome,Inter Milano,Italy - Coppa Italia,Bet365,Anytime Goalscorer,Lautaro Martinez,,,,2.300,,,,0.5,"{""label"": ""Lautaro Martinez"", ""hdp"": 0.5, ""over"": ""2.300""}",2026-05-13T16:07:33.915Z
71019438,Football,2026-05-13 21:00,Lazio Rome,Inter Milano,Italy - Coppa Italia,Bet365,Anytime Goalscorer,Marcus Thuram,,,,2.500,,,,0.5,"{""label"": ""Marcus Thuram"", ""hdp"": 0.5, ""over"": ""2.500""}",2026-05-13T16:07:33.915Z
71019438,Football,2026-05-13 21:00,Lazio Rome,Inter Milano,Italy - Coppa Italia,Bet365,Anytime Goalscorer,Ange Bonny,,,,2.625,,,,0.5,"{""label"": ""Ange Bonny"", ""hdp"": 0.5, ""over"": ""2.625""}",2026-05-13T16:07:33.915Z
71019438,Football,2026-05-13 21:00,Lazio Rome,Inter Milano,Italy - Coppa Italia,Bet365,Anytime Goalscorer,Francesco Esposito,,,,2.625,,,,0.5,"{""label"": ""Francesco Esposito"", ""hdp"": 0.5, ""over"": ""2.625""}",2026-05-13T16:07:33.915Z
71019438,Football,2026-05-13 21:00,Lazio Rome,Inter Milano,Italy - Coppa Italia,Bet365,Anytime Goalscorer,Daniel Maldini,,,,4.000,,,,0.5,"{""label"": ""Daniel Maldini"", ""hdp"": 0.5, ""over"": ""4.000""}",2026-05-13T16:07:33.915Z
71019438,Football,2026-05-13 21:00,Lazio Rome,Inter Milano,Italy - Coppa Italia,Bet365,Anytime Goalscorer,Adrian Przyborek,,,,7.500,,,,0.5,"{""label"": ""Adrian Przyborek"", ""hdp"": 0.5, ""over"": ""7.500""}",2026-05-13T16:07:33.915Z
71019438,Football,2026-05-13 21:00,Lazio Rome,Inter Milano,Italy - Coppa Italia,Bet365,Anytime Goalscorer,Fisayo Dele-Bashiru,,,,7.500,,,,0.5,"{""label"": ""Fisayo Dele-Bashiru"", ""hdp"": 0.5, ""over"": ""7.500""}",2026-05-13T16:07:33.915Z
71019438,Football,2026-05-13 21:00,Lazio Rome,Inter Milano,Italy - Coppa Italia,Bet365,Anytime Goalscorer,Kenneth Taylor,,,,7.500,,,,0.5,"{""label"": ""Kenneth Taylor"", ""hdp"": 0.5, ""over"": ""7.500""}",2026-05-13T16:07:33.915Z
71019438,Football,2026-05-13 21:00,Lazio Rome,Inter Milano,Italy - Coppa Italia,Bet365,Anytime Goalscorer,Toma Basic,,,,7.500,,,,0.5,"{""label"": ""Toma Basic"", ""hdp"": 0.5, ""over"": ""7.500""}",2026-05-13T16:07:33.915Z
71019438,Football,2026-05-13 21:00,Lazio Rome,Inter Milano,Italy - Coppa Italia,Bet365,Anytime Goalscorer,Matteo Darmian,,,,9.000,,,,0.5,"{""label"": ""Matteo Darmian"", ""hdp"": 0.5, ""over"": ""9.000""}",2026-05-13T16:07:33.915Z
71019438,Football,2026-05-13 21:00,Lazio Rome,Inter Milano,Italy - Coppa Italia,Bet365,Anytime Goalscorer,Danilo Cataldi,,,,10.000,,,,0.5,"{""label"": ""Danilo Cataldi"", ""hdp"": 0.5, ""over"": ""10.000""}",2026-05-13T16:07:33.915Z
71019438,Football,2026-05-13 21:00,Lazio Rome,Inter Milano,Italy - Coppa Italia,Bet365,Anytime Goalscorer,Manuel Akanji,,,,10.000,,,,0.5,"{""label"": ""Manuel Akanji"", ""hdp"": 0.5, ""over"": ""10.000""}",2026-05-13T16:07:33.915Z
71019438,Football,2026-05-13 21:00,Lazio Rome,Inter Milano,Italy - Coppa Italia,Bet365,Anytime Goalscorer,Samuel Gigot,,,,10.000,,,,0.5,"{""label"": ""Samuel Gigot"", ""hdp"": 0.5, ""over"": ""10.000""}",2026-05-13T16:07:33.915Z
71019438,Football,2026-05-13 21:00,Lazio Rome,Inter Milano,Italy - Coppa Italia,Bet365,Corner Handicap,1 (2),1.833,,,,,,,2,"{""label"": ""1 (2)"", ""hdp"": 2, ""home"": ""1.833""}",2026-05-13T06:32:53.459Z
71019438,Football,2026-05-13 21:00,Lazio Rome,Inter Milano,Italy - Coppa Italia,Bet365,Corner Handicap,Tie (-2),,,2.300,,,,,-2,"{""label"": ""Tie (-2)"", ""hdp"": -2, ""away"": ""2.300""}",2026-05-13T06:32:53.459Z
71019438,Football,2026-05-13 21:00,Lazio Rome,Inter Milano,Italy - Coppa Italia,Bet365,Team Corners Home,,,,,1.833,1.833,,,3.5,"{""hdp"": 3.5, ""over"": ""1.833"", ""under"": ""1.833""}",2026-05-13T06:08:30.557Z
71019438,Football,2026-05-13 21:00,Lazio Rome,Inter Milano,Italy - Coppa Italia,Bet365,Alternative Goal Line,,,,,1.500,2.500,,,2,"{""hdp"": 2, ""over"": ""1.500"", ""under"": ""2.500""}",2026-05-13T14:35:22.987Z
71019438,Football,2026-05-13 21:00,Lazio Rome,Inter Milano,Italy - Coppa Italia,Bet365,Alternative Goal Line,,,,,2.750,1.425,,,3,"{""hdp"": 3, ""over"": ""2.750"", ""under"": ""1.425""}",2026-05-13T14:35:22.987Z
71019438,Football,2026-05-13 21:00,Lazio Rome,Inter Milano,Italy - Coppa Italia,Bet365,Alternative Goal Line,,,,,3.100,1.350,,,3.25,"{""hdp"": 3.25, ""over"": ""3.100"", ""under"": ""1.350""}",2026-05-13T14:35:22.987Z
71019438,Football,2026-05-13 21:00,Lazio Rome,Inter Milano,Italy - Coppa Italia,Bet365,Alternative Goal Line,,,,,3.450,1.300,,,3.5,"{""hdp"": 3.5, ""over"": ""3.450"", ""under"": ""1.300""}",2026-05-13T14:35:22.987Z
71019438,Football,2026-05-13 21:00,Lazio Rome,Inter Milano,Italy - Coppa Italia,Bet365,Alternative Goal Line,,,,,4.250,1.210,,,3.75,"{""hdp"": 3.75, ""over"": ""4.250"", ""under"": ""1.210""}",2026-05-13T14:35:22.987Z
71019438,Football,2026-05-13 21:00,Lazio Rome,Inter Milano,Italy - Coppa Italia,Bet365,Alternative Goal Line,,,,,1.190,4.500,,,1.25,"{""hdp"": 1.25, ""over"": ""1.190"", ""under"": ""4.500""}",2026-05-13T14:35:22.987Z
71019438,Football,2026-05-13 21:00,Lazio Rome,Inter Milano,Italy - Coppa Italia,Bet365,Alternative Goal Line,,,,,1.300,3.450,,,1.5,"{""hdp"": 1.5, ""over"": ""1.300"", ""under"": ""3.450""}",2026-05-13T14:35:22.987Z
71019438,Football,2026-05-13 21:00,Lazio Rome,Inter Milano,Italy - Coppa Italia,Bet365,Alternative Goal Line,,,,,1.375,3.000,,,1.75,"{""hdp"": 1.75, ""over"": ""1.375"", ""under"": ""3.000""}",2026-05-13T14:35:22.987Z
71019438,Football,2026-05-13 21:00,Lazio Rome,Inter Milano,Italy - Coppa Italia,Bet365,Alternative Goal Line,,,,,1.725,2.075,,,2.25,"{""hdp"": 2.25, ""over"": ""1.725"", ""under"": ""2.075""}",2026-05-13T14:35:22.987Z
71019438,Football,2026-05-13 21:00,Lazio Rome,Inter Milano,Italy - Coppa Italia,Bet365,Alternative Goal Line,,,,,2.250,1.625,,,2.75,"{""hdp"": 2.75, ""over"": ""2.250"", ""under"": ""1.625""}",2026-05-13T14:35:22.987Z
71019438,Football,2026-05-13 21:00,Lazio Rome,Inter Milano,Italy - Coppa Italia,Bet365,Alternative Goal Line,,,,,6.000,1.125,,,4,"{""hdp"": 4, ""over"": ""6.000"", ""under"": ""1.125""}",2026-05-13T14:35:22.987Z
71019438,Football,2026-05-13 21:00,Lazio Rome,Inter Milano,Italy - Coppa Italia,Bet365,Alternative Goal Line,,,,,6.400,1.115,,,4.25,"{""hdp"": 4.25, ""over"": ""6.400"", ""under"": ""1.115""}",2026-05-13T14:35:22.987Z
71019438,Football,2026-05-13 21:00,Lazio Rome,Inter Milano,Italy - Coppa Italia,Bet365,Alternative Goal Line,,,,,6.800,1.105,,,4.5,"{""hdp"": 4.5, ""over"": ""6.800"", ""under"": ""1.105""}",2026-05-13T14:35:22.987Z
71019438,Football,2026-05-13 21:00,Lazio Rome,Inter Milano,Italy - Coppa Italia,Bet365,Team Cards Away,,,,,2.250,1.571,,,2.5,"{""hdp"": 2.5, ""over"": ""2.250"", ""under"": ""1.571""}",2026-05-13T16:43:56.446Z
71019438,Football,2026-05-13 21:00,Lazio Rome,Inter Milano,Italy - Coppa Italia,Bet365,First 10 Minutes (00:00 - 09:59),Corners (Over) (0.5),,,,1.666,2.100,,,0.5,"{""label"": ""Corners (Over) (0.5)"", ""hdp"": 0.5, ""over"": ""1.666"", ""under"": ""2.100""}",2026-05-10T13:05:21.158Z
71019438,Football,2026-05-13 21:00,Lazio Rome,Inter Milano,Italy - Coppa Italia,Bet365,Corners 2-Way,,,,,1.666,2.100,,,8.5,"{""hdp"": 8.5, ""over"": ""1.666"", ""under"": ""2.100""}",2026-05-08T00:25:24.59Z
71019438,Football,2026-05-13 21:00,Lazio Rome,Inter Milano,Italy - Coppa Italia,Bet365,Team Goalscorer,Pedro (First),,,,6.000,,,,,"{""label"": ""Pedro (First)"", ""over"": ""6.000""}",2026-05-13T16:22:56.285Z
71019438,Football,2026-05-13 21:00,Lazio Rome,Inter Milano,Italy - Coppa Italia,Bet365,Team Goalscorer,Gustav Isaksen (First),,,,6.000,,,,,"{""label"": ""Gustav Isaksen (First)"", ""over"": ""6.000""}",2026-05-13T16:22:56.285Z
71019438,Football,2026-05-13 21:00,Lazio Rome,Inter Milano,Italy - Coppa Italia,Bet365,Team Goalscorer,Boulaye Dia (First),,,,6.000,,,,,"{""label"": ""Boulaye Dia (First)"", ""over"": ""6.000""}",2026-05-13T16:22:56.285Z
71019438,Football,2026-05-13 21:00,Lazio Rome,Inter Milano,Italy - Coppa Italia,Bet365,Team Goalscorer,Fisayo Dele-Bashiru (First),,,,9.000,,,,,"{""label"": ""Fisayo Dele-Bashiru (First)"", ""over"": ""9.000""}",2026-05-13T16:22:56.285Z
71019438,Football,2026-05-13 21:00,Lazio Rome,Inter Milano,Italy - Coppa Italia,Bet365,Team Goalscorer,Adrian Przyborek (First),,,,9.000,,,,,"{""label"": ""Adrian Przyborek (First)"", ""over"": ""9.000""}",2026-05-13T16:22:56.285Z
71019438,Football,2026-05-13 21:00,Lazio Rome,Inter Milano,Italy - Coppa Italia,Bet365,Team Goalscorer,Kenneth Taylor (First),,,,9.000,,,,,"{""label"": ""Kenneth Taylor (First)"", ""over"": ""9.000""}",2026-05-13T16:22:56.285Z
71019438,Football,2026-05-13 21:00,Lazio Rome,Inter Milano,Italy - Coppa Italia,Bet365,Team Goalscorer,Toma Basic (First),,,,9.000,,,,,"{""label"": ""Toma Basic (First)"", ""over"": ""9.000""}",2026-05-13T16:22:56.285Z
71019438,Football,2026-05-13 21:00,Lazio Rome,Inter Milano,Italy - Coppa Italia,Bet365,Team Goalscorer,Nuno Tavares (First),,,,15.000,,,,,"{""label"": ""Nuno Tavares (First)"", ""over"": ""15.000""}",2026-05-13T16:22:56.285Z
71019438,Football,2026-05-13 21:00,Lazio Rome,Inter Milano,Italy - Coppa Italia,Bet365,Team Goalscorer,Pedro (Last),,,,6.000,,,,,"{""label"": ""Pedro (Last)"", ""over"": ""6.000""}",2026-05-13T16:22:56.285Z
71019438,Football,2026-05-13 21:00,Lazio Rome,Inter Milano,Italy - Coppa Italia,Bet365,Team Goalscorer,Gustav Isaksen (Last),,,,6.000,,,,,"{""label"": ""Gustav Isaksen (Last)"", ""over"": ""6.000""}",2026-05-13T16:22:56.285Z
71019438,Football,2026-05-13 21:00,Lazio Rome,Inter Milano,Italy - Coppa Italia,Bet365,Team Goalscorer,Boulaye Dia (Last),,,,6.000,,,,,"{""label"": ""Boulaye Dia (Last)"", ""over"": ""6.000""}",2026-05-13T16:22:56.285Z
71019438,Football,2026-05-13 21:00,Lazio Rome,Inter Milano,Italy - Coppa Italia,Bet365,Team Goalscorer,Fisayo Dele-Bashiru (Last),,,,9.000,,,,,"{""label"": ""Fisayo Dele-Bashiru (Last)"", ""over"": ""9.000""}",2026-05-13T16:22:56.285Z
71019438,Football,2026-05-13 21:00,Lazio Rome,Inter Milano,Italy - Coppa Italia,Bet365,Team Goalscorer,Adrian Przyborek (Last),,,,9.000,,,,,"{""label"": ""Adrian Przyborek (Last)"", ""over"": ""9.000""}",2026-05-13T16:22:56.285Z
71019438,Football,2026-05-13 21:00,Lazio Rome,Inter Milano,Italy - Coppa Italia,Bet365,Team Goalscorer,Kenneth Taylor (Last),,,,9.000,,,,,"{""label"": ""Kenneth Taylor (Last)"", ""over"": ""9.000""}",2026-05-13T16:22:56.285Z
71019438,Football,2026-05-13 21:00,Lazio Rome,Inter Milano,Italy - Coppa Italia,Bet365,Team Goalscorer,Toma Basic (Last),,,,9.000,,,,,"{""label"": ""Toma Basic (Last)"", ""over"": ""9.000""}",2026-05-13T16:22:56.285Z
71019438,Football,2026-05-13 21:00,Lazio Rome,Inter Milano,Italy - Coppa Italia,Bet365,Team Goalscorer,Nuno Tavares (Last),,,,15.000,,,,,"{""label"": ""Nuno Tavares (Last)"", ""over"": ""15.000""}",2026-05-13T16:22:56.285Z
71019438,Football,2026-05-13 21:00,Lazio Rome,Inter Milano,Italy - Coppa Italia,Bet365,Team Goalscorer,Samuel Gigot (First),,,,13.000,,,,,"{""label"": ""Samuel Gigot (First)"", ""over"": ""13.000""}",2026-05-13T16:22:56.285Z
71019438,Football,2026-05-13 21:00,Lazio Rome,Inter Milano,Italy - Coppa Italia,Bet365,Team Goalscorer,Danilo Cataldi (First),,,,13.000,,,,,"{""label"": ""Danilo Cataldi (First)"", ""over"": ""13.000""}",2026-05-13T16:22:56.285Z
71019438,Football,2026-05-13 21:00,Lazio Rome,Inter Milano,Italy - Coppa Italia,Bet365,Team Goalscorer,Gabarron Patric Gil (First),,,,21.000,,,,,"{""label"": ""Gabarron Patric Gil (First)"", ""over"": ""21.000""}",2026-05-13T16:22:56.285Z
71019438,Football,2026-05-13 21:00,Lazio Rome,Inter Milano,Italy - Coppa Italia,Bet365,Team Goalscorer,Manuel Lazzari (First),,,,21.000,,,,,"{""label"": ""Manuel Lazzari (First)"", ""over"": ""21.000""}",2026-05-13T16:22:56.285Z
71019438,Football,2026-05-13 21:00,Lazio Rome,Inter Milano,Italy - Coppa Italia,Bet365,Team Goalscorer,Adam Marusic (First),,,,21.000,,,,,"{""label"": ""Adam Marusic (First)"", ""over"": ""21.000""}",2026-05-13T16:22:56.285Z
71019438,Football,2026-05-13 21:00,Lazio Rome,Inter Milano,Italy - Coppa Italia,Bet365,Team Goalscorer,Samuel Gigot (Last),,,,13.000,,,,,"{""label"": ""Samuel Gigot (Last)"", ""over"": ""13.000""}",2026-05-13T16:22:56.285Z
71019438,Football,2026-05-13 21:00,Lazio Rome,Inter Milano,Italy - Coppa Italia,Bet365,Team Goalscorer,Danilo Cataldi (Last),,,,13.000,,,,,"{""label"": ""Danilo Cataldi (Last)"", ""over"": ""13.000""}",2026-05-13T16:22:56.285Z
71019438,Football,2026-05-13 21:00,Lazio Rome,Inter Milano,Italy - Coppa Italia,Bet365,Team Goalscorer,Gabarron Patric Gil (Last),,,,21.000,,,,,"{""label"": ""Gabarron Patric Gil (Last)"", ""over"": ""21.000""}",2026-05-13T16:22:56.285Z
71019438,Football,2026-05-13 21:00,Lazio Rome,Inter Milano,Italy - Coppa Italia,Bet365,Team Goalscorer,Manuel Lazzari (Last),,,,21.000,,,,,"{""label"": ""Manuel Lazzari (Last)"", ""over"": ""21.000""}",2026-05-13T16:22:56.285Z
71019438,Football,2026-05-13 21:00,Lazio Rome,Inter Milano,Italy - Coppa Italia,Bet365,Team Goalscorer,Adam Marusic (Last),,,,21.000,,,,,"{""label"": ""Adam Marusic (Last)"", ""over"": ""21.000""}",2026-05-13T16:22:56.285Z
71019438,Football,2026-05-13 21:00,Lazio Rome,Inter Milano,Italy - Coppa Italia,Bet365,Team Goalscorer,Marcus Thuram (First),,,,3.600,,,,,"{""label"": ""Marcus Thuram (First)"", ""over"": ""3.600""}",2026-05-13T16:22:56.285Z
71019438,Football,2026-05-13 21:00,Lazio Rome,Inter Milano,Italy - Coppa Italia,Bet365,Team Goalscorer,Petar Sucic (First),,,,9.500,,,,,"{""label"": ""Petar Sucic (First)"", ""over"": ""9.500""}",2026-05-13T16:22:56.285Z
71019438,Football,2026-05-13 21:00,Lazio Rome,Inter Milano,Italy - Coppa Italia,Bet365,Team Goalscorer,Nicolo Barella (First),,,,9.500,,,,,"{""label"": ""Nicolo Barella (First)"", ""over"": ""9.500""}",2026-05-13T16:22:56.285Z
71019438,Football,2026-05-13 21:00,Lazio Rome,Inter Milano,Italy - Coppa Italia,Bet365,Team Goalscorer,Marcus Thuram (Last),,,,3.600,,,,,"{""label"": ""Marcus Thuram (Last)"", ""over"": ""3.600""}",2026-05-13T16:22:56.285Z
71019438,Football,2026-05-13 21:00,Lazio Rome,Inter Milano,Italy - Coppa Italia,Bet365,Team Goalscorer,Petar Sucic (Last),,,,9.500,,,,,"{""label"": ""Petar Sucic (Last)"", ""over"": ""9.500""}",2026-05-13T16:22:56.285Z
71019438,Football,2026-05-13 21:00,Lazio Rome,Inter Milano,Italy - Coppa Italia,Bet365,Team Goalscorer,Nicolo Barella (Last),,,,9.500,,,,,"{""label"": ""Nicolo Barella (Last)"", ""over"": ""9.500""}",2026-05-13T16:22:56.285Z
71019438,Football,2026-05-13 21:00,Lazio Rome,Inter Milano,Italy - Coppa Italia,Bet365,Team Goalscorer,Daniel Maldini (First),,,,5.000,,,,,"{""label"": ""Daniel Maldini (First)"", ""over"": ""5.000""}",2026-05-13T16:22:56.285Z
71019438,Football,2026-05-13 21:00,Lazio Rome,Inter Milano,Italy - Coppa Italia,Bet365,Team Goalscorer,Matteo Cancellieri (First),,,,6.500,,,,,"{""label"": ""Matteo Cancellieri (First)"", ""over"": ""6.500""}",2026-05-13T16:22:56.285Z
71019438,Football,2026-05-13 21:00,Lazio Rome,Inter Milano,Italy - Coppa Italia,Bet365,Team Goalscorer,Oliver Provstgaard (First),,,,23.000,,,,,"{""label"": ""Oliver Provstgaard (First)"", ""over"": ""23.000""}",2026-05-13T16:22:56.285Z
71019438,Football,2026-05-13 21:00,Lazio Rome,Inter Milano,Italy - Coppa Italia,Bet365,Team Goalscorer,Luca Pellegrini (First),,,,23.000,,,,,"{""label"": ""Luca Pellegrini (First)"", ""over"": ""23.000""}",2026-05-13T16:22:56.285Z
71019438,Football,2026-05-13 21:00,Lazio Rome,Inter Milano,Italy - Coppa Italia,Bet365,Team Goalscorer,Daniel Maldini (Last),,,,5.000,,,,,"{""label"": ""Daniel Maldini (Last)"", ""over"": ""5.000""}",2026-05-13T16:22:56.285Z
71019438,Football,2026-05-13 21:00,Lazio Rome,Inter Milano,Italy - Coppa Italia,Bet365,Team Goalscorer,Matteo Cancellieri (Last),,,,6.500,,,,,"{""label"": ""Matteo Cancellieri (Last)"", ""over"": ""6.500""}",2026-05-13T16:22:56.285Z
71019438,Football,2026-05-13 21:00,Lazio Rome,Inter Milano,Italy - Coppa Italia,Bet365,Team Goalscorer,Oliver Provstgaard (Last),,,,23.000,,,,,"{""label"": ""Oliver Provstgaard (Last)"", ""over"": ""23.000""}",2026-05-13T16:22:56.285Z
71019438,Football,2026-05-13 21:00,Lazio Rome,Inter Milano,Italy - Coppa Italia,Bet365,Team Goalscorer,Luca Pellegrini (Last),,,,23.000,,,,,"{""label"": ""Luca Pellegrini (Last)"", ""over"": ""23.000""}",2026-05-13T16:22:56.285Z
71019438,Football,2026-05-13 21:00,Lazio Rome,Inter Milano,Italy - Coppa Italia,Bet365,Team Goalscorer,Mario Gila (First),,,,26.000,,,,,"{""label"": ""Mario Gila (First)"", ""over"": ""26.000""}",2026-05-13T16:22:56.285Z
71019438,Football,2026-05-13 21:00,Lazio Rome,Inter Milano,Italy - Coppa Italia,Bet365,Team Goalscorer,Mario Gila (Last),,,,26.000,,,,,"{""label"": ""Mario Gila (Last)"", ""over"": ""26.000""}",2026-05-13T16:22:56.285Z
71019438,Football,2026-05-13 21:00,Lazio Rome,Inter Milano,Italy - Coppa Italia,Bet365,Team Goalscorer,Alessio Romagnoli (First),,,,29.000,,,,,"{""label"": ""Alessio Romagnoli (First)"", ""over"": ""29.000""}",2026-05-13T16:22:56.285Z
71019438,Football,2026-05-13 21:00,Lazio Rome,Inter Milano,Italy - Coppa Italia,Bet365,Team Goalscorer,Elseid Hysaj (First),,,,41.000,,,,,"{""label"": ""Elseid Hysaj (First)"", ""over"": ""41.000""}",2026-05-13T16:22:56.285Z
71019438,Football,2026-05-13 21:00,Lazio Rome,Inter Milano,Italy - Coppa Italia,Bet365,Team Goalscorer,Alessio Romagnoli (Last),,,,29.000,,,,,"{""label"": ""Alessio Romagnoli (Last)"", ""over"": ""29.000""}",2026-05-13T16:22:56.285Z
71019438,Football,2026-05-13 21:00,Lazio Rome,Inter Milano,Italy - Coppa Italia,Bet365,Team Goalscorer,Elseid Hysaj (Last),,,,41.000,,,,,"{""label"": ""Elseid Hysaj (Last)"", ""over"": ""41.000""}",2026-05-13T16:22:56.285Z
71019438,Football,2026-05-13 21:00,Lazio Rome,Inter Milano,Italy - Coppa Italia,Bet365,Team Goalscorer,Mattia Mosconi (First),,,,5.000,,,,,"{""label"": ""Mattia Mosconi (First)"", ""over"": ""5.000""}",2026-05-13T16:22:56.285Z
71019438,Football,2026-05-13 21:00,Lazio Rome,Inter Milano,Italy - Coppa Italia,Bet365,Team Goalscorer,Davide Frattesi (First),,,,6.500,,,,,"{""label"": ""Davide Frattesi (First)"", ""over"": ""6.500""}",2026-05-13T16:22:56.285Z
71019438,Football,2026-05-13 21:00,Lazio Rome,Inter Milano,Italy - Coppa Italia,Bet365,Team Goalscorer,Hakan Calhanoglu (First),,,,7.500,,,,,"{""label"": ""Hakan Calhanoglu (First)"", ""over"": ""7.500""}",2026-05-13T16:22:56.285Z
71019438,Football,2026-05-13 21:00,Lazio Rome,Inter Milano,Italy - Coppa Italia,Bet365,Team Goalscorer,Piotr Zielinski (First),,,,7.500,,,,,"{""label"": ""Piotr Zielinski (First)"", ""over"": ""7.500""}",2026-05-13T16:22:56.285Z
71019438,Football,2026-05-13 21:00,Lazio Rome,Inter Milano,Italy - Coppa Italia,Bet365,Team Goalscorer,Luis Henrique de Lima (First),,,,7.500,,,,,"{""label"": ""Luis Henrique de Lima (First)"", ""over"": ""7.500""}",2026-05-13T16:22:56.285Z
71019438,Football,2026-05-13 21:00,Lazio Rome,Inter Milano,Italy - Coppa Italia,Bet365,Team Goalscorer,Henrikh Mkhitaryan (First),,,,7.500,,,,,"{""label"": ""Henrikh Mkhitaryan (First)"", ""over"": ""7.500""}",2026-05-13T16:22:56.285Z
71019438,Football,2026-05-13 21:00,Lazio Rome,Inter Milano,Italy - Coppa Italia,Bet365,Team Goalscorer,Carlos Augusto (First),,,,11.000,,,,,"{""label"": ""Carlos Augusto (First)"", ""over"": ""11.000""}",2026-05-13T16:22:56.285Z
71019438,Football,2026-05-13 21:00,Lazio Rome,Inter Milano,Italy - Coppa Italia,Bet365,Team Goalscorer,Matteo Darmian (First),,,,15.000,,,,,"{""label"": ""Matteo Darmian (First)"", ""over"": ""15.000""}",2026-05-13T16:22:56.285Z
71019438,Football,2026-05-13 21:00,Lazio Rome,Inter Milano,Italy - Coppa Italia,Bet365,Team Goalscorer,Manuel Akanji (First),,,,17.000,,,,,"{""label"": ""Manuel Akanji (First)"", ""over"": ""17.000""}",2026-05-13T16:22:56.285Z
71019438,Football,2026-05-13 21:00,Lazio Rome,Inter Milano,Italy - Coppa Italia,Bet365,Team Goalscorer,Francesco Acerbi (First),,,,23.000,,,,,"{""label"": ""Francesco Acerbi (First)"", ""over"": ""23.000""}",2026-05-13T16:22:56.285Z
71019438,Football,2026-05-13 21:00,Lazio Rome,Inter Milano,Italy - Coppa Italia,Bet365,Team Goalscorer,Stefan de Vrij (First),,,,26.000,,,,,"{""label"": ""Stefan de Vrij (First)"", ""over"": ""26.000""}",2026-05-13T16:22:56.285Z
71019438,Football,2026-05-13 21:00,Lazio Rome,Inter Milano,Italy - Coppa Italia,Bet365,Team Goalscorer,Mattia Mosconi (Last),,,,5.000,,,,,"{""label"": ""Mattia Mosconi (Last)"", ""over"": ""5.000""}",2026-05-13T16:22:56.285Z
71019438,Football,2026-05-13 21:00,Lazio Rome,Inter Milano,Italy - Coppa Italia,Bet365,Team Goalscorer,Davide Frattesi (Last),,,,6.500,,,,,"{""label"": ""Davide Frattesi (Last)"", ""over"": ""6.500""}",2026-05-13T16:22:56.285Z
71019438,Football,2026-05-13 21:00,Lazio Rome,Inter Milano,Italy - Coppa Italia,Bet365,Team Goalscorer,Hakan Calhanoglu (Last),,,,7.500,,,,,"{""label"": ""Hakan Calhanoglu (Last)"", ""over"": ""7.500""}",2026-05-13T16:22:56.285Z
71019438,Football,2026-05-13 21:00,Lazio Rome,Inter Milano,Italy - Coppa Italia,Bet365,Team Goalscorer,Piotr Zielinski (Last),,,,7.500,,,,,"{""label"": ""Piotr Zielinski (Last)"", ""over"": ""7.500""}",2026-05-13T16:22:56.285Z
71019438,Football,2026-05-13 21:00,Lazio Rome,Inter Milano,Italy - Coppa Italia,Bet365,Team Goalscorer,Luis Henrique de Lima (Last),,,,7.500,,,,,"{""label"": ""Luis Henrique de Lima (Last)"", ""over"": ""7.500""}",2026-05-13T16:22:56.285Z
71019438,Football,2026-05-13 21:00,Lazio Rome,Inter Milano,Italy - Coppa Italia,Bet365,Team Goalscorer,Henrikh Mkhitaryan (Last),,,,7.500,,,,,"{""label"": ""Henrikh Mkhitaryan (Last)"", ""over"": ""7.500""}",2026-05-13T16:22:56.285Z
71019438,Football,2026-05-13 21:00,Lazio Rome,Inter Milano,Italy - Coppa Italia,Bet365,Team Goalscorer,Carlos Augusto (Last),,,,11.000,,,,,"{""label"": ""Carlos Augusto (Last)"", ""over"": ""11.000""}",2026-05-13T16:22:56.285Z
71019438,Football,2026-05-13 21:00,Lazio Rome,Inter Milano,Italy - Coppa Italia,Bet365,Team Goalscorer,Matteo Darmian (Last),,,,15.000,,,,,"{""label"": ""Matteo Darmian (Last)"", ""over"": ""15.000""}",2026-05-13T16:22:56.285Z
71019438,Football,2026-05-13 21:00,Lazio Rome,Inter Milano,Italy - Coppa Italia,Bet365,Team Goalscorer,Manuel Akanji (Last),,,,17.000,,,,,"{""label"": ""Manuel Akanji (Last)"", ""over"": ""17.000""}",2026-05-13T16:22:56.285Z
71019438,Football,2026-05-13 21:00,Lazio Rome,Inter Milano,Italy - Coppa Italia,Bet365,Team Goalscorer,Francesco Acerbi (Last),,,,23.000,,,,,"{""label"": ""Francesco Acerbi (Last)"", ""over"": ""23.000""}",2026-05-13T16:22:56.285Z
71019438,Football,2026-05-13 21:00,Lazio Rome,Inter Milano,Italy - Coppa Italia,Bet365,Team Goalscorer,Stefan de Vrij (Last),,,,26.000,,,,,"{""label"": ""Stefan de Vrij (Last)"", ""over"": ""26.000""}",2026-05-13T16:22:56.285Z
71019438,Football,2026-05-13 21:00,Lazio Rome,Inter Milano,Italy - Coppa Italia,Bet365,Team Goalscorer,Petar Ratkov (First),,,,4.750,,,,,"{""label"": ""Petar Ratkov (First)"", ""over"": ""4.750""}",2026-05-13T16:22:56.285Z
71019438,Football,2026-05-13 21:00,Lazio Rome,Inter Milano,Italy - Coppa Italia,Bet365,Team Goalscorer,Tijjani Noslin (First),,,,7.000,,,,,"{""label"": ""Tijjani Noslin (First)"", ""over"": ""7.000""}",2026-05-13T16:22:56.285Z
71019438,Football,2026-05-13 21:00,Lazio Rome,Inter Milano,Italy - Coppa Italia,Bet365,Team Goalscorer,Mattia Zaccagni (First),,,,7.000,,,,,"{""label"": ""Mattia Zaccagni (First)"", ""over"": ""7.000""}",2026-05-13T16:22:56.285Z
71019438,Football,2026-05-13 21:00,Lazio Rome,Inter Milano,Italy - Coppa Italia,Bet365,Team Goalscorer,Nicolo Rovella (First),,,,17.000,,,,,"{""label"": ""Nicolo Rovella (First)"", ""over"": ""17.000""}",2026-05-13T16:22:56.285Z
71019438,Football,2026-05-13 21:00,Lazio Rome,Inter Milano,Italy - Coppa Italia,Bet365,Team Goalscorer,Reda Belahyane (First),,,,19.000,,,,,"{""label"": ""Reda Belahyane (First)"", ""over"": ""19.000""}",2026-05-13T16:22:56.285Z
71019438,Football,2026-05-13 21:00,Lazio Rome,Inter Milano,Italy - Coppa Italia,Bet365,Team Goalscorer,No Goalscorer (Lazio) (First),,,,2.200,,,,,"{""label"": ""No Goalscorer (Lazio) (First)"", ""over"": ""2.200""}",2026-05-13T16:22:56.285Z
71019438,Football,2026-05-13 21:00,Lazio Rome,Inter Milano,Italy - Coppa Italia,Bet365,Team Goalscorer,Petar Ratkov (Last),,,,4.750,,,,,"{""label"": ""Petar Ratkov (Last)"", ""over"": ""4.750""}",2026-05-13T16:22:56.285Z
71019438,Football,2026-05-13 21:00,Lazio Rome,Inter Milano,Italy - Coppa Italia,Bet365,Team Goalscorer,Tijjani Noslin (Last),,,,7.000,,,,,"{""label"": ""Tijjani Noslin (Last)"", ""over"": ""7.000""}",2026-05-13T16:22:56.285Z
71019438,Football,2026-05-13 21:00,Lazio Rome,Inter Milano,Italy - Coppa Italia,Bet365,Team Goalscorer,Mattia Zaccagni (Last),,,,7.000,,,,,"{""label"": ""Mattia Zaccagni (Last)"", ""over"": ""7.000""}",2026-05-13T16:22:56.285Z
71019438,Football,2026-05-13 21:00,Lazio Rome,Inter Milano,Italy - Coppa Italia,Bet365,Team Goalscorer,Nicolo Rovella (Last),,,,17.000,,,,,"{""label"": ""Nicolo Rovella (Last)"", ""over"": ""17.000""}",2026-05-13T16:22:56.285Z
71019438,Football,2026-05-13 21:00,Lazio Rome,Inter Milano,Italy - Coppa Italia,Bet365,Team Goalscorer,Reda Belahyane (Last),,,,19.000,,,,,"{""label"": ""Reda Belahyane (Last)"", ""over"": ""19.000""}",2026-05-13T16:22:56.285Z
71019438,Football,2026-05-13 21:00,Lazio Rome,Inter Milano,Italy - Coppa Italia,Bet365,Team Goalscorer,No Goalscorer (Lazio) (Last),,,,2.200,,,,,"{""label"": ""No Goalscorer (Lazio) (Last)"", ""over"": ""2.200""}",2026-05-13T16:22:56.285Z
71019438,Football,2026-05-13 21:00,Lazio Rome,Inter Milano,Italy - Coppa Italia,Bet365,Team Goalscorer,Ange Bonny (First),,,,3.750,,,,,"{""label"": ""Ange Bonny (First)"", ""over"": ""3.750""}",2026-05-13T16:22:56.285Z
71019438,Football,2026-05-13 21:00,Lazio Rome,Inter Milano,Italy - Coppa Italia,Bet365,Team Goalscorer,Francesco Esposito (First),,,,3.750,,,,,"{""label"": ""Francesco Esposito (First)"", ""over"": ""3.750""}",2026-05-13T16:22:56.285Z
71019438,Football,2026-05-13 21:00,Lazio Rome,Inter Milano,Italy - Coppa Italia,Bet365,Team Goalscorer,Ange Bonny (Last),,,,3.750,,,,,"{""label"": ""Ange Bonny (Last)"", ""over"": ""3.750""}",2026-05-13T16:22:56.285Z
71019438,Football,2026-05-13 21:00,Lazio Rome,Inter Milano,Italy - Coppa Italia,Bet365,Team Goalscorer,Francesco Esposito (Last),,,,3.750,,,,,"{""label"": ""Francesco Esposito (Last)"", ""over"": ""3.750""}",2026-05-13T16:22:56.285Z
71019438,Football,2026-05-13 21:00,Lazio Rome,Inter Milano,Italy - Coppa Italia,Bet365,Team Goalscorer,Denzel Dumfries (First),,,,8.500,,,,,"{""label"": ""Denzel Dumfries (First)"", ""over"": ""8.500""}",2026-05-13T16:22:56.285Z
71019438,Football,2026-05-13 21:00,Lazio Rome,Inter Milano,Italy - Coppa Italia,Bet365,Team Goalscorer,Andy Diouf (First),,,,8.500,,,,,"{""label"": ""Andy Diouf (First)"", ""over"": ""8.500""}",2026-05-13T16:22:56.285Z
71019438,Football,2026-05-13 21:00,Lazio Rome,Inter Milano,Italy - Coppa Italia,Bet365,Team Goalscorer,Federico Dimarco (First),,,,8.500,,,,,"{""label"": ""Federico Dimarco (First)"", ""over"": ""8.500""}",2026-05-13T16:22:56.285Z
71019438,Football,2026-05-13 21:00,Lazio Rome,Inter Milano,Italy - Coppa Italia,Bet365,Team Goalscorer,Matteo Cocchi (First),,,,13.000,,,,,"{""label"": ""Matteo Cocchi (First)"", ""over"": ""13.000""}",2026-05-13T16:22:56.285Z
71019438,Football,2026-05-13 21:00,Lazio Rome,Inter Milano,Italy - Coppa Italia,Bet365,Team Goalscorer,Alessandro Bastoni (First),,,,15.000,,,,,"{""label"": ""Alessandro Bastoni (First)"", ""over"": ""15.000""}",2026-05-13T16:22:56.285Z
71019438,Football,2026-05-13 21:00,Lazio Rome,Inter Milano,Italy - Coppa Italia,Bet365,Team Goalscorer,Yann Aurel Bisseck (First),,,,15.000,,,,,"{""label"": ""Yann Aurel Bisseck (First)"", ""over"": ""15.000""}",2026-05-13T16:22:56.285Z
71019438,Football,2026-05-13 21:00,Lazio Rome,Inter Milano,Italy - Coppa Italia,Bet365,Team Goalscorer,Denzel Dumfries (Last),,,,8.500,,,,,"{""label"": ""Denzel Dumfries (Last)"", ""over"": ""8.500""}",2026-05-13T16:22:56.285Z
71019438,Football,2026-05-13 21:00,Lazio Rome,Inter Milano,Italy - Coppa Italia,Bet365,Team Goalscorer,Andy Diouf (Last),,,,8.500,,,,,"{""label"": ""Andy Diouf (Last)"", ""over"": ""8.500""}",2026-05-13T16:22:56.285Z
71019438,Football,2026-05-13 21:00,Lazio Rome,Inter Milano,Italy - Coppa Italia,Bet365,Team Goalscorer,Federico Dimarco (Last),,,,8.500,,,,,"{""label"": ""Federico Dimarco (Last)"", ""over"": ""8.500""}",2026-05-13T16:22:56.285Z
71019438,Football,2026-05-13 21:00,Lazio Rome,Inter Milano,Italy - Coppa Italia,Bet365,Team Goalscorer,Matteo Cocchi (Last),,,,13.000,,,,,"{""label"": ""Matteo Cocchi (Last)"", ""over"": ""13.000""}",2026-05-13T16:22:56.285Z
71019438,Football,2026-05-13 21:00,Lazio Rome,Inter Milano,Italy - Coppa Italia,Bet365,Team Goalscorer,Alessandro Bastoni (Last),,,,15.000,,,,,"{""label"": ""Alessandro Bastoni (Last)"", ""over"": ""15.000""}",2026-05-13T16:22:56.285Z
71019438,Football,2026-05-13 21:00,Lazio Rome,Inter Milano,Italy - Coppa Italia,Bet365,Team Goalscorer,Yann Aurel Bisseck (Last),,,,15.000,,,,,"{""label"": ""Yann Aurel Bisseck (Last)"", ""over"": ""15.000""}",2026-05-13T16:22:56.285Z
71019438,Football,2026-05-13 21:00,Lazio Rome,Inter Milano,Italy - Coppa Italia,Bet365,Team Goalscorer,Lautaro Martinez (First),,,,3.400,,,,,"{""label"": ""Lautaro Martinez (First)"", ""over"": ""3.400""}",2026-05-13T16:22:56.285Z
71019438,Football,2026-05-13 21:00,Lazio Rome,Inter Milano,Italy - Coppa Italia,Bet365,Team Goalscorer,No Goalscorer (Inter Milan) (First),,,,5.000,,,,,"{""label"": ""No Goalscorer (Inter Milan) (First)"", ""over"": ""5.000""}",2026-05-13T16:22:56.285Z
71019438,Football,2026-05-13 21:00,Lazio Rome,Inter Milano,Italy - Coppa Italia,Bet365,Team Goalscorer,Lautaro Martinez (Last),,,,3.400,,,,,"{""label"": ""Lautaro Martinez (Last)"", ""over"": ""3.400""}",2026-05-13T16:22:56.285Z
71019438,Football,2026-05-13 21:00,Lazio Rome,Inter Milano,Italy - Coppa Italia,Bet365,Team Goalscorer,No Goalscorer (Inter Milan) (Last),,,,5.000,,,,,"{""label"": ""No Goalscorer (Inter Milan) (Last)"", ""over"": ""5.000""}",2026-05-13T16:22:56.285Z
71019438,Football,2026-05-13 21:00,Lazio Rome,Inter Milano,Italy - Coppa Italia,Bet365,Alternative Corners,,,,,1.040,26.000,,,4,"{""hdp"": 4, ""over"": ""1.040"", ""under"": ""26.000""}",2026-05-08T03:17:34.491Z
71019438,Football,2026-05-13 21:00,Lazio Rome,Inter Milano,Italy - Coppa Italia,Bet365,Alternative Corners,,,,,1.100,13.000,,,5,"{""hdp"": 5, ""over"": ""1.100"", ""under"": ""13.000""}",2026-05-08T03:17:34.491Z
71019438,Football,2026-05-13 21:00,Lazio Rome,Inter Milano,Italy - Coppa Italia,Bet365,Alternative Corners,,,,,1.200,7.000,,,6,"{""hdp"": 6, ""over"": ""1.200"", ""under"": ""7.000""}",2026-05-08T03:17:34.491Z
71019438,Football,2026-05-13 21:00,Lazio Rome,Inter Milano,Italy - Coppa Italia,Bet365,Alternative Corners,,,,,1.400,4.333,,,7,"{""hdp"": 7, ""over"": ""1.400"", ""under"": ""4.333""}",2026-05-08T03:17:34.491Z
71019438,Football,2026-05-13 21:00,Lazio Rome,Inter Milano,Italy - Coppa Italia,Bet365,Alternative Corners,,,,,1.666,2.750,,,8,"{""hdp"": 8, ""over"": ""1.666"", ""under"": ""2.750""}",2026-05-08T03:17:34.491Z
71019438,Football,2026-05-13 21:00,Lazio Rome,Inter Milano,Italy - Coppa Italia,Bet365,Alternative Corners,,,,,2.750,1.666,,,10,"{""hdp"": 10, ""over"": ""2.750"", ""under"": ""1.666""}",2026-05-08T03:17:34.491Z
71019438,Football,2026-05-13 21:00,Lazio Rome,Inter Milano,Italy - Coppa Italia,Bet365,Alternative Corners,,,,,4.000,1.400,,,11,"{""hdp"": 11, ""over"": ""4.000"", ""under"": ""1.400""}",2026-05-08T03:17:34.491Z
71019438,Football,2026-05-13 21:00,Lazio Rome,Inter Milano,Italy - Coppa Italia,Bet365,Alternative Corners,,,,,6.000,1.222,,,12,"{""hdp"": 12, ""over"": ""6.000"", ""under"": ""1.222""}",2026-05-08T03:17:34.491Z
71019438,Football,2026-05-13 21:00,Lazio Rome,Inter Milano,Italy - Coppa Italia,Bet365,Alternative Corners,,,,,9.000,1.125,,,13,"{""hdp"": 13, ""over"": ""9.000"", ""under"": ""1.125""}",2026-05-08T03:17:34.491Z
71019438,Football,2026-05-13 21:00,Lazio Rome,Inter Milano,Italy - Coppa Italia,Bet365,Alternative Corners,,,,,13.000,1.071,,,14,"{""hdp"": 14, ""over"": ""13.000"", ""under"": ""1.071""}",2026-05-08T03:17:34.491Z
71019438,Football,2026-05-13 21:00,Lazio Rome,Inter Milano,Italy - Coppa Italia,Bet365,Alternative Corners,,,,,17.000,1.035,,,15,"{""hdp"": 15, ""over"": ""17.000"", ""under"": ""1.035""}",2026-05-08T03:17:34.491Z
71019438,Football,2026-05-13 21:00,Lazio Rome,Inter Milano,Italy - Coppa Italia,Bet365,Alternative Corners,,,,,23.000,1.020,,,16,"{""hdp"": 16, ""over"": ""23.000"", ""under"": ""1.020""}",2026-05-08T03:17:34.491Z
71019438,Football,2026-05-13 21:00,Lazio Rome,Inter Milano,Italy - Coppa Italia,Bet365,Corners,,,,,2.100,2.100,,,9,"{""hdp"": 9, ""over"": ""2.100"", ""under"": ""2.100""}",2026-05-08T00:25:24.59Z
71019438,Football,2026-05-13 21:00,Lazio Rome,Inter Milano,Italy - Coppa Italia,Bet365,1st Half Handicap,1 (1),1.571,,,,,,,1,"{""label"": ""1 (1)"", ""hdp"": 1, ""home"": ""1.571""}",2026-05-13T17:04:49.618Z
71019438,Football,2026-05-13 21:00,Lazio Rome,Inter Milano,Italy - Coppa Italia,Bet365,1st Half Handicap,Tie (-1),,,6.500,,,,,-1,"{""label"": ""Tie (-1)"", ""hdp"": -1, ""away"": ""6.500""}",2026-05-13T17:04:49.618Z
71019438,Football,2026-05-13 21:00,Lazio Rome,Inter Milano,Italy - Coppa Italia,Bet365,Player Fouls Committed,Adrian Przyborek (1),,,,1.333,,,,0.5,"{""label"": ""Adrian Przyborek (1)"", ""hdp"": 0.5, ""over"": ""1.333""}",2026-05-13T13:50:30.156Z
71019438,Football,2026-05-13 21:00,Lazio Rome,Inter Milano,Italy - Coppa Italia,Bet365,Player Fouls Committed,Alessio Romagnoli (1),,,,1.500,,,,0.5,"{""label"": ""Alessio Romagnoli (1)"", ""hdp"": 0.5, ""over"": ""1.500""}",2026-05-13T13:50:30.156Z
71019438,Football,2026-05-13 21:00,Lazio Rome,Inter Milano,Italy - Coppa Italia,Bet365,Player Fouls Committed,Boulaye Dia (1),,,,1.285,,,,0.5,"{""label"": ""Boulaye Dia (1)"", ""hdp"": 0.5, ""over"": ""1.285""}",2026-05-13T13:50:30.156Z
71019438,Football,2026-05-13 21:00,Lazio Rome,Inter Milano,Italy - Coppa Italia,Bet365,Player Fouls Committed,Daniel Maldini (1),,,,1.333,,,,0.5,"{""label"": ""Daniel Maldini (1)"", ""hdp"": 0.5, ""over"": ""1.333""}",2026-05-13T13:50:30.156Z
71019438,Football,2026-05-13 21:00,Lazio Rome,Inter Milano,Italy - Coppa Italia,Bet365,Player Fouls Committed,Danilo Cataldi (1),,,,1.333,,,,0.5,"{""label"": ""Danilo Cataldi (1)"", ""hdp"": 0.5, ""over"": ""1.333""}",2026-05-13T13:50:30.156Z
71019438,Football,2026-05-13 21:00,Lazio Rome,Inter Milano,Italy - Coppa Italia,Bet365,Player Fouls Committed,Elseid Hysaj (1),,,,1.533,,,,0.5,"{""label"": ""Elseid Hysaj (1)"", ""hdp"": 0.5, ""over"": ""1.533""}",2026-05-13T13:50:30.156Z
71019438,Football,2026-05-13 21:00,Lazio Rome,Inter Milano,Italy - Coppa Italia,Bet365,Player Fouls Committed,Fisayo Dele-Bashiru (1),,,,1.444,,,,0.5,"{""label"": ""Fisayo Dele-Bashiru (1)"", ""hdp"": 0.5, ""over"": ""1.444""}",2026-05-13T13:50:30.156Z
71019438,Football,2026-05-13 21:00,Lazio Rome,Inter Milano,Italy - Coppa Italia,Bet365,Player Fouls Committed,Gabarron Patric Gil (1),,,,1.533,,,,0.5,"{""label"": ""Gabarron Patric Gil (1)"", ""hdp"": 0.5, ""over"": ""1.533""}",2026-05-13T13:50:30.156Z
71019438,Football,2026-05-13 21:00,Lazio Rome,Inter Milano,Italy - Coppa Italia,Bet365,Player Fouls Committed,Gustav Isaksen (1),,,,1.363,,,,0.5,"{""label"": ""Gustav Isaksen (1)"", ""hdp"": 0.5, ""over"": ""1.363""}",2026-05-13T13:50:30.156Z
71019438,Football,2026-05-13 21:00,Lazio Rome,Inter Milano,Italy - Coppa Italia,Bet365,Player Fouls Committed,Kenneth Taylor (1),,,,1.222,,,,0.5,"{""label"": ""Kenneth Taylor (1)"", ""hdp"": 0.5, ""over"": ""1.222""}",2026-05-13T13:50:30.156Z
71019438,Football,2026-05-13 21:00,Lazio Rome,Inter Milano,Italy - Coppa Italia,Bet365,Player Fouls Committed,Luca Pellegrini (1),,,,1.125,,,,0.5,"{""label"": ""Luca Pellegrini (1)"", ""hdp"": 0.5, ""over"": ""1.125""}",2026-05-13T13:50:30.156Z
71019438,Football,2026-05-13 21:00,Lazio Rome,Inter Milano,Italy - Coppa Italia,Bet365,Player Fouls Committed,Manuel Lazzari (1),,,,1.615,,,,0.5,"{""label"": ""Manuel Lazzari (1)"", ""hdp"": 0.5, ""over"": ""1.615""}",2026-05-13T13:50:30.156Z
71019438,Football,2026-05-13 21:00,Lazio Rome,Inter Milano,Italy - Coppa Italia,Bet365,Player Fouls Committed,Mario Gila (1),,,,1.400,,,,0.5,"{""label"": ""Mario Gila (1)"", ""hdp"": 0.5, ""over"": ""1.400""}",2026-05-13T13:50:30.156Z
71019438,Football,2026-05-13 21:00,Lazio Rome,Inter Milano,Italy - Coppa Italia,Bet365,Player Fouls Committed,Matteo Cancellieri (1),,,,1.111,,,,0.5,"{""label"": ""Matteo Cancellieri (1)"", ""hdp"": 0.5, ""over"": ""1.111""}",2026-05-13T13:50:30.156Z
71019438,Football,2026-05-13 21:00,Lazio Rome,Inter Milano,Italy - Coppa Italia,Bet365,Player Fouls Committed,Mattia Zaccagni (1),,,,1.142,,,,0.5,"{""label"": ""Mattia Zaccagni (1)"", ""hdp"": 0.5, ""over"": ""1.142""}",2026-05-13T13:50:30.156Z
71019438,Football,2026-05-13 21:00,Lazio Rome,Inter Milano,Italy - Coppa Italia,Bet365,Player Fouls Committed,Nicolo Rovella (1),,,,1.142,,,,0.5,"{""label"": ""Nicolo Rovella (1)"", ""hdp"": 0.5, ""over"": ""1.142""}",2026-05-13T13:50:30.156Z
71019438,Football,2026-05-13 21:00,Lazio Rome,Inter Milano,Italy - Coppa Italia,Bet365,Player Fouls Committed,Nuno Tavares (1),,,,1.285,,,,0.5,"{""label"": ""Nuno Tavares (1)"", ""hdp"": 0.5, ""over"": ""1.285""}",2026-05-13T13:50:30.156Z
71019438,Football,2026-05-13 21:00,Lazio Rome,Inter Milano,Italy - Coppa Italia,Bet365,Player Fouls Committed,Oliver Provstgaard (1),,,,1.300,,,,0.5,"{""label"": ""Oliver Provstgaard (1)"", ""hdp"": 0.5, ""over"": ""1.300""}",2026-05-13T13:50:30.156Z
71019438,Football,2026-05-13 21:00,Lazio Rome,Inter Milano,Italy - Coppa Italia,Bet365,Player Fouls Committed,Petar Ratkov (1),,,,1.222,,,,0.5,"{""label"": ""Petar Ratkov (1)"", ""hdp"": 0.5, ""over"": ""1.222""}",2026-05-13T13:50:30.156Z
71019438,Football,2026-05-13 21:00,Lazio Rome,Inter Milano,Italy - Coppa Italia,Bet365,Player Fouls Committed,Reda Belahyane (1),,,,1.111,,,,0.5,"{""label"": ""Reda Belahyane (1)"", ""hdp"": 0.5, ""over"": ""1.111""}",2026-05-13T13:50:30.156Z
71019438,Football,2026-05-13 21:00,Lazio Rome,Inter Milano,Italy - Coppa Italia,Bet365,Player Fouls Committed,Samuel Gigot (1),,,,1.166,,,,0.5,"{""label"": ""Samuel Gigot (1)"", ""hdp"": 0.5, ""over"": ""1.166""}",2026-05-13T13:50:30.156Z
71019438,Football,2026-05-13 21:00,Lazio Rome,Inter Milano,Italy - Coppa Italia,Bet365,Player Fouls Committed,Tijjani Noslin (1),,,,1.200,,,,0.5,"{""label"": ""Tijjani Noslin (1)"", ""hdp"": 0.5, ""over"": ""1.200""}",2026-05-13T13:50:30.156Z
71019438,Football,2026-05-13 21:00,Lazio Rome,Inter Milano,Italy - Coppa Italia,Bet365,Player Fouls Committed,Toma Basic (1),,,,1.250,,,,0.5,"{""label"": ""Toma Basic (1)"", ""hdp"": 0.5, ""over"": ""1.250""}",2026-05-13T13:50:30.156Z
71019438,Football,2026-05-13 21:00,Lazio Rome,Inter Milano,Italy - Coppa Italia,Bet365,Player Fouls Committed,Andy Diouf (2),,,,1.222,,,,0.5,"{""label"": ""Andy Diouf (2)"", ""hdp"": 0.5, ""over"": ""1.222""}",2026-05-13T13:50:30.156Z
71019438,Football,2026-05-13 21:00,Lazio Rome,Inter Milano,Italy - Coppa Italia,Bet365,Player Fouls Committed,Ange Bonny (2),,,,1.222,,,,0.5,"{""label"": ""Ange Bonny (2)"", ""hdp"": 0.5, ""over"": ""1.222""}",2026-05-13T13:50:30.156Z
71019438,Football,2026-05-13 21:00,Lazio Rome,Inter Milano,Italy - Coppa Italia,Bet365,Player Fouls Committed,Davide Frattesi (2),,,,1.285,,,,0.5,"{""label"": ""Davide Frattesi (2)"", ""hdp"": 0.5, ""over"": ""1.285""}",2026-05-13T13:50:30.156Z
71019438,Football,2026-05-13 21:00,Lazio Rome,Inter Milano,Italy - Coppa Italia,Bet365,Player Fouls Committed,Luis Henrique de Lima (2),,,,1.333,,,,0.5,"{""label"": ""Luis Henrique de Lima (2)"", ""hdp"": 0.5, ""over"": ""1.333""}",2026-05-13T13:50:30.156Z
71019438,Football,2026-05-13 21:00,Lazio Rome,Inter Milano,Italy - Coppa Italia,Bet365,Player Fouls Committed,Denzel Dumfries (2),,,,1.111,,,,0.5,"{""label"": ""Denzel Dumfries (2)"", ""hdp"": 0.5, ""over"": ""1.111""}",2026-05-13T13:50:30.156Z
71019438,Football,2026-05-13 21:00,Lazio Rome,Inter Milano,Italy - Coppa Italia,Bet365,Player Fouls Committed,Federico Dimarco (2),,,,1.250,,,,0.5,"{""label"": ""Federico Dimarco (2)"", ""hdp"": 0.5, ""over"": ""1.250""}",2026-05-13T13:50:30.156Z
71019438,Football,2026-05-13 21:00,Lazio Rome,Inter Milano,Italy - Coppa Italia,Bet365,Player Fouls Committed,Francesco Acerbi (2),,,,1.363,,,,0.5,"{""label"": ""Francesco Acerbi (2)"", ""hdp"": 0.5, ""over"": ""1.363""}",2026-05-13T13:50:30.156Z
71019438,Football,2026-05-13 21:00,Lazio Rome,Inter Milano,Italy - Coppa Italia,Bet365,Player Fouls Committed,Francesco Esposito (2),,,,1.181,,,,0.5,"{""label"": ""Francesco Esposito (2)"", ""hdp"": 0.5, ""over"": ""1.181""}",2026-05-13T13:50:30.156Z
71019438,Football,2026-05-13 21:00,Lazio Rome,Inter Milano,Italy - Coppa Italia,Bet365,Player Fouls Committed,Hakan Calhanoglu (2),,,,1.181,,,,0.5,"{""label"": ""Hakan Calhanoglu (2)"", ""hdp"": 0.5, ""over"": ""1.181""}",2026-05-13T13:50:30.156Z
71019438,Football,2026-05-13 21:00,Lazio Rome,Inter Milano,Italy - Coppa Italia,Bet365,Player Fouls Committed,Henrikh Mkhitaryan (2),,,,1.125,,,,0.5,"{""label"": ""Henrikh Mkhitaryan (2)"", ""hdp"": 0.5, ""over"": ""1.125""}",2026-05-13T13:50:30.156Z
71019438,Football,2026-05-13 21:00,Lazio Rome,Inter Milano,Italy - Coppa Italia,Bet365,Player Fouls Committed,Lautaro Martinez (2),,,,1.111,,,,0.5,"{""label"": ""Lautaro Martinez (2)"", ""hdp"": 0.5, ""over"": ""1.111""}",2026-05-13T13:50:30.156Z
71019438,Football,2026-05-13 21:00,Lazio Rome,Inter Milano,Italy - Coppa Italia,Bet365,Player Fouls Committed,Manuel Akanji (2),,,,1.533,,,,0.5,"{""label"": ""Manuel Akanji (2)"", ""hdp"": 0.5, ""over"": ""1.533""}",2026-05-13T13:50:30.156Z
71019438,Football,2026-05-13 21:00,Lazio Rome,Inter Milano,Italy - Coppa Italia,Bet365,Player Fouls Committed,Marcus Thuram (2),,,,1.111,,,,0.5,"{""label"": ""Marcus Thuram (2)"", ""hdp"": 0.5, ""over"": ""1.111""}",2026-05-13T13:50:30.156Z
71019438,Football,2026-05-13 21:00,Lazio Rome,Inter Milano,Italy - Coppa Italia,Bet365,Player Fouls Committed,Matteo Cocchi (2),,,,1.285,,,,0.5,"{""label"": ""Matteo Cocchi (2)"", ""hdp"": 0.5, ""over"": ""1.285""}",2026-05-13T13:50:30.156Z
71019438,Football,2026-05-13 21:00,Lazio Rome,Inter Milano,Italy - Coppa Italia,Bet365,Player Fouls Committed,Matteo Darmian (2),,,,1.125,,,,0.5,"{""label"": ""Matteo Darmian (2)"", ""hdp"": 0.5, ""over"": ""1.125""}",2026-05-13T13:50:30.156Z
71019438,Football,2026-05-13 21:00,Lazio Rome,Inter Milano,Italy - Coppa Italia,Bet365,Player Fouls Committed,Mattia Mosconi (2),,,,1.285,,,,0.5,"{""label"": ""Mattia Mosconi (2)"", ""hdp"": 0.5, ""over"": ""1.285""}",2026-05-13T13:50:30.156Z
71019438,Football,2026-05-13 21:00,Lazio Rome,Inter Milano,Italy - Coppa Italia,Bet365,Player Fouls Committed,Carlos Augusto (2),,,,1.285,,,,0.5,"{""label"": ""Carlos Augusto (2)"", ""hdp"": 0.5, ""over"": ""1.285""}",2026-05-13T13:50:30.156Z
71019438,Football,2026-05-13 21:00,Lazio Rome,Inter Milano,Italy - Coppa Italia,Bet365,Player Fouls Committed,Nicolo Barella (2),,,,1.363,,,,0.5,"{""label"": ""Nicolo Barella (2)"", ""hdp"": 0.5, ""over"": ""1.363""}",2026-05-13T13:50:30.156Z
71019438,Football,2026-05-13 21:00,Lazio Rome,Inter Milano,Italy - Coppa Italia,Bet365,Player Fouls Committed,Petar Sucic (2),,,,1.222,,,,0.5,"{""label"": ""Petar Sucic (2)"", ""hdp"": 0.5, ""over"": ""1.222""}",2026-05-13T13:50:30.156Z
71019438,Football,2026-05-13 21:00,Lazio Rome,Inter Milano,Italy - Coppa Italia,Bet365,Player Fouls Committed,Piotr Zielinski (2),,,,1.363,,,,0.5,"{""label"": ""Piotr Zielinski (2)"", ""hdp"": 0.5, ""over"": ""1.363""}",2026-05-13T13:50:30.156Z
71019438,Football,2026-05-13 21:00,Lazio Rome,Inter Milano,Italy - Coppa Italia,Bet365,Player Fouls Committed,Stefan de Vrij (2),,,,1.666,,,,0.5,"{""label"": ""Stefan de Vrij (2)"", ""hdp"": 0.5, ""over"": ""1.666""}",2026-05-13T13:50:30.156Z
71019438,Football,2026-05-13 21:00,Lazio Rome,Inter Milano,Italy - Coppa Italia,Bet365,Player Fouls Committed,Yann Aurel Bisseck (2),,,,1.125,,,,0.5,"{""label"": ""Yann Aurel Bisseck (2)"", ""hdp"": 0.5, ""over"": ""1.125""}",2026-05-13T13:50:30.156Z
71019438,Football,2026-05-13 21:00,Lazio Rome,Inter Milano,Italy - Coppa Italia,Bet365,Player Fouls Committed,Adrian Przyborek (1),,,,2.500,,,,1.5,"{""label"": ""Adrian Przyborek (1)"", ""hdp"": 1.5, ""over"": ""2.500""}",2026-05-13T13:50:30.156Z
71019438,Football,2026-05-13 21:00,Lazio Rome,Inter Milano,Italy - Coppa Italia,Bet365,Player Fouls Committed,Alessio Romagnoli (1),,,,3.400,,,,1.5,"{""label"": ""Alessio Romagnoli (1)"", ""hdp"": 1.5, ""over"": ""3.400""}",2026-05-13T13:50:30.156Z
71019438,Football,2026-05-13 21:00,Lazio Rome,Inter Milano,Italy - Coppa Italia,Bet365,Player Fouls Committed,Boulaye Dia (1),,,,2.200,,,,1.5,"{""label"": ""Boulaye Dia (1)"", ""hdp"": 1.5, ""over"": ""2.200""}",2026-05-13T13:50:30.156Z
71019438,Football,2026-05-13 21:00,Lazio Rome,Inter Milano,Italy - Coppa Italia,Bet365,Player Fouls Committed,Daniel Maldini (1),,,,2.500,,,,1.5,"{""label"": ""Daniel Maldini (1)"", ""hdp"": 1.5, ""over"": ""2.500""}",2026-05-13T13:50:30.156Z
71019438,Football,2026-05-13 21:00,Lazio Rome,Inter Milano,Italy - Coppa Italia,Bet365,Player Fouls Committed,Danilo Cataldi (1),,,,2.500,,,,1.5,"{""label"": ""Danilo Cataldi (1)"", ""hdp"": 1.5, ""over"": ""2.500""}",2026-05-13T13:50:30.156Z
71019438,Football,2026-05-13 21:00,Lazio Rome,Inter Milano,Italy - Coppa Italia,Bet365,Player Fouls Committed,Elseid Hysaj (1),,,,3.500,,,,1.5,"{""label"": ""Elseid Hysaj (1)"", ""hdp"": 1.5, ""over"": ""3.500""}",2026-05-13T13:50:30.156Z
71019438,Football,2026-05-13 21:00,Lazio Rome,Inter Milano,Italy - Coppa Italia,Bet365,Player Fouls Committed,Fisayo Dele-Bashiru (1),,,,3.000,,,,1.5,"{""label"": ""Fisayo Dele-Bashiru (1)"", ""hdp"": 1.5, ""over"": ""3.000""}",2026-05-13T13:50:30.156Z
71019438,Football,2026-05-13 21:00,Lazio Rome,Inter Milano,Italy - Coppa Italia,Bet365,Player Fouls Committed,Gabarron Patric Gil (1),,,,3.500,,,,1.5,"{""label"": ""Gabarron Patric Gil (1)"", ""hdp"": 1.5, ""over"": ""3.500""}",2026-05-13T13:50:30.156Z
71019438,Football,2026-05-13 21:00,Lazio Rome,Inter Milano,Italy - Coppa Italia,Bet365,Player Fouls Committed,Gustav Isaksen (1),,,,2.625,,,,1.5,"{""label"": ""Gustav Isaksen (1)"", ""hdp"": 1.5, ""over"": ""2.625""}",2026-05-13T13:50:30.156Z
71019438,Football,2026-05-13 21:00,Lazio Rome,Inter Milano,Italy - Coppa Italia,Bet365,Player Fouls Committed,Kenneth Taylor (1),,,,2.000,,,,1.5,"{""label"": ""Kenneth Taylor (1)"", ""hdp"": 1.5, ""over"": ""2.000""}",2026-05-13T13:50:30.156Z
71019438,Football,2026-05-13 21:00,Lazio Rome,Inter Milano,Italy - Coppa Italia,Bet365,Player Fouls Committed,Luca Pellegrini (1),,,,1.615,,,,1.5,"{""label"": ""Luca Pellegrini (1)"", ""hdp"": 1.5, ""over"": ""1.615""}",2026-05-13T13:50:30.156Z
71019438,Football,2026-05-13 21:00,Lazio Rome,Inter Milano,Italy - Coppa Italia,Bet365,Player Fouls Committed,Manuel Lazzari (1),,,,3.750,,,,1.5,"{""label"": ""Manuel Lazzari (1)"", ""hdp"": 1.5, ""over"": ""3.750""}",2026-05-13T13:50:30.156Z
71019438,Football,2026-05-13 21:00,Lazio Rome,Inter Milano,Italy - Coppa Italia,Bet365,Player Fouls Committed,Mario Gila (1),,,,2.750,,,,1.5,"{""label"": ""Mario Gila (1)"", ""hdp"": 1.5, ""over"": ""2.750""}",2026-05-13T13:50:30.156Z
71019438,Football,2026-05-13 21:00,Lazio Rome,Inter Milano,Italy - Coppa Italia,Bet365,Player Fouls Committed,Matteo Cancellieri (1),,,,1.571,,,,1.5,"{""label"": ""Matteo Cancellieri (1)"", ""hdp"": 1.5, ""over"": ""1.571""}",2026-05-13T13:50:30.156Z
71019438,Football,2026-05-13 21:00,Lazio Rome,Inter Milano,Italy - Coppa Italia,Bet365,Player Fouls Committed,Mattia Zaccagni (1),,,,1.666,,,,1.5,"{""label"": ""Mattia Zaccagni (1)"", ""hdp"": 1.5, ""over"": ""1.666""}",2026-05-13T13:50:30.156Z
71019438,Football,2026-05-13 21:00,Lazio Rome,Inter Milano,Italy - Coppa Italia,Bet365,Player Fouls Committed,Nicolo Rovella (1),,,,1.666,,,,1.5,"{""label"": ""Nicolo Rovella (1)"", ""hdp"": 1.5, ""over"": ""1.666""}",2026-05-13T13:50:30.156Z
71019438,Football,2026-05-13 21:00,Lazio Rome,Inter Milano,Italy - Coppa Italia,Bet365,Player Fouls Committed,Nuno Tavares (1),,,,2.200,,,,1.5,"{""label"": ""Nuno Tavares (1)"", ""hdp"": 1.5, ""over"": ""2.200""}",2026-05-13T13:50:30.156Z
71019438,Football,2026-05-13 21:00,Lazio Rome,Inter Milano,Italy - Coppa Italia,Bet365,Player Fouls Committed,Oliver Provstgaard (1),,,,2.375,,,,1.5,"{""label"": ""Oliver Provstgaard (1)"", ""hdp"": 1.5, ""over"": ""2.375""}",2026-05-13T13:50:30.156Z
71019438,Football,2026-05-13 21:00,Lazio Rome,Inter Milano,Italy - Coppa Italia,Bet365,Player Fouls Committed,Petar Ratkov (1),,,,2.000,,,,1.5,"{""label"": ""Petar Ratkov (1)"", ""hdp"": 1.5, ""over"": ""2.000""}",2026-05-13T13:50:30.156Z
71019438,Football,2026-05-13 21:00,Lazio Rome,Inter Milano,Italy - Coppa Italia,Bet365,Player Fouls Committed,Reda Belahyane (1),,,,1.571,,,,1.5,"{""label"": ""Reda Belahyane (1)"", ""hdp"": 1.5, ""over"": ""1.571""}",2026-05-13T13:50:30.156Z
71019438,Football,2026-05-13 21:00,Lazio Rome,Inter Milano,Italy - Coppa Italia,Bet365,Player Fouls Committed,Pedro (1),,,,1.909,,,,1.5,"{""label"": ""Pedro (1)"", ""hdp"": 1.5, ""over"": ""1.909""}",2026-05-13T13:50:30.156Z
71019438,Football,2026-05-13 21:00,Lazio Rome,Inter Milano,Italy - Coppa Italia,Bet365,Player Fouls Committed,Samuel Gigot (1),,,,1.727,,,,1.5,"{""label"": ""Samuel Gigot (1)"", ""hdp"": 1.5, ""over"": ""1.727""}",2026-05-13T13:50:30.156Z
71019438,Football,2026-05-13 21:00,Lazio Rome,Inter Milano,Italy - Coppa Italia,Bet365,Player Fouls Committed,Tijjani Noslin (1),,,,1.833,,,,1.5,"{""label"": ""Tijjani Noslin (1)"", ""hdp"": 1.5, ""over"": ""1.833""}",2026-05-13T13:50:30.156Z
71019438,Football,2026-05-13 21:00,Lazio Rome,Inter Milano,Italy - Coppa Italia,Bet365,Player Fouls Committed,Toma Basic (1),,,,2.100,,,,1.5,"{""label"": ""Toma Basic (1)"", ""hdp"": 1.5, ""over"": ""2.100""}",2026-05-13T13:50:30.156Z
71019438,Football,2026-05-13 21:00,Lazio Rome,Inter Milano,Italy - Coppa Italia,Bet365,Player Fouls Committed,Andy Diouf (2),,,,2.000,,,,1.5,"{""label"": ""Andy Diouf (2)"", ""hdp"": 1.5, ""over"": ""2.000""}",2026-05-13T13:50:30.156Z
71019438,Football,2026-05-13 21:00,Lazio Rome,Inter Milano,Italy - Coppa Italia,Bet365,Player Fouls Committed,Ange Bonny (2),,,,2.000,,,,1.5,"{""label"": ""Ange Bonny (2)"", ""hdp"": 1.5, ""over"": ""2.000""}",2026-05-13T13:50:30.156Z
71019438,Football,2026-05-13 21:00,Lazio Rome,Inter Milano,Italy - Coppa Italia,Bet365,Player Fouls Committed,Davide Frattesi (2),,,,2.250,,,,1.5,"{""label"": ""Davide Frattesi (2)"", ""hdp"": 1.5, ""over"": ""2.250""}",2026-05-13T13:50:30.156Z
71019438,Football,2026-05-13 21:00,Lazio Rome,Inter Milano,Italy - Coppa Italia,Bet365,Player Fouls Committed,Luis Henrique de Lima (2),,,,2.500,,,,1.5,"{""label"": ""Luis Henrique de Lima (2)"", ""hdp"": 1.5, ""over"": ""2.500""}",2026-05-13T13:50:30.156Z
71019438,Football,2026-05-13 21:00,Lazio Rome,Inter Milano,Italy - Coppa Italia,Bet365,Player Fouls Committed,Denzel Dumfries (2),,,,1.533,,,,1.5,"{""label"": ""Denzel Dumfries (2)"", ""hdp"": 1.5, ""over"": ""1.533""}",2026-05-13T13:50:30.156Z
71019438,Football,2026-05-13 21:00,Lazio Rome,Inter Milano,Italy - Coppa Italia,Bet365,Player Fouls Committed,Federico Dimarco (2),,,,2.100,,,,1.5,"{""label"": ""Federico Dimarco (2)"", ""hdp"": 1.5, ""over"": ""2.100""}",2026-05-13T13:50:30.156Z
71019438,Football,2026-05-13 21:00,Lazio Rome,Inter Milano,Italy - Coppa Italia,Bet365,Player Fouls Committed,Francesco Acerbi (2),,,,2.625,,,,1.5,"{""label"": ""Francesco Acerbi (2)"", ""hdp"": 1.5, ""over"": ""2.625""}",2026-05-13T13:50:30.156Z
71019438,Football,2026-05-13 21:00,Lazio Rome,Inter Milano,Italy - Coppa Italia,Bet365,Player Fouls Committed,Francesco Esposito (2),,,,1.833,,,,1.5,"{""label"": ""Francesco Esposito (2)"", ""hdp"": 1.5, ""over"": ""1.833""}",2026-05-13T13:50:30.156Z
71019438,Football,2026-05-13 21:00,Lazio Rome,Inter Milano,Italy - Coppa Italia,Bet365,Player Fouls Committed,Hakan Calhanoglu (2),,,,1.833,,,,1.5,"{""label"": ""Hakan Calhanoglu (2)"", ""hdp"": 1.5, ""over"": ""1.833""}",2026-05-13T13:50:30.156Z
71019438,Football,2026-05-13 21:00,Lazio Rome,Inter Milano,Italy - Coppa Italia,Bet365,Player Fouls Committed,Henrikh Mkhitaryan (2),,,,1.571,,,,1.5,"{""label"": ""Henrikh Mkhitaryan (2)"", ""hdp"": 1.5, ""over"": ""1.571""}",2026-05-13T13:50:30.156Z
71019438,Football,2026-05-13 21:00,Lazio Rome,Inter Milano,Italy - Coppa Italia,Bet365,Player Fouls Committed,Lautaro Martinez (2),,,,1.533,,,,1.5,"{""label"": ""Lautaro Martinez (2)"", ""hdp"": 1.5, ""over"": ""1.533""}",2026-05-13T13:50:30.156Z
71019438,Football,2026-05-13 21:00,Lazio Rome,Inter Milano,Italy - Coppa Italia,Bet365,Player Fouls Committed,Manuel Akanji (2),,,,3.500,,,,1.5,"{""label"": ""Manuel Akanji (2)"", ""hdp"": 1.5, ""over"": ""3.500""}",2026-05-13T13:50:30.156Z
71019438,Football,2026-05-13 21:00,Lazio Rome,Inter Milano,Italy - Coppa Italia,Bet365,Player Fouls Committed,Marcus Thuram (2),,,,1.533,,,,1.5,"{""label"": ""Marcus Thuram (2)"", ""hdp"": 1.5, ""over"": ""1.533""}",2026-05-13T13:50:30.156Z
71019438,Football,2026-05-13 21:00,Lazio Rome,Inter Milano,Italy - Coppa Italia,Bet365,Player Fouls Committed,Matteo Cocchi (2),,,,2.250,,,,1.5,"{""label"": ""Matteo Cocchi (2)"", ""hdp"": 1.5, ""over"": ""2.250""}",2026-05-13T13:50:30.156Z
71019438,Football,2026-05-13 21:00,Lazio Rome,Inter Milano,Italy - Coppa Italia,Bet365,Player Fouls Committed,Matteo Darmian (2),,,,1.615,,,,1.5,"{""label"": ""Matteo Darmian (2)"", ""hdp"": 1.5, ""over"": ""1.615""}",2026-05-13T13:50:30.156Z
71019438,Football,2026-05-13 21:00,Lazio Rome,Inter Milano,Italy - Coppa Italia,Bet365,Player Fouls Committed,Mattia Mosconi (2),,,,2.250,,,,1.5,"{""label"": ""Mattia Mosconi (2)"", ""hdp"": 1.5, ""over"": ""2.250""}",2026-05-13T13:50:30.156Z
71019438,Football,2026-05-13 21:00,Lazio Rome,Inter Milano,Italy - Coppa Italia,Bet365,Player Fouls Committed,Carlos Augusto (2),,,,2.250,,,,1.5,"{""label"": ""Carlos Augusto (2)"", ""hdp"": 1.5, ""over"": ""2.250""}",2026-05-13T13:50:30.156Z
71019438,Football,2026-05-13 21:00,Lazio Rome,Inter Milano,Italy - Coppa Italia,Bet365,Player Fouls Committed,Nicolo Barella (2),,,,2.625,,,,1.5,"{""label"": ""Nicolo Barella (2)"", ""hdp"": 1.5, ""over"": ""2.625""}",2026-05-13T13:50:30.156Z
71019438,Football,2026-05-13 21:00,Lazio Rome,Inter Milano,Italy - Coppa Italia,Bet365,Player Fouls Committed,Petar Sucic (2),,,,2.000,,,,1.5,"{""label"": ""Petar Sucic (2)"", ""hdp"": 1.5, ""over"": ""2.000""}",2026-05-13T13:50:30.156Z
71019438,Football,2026-05-13 21:00,Lazio Rome,Inter Milano,Italy - Coppa Italia,Bet365,Player Fouls Committed,Piotr Zielinski (2),,,,2.625,,,,1.5,"{""label"": ""Piotr Zielinski (2)"", ""hdp"": 1.5, ""over"": ""2.625""}",2026-05-13T13:50:30.156Z
71019438,Football,2026-05-13 21:00,Lazio Rome,Inter Milano,Italy - Coppa Italia,Bet365,Player Fouls Committed,Stefan de Vrij (2),,,,4.000,,,,1.5,"{""label"": ""Stefan de Vrij (2)"", ""hdp"": 1.5, ""over"": ""4.000""}",2026-05-13T13:50:30.156Z
71019438,Football,2026-05-13 21:00,Lazio Rome,Inter Milano,Italy - Coppa Italia,Bet365,Player Fouls Committed,Yann Aurel Bisseck (2),,,,1.615,,,,1.5,"{""label"": ""Yann Aurel Bisseck (2)"", ""hdp"": 1.5, ""over"": ""1.615""}",2026-05-13T13:50:30.156Z
71019438,Football,2026-05-13 21:00,Lazio Rome,Inter Milano,Italy - Coppa Italia,Bet365,Player Fouls Committed,Adrian Przyborek (1),,,,6.000,,,,2.5,"{""label"": ""Adrian Przyborek (1)"", ""hdp"": 2.5, ""over"": ""6.000""}",2026-05-13T13:50:30.156Z
71019438,Football,2026-05-13 21:00,Lazio Rome,Inter Milano,Italy - Coppa Italia,Bet365,Player Fouls Committed,Alessio Romagnoli (1),,,,9.000,,,,2.5,"{""label"": ""Alessio Romagnoli (1)"", ""hdp"": 2.5, ""over"": ""9.000""}",2026-05-13T13:50:30.156Z
71019438,Football,2026-05-13 21:00,Lazio Rome,Inter Milano,Italy - Coppa Italia,Bet365,Player Fouls Committed,Boulaye Dia (1),,,,5.000,,,,2.5,"{""label"": ""Boulaye Dia (1)"", ""hdp"": 2.5, ""over"": ""5.000""}",2026-05-13T13:50:30.156Z
71019438,Football,2026-05-13 21:00,Lazio Rome,Inter Milano,Italy - Coppa Italia,Bet365,Player Fouls Committed,Daniel Maldini (1),,,,6.000,,,,2.5,"{""label"": ""Daniel Maldini (1)"", ""hdp"": 2.5, ""over"": ""6.000""}",2026-05-13T13:50:30.156Z
71019438,Football,2026-05-13 21:00,Lazio Rome,Inter Milano,Italy - Coppa Italia,Bet365,Player Fouls Committed,Danilo Cataldi (1),,,,6.000,,,,2.5,"{""label"": ""Danilo Cataldi (1)"", ""hdp"": 2.5, ""over"": ""6.000""}",2026-05-13T13:50:30.156Z
71019438,Football,2026-05-13 21:00,Lazio Rome,Inter Milano,Italy - Coppa Italia,Bet365,Player Fouls Committed,Elseid Hysaj (1),,,,10.000,,,,2.5,"{""label"": ""Elseid Hysaj (1)"", ""hdp"": 2.5, ""over"": ""10.000""}",2026-05-13T13:50:30.156Z
71019438,Football,2026-05-13 21:00,Lazio Rome,Inter Milano,Italy - Coppa Italia,Bet365,Player Fouls Committed,Fisayo Dele-Bashiru (1),,,,8.000,,,,2.5,"{""label"": ""Fisayo Dele-Bashiru (1)"", ""hdp"": 2.5, ""over"": ""8.000""}",2026-05-13T13:50:30.156Z
71019438,Football,2026-05-13 21:00,Lazio Rome,Inter Milano,Italy - Coppa Italia,Bet365,Player Fouls Committed,Gabarron Patric Gil (1),,,,10.000,,,,2.5,"{""label"": ""Gabarron Patric Gil (1)"", ""hdp"": 2.5, ""over"": ""10.000""}",2026-05-13T13:50:30.156Z
71019438,Football,2026-05-13 21:00,Lazio Rome,Inter Milano,Italy - Coppa Italia,Bet365,Player Fouls Committed,Gustav Isaksen (1),,,,6.500,,,,2.5,"{""label"": ""Gustav Isaksen (1)"", ""hdp"": 2.5, ""over"": ""6.500""}",2026-05-13T13:50:30.156Z
71019438,Football,2026-05-13 21:00,Lazio Rome,Inter Milano,Italy - Coppa Italia,Bet365,Player Fouls Committed,Kenneth Taylor (1),,,,4.333,,,,2.5,"{""label"": ""Kenneth Taylor (1)"", ""hdp"": 2.5, ""over"": ""4.333""}",2026-05-13T13:50:30.156Z
71019438,Football,2026-05-13 21:00,Lazio Rome,Inter Milano,Italy - Coppa Italia,Bet365,Player Fouls Committed,Luca Pellegrini (1),,,,2.750,,,,2.5,"{""label"": ""Luca Pellegrini (1)"", ""hdp"": 2.5, ""over"": ""2.750""}",2026-05-13T13:50:30.156Z
71019438,Football,2026-05-13 21:00,Lazio Rome,Inter Milano,Italy - Coppa Italia,Bet365,Player Fouls Committed,Manuel Lazzari (1),,,,11.000,,,,2.5,"{""label"": ""Manuel Lazzari (1)"", ""hdp"": 2.5, ""over"": ""11.000""}",2026-05-13T13:50:30.156Z
71019438,Football,2026-05-13 21:00,Lazio Rome,Inter Milano,Italy - Coppa Italia,Bet365,Player Fouls Committed,Mario Gila (1),,,,7.000,,,,2.5,"{""label"": ""Mario Gila (1)"", ""hdp"": 2.5, ""over"": ""7.000""}",2026-05-13T13:50:30.156Z
71019438,Football,2026-05-13 21:00,Lazio Rome,Inter Milano,Italy - Coppa Italia,Bet365,Player Fouls Committed,Matteo Cancellieri (1),,,,2.625,,,,2.5,"{""label"": ""Matteo Cancellieri (1)"", ""hdp"": 2.5, ""over"": ""2.625""}",2026-05-13T13:50:30.156Z
71019438,Football,2026-05-13 21:00,Lazio Rome,Inter Milano,Italy - Coppa Italia,Bet365,Player Fouls Committed,Mattia Zaccagni (1),,,,3.000,,,,2.5,"{""label"": ""Mattia Zaccagni (1)"", ""hdp"": 2.5, ""over"": ""3.000""}",2026-05-13T13:50:30.156Z
71019438,Football,2026-05-13 21:00,Lazio Rome,Inter Milano,Italy - Coppa Italia,Bet365,Player Fouls Committed,Nicolo Rovella (1),,,,3.000,,,,2.5,"{""label"": ""Nicolo Rovella (1)"", ""hdp"": 2.5, ""over"": ""3.000""}",2026-05-13T13:50:30.156Z
71019438,Football,2026-05-13 21:00,Lazio Rome,Inter Milano,Italy - Coppa Italia,Bet365,Player Fouls Committed,Nuno Tavares (1),,,,5.000,,,,2.5,"{""label"": ""Nuno Tavares (1)"", ""hdp"": 2.5, ""over"": ""5.000""}",2026-05-13T13:50:30.156Z
71019438,Football,2026-05-13 21:00,Lazio Rome,Inter Milano,Italy - Coppa Italia,Bet365,Player Fouls Committed,Oliver Provstgaard (1),,,,5.500,,,,2.5,"{""label"": ""Oliver Provstgaard (1)"", ""hdp"": 2.5, ""over"": ""5.500""}",2026-05-13T13:50:30.156Z
71019438,Football,2026-05-13 21:00,Lazio Rome,Inter Milano,Italy - Coppa Italia,Bet365,Player Fouls Committed,Petar Ratkov (1),,,,4.333,,,,2.5,"{""label"": ""Petar Ratkov (1)"", ""hdp"": 2.5, ""over"": ""4.333""}",2026-05-13T13:50:30.156Z
71019438,Football,2026-05-13 21:00,Lazio Rome,Inter Milano,Italy - Coppa Italia,Bet365,Player Fouls Committed,Reda Belahyane (1),,,,2.625,,,,2.5,"{""label"": ""Reda Belahyane (1)"", ""hdp"": 2.5, ""over"": ""2.625""}",2026-05-13T13:50:30.156Z
71019438,Football,2026-05-13 21:00,Lazio Rome,Inter Milano,Italy - Coppa Italia,Bet365,Player Fouls Committed,Pedro (1),,,,4.000,,,,2.5,"{""label"": ""Pedro (1)"", ""hdp"": 2.5, ""over"": ""4.000""}",2026-05-13T13:50:30.156Z
71019438,Football,2026-05-13 21:00,Lazio Rome,Inter Milano,Italy - Coppa Italia,Bet365,Player Fouls Committed,Samuel Gigot (1),,,,3.400,,,,2.5,"{""label"": ""Samuel Gigot (1)"", ""hdp"": 2.5, ""over"": ""3.400""}",2026-05-13T13:50:30.156Z
71019438,Football,2026-05-13 21:00,Lazio Rome,Inter Milano,Italy - Coppa Italia,Bet365,Player Fouls Committed,Tijjani Noslin (1),,,,3.750,,,,2.5,"{""label"": ""Tijjani Noslin (1)"", ""hdp"": 2.5, ""over"": ""3.750""}",2026-05-13T13:50:30.156Z
71019438,Football,2026-05-13 21:00,Lazio Rome,Inter Milano,Italy - Coppa Italia,Bet365,Player Fouls Committed,Toma Basic (1),,,,4.500,,,,2.5,"{""label"": ""Toma Basic (1)"", ""hdp"": 2.5, ""over"": ""4.500""}",2026-05-13T13:50:30.156Z
71019438,Football,2026-05-13 21:00,Lazio Rome,Inter Milano,Italy - Coppa Italia,Bet365,Player Fouls Committed,Andy Diouf (2),,,,4.333,,,,2.5,"{""label"": ""Andy Diouf (2)"", ""hdp"": 2.5, ""over"": ""4.333""}",2026-05-13T13:50:30.156Z
71019438,Football,2026-05-13 21:00,Lazio Rome,Inter Milano,Italy - Coppa Italia,Bet365,Player Fouls Committed,Ange Bonny (2),,,,4.333,,,,2.5,"{""label"": ""Ange Bonny (2)"", ""hdp"": 2.5, ""over"": ""4.333""}",2026-05-13T13:50:30.156Z
71019438,Football,2026-05-13 21:00,Lazio Rome,Inter Milano,Italy - Coppa Italia,Bet365,Player Fouls Committed,Davide Frattesi (2),,,,5.000,,,,2.5,"{""label"": ""Davide Frattesi (2)"", ""hdp"": 2.5, ""over"": ""5.000""}",2026-05-13T13:50:30.156Z
71019438,Football,2026-05-13 21:00,Lazio Rome,Inter Milano,Italy - Coppa Italia,Bet365,Player Fouls Committed,Luis Henrique de Lima (2),,,,6.000,,,,2.5,"{""label"": ""Luis Henrique de Lima (2)"", ""hdp"": 2.5, ""over"": ""6.000""}",2026-05-13T13:50:30.156Z
71019438,Football,2026-05-13 21:00,Lazio Rome,Inter Milano,Italy - Coppa Italia,Bet365,Player Fouls Committed,Denzel Dumfries (2),,,,2.625,,,,2.5,"{""label"": ""Denzel Dumfries (2)"", ""hdp"": 2.5, ""over"": ""2.625""}",2026-05-13T13:50:30.156Z
71019438,Football,2026-05-13 21:00,Lazio Rome,Inter Milano,Italy - Coppa Italia,Bet365,Player Fouls Committed,Federico Dimarco (2),,,,4.500,,,,2.5,"{""label"": ""Federico Dimarco (2)"", ""hdp"": 2.5, ""over"": ""4.500""}",2026-05-13T13:50:30.156Z
71019438,Football,2026-05-13 21:00,Lazio Rome,Inter Milano,Italy - Coppa Italia,Bet365,Player Fouls Committed,Francesco Acerbi (2),,,,6.500,,,,2.5,"{""label"": ""Francesco Acerbi (2)"", ""hdp"": 2.5, ""over"": ""6.500""}",2026-05-13T13:50:30.156Z
71019438,Football,2026-05-13 21:00,Lazio Rome,Inter Milano,Italy - Coppa Italia,Bet365,Player Fouls Committed,Francesco Esposito (2),,,,3.750,,,,2.5,"{""label"": ""Francesco Esposito (2)"", ""hdp"": 2.5, ""over"": ""3.750""}",2026-05-13T13:50:30.156Z
71019438,Football,2026-05-13 21:00,Lazio Rome,Inter Milano,Italy - Coppa Italia,Bet365,Player Fouls Committed,Hakan Calhanoglu (2),,,,3.750,,,,2.5,"{""label"": ""Hakan Calhanoglu (2)"", ""hdp"": 2.5, ""over"": ""3.750""}",2026-05-13T13:50:30.156Z
71019438,Football,2026-05-13 21:00,Lazio Rome,Inter Milano,Italy - Coppa Italia,Bet365,Player Fouls Committed,Henrikh Mkhitaryan (2),,,,2.625,,,,2.5,"{""label"": ""Henrikh Mkhitaryan (2)"", ""hdp"": 2.5, ""over"": ""2.625""}",2026-05-13T13:50:30.156Z
71019438,Football,2026-05-13 21:00,Lazio Rome,Inter Milano,Italy - Coppa Italia,Bet365,Player Fouls Committed,Lautaro Martinez (2),,,,2.625,,,,2.5,"{""label"": ""Lautaro Martinez (2)"", ""hdp"": 2.5, ""over"": ""2.625""}",2026-05-13T13:50:30.156Z
71019438,Football,2026-05-13 21:00,Lazio Rome,Inter Milano,Italy - Coppa Italia,Bet365,Player Fouls Committed,Manuel Akanji (2),,,,10.000,,,,2.5,"{""label"": ""Manuel Akanji (2)"", ""hdp"": 2.5, ""over"": ""10.000""}",2026-05-13T13:50:30.156Z
71019438,Football,2026-05-13 21:00,Lazio Rome,Inter Milano,Italy - Coppa Italia,Bet365,Player Fouls Committed,Marcus Thuram (2),,,,2.625,,,,2.5,"{""label"": ""Marcus Thuram (2)"", ""hdp"": 2.5, ""over"": ""2.625""}",2026-05-13T13:50:30.156Z
71019438,Football,2026-05-13 21:00,Lazio Rome,Inter Milano,Italy - Coppa Italia,Bet365,Player Fouls Committed,Matteo Cocchi (2),,,,5.000,,,,2.5,"{""label"": ""Matteo Cocchi (2)"", ""hdp"": 2.5, ""over"": ""5.000""}",2026-05-13T13:50:30.156Z
71019438,Football,2026-05-13 21:00,Lazio Rome,Inter Milano,Italy - Coppa Italia,Bet365,Player Fouls Committed,Matteo Darmian (2),,,,2.750,,,,2.5,"{""label"": ""Matteo Darmian (2)"", ""hdp"": 2.5, ""over"": ""2.750""}",2026-05-13T13:50:30.156Z
71019438,Football,2026-05-13 21:00,Lazio Rome,Inter Milano,Italy - Coppa Italia,Bet365,Player Fouls Committed,Mattia Mosconi (2),,,,5.000,,,,2.5,"{""label"": ""Mattia Mosconi (2)"", ""hdp"": 2.5, ""over"": ""5.000""}",2026-05-13T13:50:30.156Z
71019438,Football,2026-05-13 21:00,Lazio Rome,Inter Milano,Italy - Coppa Italia,Bet365,Player Fouls Committed,Carlos Augusto (2),,,,5.000,,,,2.5,"{""label"": ""Carlos Augusto (2)"", ""hdp"": 2.5, ""over"": ""5.000""}",2026-05-13T13:50:30.156Z
71019438,Football,2026-05-13 21:00,Lazio Rome,Inter Milano,Italy - Coppa Italia,Bet365,Player Fouls Committed,Nicolo Barella (2),,,,6.500,,,,2.5,"{""label"": ""Nicolo Barella (2)"", ""hdp"": 2.5, ""over"": ""6.500""}",2026-05-13T13:50:30.156Z
71019438,Football,2026-05-13 21:00,Lazio Rome,Inter Milano,Italy - Coppa Italia,Bet365,Player Fouls Committed,Petar Sucic (2),,,,4.333,,,,2.5,"{""label"": ""Petar Sucic (2)"", ""hdp"": 2.5, ""over"": ""4.333""}",2026-05-13T13:50:30.156Z
71019438,Football,2026-05-13 21:00,Lazio Rome,Inter Milano,Italy - Coppa Italia,Bet365,Player Fouls Committed,Piotr Zielinski (2),,,,6.500,,,,2.5,"{""label"": ""Piotr Zielinski (2)"", ""hdp"": 2.5, ""over"": ""6.500""}",2026-05-13T13:50:30.156Z
71019438,Football,2026-05-13 21:00,Lazio Rome,Inter Milano,Italy - Coppa Italia,Bet365,Player Fouls Committed,Stefan de Vrij (2),,,,13.000,,,,2.5,"{""label"": ""Stefan de Vrij (2)"", ""hdp"": 2.5, ""over"": ""13.000""}",2026-05-13T13:50:30.156Z
71019438,Football,2026-05-13 21:00,Lazio Rome,Inter Milano,Italy - Coppa Italia,Bet365,Player Fouls Committed,Yann Aurel Bisseck (2),,,,2.750,,,,2.5,"{""label"": ""Yann Aurel Bisseck (2)"", ""hdp"": 2.5, ""over"": ""2.750""}",2026-05-13T13:50:30.156Z
71019438,Football,2026-05-13 21:00,Lazio Rome,Inter Milano,Italy - Coppa Italia,Bet365,Player Fouls Committed,Adrian Przyborek (1),,,,15.000,,,,3.5,"{""label"": ""Adrian Przyborek (1)"", ""hdp"": 3.5, ""over"": ""15.000""}",2026-05-13T13:50:30.156Z
71019438,Football,2026-05-13 21:00,Lazio Rome,Inter Milano,Italy - Coppa Italia,Bet365,Player Fouls Committed,Alessio Romagnoli (1),,,,23.000,,,,3.5,"{""label"": ""Alessio Romagnoli (1)"", ""hdp"": 3.5, ""over"": ""23.000""}",2026-05-13T13:50:30.156Z
71019438,Football,2026-05-13 21:00,Lazio Rome,Inter Milano,Italy - Coppa Italia,Bet365,Player Fouls Committed,Boulaye Dia (1),,,,13.000,,,,3.5,"{""label"": ""Boulaye Dia (1)"", ""hdp"": 3.5, ""over"": ""13.000""}",2026-05-13T13:50:30.156Z
71019438,Football,2026-05-13 21:00,Lazio Rome,Inter Milano,Italy - Coppa Italia,Bet365,Player Fouls Committed,Daniel Maldini (1),,,,15.000,,,,3.5,"{""label"": ""Daniel Maldini (1)"", ""hdp"": 3.5, ""over"": ""15.000""}",2026-05-13T13:50:30.156Z
71019438,Football,2026-05-13 21:00,Lazio Rome,Inter Milano,Italy - Coppa Italia,Bet365,Player Fouls Committed,Danilo Cataldi (1),,,,15.000,,,,3.5,"{""label"": ""Danilo Cataldi (1)"", ""hdp"": 3.5, ""over"": ""15.000""}",2026-05-13T13:50:30.156Z
71019438,Football,2026-05-13 21:00,Lazio Rome,Inter Milano,Italy - Coppa Italia,Bet365,Player Fouls Committed,Elseid Hysaj (1),,,,26.000,,,,3.5,"{""label"": ""Elseid Hysaj (1)"", ""hdp"": 3.5, ""over"": ""26.000""}",2026-05-13T13:50:30.156Z
71019438,Football,2026-05-13 21:00,Lazio Rome,Inter Milano,Italy - Coppa Italia,Bet365,Player Fouls Committed,Fisayo Dele-Bashiru (1),,,,21.000,,,,3.5,"{""label"": ""Fisayo Dele-Bashiru (1)"", ""hdp"": 3.5, ""over"": ""21.000""}",2026-05-13T13:50:30.156Z
71019438,Football,2026-05-13 21:00,Lazio Rome,Inter Milano,Italy - Coppa Italia,Bet365,Player Fouls Committed,Gabarron Patric Gil (1),,,,26.000,,,,3.5,"{""label"": ""Gabarron Patric Gil (1)"", ""hdp"": 3.5, ""over"": ""26.000""}",2026-05-13T13:50:30.156Z
71019438,Football,2026-05-13 21:00,Lazio Rome,Inter Milano,Italy - Coppa Italia,Bet365,Player Fouls Committed,Gustav Isaksen (1),,,,17.000,,,,3.5,"{""label"": ""Gustav Isaksen (1)"", ""hdp"": 3.5, ""over"": ""17.000""}",2026-05-13T13:50:30.156Z
71019438,Football,2026-05-13 21:00,Lazio Rome,Inter Milano,Italy - Coppa Italia,Bet365,Player Fouls Committed,Kenneth Taylor (1),,,,11.000,,,,3.5,"{""label"": ""Kenneth Taylor (1)"", ""hdp"": 3.5, ""over"": ""11.000""}",2026-05-13T13:50:30.156Z
71019438,Football,2026-05-13 21:00,Lazio Rome,Inter Milano,Italy - Coppa Italia,Bet365,Player Fouls Committed,Luca Pellegrini (1),,,,6.000,,,,3.5,"{""label"": ""Luca Pellegrini (1)"", ""hdp"": 3.5, ""over"": ""6.000""}",2026-05-13T13:50:30.156Z
71019438,Football,2026-05-13 21:00,Lazio Rome,Inter Milano,Italy - Coppa Italia,Bet365,Player Fouls Committed,Mario Gila (1),,,,19.000,,,,3.5,"{""label"": ""Mario Gila (1)"", ""hdp"": 3.5, ""over"": ""19.000""}",2026-05-13T13:50:30.156Z
71019438,Football,2026-05-13 21:00,Lazio Rome,Inter Milano,Italy - Coppa Italia,Bet365,Player Fouls Committed,Matteo Cancellieri (1),,,,5.500,,,,3.5,"{""label"": ""Matteo Cancellieri (1)"", ""hdp"": 3.5, ""over"": ""5.500""}",2026-05-13T13:50:30.156Z
71019438,Football,2026-05-13 21:00,Lazio Rome,Inter Milano,Italy - Coppa Italia,Bet365,Player Fouls Committed,Mattia Zaccagni (1),,,,6.000,,,,3.5,"{""label"": ""Mattia Zaccagni (1)"", ""hdp"": 3.5, ""over"": ""6.000""}",2026-05-13T13:50:30.156Z
71019438,Football,2026-05-13 21:00,Lazio Rome,Inter Milano,Italy - Coppa Italia,Bet365,Player Fouls Committed,Nicolo Rovella (1),,,,6.000,,,,3.5,"{""label"": ""Nicolo Rovella (1)"", ""hdp"": 3.5, ""over"": ""6.000""}",2026-05-13T13:50:30.156Z
71019438,Football,2026-05-13 21:00,Lazio Rome,Inter Milano,Italy - Coppa Italia,Bet365,Player Fouls Committed,Nuno Tavares (1),,,,13.000,,,,3.5,"{""label"": ""Nuno Tavares (1)"", ""hdp"": 3.5, ""over"": ""13.000""}",2026-05-13T13:50:30.156Z
71019438,Football,2026-05-13 21:00,Lazio Rome,Inter Milano,Italy - Coppa Italia,Bet365,Player Fouls Committed,Oliver Provstgaard (1),,,,15.000,,,,3.5,"{""label"": ""Oliver Provstgaard (1)"", ""hdp"": 3.5, ""over"": ""15.000""}",2026-05-13T13:50:30.156Z
71019438,Football,2026-05-13 21:00,Lazio Rome,Inter Milano,Italy - Coppa Italia,Bet365,Player Fouls Committed,Petar Ratkov (1),,,,11.000,,,,3.5,"{""label"": ""Petar Ratkov (1)"", ""hdp"": 3.5, ""over"": ""11.000""}",2026-05-13T13:50:30.156Z
71019438,Football,2026-05-13 21:00,Lazio Rome,Inter Milano,Italy - Coppa Italia,Bet365,Player Fouls Committed,Reda Belahyane (1),,,,5.500,,,,3.5,"{""label"": ""Reda Belahyane (1)"", ""hdp"": 3.5, ""over"": ""5.500""}",2026-05-13T13:50:30.156Z
71019438,Football,2026-05-13 21:00,Lazio Rome,Inter Milano,Italy - Coppa Italia,Bet365,Player Fouls Committed,Pedro (1),,,,10.000,,,,3.5,"{""label"": ""Pedro (1)"", ""hdp"": 3.5, ""over"": ""10.000""}",2026-05-13T13:50:30.156Z
71019438,Football,2026-05-13 21:00,Lazio Rome,Inter Milano,Italy - Coppa Italia,Bet365,Player Fouls Committed,Samuel Gigot (1),,,,7.000,,,,3.5,"{""label"": ""Samuel Gigot (1)"", ""hdp"": 3.5, ""over"": ""7.000""}",2026-05-13T13:50:30.156Z
71019438,Football,2026-05-13 21:00,Lazio Rome,Inter Milano,Italy - Coppa Italia,Bet365,Player Fouls Committed,Tijjani Noslin (1),,,,9.000,,,,3.5,"{""label"": ""Tijjani Noslin (1)"", ""hdp"": 3.5, ""over"": ""9.000""}",2026-05-13T13:50:30.156Z
71019438,Football,2026-05-13 21:00,Lazio Rome,Inter Milano,Italy - Coppa Italia,Bet365,Player Fouls Committed,Toma Basic (1),,,,11.000,,,,3.5,"{""label"": ""Toma Basic (1)"", ""hdp"": 3.5, ""over"": ""11.000""}",2026-05-13T13:50:30.156Z
71019438,Football,2026-05-13 21:00,Lazio Rome,Inter Milano,Italy - Coppa Italia,Bet365,Player Fouls Committed,Andy Diouf (2),,,,10.000,,,,3.5,"{""label"": ""Andy Diouf (2)"", ""hdp"": 3.5, ""over"": ""10.000""}",2026-05-13T13:50:30.156Z
71019438,Football,2026-05-13 21:00,Lazio Rome,Inter Milano,Italy - Coppa Italia,Bet365,Player Fouls Committed,Ange Bonny (2),,,,10.000,,,,3.5,"{""label"": ""Ange Bonny (2)"", ""hdp"": 3.5, ""over"": ""10.000""}",2026-05-13T13:50:30.156Z
71019438,Football,2026-05-13 21:00,Lazio Rome,Inter Milano,Italy - Coppa Italia,Bet365,Player Fouls Committed,Davide Frattesi (2),,,,13.000,,,,3.5,"{""label"": ""Davide Frattesi (2)"", ""hdp"": 3.5, ""over"": ""13.000""}",2026-05-13T13:50:30.156Z
71019438,Football,2026-05-13 21:00,Lazio Rome,Inter Milano,Italy - Coppa Italia,Bet365,Player Fouls Committed,Luis Henrique de Lima (2),,,,17.000,,,,3.5,"{""label"": ""Luis Henrique de Lima (2)"", ""hdp"": 3.5, ""over"": ""17.000""}",2026-05-13T13:50:30.156Z
71019438,Football,2026-05-13 21:00,Lazio Rome,Inter Milano,Italy - Coppa Italia,Bet365,Player Fouls Committed,Denzel Dumfries (2),,,,5.000,,,,3.5,"{""label"": ""Denzel Dumfries (2)"", ""hdp"": 3.5, ""over"": ""5.000""}",2026-05-13T13:50:30.156Z
71019438,Football,2026-05-13 21:00,Lazio Rome,Inter Milano,Italy - Coppa Italia,Bet365,Player Fouls Committed,Federico Dimarco (2),,,,11.000,,,,3.5,"{""label"": ""Federico Dimarco (2)"", ""hdp"": 3.5, ""over"": ""11.000""}",2026-05-13T13:50:30.156Z
71019438,Football,2026-05-13 21:00,Lazio Rome,Inter Milano,Italy - Coppa Italia,Bet365,Player Fouls Committed,Francesco Acerbi (2),,,,19.000,,,,3.5,"{""label"": ""Francesco Acerbi (2)"", ""hdp"": 3.5, ""over"": ""19.000""}",2026-05-13T13:50:30.156Z
71019438,Football,2026-05-13 21:00,Lazio Rome,Inter Milano,Italy - Coppa Italia,Bet365,Player Fouls Committed,Francesco Esposito (2),,,,9.000,,,,3.5,"{""label"": ""Francesco Esposito (2)"", ""hdp"": 3.5, ""over"": ""9.000""}",2026-05-13T13:50:30.156Z
71019438,Football,2026-05-13 21:00,Lazio Rome,Inter Milano,Italy - Coppa Italia,Bet365,Player Fouls Committed,Hakan Calhanoglu (2),,,,9.000,,,,3.5,"{""label"": ""Hakan Calhanoglu (2)"", ""hdp"": 3.5, ""over"": ""9.000""}",2026-05-13T13:50:30.156Z
71019438,Football,2026-05-13 21:00,Lazio Rome,Inter Milano,Italy - Coppa Italia,Bet365,Player Fouls Committed,Henrikh Mkhitaryan (2),,,,5.500,,,,3.5,"{""label"": ""Henrikh Mkhitaryan (2)"", ""hdp"": 3.5, ""over"": ""5.500""}",2026-05-13T13:50:30.156Z
71019438,Football,2026-05-13 21:00,Lazio Rome,Inter Milano,Italy - Coppa Italia,Bet365,Player Fouls Committed,Lautaro Martinez (2),,,,5.000,,,,3.5,"{""label"": ""Lautaro Martinez (2)"", ""hdp"": 3.5, ""over"": ""5.000""}",2026-05-13T13:50:30.156Z
71019438,Football,2026-05-13 21:00,Lazio Rome,Inter Milano,Italy - Coppa Italia,Bet365,Player Fouls Committed,Manuel Akanji (2),,,,26.000,,,,3.5,"{""label"": ""Manuel Akanji (2)"", ""hdp"": 3.5, ""over"": ""26.000""}",2026-05-13T13:50:30.156Z
71019438,Football,2026-05-13 21:00,Lazio Rome,Inter Milano,Italy - Coppa Italia,Bet365,Player Fouls Committed,Marcus Thuram (2),,,,5.000,,,,3.5,"{""label"": ""Marcus Thuram (2)"", ""hdp"": 3.5, ""over"": ""5.000""}",2026-05-13T13:50:30.156Z
71019438,Football,2026-05-13 21:00,Lazio Rome,Inter Milano,Italy - Coppa Italia,Bet365,Player Fouls Committed,Matteo Cocchi (2),,,,13.000,,,,3.5,"{""label"": ""Matteo Cocchi (2)"", ""hdp"": 3.5, ""over"": ""13.000""}",2026-05-13T13:50:30.156Z
71019438,Football,2026-05-13 21:00,Lazio Rome,Inter Milano,Italy - Coppa Italia,Bet365,Player Fouls Committed,Matteo Darmian (2),,,,6.000,,,,3.5,"{""label"": ""Matteo Darmian (2)"", ""hdp"": 3.5, ""over"": ""6.000""}",2026-05-13T13:50:30.156Z
71019438,Football,2026-05-13 21:00,Lazio Rome,Inter Milano,Italy - Coppa Italia,Bet365,Player Fouls Committed,Mattia Mosconi (2),,,,13.000,,,,3.5,"{""label"": ""Mattia Mosconi (2)"", ""hdp"": 3.5, ""over"": ""13.000""}",2026-05-13T13:50:30.156Z
71019438,Football,2026-05-13 21:00,Lazio Rome,Inter Milano,Italy - Coppa Italia,Bet365,Player Fouls Committed,Carlos Augusto (2),,,,13.000,,,,3.5,"{""label"": ""Carlos Augusto (2)"", ""hdp"": 3.5, ""over"": ""13.000""}",2026-05-13T13:50:30.156Z
71019438,Football,2026-05-13 21:00,Lazio Rome,Inter Milano,Italy - Coppa Italia,Bet365,Player Fouls Committed,Nicolo Barella (2),,,,19.000,,,,3.5,"{""label"": ""Nicolo Barella (2)"", ""hdp"": 3.5, ""over"": ""19.000""}",2026-05-13T13:50:30.156Z
71019438,Football,2026-05-13 21:00,Lazio Rome,Inter Milano,Italy - Coppa Italia,Bet365,Player Fouls Committed,Petar Sucic (2),,,,10.000,,,,3.5,"{""label"": ""Petar Sucic (2)"", ""hdp"": 3.5, ""over"": ""10.000""}",2026-05-13T13:50:30.156Z
71019438,Football,2026-05-13 21:00,Lazio Rome,Inter Milano,Italy - Coppa Italia,Bet365,Player Fouls Committed,Piotr Zielinski (2),,,,19.000,,,,3.5,"{""label"": ""Piotr Zielinski (2)"", ""hdp"": 3.5, ""over"": ""19.000""}",2026-05-13T13:50:30.156Z
71019438,Football,2026-05-13 21:00,Lazio Rome,Inter Milano,Italy - Coppa Italia,Bet365,Player Fouls Committed,Yann Aurel Bisseck (2),,,,6.000,,,,3.5,"{""label"": ""Yann Aurel Bisseck (2)"", ""hdp"": 3.5, ""over"": ""6.000""}",2026-05-13T13:50:30.156Z
71019438,Football,2026-05-13 21:00,Lazio Rome,Inter Milano,Italy - Coppa Italia,Bet365,Player Fouls Committed,Kenneth Taylor (1),,,,23.000,,,,4.5,"{""label"": ""Kenneth Taylor (1)"", ""hdp"": 4.5, ""over"": ""23.000""}",2026-05-13T13:50:30.156Z
71019438,Football,2026-05-13 21:00,Lazio Rome,Inter Milano,Italy - Coppa Italia,Bet365,Player Fouls Committed,Luca Pellegrini (1),,,,13.000,,,,4.5,"{""label"": ""Luca Pellegrini (1)"", ""hdp"": 4.5, ""over"": ""13.000""}",2026-05-13T13:50:30.156Z
71019438,Football,2026-05-13 21:00,Lazio Rome,Inter Milano,Italy - Coppa Italia,Bet365,Player Fouls Committed,Matteo Cancellieri (1),,,,13.000,,,,4.5,"{""label"": ""Matteo Cancellieri (1)"", ""hdp"": 4.5, ""over"": ""13.000""}",2026-05-13T13:50:30.156Z
71019438,Football,2026-05-13 21:00,Lazio Rome,Inter Milano,Italy - Coppa Italia,Bet365,Player Fouls Committed,Mattia Zaccagni (1),,,,15.000,,,,4.5,"{""label"": ""Mattia Zaccagni (1)"", ""hdp"": 4.5, ""over"": ""15.000""}",2026-05-13T13:50:30.156Z
71019438,Football,2026-05-13 21:00,Lazio Rome,Inter Milano,Italy - Coppa Italia,Bet365,Player Fouls Committed,Nicolo Rovella (1),,,,15.000,,,,4.5,"{""label"": ""Nicolo Rovella (1)"", ""hdp"": 4.5, ""over"": ""15.000""}",2026-05-13T13:50:30.156Z
71019438,Football,2026-05-13 21:00,Lazio Rome,Inter Milano,Italy - Coppa Italia,Bet365,Player Fouls Committed,Petar Ratkov (1),,,,23.000,,,,4.5,"{""label"": ""Petar Ratkov (1)"", ""hdp"": 4.5, ""over"": ""23.000""}",2026-05-13T13:50:30.156Z
71019438,Football,2026-05-13 21:00,Lazio Rome,Inter Milano,Italy - Coppa Italia,Bet365,Player Fouls Committed,Reda Belahyane (1),,,,13.000,,,,4.5,"{""label"": ""Reda Belahyane (1)"", ""hdp"": 4.5, ""over"": ""13.000""}",2026-05-13T13:50:30.156Z
71019438,Football,2026-05-13 21:00,Lazio Rome,Inter Milano,Italy - Coppa Italia,Bet365,Player Fouls Committed,Pedro (1),,,,21.000,,,,4.5,"{""label"": ""Pedro (1)"", ""hdp"": 4.5, ""over"": ""21.000""}",2026-05-13T13:50:30.156Z
71019438,Football,2026-05-13 21:00,Lazio Rome,Inter Milano,Italy - Coppa Italia,Bet365,Player Fouls Committed,Samuel Gigot (1),,,,17.000,,,,4.5,"{""label"": ""Samuel Gigot (1)"", ""hdp"": 4.5, ""over"": ""17.000""}",2026-05-13T13:50:30.156Z
71019438,Football,2026-05-13 21:00,Lazio Rome,Inter Milano,Italy - Coppa Italia,Bet365,Player Fouls Committed,Tijjani Noslin (1),,,,21.000,,,,4.5,"{""label"": ""Tijjani Noslin (1)"", ""hdp"": 4.5, ""over"": ""21.000""}",2026-05-13T13:50:30.156Z
71019438,Football,2026-05-13 21:00,Lazio Rome,Inter Milano,Italy - Coppa Italia,Bet365,Player Fouls Committed,Toma Basic (1),,,,26.000,,,,4.5,"{""label"": ""Toma Basic (1)"", ""hdp"": 4.5, ""over"": ""26.000""}",2026-05-13T13:50:30.156Z
71019438,Football,2026-05-13 21:00,Lazio Rome,Inter Milano,Italy - Coppa Italia,Bet365,Player Fouls Committed,Andy Diouf (2),,,,23.000,,,,4.5,"{""label"": ""Andy Diouf (2)"", ""hdp"": 4.5, ""over"": ""23.000""}",2026-05-13T13:50:30.156Z
71019438,Football,2026-05-13 21:00,Lazio Rome,Inter Milano,Italy - Coppa Italia,Bet365,Player Fouls Committed,Ange Bonny (2),,,,23.000,,,,4.5,"{""label"": ""Ange Bonny (2)"", ""hdp"": 4.5, ""over"": ""23.000""}",2026-05-13T13:50:30.156Z
71019438,Football,2026-05-13 21:00,Lazio Rome,Inter Milano,Italy - Coppa Italia,Bet365,Player Fouls Committed,Denzel Dumfries (2),,,,11.000,,,,4.5,"{""label"": ""Denzel Dumfries (2)"", ""hdp"": 4.5, ""over"": ""11.000""}",2026-05-13T13:50:30.156Z
71019438,Football,2026-05-13 21:00,Lazio Rome,Inter Milano,Italy - Coppa Italia,Bet365,Player Fouls Committed,Federico Dimarco (2),,,,26.000,,,,4.5,"{""label"": ""Federico Dimarco (2)"", ""hdp"": 4.5, ""over"": ""26.000""}",2026-05-13T13:50:30.156Z
71019438,Football,2026-05-13 21:00,Lazio Rome,Inter Milano,Italy - Coppa Italia,Bet365,Player Fouls Committed,Francesco Esposito (2),,,,19.000,,,,4.5,"{""label"": ""Francesco Esposito (2)"", ""hdp"": 4.5, ""over"": ""19.000""}",2026-05-13T13:50:30.156Z
71019438,Football,2026-05-13 21:00,Lazio Rome,Inter Milano,Italy - Coppa Italia,Bet365,Player Fouls Committed,Hakan Calhanoglu (2),,,,19.000,,,,4.5,"{""label"": ""Hakan Calhanoglu (2)"", ""hdp"": 4.5, ""over"": ""19.000""}",2026-05-13T13:50:30.156Z
71019438,Football,2026-05-13 21:00,Lazio Rome,Inter Milano,Italy - Coppa Italia,Bet365,Player Fouls Committed,Henrikh Mkhitaryan (2),,,,13.000,,,,4.5,"{""label"": ""Henrikh Mkhitaryan (2)"", ""hdp"": 4.5, ""over"": ""13.000""}",2026-05-13T13:50:30.156Z
71019438,Football,2026-05-13 21:00,Lazio Rome,Inter Milano,Italy - Coppa Italia,Bet365,Player Fouls Committed,Lautaro Martinez (2),,,,11.000,,,,4.5,"{""label"": ""Lautaro Martinez (2)"", ""hdp"": 4.5, ""over"": ""11.000""}",2026-05-13T13:50:30.156Z
71019438,Football,2026-05-13 21:00,Lazio Rome,Inter Milano,Italy - Coppa Italia,Bet365,Player Fouls Committed,Marcus Thuram (2),,,,11.000,,,,4.5,"{""label"": ""Marcus Thuram (2)"", ""hdp"": 4.5, ""over"": ""11.000""}",2026-05-13T13:50:30.156Z
71019438,Football,2026-05-13 21:00,Lazio Rome,Inter Milano,Italy - Coppa Italia,Bet365,Player Fouls Committed,Matteo Darmian (2),,,,13.000,,,,4.5,"{""label"": ""Matteo Darmian (2)"", ""hdp"": 4.5, ""over"": ""13.000""}",2026-05-13T13:50:30.156Z
71019438,Football,2026-05-13 21:00,Lazio Rome,Inter Milano,Italy - Coppa Italia,Bet365,Player Fouls Committed,Petar Sucic (2),,,,23.000,,,,4.5,"{""label"": ""Petar Sucic (2)"", ""hdp"": 4.5, ""over"": ""23.000""}",2026-05-13T13:50:30.156Z
71019438,Football,2026-05-13 21:00,Lazio Rome,Inter Milano,Italy - Coppa Italia,Bet365,Player Fouls Committed,Yann Aurel Bisseck (2),,,,13.000,,,,4.5,"{""label"": ""Yann Aurel Bisseck (2)"", ""hdp"": 4.5, ""over"": ""13.000""}",2026-05-13T13:50:30.156Z
71019438,Football,2026-05-13 21:00,Lazio Rome,Inter Milano,Italy - Coppa Italia,Bet365,Player Fouls Committed,Luca Pellegrini (1),,,,26.000,,,,5.5,"{""label"": ""Luca Pellegrini (1)"", ""hdp"": 5.5, ""over"": ""26.000""}",2026-05-13T13:50:30.156Z
71019438,Football,2026-05-13 21:00,Lazio Rome,Inter Milano,Italy - Coppa Italia,Bet365,Player Fouls Committed,Matteo Cancellieri (1),,,,26.000,,,,5.5,"{""label"": ""Matteo Cancellieri (1)"", ""hdp"": 5.5, ""over"": ""26.000""}",2026-05-13T13:50:30.156Z
71019438,Football,2026-05-13 21:00,Lazio Rome,Inter Milano,Italy - Coppa Italia,Bet365,Player Fouls Committed,Reda Belahyane (1),,,,26.000,,,,5.5,"{""label"": ""Reda Belahyane (1)"", ""hdp"": 5.5, ""over"": ""26.000""}",2026-05-13T13:50:30.156Z
71019438,Football,2026-05-13 21:00,Lazio Rome,Inter Milano,Italy - Coppa Italia,Bet365,Player Fouls Committed,Denzel Dumfries (2),,,,23.000,,,,5.5,"{""label"": ""Denzel Dumfries (2)"", ""hdp"": 5.5, ""over"": ""23.000""}",2026-05-13T13:50:30.156Z
71019438,Football,2026-05-13 21:00,Lazio Rome,Inter Milano,Italy - Coppa Italia,Bet365,Player Fouls Committed,Henrikh Mkhitaryan (2),,,,26.000,,,,5.5,"{""label"": ""Henrikh Mkhitaryan (2)"", ""hdp"": 5.5, ""over"": ""26.000""}",2026-05-13T13:50:30.156Z
71019438,Football,2026-05-13 21:00,Lazio Rome,Inter Milano,Italy - Coppa Italia,Bet365,Player Fouls Committed,Lautaro Martinez (2),,,,23.000,,,,5.5,"{""label"": ""Lautaro Martinez (2)"", ""hdp"": 5.5, ""over"": ""23.000""}",2026-05-13T13:50:30.156Z
71019438,Football,2026-05-13 21:00,Lazio Rome,Inter Milano,Italy - Coppa Italia,Bet365,Player Fouls Committed,Marcus Thuram (2),,,,23.000,,,,5.5,"{""label"": ""Marcus Thuram (2)"", ""hdp"": 5.5, ""over"": ""23.000""}",2026-05-13T13:50:30.156Z
71019438,Football,2026-05-13 21:00,Lazio Rome,Inter Milano,Italy - Coppa Italia,Bet365,Player Fouls Committed,Adam Marusic (1),,,,1.285,,,,0.5,"{""label"": ""Adam Marusic (1)"", ""hdp"": 0.5, ""over"": ""1.285""}",2026-05-13T13:50:30.156Z
71019438,Football,2026-05-13 21:00,Lazio Rome,Inter Milano,Italy - Coppa Italia,Bet365,Player Fouls Committed,Adam Marusic (1),,,,2.250,,,,1.5,"{""label"": ""Adam Marusic (1)"", ""hdp"": 1.5, ""over"": ""2.250""}",2026-05-13T13:50:30.156Z
71019438,Football,2026-05-13 21:00,Lazio Rome,Inter Milano,Italy - Coppa Italia,Bet365,Player Fouls Committed,Adam Marusic (1),,,,5.000,,,,2.5,"{""label"": ""Adam Marusic (1)"", ""hdp"": 2.5, ""over"": ""5.000""}",2026-05-13T13:50:30.156Z
71019438,Football,2026-05-13 21:00,Lazio Rome,Inter Milano,Italy - Coppa Italia,Bet365,Player Fouls Committed,Adam Marusic (1),,,,13.000,,,,3.5,"{""label"": ""Adam Marusic (1)"", ""hdp"": 3.5, ""over"": ""13.000""}",2026-05-13T13:50:30.156Z
71019438,Football,2026-05-13 21:00,Lazio Rome,Inter Milano,Italy - Coppa Italia,Bet365,Player Fouls Committed,Pedro (1),,,,1.200,,,,0.5,"{""label"": ""Pedro (1)"", ""hdp"": 0.5, ""over"": ""1.200""}",2026-05-13T13:50:30.156Z
71019438,Football,2026-05-13 21:00,Lazio Rome,Inter Milano,Italy - Coppa Italia,Bet365,Player Fouls Committed,Alessandro Bastoni (2),,,,1.062,,,,0.5,"{""label"": ""Alessandro Bastoni (2)"", ""hdp"": 0.5, ""over"": ""1.062""}",2026-05-13T13:50:30.156Z
71019438,Football,2026-05-13 21:00,Lazio Rome,Inter Milano,Italy - Coppa Italia,Bet365,Player Fouls Committed,Alessandro Bastoni (2),,,,1.333,,,,1.5,"{""label"": ""Alessandro Bastoni (2)"", ""hdp"": 1.5, ""over"": ""1.333""}",2026-05-13T13:50:30.156Z
71019438,Football,2026-05-13 21:00,Lazio Rome,Inter Milano,Italy - Coppa Italia,Bet365,Player Fouls Committed,Alessandro Bastoni (2),,,,2.000,,,,2.5,"{""label"": ""Alessandro Bastoni (2)"", ""hdp"": 2.5, ""over"": ""2.000""}",2026-05-13T13:50:30.156Z
71019438,Football,2026-05-13 21:00,Lazio Rome,Inter Milano,Italy - Coppa Italia,Bet365,Player Fouls Committed,Alessandro Bastoni (2),,,,3.500,,,,3.5,"{""label"": ""Alessandro Bastoni (2)"", ""hdp"": 3.5, ""over"": ""3.500""}",2026-05-13T13:50:30.156Z
71019438,Football,2026-05-13 21:00,Lazio Rome,Inter Milano,Italy - Coppa Italia,Bet365,Player Fouls Committed,Alessandro Bastoni (2),,,,7.000,,,,4.5,"{""label"": ""Alessandro Bastoni (2)"", ""hdp"": 4.5, ""over"": ""7.000""}",2026-05-13T13:50:30.156Z
71019438,Football,2026-05-13 21:00,Lazio Rome,Inter Milano,Italy - Coppa Italia,Bet365,Player Fouls Committed,Alessandro Bastoni (2),,,,15.000,,,,5.5,"{""label"": ""Alessandro Bastoni (2)"", ""hdp"": 5.5, ""over"": ""15.000""}",2026-05-13T13:50:30.156Z
71019438,Football,2026-05-13 21:00,Lazio Rome,Inter Milano,Italy - Coppa Italia,Bet365,Total Corners,Under 6,,,,,7.000,,,,"{""label"": ""Under 6"", ""under"": ""7.000""}",2026-05-08T00:25:24.59Z
71019438,Football,2026-05-13 21:00,Lazio Rome,Inter Milano,Italy - Coppa Italia,Bet365,Total Corners,6 - 8,,,,,2.750,,,,"{""label"": ""6 - 8"", ""under"": ""2.750""}",2026-05-08T00:25:24.59Z
71019438,Football,2026-05-13 21:00,Lazio Rome,Inter Milano,Italy - Coppa Italia,Bet365,Total Corners,9 - 11,,,,,2.625,,,,"{""label"": ""9 - 11"", ""under"": ""2.625""}",2026-05-08T00:25:24.59Z
71019438,Football,2026-05-13 21:00,Lazio Rome,Inter Milano,Italy - Coppa Italia,Bet365,Total Corners,12 - 14,,,,,5.000,,,,"{""label"": ""12 - 14"", ""under"": ""5.000""}",2026-05-08T00:25:24.59Z
71019438,Football,2026-05-13 21:00,Lazio Rome,Inter Milano,Italy - Coppa Italia,Bet365,Total Corners,Over 14,,,,13.000,,,,,"{""label"": ""Over 14"", ""over"": ""13.000""}",2026-05-08T00:25:24.59Z
71019438,Football,2026-05-13 21:00,Lazio Rome,Inter Milano,Italy - Coppa Italia,Bet365,Alternative Asian Handicap,,6.600,,1.110,,,,,-0.75,"{""hdp"": -0.75, ""home"": ""6.600"", ""away"": ""1.110""}",2026-05-13T17:08:37.408Z
71019438,Football,2026-05-13 21:00,Lazio Rome,Inter Milano,Italy - Coppa Italia,Bet365,Alternative Asian Handicap,,4.800,,1.675,,,,,-0.5,"{""hdp"": -0.5, ""home"": ""4.800"", ""away"": ""1.675""}",2026-05-13T17:08:37.408Z
71019438,Football,2026-05-13 21:00,Lazio Rome,Inter Milano,Italy - Coppa Italia,Bet365,Alternative Asian Handicap,,4.250,,1.475,,,,,-0.25,"{""hdp"": -0.25, ""home"": ""4.250"", ""away"": ""1.475""}",2026-05-13T17:08:37.408Z
71019438,Football,2026-05-13 21:00,Lazio Rome,Inter Milano,Italy - Coppa Italia,Bet365,Alternative Asian Handicap,,3.700,,1.260,,,,,0,"{""hdp"": 0, ""home"": ""3.700"", ""away"": ""1.260""}",2026-05-13T17:08:37.408Z
71019438,Football,2026-05-13 21:00,Lazio Rome,Inter Milano,Italy - Coppa Italia,Bet365,Alternative Asian Handicap,,2.600,,1.210,,,,,0.25,"{""hdp"": 0.25, ""home"": ""2.600"", ""away"": ""1.210""}",2026-05-13T17:08:37.408Z
71019438,Football,2026-05-13 21:00,Lazio Rome,Inter Milano,Italy - Coppa Italia,Bet365,Alternative Asian Handicap,,2.150,,1.175,,,,,0.5,"{""hdp"": 0.5, ""home"": ""2.150"", ""away"": ""1.175""}",2026-05-13T17:08:37.408Z
71019438,Football,2026-05-13 21:00,Lazio Rome,Inter Milano,Italy - Coppa Italia,Bet365,Alternative Asian Handicap,,1.625,,2.250,,,,,1,"{""hdp"": 1, ""home"": ""1.625"", ""away"": ""2.250""}",2026-05-13T17:08:37.408Z
71019438,Football,2026-05-13 21:00,Lazio Rome,Inter Milano,Italy - Coppa Italia,Bet365,Alternative Asian Handicap,,1.475,,2.600,,,,,1.25,"{""hdp"": 1.25, ""home"": ""1.475"", ""away"": ""2.600""}",2026-05-13T17:08:37.408Z
71019438,Football,2026-05-13 21:00,Lazio Rome,Inter Milano,Italy - Coppa Italia,Bet365,Alternative Asian Handicap,,1.400,,2.850,,,,,1.5,"{""hdp"": 1.5, ""home"": ""1.400"", ""away"": ""2.850""}",2026-05-13T17:08:37.408Z
71019438,Football,2026-05-13 21:00,Lazio Rome,Inter Milano,Italy - Coppa Italia,Bet365,Alternative Asian Handicap,,1.275,,3.550,,,,,1.75,"{""hdp"": 1.75, ""home"": ""1.275"", ""away"": ""3.550""}",2026-05-13T17:08:37.408Z
71019438,Football,2026-05-13 21:00,Lazio Rome,Inter Milano,Italy - Coppa Italia,Bet365,Alternative Asian Handicap,,1.160,,5.250,,,,,2,"{""hdp"": 2, ""home"": ""1.160"", ""away"": ""5.250""}",2026-05-13T17:08:37.408Z
71019438,Football,2026-05-13 21:00,Lazio Rome,Inter Milano,Italy - Coppa Italia,Bet365,Alternative Asian Handicap,,1.140,,5.750,,,,,2.25,"{""hdp"": 2.25, ""home"": ""1.140"", ""away"": ""5.750""}",2026-05-13T17:08:37.408Z
71019438,Football,2026-05-13 21:00,Lazio Rome,Inter Milano,Italy - Coppa Italia,Bet365,Alternative Asian Handicap,,1.125,,6.000,,,,,2.5,"{""hdp"": 2.5, ""home"": ""1.125"", ""away"": ""6.000""}",2026-05-13T17:08:37.408Z
71019438,Football,2026-05-13 21:00,Lazio Rome,Inter Milano,Italy - Coppa Italia,Bet365,Specials,To Win From Behind (2),,,2.750,,,,,2,"{""label"": ""To Win From Behind (2)"", ""hdp"": 2, ""away"": ""2.750""}",2026-05-13T16:02:58.366Z
71019438,Football,2026-05-13 21:00,Lazio Rome,Inter Milano,Italy - Coppa Italia,Bet365,Specials,To Win From Behind (1),7.000,,,,,,,1,"{""label"": ""To Win From Behind (1)"", ""hdp"": 1, ""home"": ""7.000""}",2026-05-13T16:02:58.366Z
71019438,Football,2026-05-13 21:00,Lazio Rome,Inter Milano,Italy - Coppa Italia,Bet365,Player Headed Shots on Target,Adam Marusic (1),,,,17.000,,,,0.5,"{""label"": ""Adam Marusic (1)"", ""hdp"": 0.5, ""over"": ""17.000""}",2026-05-13T16:16:48.495Z
71019438,Football,2026-05-13 21:00,Lazio Rome,Inter Milano,Italy - Coppa Italia,Bet365,Player Headed Shots on Target,Adrian Przyborek (1),,,,15.000,,,,0.5,"{""label"": ""Adrian Przyborek (1)"", ""hdp"": 0.5, ""over"": ""15.000""}",2026-05-13T16:16:48.495Z
71019438,Football,2026-05-13 21:00,Lazio Rome,Inter Milano,Italy - Coppa Italia,Bet365,Player Headed Shots on Target,Alessio Romagnoli (1),,,,9.000,,,,0.5,"{""label"": ""Alessio Romagnoli (1)"", ""hdp"": 0.5, ""over"": ""9.000""}",2026-05-13T16:16:48.495Z
71019438,Football,2026-05-13 21:00,Lazio Rome,Inter Milano,Italy - Coppa Italia,Bet365,Player Headed Shots on Target,Daniel Maldini (1),,,,8.000,,,,0.5,"{""label"": ""Daniel Maldini (1)"", ""hdp"": 0.5, ""over"": ""8.000""}",2026-05-13T16:16:48.495Z
71019438,Football,2026-05-13 21:00,Lazio Rome,Inter Milano,Italy - Coppa Italia,Bet365,Player Headed Shots on Target,Danilo Cataldi (1),,,,23.000,,,,0.5,"{""label"": ""Danilo Cataldi (1)"", ""hdp"": 0.5, ""over"": ""23.000""}",2026-05-13T16:16:48.495Z
71019438,Football,2026-05-13 21:00,Lazio Rome,Inter Milano,Italy - Coppa Italia,Bet365,Player Headed Shots on Target,Elseid Hysaj (1),,,,51.000,,,,0.5,"{""label"": ""Elseid Hysaj (1)"", ""hdp"": 0.5, ""over"": ""51.000""}",2026-05-13T16:16:48.495Z
71019438,Football,2026-05-13 21:00,Lazio Rome,Inter Milano,Italy - Coppa Italia,Bet365,Player Headed Shots on Target,Fisayo Dele-Bashiru (1),,,,15.000,,,,0.5,"{""label"": ""Fisayo Dele-Bashiru (1)"", ""hdp"": 0.5, ""over"": ""15.000""}",2026-05-13T16:16:48.495Z
71019438,Football,2026-05-13 21:00,Lazio Rome,Inter Milano,Italy - Coppa Italia,Bet365,Player Headed Shots on Target,Gabarron Patric Gil (1),,,,6.500,,,,0.5,"{""label"": ""Gabarron Patric Gil (1)"", ""hdp"": 0.5, ""over"": ""6.500""}",2026-05-13T16:16:48.495Z
71019438,Football,2026-05-13 21:00,Lazio Rome,Inter Milano,Italy - Coppa Italia,Bet365,Player Headed Shots on Target,Kenneth Taylor (1),,,,15.000,,,,0.5,"{""label"": ""Kenneth Taylor (1)"", ""hdp"": 0.5, ""over"": ""15.000""}",2026-05-13T16:16:48.495Z
71019438,Football,2026-05-13 21:00,Lazio Rome,Inter Milano,Italy - Coppa Italia,Bet365,Player Headed Shots on Target,Luca Pellegrini (1),,,,29.000,,,,0.5,"{""label"": ""Luca Pellegrini (1)"", ""hdp"": 0.5, ""over"": ""29.000""}",2026-05-13T16:16:48.495Z
71019438,Football,2026-05-13 21:00,Lazio Rome,Inter Milano,Italy - Coppa Italia,Bet365,Player Headed Shots on Target,Manuel Lazzari (1),,,,29.000,,,,0.5,"{""label"": ""Manuel Lazzari (1)"", ""hdp"": 0.5, ""over"": ""29.000""}",2026-05-13T16:16:48.495Z
71019438,Football,2026-05-13 21:00,Lazio Rome,Inter Milano,Italy - Coppa Italia,Bet365,Player Headed Shots on Target,Mario Gila (1),,,,9.000,,,,0.5,"{""label"": ""Mario Gila (1)"", ""hdp"": 0.5, ""over"": ""9.000""}",2026-05-13T16:16:48.495Z
71019438,Football,2026-05-13 21:00,Lazio Rome,Inter Milano,Italy - Coppa Italia,Bet365,Player Headed Shots on Target,Matteo Cancellieri (1),,,,7.000,,,,0.5,"{""label"": ""Matteo Cancellieri (1)"", ""hdp"": 0.5, ""over"": ""7.000""}",2026-05-13T16:16:48.495Z
71019438,Football,2026-05-13 21:00,Lazio Rome,Inter Milano,Italy - Coppa Italia,Bet365,Player Headed Shots on Target,Mattia Zaccagni (1),,,,8.000,,,,0.5,"{""label"": ""Mattia Zaccagni (1)"", ""hdp"": 0.5, ""over"": ""8.000""}",2026-05-13T16:16:48.495Z
71019438,Football,2026-05-13 21:00,Lazio Rome,Inter Milano,Italy - Coppa Italia,Bet365,Player Headed Shots on Target,Nicolo Rovella (1),,,,21.000,,,,0.5,"{""label"": ""Nicolo Rovella (1)"", ""hdp"": 0.5, ""over"": ""21.000""}",2026-05-13T16:16:48.495Z
71019438,Football,2026-05-13 21:00,Lazio Rome,Inter Milano,Italy - Coppa Italia,Bet365,Player Headed Shots on Target,Nuno Tavares (1),,,,17.000,,,,0.5,"{""label"": ""Nuno Tavares (1)"", ""hdp"": 0.5, ""over"": ""17.000""}",2026-05-13T16:16:48.495Z
71019438,Football,2026-05-13 21:00,Lazio Rome,Inter Milano,Italy - Coppa Italia,Bet365,Player Headed Shots on Target,Oliver Provstgaard (1),,,,6.500,,,,0.5,"{""label"": ""Oliver Provstgaard (1)"", ""hdp"": 0.5, ""over"": ""6.500""}",2026-05-13T16:16:48.495Z
71019438,Football,2026-05-13 21:00,Lazio Rome,Inter Milano,Italy - Coppa Italia,Bet365,Player Headed Shots on Target,Samuel Gigot (1),,,,5.500,,,,0.5,"{""label"": ""Samuel Gigot (1)"", ""hdp"": 0.5, ""over"": ""5.500""}",2026-05-13T16:16:48.495Z
71019438,Football,2026-05-13 21:00,Lazio Rome,Inter Milano,Italy - Coppa Italia,Bet365,Player Headed Shots on Target,Tijjani Noslin (1),,,,4.333,,,,0.5,"{""label"": ""Tijjani Noslin (1)"", ""hdp"": 0.5, ""over"": ""4.333""}",2026-05-13T16:16:48.495Z
71019438,Football,2026-05-13 21:00,Lazio Rome,Inter Milano,Italy - Coppa Italia,Bet365,Player Headed Shots on Target,Toma Basic (1),,,,10.000,,,,0.5,"{""label"": ""Toma Basic (1)"", ""hdp"": 0.5, ""over"": ""10.000""}",2026-05-13T16:16:48.495Z
71019438,Football,2026-05-13 21:00,Lazio Rome,Inter Milano,Italy - Coppa Italia,Bet365,Player Headed Shots on Target,Alessandro Bastoni (2),,,,3.750,,,,0.5,"{""label"": ""Alessandro Bastoni (2)"", ""hdp"": 0.5, ""over"": ""3.750""}",2026-05-13T16:16:48.495Z
71019438,Football,2026-05-13 21:00,Lazio Rome,Inter Milano,Italy - Coppa Italia,Bet365,Player Headed Shots on Target,Andy Diouf (2),,,,8.000,,,,0.5,"{""label"": ""Andy Diouf (2)"", ""hdp"": 0.5, ""over"": ""8.000""}",2026-05-13T16:16:48.495Z
71019438,Football,2026-05-13 21:00,Lazio Rome,Inter Milano,Italy - Coppa Italia,Bet365,Player Headed Shots on Target,Davide Frattesi (2),,,,5.000,,,,0.5,"{""label"": ""Davide Frattesi (2)"", ""hdp"": 0.5, ""over"": ""5.000""}",2026-05-13T16:16:48.495Z
71019438,Football,2026-05-13 21:00,Lazio Rome,Inter Milano,Italy - Coppa Italia,Bet365,Player Headed Shots on Target,Denzel Dumfries (2),,,,4.333,,,,0.5,"{""label"": ""Denzel Dumfries (2)"", ""hdp"": 0.5, ""over"": ""4.333""}",2026-05-13T16:16:48.495Z
71019438,Football,2026-05-13 21:00,Lazio Rome,Inter Milano,Italy - Coppa Italia,Bet365,Player Headed Shots on Target,Federico Dimarco (2),,,,13.000,,,,0.5,"{""label"": ""Federico Dimarco (2)"", ""hdp"": 0.5, ""over"": ""13.000""}",2026-05-13T16:16:48.495Z
71019438,Football,2026-05-13 21:00,Lazio Rome,Inter Milano,Italy - Coppa Italia,Bet365,Player Headed Shots on Target,Matteo Cocchi (2),,,,15.000,,,,0.5,"{""label"": ""Matteo Cocchi (2)"", ""hdp"": 0.5, ""over"": ""15.000""}",2026-05-13T16:16:48.495Z
71019438,Football,2026-05-13 21:00,Lazio Rome,Inter Milano,Italy - Coppa Italia,Bet365,Player Headed Shots on Target,Stefan de Vrij (2),,,,10.000,,,,0.5,"{""label"": ""Stefan de Vrij (2)"", ""hdp"": 0.5, ""over"": ""10.000""}",2026-05-13T16:16:48.495Z
71019438,Football,2026-05-13 21:00,Lazio Rome,Inter Milano,Italy - Coppa Italia,Bet365,Player Headed Shots on Target,Yann Aurel Bisseck (2),,,,4.000,,,,0.5,"{""label"": ""Yann Aurel Bisseck (2)"", ""hdp"": 0.5, ""over"": ""4.000""}",2026-05-13T16:16:48.495Z
71019438,Football,2026-05-13 21:00,Lazio Rome,Inter Milano,Italy - Coppa Italia,Bet365,Player Headed Shots on Target,Alessio Romagnoli (1),,,,67.000,,,,1.5,"{""label"": ""Alessio Romagnoli (1)"", ""hdp"": 1.5, ""over"": ""67.000""}",2026-05-13T16:16:48.495Z
71019438,Football,2026-05-13 21:00,Lazio Rome,Inter Milano,Italy - Coppa Italia,Bet365,Player Headed Shots on Target,Daniel Maldini (1),,,,67.000,,,,1.5,"{""label"": ""Daniel Maldini (1)"", ""hdp"": 1.5, ""over"": ""67.000""}",2026-05-13T16:16:48.495Z
71019438,Football,2026-05-13 21:00,Lazio Rome,Inter Milano,Italy - Coppa Italia,Bet365,Player Headed Shots on Target,Gabarron Patric Gil (1),,,,51.000,,,,1.5,"{""label"": ""Gabarron Patric Gil (1)"", ""hdp"": 1.5, ""over"": ""51.000""}",2026-05-13T16:16:48.495Z
71019438,Football,2026-05-13 21:00,Lazio Rome,Inter Milano,Italy - Coppa Italia,Bet365,Player Headed Shots on Target,Gustav Isaksen (1),,,,51.000,,,,1.5,"{""label"": ""Gustav Isaksen (1)"", ""hdp"": 1.5, ""over"": ""51.000""}",2026-05-13T16:16:48.495Z
71019438,Football,2026-05-13 21:00,Lazio Rome,Inter Milano,Italy - Coppa Italia,Bet365,Player Headed Shots on Target,Mario Gila (1),,,,67.000,,,,1.5,"{""label"": ""Mario Gila (1)"", ""hdp"": 1.5, ""over"": ""67.000""}",2026-05-13T16:16:48.495Z
71019438,Football,2026-05-13 21:00,Lazio Rome,Inter Milano,Italy - Coppa Italia,Bet365,Player Headed Shots on Target,Matteo Cancellieri (1),,,,51.000,,,,1.5,"{""label"": ""Matteo Cancellieri (1)"", ""hdp"": 1.5, ""over"": ""51.000""}",2026-05-13T16:16:48.495Z
71019438,Football,2026-05-13 21:00,Lazio Rome,Inter Milano,Italy - Coppa Italia,Bet365,Player Headed Shots on Target,Mattia Zaccagni (1),,,,51.000,,,,1.5,"{""label"": ""Mattia Zaccagni (1)"", ""hdp"": 1.5, ""over"": ""51.000""}",2026-05-13T16:16:48.495Z
71019438,Football,2026-05-13 21:00,Lazio Rome,Inter Milano,Italy - Coppa Italia,Bet365,Player Headed Shots on Target,Oliver Provstgaard (1),,,,41.000,,,,1.5,"{""label"": ""Oliver Provstgaard (1)"", ""hdp"": 1.5, ""over"": ""41.000""}",2026-05-13T16:16:48.495Z
71019438,Football,2026-05-13 21:00,Lazio Rome,Inter Milano,Italy - Coppa Italia,Bet365,Player Headed Shots on Target,Petar Ratkov (1),,,,23.000,,,,1.5,"{""label"": ""Petar Ratkov (1)"", ""hdp"": 1.5, ""over"": ""23.000""}",2026-05-13T16:16:48.495Z
71019438,Football,2026-05-13 21:00,Lazio Rome,Inter Milano,Italy - Coppa Italia,Bet365,Player Headed Shots on Target,Samuel Gigot (1),,,,34.000,,,,1.5,"{""label"": ""Samuel Gigot (1)"", ""hdp"": 1.5, ""over"": ""34.000""}",2026-05-13T16:16:48.495Z
71019438,Football,2026-05-13 21:00,Lazio Rome,Inter Milano,Italy - Coppa Italia,Bet365,Player Headed Shots on Target,Tijjani Noslin (1),,,,26.000,,,,1.5,"{""label"": ""Tijjani Noslin (1)"", ""hdp"": 1.5, ""over"": ""26.000""}",2026-05-13T16:16:48.495Z
71019438,Football,2026-05-13 21:00,Lazio Rome,Inter Milano,Italy - Coppa Italia,Bet365,Player Headed Shots on Target,Alessandro Bastoni (2),,,,21.000,,,,1.5,"{""label"": ""Alessandro Bastoni (2)"", ""hdp"": 1.5, ""over"": ""21.000""}",2026-05-13T16:16:48.495Z
71019438,Football,2026-05-13 21:00,Lazio Rome,Inter Milano,Italy - Coppa Italia,Bet365,Player Headed Shots on Target,Andy Diouf (2),,,,67.000,,,,1.5,"{""label"": ""Andy Diouf (2)"", ""hdp"": 1.5, ""over"": ""67.000""}",2026-05-13T16:16:48.495Z
71019438,Football,2026-05-13 21:00,Lazio Rome,Inter Milano,Italy - Coppa Italia,Bet365,Player Headed Shots on Target,Davide Frattesi (2),,,,29.000,,,,1.5,"{""label"": ""Davide Frattesi (2)"", ""hdp"": 1.5, ""over"": ""29.000""}",2026-05-13T16:16:48.495Z
71019438,Football,2026-05-13 21:00,Lazio Rome,Inter Milano,Italy - Coppa Italia,Bet365,Player Headed Shots on Target,Denzel Dumfries (2),,,,26.000,,,,1.5,"{""label"": ""Denzel Dumfries (2)"", ""hdp"": 1.5, ""over"": ""26.000""}",2026-05-13T16:16:48.495Z
71019438,Football,2026-05-13 21:00,Lazio Rome,Inter Milano,Italy - Coppa Italia,Bet365,Player Headed Shots on Target,Matteo Darmian (2),,,,67.000,,,,1.5,"{""label"": ""Matteo Darmian (2)"", ""hdp"": 1.5, ""over"": ""67.000""}",2026-05-13T16:16:48.495Z
71019438,Football,2026-05-13 21:00,Lazio Rome,Inter Milano,Italy - Coppa Italia,Bet365,Player Headed Shots on Target,Petar Sucic (2),,,,67.000,,,,1.5,"{""label"": ""Petar Sucic (2)"", ""hdp"": 1.5, ""over"": ""67.000""}",2026-05-13T16:16:48.495Z
71019438,Football,2026-05-13 21:00,Lazio Rome,Inter Milano,Italy - Coppa Italia,Bet365,Player Headed Shots on Target,Yann Aurel Bisseck (2),,,,23.000,,,,1.5,"{""label"": ""Yann Aurel Bisseck (2)"", ""hdp"": 1.5, ""over"": ""23.000""}",2026-05-13T16:16:48.495Z
71019438,Football,2026-05-13 21:00,Lazio Rome,Inter Milano,Italy - Coppa Italia,Bet365,Player Headed Shots on Target,Lautaro Martinez (2),,,,26.000,,,,2.5,"{""label"": ""Lautaro Martinez (2)"", ""hdp"": 2.5, ""over"": ""26.000""}",2026-05-13T16:16:48.495Z
71019438,Football,2026-05-13 21:00,Lazio Rome,Inter Milano,Italy - Coppa Italia,Bet365,Player Headed Shots on Target,Boulaye Dia (1),,,,13.000,,,,0.5,"{""label"": ""Boulaye Dia (1)"", ""hdp"": 0.5, ""over"": ""13.000""}",2026-05-13T16:16:48.495Z
71019438,Football,2026-05-13 21:00,Lazio Rome,Inter Milano,Italy - Coppa Italia,Bet365,Player Headed Shots on Target,Gustav Isaksen (1),,,,8.000,,,,0.5,"{""label"": ""Gustav Isaksen (1)"", ""hdp"": 0.5, ""over"": ""8.000""}",2026-05-13T16:16:48.495Z
71019438,Football,2026-05-13 21:00,Lazio Rome,Inter Milano,Italy - Coppa Italia,Bet365,Player Headed Shots on Target,Reda Belahyane (1),,,,26.000,,,,0.5,"{""label"": ""Reda Belahyane (1)"", ""hdp"": 0.5, ""over"": ""26.000""}",2026-05-13T16:16:48.495Z
71019438,Football,2026-05-13 21:00,Lazio Rome,Inter Milano,Italy - Coppa Italia,Bet365,Player Headed Shots on Target,Pedro (1),,,,13.000,,,,0.5,"{""label"": ""Pedro (1)"", ""hdp"": 0.5, ""over"": ""13.000""}",2026-05-13T16:16:48.495Z
71019438,Football,2026-05-13 21:00,Lazio Rome,Inter Milano,Italy - Coppa Italia,Bet365,Player Headed Shots on Target,Ange Bonny (2),,,,3.500,,,,0.5,"{""label"": ""Ange Bonny (2)"", ""hdp"": 0.5, ""over"": ""3.500""}",2026-05-13T16:16:48.495Z
71019438,Football,2026-05-13 21:00,Lazio Rome,Inter Milano,Italy - Coppa Italia,Bet365,Player Headed Shots on Target,Luis Henrique de Lima (2),,,,13.000,,,,0.5,"{""label"": ""Luis Henrique de Lima (2)"", ""hdp"": 0.5, ""over"": ""13.000""}",2026-05-13T16:16:48.495Z
71019438,Football,2026-05-13 21:00,Lazio Rome,Inter Milano,Italy - Coppa Italia,Bet365,Player Headed Shots on Target,Francesco Acerbi (2),,,,8.000,,,,0.5,"{""label"": ""Francesco Acerbi (2)"", ""hdp"": 0.5, ""over"": ""8.000""}",2026-05-13T16:16:48.495Z
71019438,Football,2026-05-13 21:00,Lazio Rome,Inter Milano,Italy - Coppa Italia,Bet365,Player Headed Shots on Target,Francesco Esposito (2),,,,2.000,,,,0.5,"{""label"": ""Francesco Esposito (2)"", ""hdp"": 0.5, ""over"": ""2.000""}",2026-05-13T16:16:48.495Z
71019438,Football,2026-05-13 21:00,Lazio Rome,Inter Milano,Italy - Coppa Italia,Bet365,Player Headed Shots on Target,Hakan Calhanoglu (2),,,,11.000,,,,0.5,"{""label"": ""Hakan Calhanoglu (2)"", ""hdp"": 0.5, ""over"": ""11.000""}",2026-05-13T16:16:48.495Z
71019438,Football,2026-05-13 21:00,Lazio Rome,Inter Milano,Italy - Coppa Italia,Bet365,Player Headed Shots on Target,Henrikh Mkhitaryan (2),,,,13.000,,,,0.5,"{""label"": ""Henrikh Mkhitaryan (2)"", ""hdp"": 0.5, ""over"": ""13.000""}",2026-05-13T16:16:48.495Z
71019438,Football,2026-05-13 21:00,Lazio Rome,Inter Milano,Italy - Coppa Italia,Bet365,Player Headed Shots on Target,Lautaro Martinez (2),,,,2.200,,,,0.5,"{""label"": ""Lautaro Martinez (2)"", ""hdp"": 0.5, ""over"": ""2.200""}",2026-05-13T16:16:48.495Z
71019438,Football,2026-05-13 21:00,Lazio Rome,Inter Milano,Italy - Coppa Italia,Bet365,Player Headed Shots on Target,Manuel Akanji (2),,,,6.500,,,,0.5,"{""label"": ""Manuel Akanji (2)"", ""hdp"": 0.5, ""over"": ""6.500""}",2026-05-13T16:16:48.495Z
71019438,Football,2026-05-13 21:00,Lazio Rome,Inter Milano,Italy - Coppa Italia,Bet365,Player Headed Shots on Target,Marcus Thuram (2),,,,2.625,,,,0.5,"{""label"": ""Marcus Thuram (2)"", ""hdp"": 0.5, ""over"": ""2.625""}",2026-05-13T16:16:48.495Z
71019438,Football,2026-05-13 21:00,Lazio Rome,Inter Milano,Italy - Coppa Italia,Bet365,Player Headed Shots on Target,Matteo Darmian (2),,,,9.000,,,,0.5,"{""label"": ""Matteo Darmian (2)"", ""hdp"": 0.5, ""over"": ""9.000""}",2026-05-13T16:16:48.495Z
71019438,Football,2026-05-13 21:00,Lazio Rome,Inter Milano,Italy - Coppa Italia,Bet365,Player Headed Shots on Target,Mattia Mosconi (2),,,,5.000,,,,0.5,"{""label"": ""Mattia Mosconi (2)"", ""hdp"": 0.5, ""over"": ""5.000""}",2026-05-13T16:16:48.495Z
71019438,Football,2026-05-13 21:00,Lazio Rome,Inter Milano,Italy - Coppa Italia,Bet365,Player Headed Shots on Target,Nicolo Barella (2),,,,13.000,,,,0.5,"{""label"": ""Nicolo Barella (2)"", ""hdp"": 0.5, ""over"": ""13.000""}",2026-05-13T16:16:48.495Z
71019438,Football,2026-05-13 21:00,Lazio Rome,Inter Milano,Italy - Coppa Italia,Bet365,Player Headed Shots on Target,Petar Sucic (2),,,,10.000,,,,0.5,"{""label"": ""Petar Sucic (2)"", ""hdp"": 0.5, ""over"": ""10.000""}",2026-05-13T16:16:48.495Z
71019438,Football,2026-05-13 21:00,Lazio Rome,Inter Milano,Italy - Coppa Italia,Bet365,Player Headed Shots on Target,Piotr Zielinski (2),,,,9.000,,,,0.5,"{""label"": ""Piotr Zielinski (2)"", ""hdp"": 0.5, ""over"": ""9.000""}",2026-05-13T16:16:48.495Z
71019438,Football,2026-05-13 21:00,Lazio Rome,Inter Milano,Italy - Coppa Italia,Bet365,Player Headed Shots on Target,Ange Bonny (2),,,,19.000,,,,1.5,"{""label"": ""Ange Bonny (2)"", ""hdp"": 1.5, ""over"": ""19.000""}",2026-05-13T16:16:48.495Z
71019438,Football,2026-05-13 21:00,Lazio Rome,Inter Milano,Italy - Coppa Italia,Bet365,Player Headed Shots on Target,Francesco Acerbi (2),,,,51.000,,,,1.5,"{""label"": ""Francesco Acerbi (2)"", ""hdp"": 1.5, ""over"": ""51.000""}",2026-05-13T16:16:48.495Z
71019438,Football,2026-05-13 21:00,Lazio Rome,Inter Milano,Italy - Coppa Italia,Bet365,Player Headed Shots on Target,Francesco Esposito (2),,,,6.500,,,,1.5,"{""label"": ""Francesco Esposito (2)"", ""hdp"": 1.5, ""over"": ""6.500""}",2026-05-13T16:16:48.495Z
71019438,Football,2026-05-13 21:00,Lazio Rome,Inter Milano,Italy - Coppa Italia,Bet365,Player Headed Shots on Target,Lautaro Martinez (2),,,,8.000,,,,1.5,"{""label"": ""Lautaro Martinez (2)"", ""hdp"": 1.5, ""over"": ""8.000""}",2026-05-13T16:16:48.495Z
71019438,Football,2026-05-13 21:00,Lazio Rome,Inter Milano,Italy - Coppa Italia,Bet365,Player Headed Shots on Target,Manuel Akanji (2),,,,51.000,,,,1.5,"{""label"": ""Manuel Akanji (2)"", ""hdp"": 1.5, ""over"": ""51.000""}",2026-05-13T16:16:48.495Z
71019438,Football,2026-05-13 21:00,Lazio Rome,Inter Milano,Italy - Coppa Italia,Bet365,Player Headed Shots on Target,Marcus Thuram (2),,,,11.000,,,,1.5,"{""label"": ""Marcus Thuram (2)"", ""hdp"": 1.5, ""over"": ""11.000""}",2026-05-13T16:16:48.495Z
71019438,Football,2026-05-13 21:00,Lazio Rome,Inter Milano,Italy - Coppa Italia,Bet365,Player Headed Shots on Target,Mattia Mosconi (2),,,,29.000,,,,1.5,"{""label"": ""Mattia Mosconi (2)"", ""hdp"": 1.5, ""over"": ""29.000""}",2026-05-13T16:16:48.495Z
71019438,Football,2026-05-13 21:00,Lazio Rome,Inter Milano,Italy - Coppa Italia,Bet365,Player Headed Shots on Target,Piotr Zielinski (2),,,,67.000,,,,1.5,"{""label"": ""Piotr Zielinski (2)"", ""hdp"": 1.5, ""over"": ""67.000""}",2026-05-13T16:16:48.495Z
71019438,Football,2026-05-13 21:00,Lazio Rome,Inter Milano,Italy - Coppa Italia,Bet365,Player Headed Shots on Target,Francesco Esposito (2),,,,23.000,,,,2.5,"{""label"": ""Francesco Esposito (2)"", ""hdp"": 2.5, ""over"": ""23.000""}",2026-05-13T16:16:48.495Z
71019438,Football,2026-05-13 21:00,Lazio Rome,Inter Milano,Italy - Coppa Italia,Bet365,Player Headed Shots on Target,Marcus Thuram (2),,,,51.000,,,,2.5,"{""label"": ""Marcus Thuram (2)"", ""hdp"": 2.5, ""over"": ""51.000""}",2026-05-13T16:16:48.495Z
71019438,Football,2026-05-13 21:00,Lazio Rome,Inter Milano,Italy - Coppa Italia,Bet365,Player Headed Shots on Target,Francesco Esposito (2),,,,67.000,,,,3.5,"{""label"": ""Francesco Esposito (2)"", ""hdp"": 3.5, ""over"": ""67.000""}",2026-05-13T16:16:48.495Z
71019438,Football,2026-05-13 21:00,Lazio Rome,Inter Milano,Italy - Coppa Italia,Bet365,Player Headed Shots on Target,Petar Ratkov (1),,,,4.000,,,,0.5,"{""label"": ""Petar Ratkov (1)"", ""hdp"": 0.5, ""over"": ""4.000""}",2026-05-13T16:16:48.495Z
71019438,Football,2026-05-13 21:00,Lazio Rome,Inter Milano,Italy - Coppa Italia,Bet365,Player Headed Shots on Target,Carlos Augusto (2),,,,7.000,,,,0.5,"{""label"": ""Carlos Augusto (2)"", ""hdp"": 0.5, ""over"": ""7.000""}",2026-05-13T16:16:48.495Z
71019438,Football,2026-05-13 21:00,Lazio Rome,Inter Milano,Italy - Coppa Italia,Bet365,Player Headed Shots on Target,Carlos Augusto (2),,,,51.000,,,,1.5,"{""label"": ""Carlos Augusto (2)"", ""hdp"": 1.5, ""over"": ""51.000""}",2026-05-13T16:16:48.495Z
71019438,Football,2026-05-13 21:00,Lazio Rome,Inter Milano,Italy - Coppa Italia,Bet365,Number of Cards In Match,,,,,1.833,1.833,,,4.5,"{""hdp"": 4.5, ""over"": ""1.833"", ""under"": ""1.833""}",2026-05-13T17:04:49.618Z
71019438,Football,2026-05-13 21:00,Lazio Rome,Inter Milano,Italy - Coppa Italia,Bet365,Player To Be Fouled,Mattia Zaccagni (1),,,,1.012,,,,0.5,"{""label"": ""Mattia Zaccagni (1)"", ""hdp"": 0.5, ""over"": ""1.012""}",2026-05-13T17:35:01.212Z
71019438,Football,2026-05-13 21:00,Lazio Rome,Inter Milano,Italy - Coppa Italia,Bet365,Player To Be Fouled,Denzel Dumfries (2),,,,1.300,,,,0.5,"{""label"": ""Denzel Dumfries (2)"", ""hdp"": 0.5, ""over"": ""1.300""}",2026-05-13T17:35:01.212Z
71019438,Football,2026-05-13 21:00,Lazio Rome,Inter Milano,Italy - Coppa Italia,Bet365,Player To Be Fouled,Mattia Zaccagni (1),,,,1.100,,,,1.5,"{""label"": ""Mattia Zaccagni (1)"", ""hdp"": 1.5, ""over"": ""1.100""}",2026-05-13T17:35:01.212Z
71019438,Football,2026-05-13 21:00,Lazio Rome,Inter Milano,Italy - Coppa Italia,Bet365,Player To Be Fouled,Denzel Dumfries (2),,,,2.375,,,,1.5,"{""label"": ""Denzel Dumfries (2)"", ""hdp"": 1.5, ""over"": ""2.375""}",2026-05-13T17:35:01.212Z
71019438,Football,2026-05-13 21:00,Lazio Rome,Inter Milano,Italy - Coppa Italia,Bet365,Player To Be Fouled,Mattia Zaccagni (1),,,,1.333,,,,2.5,"{""label"": ""Mattia Zaccagni (1)"", ""hdp"": 2.5, ""over"": ""1.333""}",2026-05-13T17:35:01.212Z
71019438,Football,2026-05-13 21:00,Lazio Rome,Inter Milano,Italy - Coppa Italia,Bet365,Player To Be Fouled,Denzel Dumfries (2),,,,5.500,,,,2.5,"{""label"": ""Denzel Dumfries (2)"", ""hdp"": 2.5, ""over"": ""5.500""}",2026-05-13T17:35:01.212Z
71019438,Football,2026-05-13 21:00,Lazio Rome,Inter Milano,Italy - Coppa Italia,Bet365,Player To Be Fouled,Mattia Zaccagni (1),,,,1.800,,,,3.5,"{""label"": ""Mattia Zaccagni (1)"", ""hdp"": 3.5, ""over"": ""1.800""}",2026-05-13T17:35:01.212Z
71019438,Football,2026-05-13 21:00,Lazio Rome,Inter Milano,Italy - Coppa Italia,Bet365,Player To Be Fouled,Denzel Dumfries (2),,,,15.000,,,,3.5,"{""label"": ""Denzel Dumfries (2)"", ""hdp"": 3.5, ""over"": ""15.000""}",2026-05-13T17:35:01.212Z
71019438,Football,2026-05-13 21:00,Lazio Rome,Inter Milano,Italy - Coppa Italia,Bet365,Player To Be Fouled,Mattia Zaccagni (1),,,,2.750,,,,4.5,"{""label"": ""Mattia Zaccagni (1)"", ""hdp"": 4.5, ""over"": ""2.750""}",2026-05-13T17:35:01.212Z
71019438,Football,2026-05-13 21:00,Lazio Rome,Inter Milano,Italy - Coppa Italia,Bet365,Player To Be Fouled,Mattia Zaccagni (1),,,,4.500,,,,5.5,"{""label"": ""Mattia Zaccagni (1)"", ""hdp"": 5.5, ""over"": ""4.500""}",2026-05-13T17:35:01.212Z
71019438,Football,2026-05-13 21:00,Lazio Rome,Inter Milano,Italy - Coppa Italia,Bet365,Player To Be Fouled,Mattia Zaccagni (1),,,,9.000,,,,6.5,"{""label"": ""Mattia Zaccagni (1)"", ""hdp"": 6.5, ""over"": ""9.000""}",2026-05-13T17:35:01.212Z
71019438,Football,2026-05-13 21:00,Lazio Rome,Inter Milano,Italy - Coppa Italia,Bet365,Player To Be Fouled,Mattia Zaccagni (1),,,,17.000,,,,7.5,"{""label"": ""Mattia Zaccagni (1)"", ""hdp"": 7.5, ""over"": ""17.000""}",2026-05-13T17:35:01.212Z
71019438,Football,2026-05-13 21:00,Lazio Rome,Inter Milano,Italy - Coppa Italia,Bet365,Player To Be Fouled,Adam Marusic (1),,,,1.571,,,,0.5,"{""label"": ""Adam Marusic (1)"", ""hdp"": 0.5, ""over"": ""1.571""}",2026-05-13T17:35:01.212Z
71019438,Football,2026-05-13 21:00,Lazio Rome,Inter Milano,Italy - Coppa Italia,Bet365,Player To Be Fouled,Adrian Przyborek (1),,,,1.727,,,,0.5,"{""label"": ""Adrian Przyborek (1)"", ""hdp"": 0.5, ""over"": ""1.727""}",2026-05-13T17:35:01.212Z
71019438,Football,2026-05-13 21:00,Lazio Rome,Inter Milano,Italy - Coppa Italia,Bet365,Player To Be Fouled,Alessio Romagnoli (1),,,,1.142,,,,0.5,"{""label"": ""Alessio Romagnoli (1)"", ""hdp"": 0.5, ""over"": ""1.142""}",2026-05-13T17:35:01.212Z
71019438,Football,2026-05-13 21:00,Lazio Rome,Inter Milano,Italy - Coppa Italia,Bet365,Player To Be Fouled,Boulaye Dia (1),,,,1.300,,,,0.5,"{""label"": ""Boulaye Dia (1)"", ""hdp"": 0.5, ""over"": ""1.300""}",2026-05-13T17:35:01.212Z
71019438,Football,2026-05-13 21:00,Lazio Rome,Inter Milano,Italy - Coppa Italia,Bet365,Player To Be Fouled,Daniel Maldini (1),,,,1.040,,,,0.5,"{""label"": ""Daniel Maldini (1)"", ""hdp"": 0.5, ""over"": ""1.040""}",2026-05-13T17:35:01.212Z
71019438,Football,2026-05-13 21:00,Lazio Rome,Inter Milano,Italy - Coppa Italia,Bet365,Player To Be Fouled,Danilo Cataldi (1),,,,1.727,,,,0.5,"{""label"": ""Danilo Cataldi (1)"", ""hdp"": 0.5, ""over"": ""1.727""}",2026-05-13T17:35:01.212Z
71019438,Football,2026-05-13 21:00,Lazio Rome,Inter Milano,Italy - Coppa Italia,Bet365,Player To Be Fouled,Elseid Hysaj (1),,,,1.909,,,,0.5,"{""label"": ""Elseid Hysaj (1)"", ""hdp"": 0.5, ""over"": ""1.909""}",2026-05-13T17:35:01.212Z
71019438,Football,2026-05-13 21:00,Lazio Rome,Inter Milano,Italy - Coppa Italia,Bet365,Player To Be Fouled,Fisayo Dele-Bashiru (1),,,,1.727,,,,0.5,"{""label"": ""Fisayo Dele-Bashiru (1)"", ""hdp"": 0.5, ""over"": ""1.727""}",2026-05-13T17:35:01.212Z
71019438,Football,2026-05-13 21:00,Lazio Rome,Inter Milano,Italy - Coppa Italia,Bet365,Player To Be Fouled,Gabarron Patric Gil (1),,,,1.500,,,,0.5,"{""label"": ""Gabarron Patric Gil (1)"", ""hdp"": 0.5, ""over"": ""1.500""}",2026-05-13T17:35:01.212Z
71019438,Football,2026-05-13 21:00,Lazio Rome,Inter Milano,Italy - Coppa Italia,Bet365,Player To Be Fouled,Gustav Isaksen (1),,,,1.040,,,,0.5,"{""label"": ""Gustav Isaksen (1)"", ""hdp"": 0.5, ""over"": ""1.040""}",2026-05-13T17:35:01.212Z
71019438,Football,2026-05-13 21:00,Lazio Rome,Inter Milano,Italy - Coppa Italia,Bet365,Player To Be Fouled,Kenneth Taylor (1),,,,1.166,,,,0.5,"{""label"": ""Kenneth Taylor (1)"", ""hdp"": 0.5, ""over"": ""1.166""}",2026-05-13T17:35:01.212Z
71019438,Football,2026-05-13 21:00,Lazio Rome,Inter Milano,Italy - Coppa Italia,Bet365,Player To Be Fouled,Luca Pellegrini (1),,,,1.363,,,,0.5,"{""label"": ""Luca Pellegrini (1)"", ""hdp"": 0.5, ""over"": ""1.363""}",2026-05-13T17:35:01.212Z
71019438,Football,2026-05-13 21:00,Lazio Rome,Inter Milano,Italy - Coppa Italia,Bet365,Player To Be Fouled,Manuel Lazzari (1),,,,1.250,,,,0.5,"{""label"": ""Manuel Lazzari (1)"", ""hdp"": 0.5, ""over"": ""1.250""}",2026-05-13T17:35:01.212Z
71019438,Football,2026-05-13 21:00,Lazio Rome,Inter Milano,Italy - Coppa Italia,Bet365,Player To Be Fouled,Mario Gila (1),,,,1.444,,,,0.5,"{""label"": ""Mario Gila (1)"", ""hdp"": 0.5, ""over"": ""1.444""}",2026-05-13T17:35:01.212Z
71019438,Football,2026-05-13 21:00,Lazio Rome,Inter Milano,Italy - Coppa Italia,Bet365,Player To Be Fouled,Matteo Cancellieri (1),,,,1.040,,,,0.5,"{""label"": ""Matteo Cancellieri (1)"", ""hdp"": 0.5, ""over"": ""1.040""}",2026-05-13T17:35:01.212Z
71019438,Football,2026-05-13 21:00,Lazio Rome,Inter Milano,Italy - Coppa Italia,Bet365,Player To Be Fouled,Nicolo Rovella (1),,,,1.400,,,,0.5,"{""label"": ""Nicolo Rovella (1)"", ""hdp"": 0.5, ""over"": ""1.400""}",2026-05-13T17:35:01.212Z
71019438,Football,2026-05-13 21:00,Lazio Rome,Inter Milano,Italy - Coppa Italia,Bet365,Player To Be Fouled,Nuno Tavares (1),,,,1.142,,,,0.5,"{""label"": ""Nuno Tavares (1)"", ""hdp"": 0.5, ""over"": ""1.142""}",2026-05-13T17:35:01.212Z
71019438,Football,2026-05-13 21:00,Lazio Rome,Inter Milano,Italy - Coppa Italia,Bet365,Player To Be Fouled,Oliver Provstgaard (1),,,,1.444,,,,0.5,"{""label"": ""Oliver Provstgaard (1)"", ""hdp"": 0.5, ""over"": ""1.444""}",2026-05-13T17:35:01.212Z
71019438,Football,2026-05-13 21:00,Lazio Rome,Inter Milano,Italy - Coppa Italia,Bet365,Player To Be Fouled,Petar Ratkov (1),,,,1.125,,,,0.5,"{""label"": ""Petar Ratkov (1)"", ""hdp"": 0.5, ""over"": ""1.125""}",2026-05-13T17:35:01.212Z
71019438,Football,2026-05-13 21:00,Lazio Rome,Inter Milano,Italy - Coppa Italia,Bet365,Player To Be Fouled,Reda Belahyane (1),,,,2.250,,,,0.5,"{""label"": ""Reda Belahyane (1)"", ""hdp"": 0.5, ""over"": ""2.250""}",2026-05-13T17:35:01.212Z
71019438,Football,2026-05-13 21:00,Lazio Rome,Inter Milano,Italy - Coppa Italia,Bet365,Player To Be Fouled,Pedro (1),,,,1.071,,,,0.5,"{""label"": ""Pedro (1)"", ""hdp"": 0.5, ""over"": ""1.071""}",2026-05-13T17:35:01.212Z
71019438,Football,2026-05-13 21:00,Lazio Rome,Inter Milano,Italy - Coppa Italia,Bet365,Player To Be Fouled,Samuel Gigot (1),,,,1.571,,,,0.5,"{""label"": ""Samuel Gigot (1)"", ""hdp"": 0.5, ""over"": ""1.571""}",2026-05-13T17:35:01.212Z
71019438,Football,2026-05-13 21:00,Lazio Rome,Inter Milano,Italy - Coppa Italia,Bet365,Player To Be Fouled,Tijjani Noslin (1),,,,1.071,,,,0.5,"{""label"": ""Tijjani Noslin (1)"", ""hdp"": 0.5, ""over"": ""1.071""}",2026-05-13T17:35:01.212Z
71019438,Football,2026-05-13 21:00,Lazio Rome,Inter Milano,Italy - Coppa Italia,Bet365,Player To Be Fouled,Toma Basic (1),,,,1.222,,,,0.5,"{""label"": ""Toma Basic (1)"", ""hdp"": 0.5, ""over"": ""1.222""}",2026-05-13T17:35:01.212Z
71019438,Football,2026-05-13 21:00,Lazio Rome,Inter Milano,Italy - Coppa Italia,Bet365,Player To Be Fouled,Alessandro Bastoni (2),,,,1.333,,,,0.5,"{""label"": ""Alessandro Bastoni (2)"", ""hdp"": 0.5, ""over"": ""1.333""}",2026-05-13T17:35:01.212Z
71019438,Football,2026-05-13 21:00,Lazio Rome,Inter Milano,Italy - Coppa Italia,Bet365,Player To Be Fouled,Andy Diouf (2),,,,1.300,,,,0.5,"{""label"": ""Andy Diouf (2)"", ""hdp"": 0.5, ""over"": ""1.300""}",2026-05-13T17:35:01.212Z
71019438,Football,2026-05-13 21:00,Lazio Rome,Inter Milano,Italy - Coppa Italia,Bet365,Player To Be Fouled,Ange Bonny (2),,,,1.071,,,,0.5,"{""label"": ""Ange Bonny (2)"", ""hdp"": 0.5, ""over"": ""1.071""}",2026-05-13T17:35:01.212Z
71019438,Football,2026-05-13 21:00,Lazio Rome,Inter Milano,Italy - Coppa Italia,Bet365,Player To Be Fouled,Davide Frattesi (2),,,,1.166,,,,0.5,"{""label"": ""Davide Frattesi (2)"", ""hdp"": 0.5, ""over"": ""1.166""}",2026-05-13T17:35:01.212Z
71019438,Football,2026-05-13 21:00,Lazio Rome,Inter Milano,Italy - Coppa Italia,Bet365,Player To Be Fouled,Luis Henrique de Lima (2),,,,1.666,,,,0.5,"{""label"": ""Luis Henrique de Lima (2)"", ""hdp"": 0.5, ""over"": ""1.666""}",2026-05-13T17:35:01.212Z
71019438,Football,2026-05-13 21:00,Lazio Rome,Inter Milano,Italy - Coppa Italia,Bet365,Player To Be Fouled,Francesco Acerbi (2),,,,1.533,,,,0.5,"{""label"": ""Francesco Acerbi (2)"", ""hdp"": 0.5, ""over"": ""1.533""}",2026-05-13T17:35:01.212Z
71019438,Football,2026-05-13 21:00,Lazio Rome,Inter Milano,Italy - Coppa Italia,Bet365,Player To Be Fouled,Francesco Esposito (2),,,,1.040,,,,0.5,"{""label"": ""Francesco Esposito (2)"", ""hdp"": 0.5, ""over"": ""1.040""}",2026-05-13T17:35:01.212Z
71019438,Football,2026-05-13 21:00,Lazio Rome,Inter Milano,Italy - Coppa Italia,Bet365,Player To Be Fouled,Hakan Calhanoglu (2),,,,1.300,,,,0.5,"{""label"": ""Hakan Calhanoglu (2)"", ""hdp"": 0.5, ""over"": ""1.300""}",2026-05-13T17:35:01.212Z
71019438,Football,2026-05-13 21:00,Lazio Rome,Inter Milano,Italy - Coppa Italia,Bet365,Player To Be Fouled,Henrikh Mkhitaryan (2),,,,1.300,,,,0.5,"{""label"": ""Henrikh Mkhitaryan (2)"", ""hdp"": 0.5, ""over"": ""1.300""}",2026-05-13T17:35:01.212Z
71019438,Football,2026-05-13 21:00,Lazio Rome,Inter Milano,Italy - Coppa Italia,Bet365,Player To Be Fouled,Lautaro Martinez (2),,,,1.100,,,,0.5,"{""label"": ""Lautaro Martinez (2)"", ""hdp"": 0.5, ""over"": ""1.100""}",2026-05-13T17:35:01.212Z
71019438,Football,2026-05-13 21:00,Lazio Rome,Inter Milano,Italy - Coppa Italia,Bet365,Player To Be Fouled,Manuel Akanji (2),,,,1.833,,,,0.5,"{""label"": ""Manuel Akanji (2)"", ""hdp"": 0.5, ""over"": ""1.833""}",2026-05-13T17:35:01.212Z
71019438,Football,2026-05-13 21:00,Lazio Rome,Inter Milano,Italy - Coppa Italia,Bet365,Player To Be Fouled,Marcus Thuram (2),,,,1.100,,,,0.5,"{""label"": ""Marcus Thuram (2)"", ""hdp"": 0.5, ""over"": ""1.100""}",2026-05-13T17:35:01.212Z
71019438,Football,2026-05-13 21:00,Lazio Rome,Inter Milano,Italy - Coppa Italia,Bet365,Player To Be Fouled,Matteo Cocchi (2),,,,1.333,,,,0.5,"{""label"": ""Matteo Cocchi (2)"", ""hdp"": 0.5, ""over"": ""1.333""}",2026-05-13T17:35:01.212Z
71019438,Football,2026-05-13 21:00,Lazio Rome,Inter Milano,Italy - Coppa Italia,Bet365,Player To Be Fouled,Matteo Darmian (2),,,,1.666,,,,0.5,"{""label"": ""Matteo Darmian (2)"", ""hdp"": 0.5, ""over"": ""1.666""}",2026-05-13T17:35:01.212Z
71019438,Football,2026-05-13 21:00,Lazio Rome,Inter Milano,Italy - Coppa Italia,Bet365,Player To Be Fouled,Mattia Mosconi (2),,,,1.181,,,,0.5,"{""label"": ""Mattia Mosconi (2)"", ""hdp"": 0.5, ""over"": ""1.181""}",2026-05-13T17:35:01.212Z
71019438,Football,2026-05-13 21:00,Lazio Rome,Inter Milano,Italy - Coppa Italia,Bet365,Player To Be Fouled,Carlos Augusto (2),,,,1.533,,,,0.5,"{""label"": ""Carlos Augusto (2)"", ""hdp"": 0.5, ""over"": ""1.533""}",2026-05-13T17:35:01.212Z
71019438,Football,2026-05-13 21:00,Lazio Rome,Inter Milano,Italy - Coppa Italia,Bet365,Player To Be Fouled,Nicolo Barella (2),,,,1.181,,,,0.5,"{""label"": ""Nicolo Barella (2)"", ""hdp"": 0.5, ""over"": ""1.181""}",2026-05-13T17:35:01.212Z
71019438,Football,2026-05-13 21:00,Lazio Rome,Inter Milano,Italy - Coppa Italia,Bet365,Player To Be Fouled,Petar Sucic (2),,,,1.181,,,,0.5,"{""label"": ""Petar Sucic (2)"", ""hdp"": 0.5, ""over"": ""1.181""}",2026-05-13T17:35:01.212Z
71019438,Football,2026-05-13 21:00,Lazio Rome,Inter Milano,Italy - Coppa Italia,Bet365,Player To Be Fouled,Piotr Zielinski (2),,,,1.300,,,,0.5,"{""label"": ""Piotr Zielinski (2)"", ""hdp"": 0.5, ""over"": ""1.300""}",2026-05-13T17:35:01.212Z
71019438,Football,2026-05-13 21:00,Lazio Rome,Inter Milano,Italy - Coppa Italia,Bet365,Player To Be Fouled,Stefan de Vrij (2),,,,2.100,,,,0.5,"{""label"": ""Stefan de Vrij (2)"", ""hdp"": 0.5, ""over"": ""2.100""}",2026-05-13T17:35:01.212Z
71019438,Football,2026-05-13 21:00,Lazio Rome,Inter Milano,Italy - Coppa Italia,Bet365,Player To Be Fouled,Yann Aurel Bisseck (2),,,,1.533,,,,0.5,"{""label"": ""Yann Aurel Bisseck (2)"", ""hdp"": 0.5, ""over"": ""1.533""}",2026-05-13T17:35:01.212Z
71019438,Football,2026-05-13 21:00,Lazio Rome,Inter Milano,Italy - Coppa Italia,Bet365,Player To Be Fouled,Adam Marusic (1),,,,3.750,,,,1.5,"{""label"": ""Adam Marusic (1)"", ""hdp"": 1.5, ""over"": ""3.750""}",2026-05-13T17:35:01.212Z
71019438,Football,2026-05-13 21:00,Lazio Rome,Inter Milano,Italy - Coppa Italia,Bet365,Player To Be Fouled,Adrian Przyborek (1),,,,4.500,,,,1.5,"{""label"": ""Adrian Przyborek (1)"", ""hdp"": 1.5, ""over"": ""4.500""}",2026-05-13T17:35:01.212Z
71019438,Football,2026-05-13 21:00,Lazio Rome,Inter Milano,Italy - Coppa Italia,Bet365,Player To Be Fouled,Alessio Romagnoli (1),,,,1.666,,,,1.5,"{""label"": ""Alessio Romagnoli (1)"", ""hdp"": 1.5, ""over"": ""1.666""}",2026-05-13T17:35:01.212Z
71019438,Football,2026-05-13 21:00,Lazio Rome,Inter Milano,Italy - Coppa Italia,Bet365,Player To Be Fouled,Boulaye Dia (1),,,,2.375,,,,1.5,"{""label"": ""Boulaye Dia (1)"", ""hdp"": 1.5, ""over"": ""2.375""}",2026-05-13T17:35:01.212Z
71019438,Football,2026-05-13 21:00,Lazio Rome,Inter Milano,Italy - Coppa Italia,Bet365,Player To Be Fouled,Daniel Maldini (1),,,,1.222,,,,1.5,"{""label"": ""Daniel Maldini (1)"", ""hdp"": 1.5, ""over"": ""1.222""}",2026-05-13T17:35:01.212Z
71019438,Football,2026-05-13 21:00,Lazio Rome,Inter Milano,Italy - Coppa Italia,Bet365,Player To Be Fouled,Danilo Cataldi (1),,,,4.500,,,,1.5,"{""label"": ""Danilo Cataldi (1)"", ""hdp"": 1.5, ""over"": ""4.500""}",2026-05-13T17:35:01.212Z
71019438,Football,2026-05-13 21:00,Lazio Rome,Inter Milano,Italy - Coppa Italia,Bet365,Player To Be Fouled,Elseid Hysaj (1),,,,6.000,,,,1.5,"{""label"": ""Elseid Hysaj (1)"", ""hdp"": 1.5, ""over"": ""6.000""}",2026-05-13T17:35:01.212Z
71019438,Football,2026-05-13 21:00,Lazio Rome,Inter Milano,Italy - Coppa Italia,Bet365,Player To Be Fouled,Fisayo Dele-Bashiru (1),,,,4.500,,,,1.5,"{""label"": ""Fisayo Dele-Bashiru (1)"", ""hdp"": 1.5, ""over"": ""4.500""}",2026-05-13T17:35:01.212Z
71019438,Football,2026-05-13 21:00,Lazio Rome,Inter Milano,Italy - Coppa Italia,Bet365,Player To Be Fouled,Gabarron Patric Gil (1),,,,3.400,,,,1.5,"{""label"": ""Gabarron Patric Gil (1)"", ""hdp"": 1.5, ""over"": ""3.400""}",2026-05-13T17:35:01.212Z
71019438,Football,2026-05-13 21:00,Lazio Rome,Inter Milano,Italy - Coppa Italia,Bet365,Player To Be Fouled,Gustav Isaksen (1),,,,1.250,,,,1.5,"{""label"": ""Gustav Isaksen (1)"", ""hdp"": 1.5, ""over"": ""1.250""}",2026-05-13T17:35:01.212Z
71019438,Football,2026-05-13 21:00,Lazio Rome,Inter Milano,Italy - Coppa Italia,Bet365,Player To Be Fouled,Kenneth Taylor (1),,,,1.727,,,,1.5,"{""label"": ""Kenneth Taylor (1)"", ""hdp"": 1.5, ""over"": ""1.727""}",2026-05-13T17:35:01.212Z
71019438,Football,2026-05-13 21:00,Lazio Rome,Inter Milano,Italy - Coppa Italia,Bet365,Player To Be Fouled,Luca Pellegrini (1),,,,2.625,,,,1.5,"{""label"": ""Luca Pellegrini (1)"", ""hdp"": 1.5, ""over"": ""2.625""}",2026-05-13T17:35:01.212Z
71019438,Football,2026-05-13 21:00,Lazio Rome,Inter Milano,Italy - Coppa Italia,Bet365,Player To Be Fouled,Manuel Lazzari (1),,,,2.100,,,,1.5,"{""label"": ""Manuel Lazzari (1)"", ""hdp"": 1.5, ""over"": ""2.100""}",2026-05-13T17:35:01.212Z
71019438,Football,2026-05-13 21:00,Lazio Rome,Inter Milano,Italy - Coppa Italia,Bet365,Player To Be Fouled,Mario Gila (1),,,,3.250,,,,1.5,"{""label"": ""Mario Gila (1)"", ""hdp"": 1.5, ""over"": ""3.250""}",2026-05-13T17:35:01.212Z
71019438,Football,2026-05-13 21:00,Lazio Rome,Inter Milano,Italy - Coppa Italia,Bet365,Player To Be Fouled,Matteo Cancellieri (1),,,,1.222,,,,1.5,"{""label"": ""Matteo Cancellieri (1)"", ""hdp"": 1.5, ""over"": ""1.222""}",2026-05-13T17:35:01.212Z
71019438,Football,2026-05-13 21:00,Lazio Rome,Inter Milano,Italy - Coppa Italia,Bet365,Player To Be Fouled,Nicolo Rovella (1),,,,2.750,,,,1.5,"{""label"": ""Nicolo Rovella (1)"", ""hdp"": 1.5, ""over"": ""2.750""}",2026-05-13T17:35:01.212Z
71019438,Football,2026-05-13 21:00,Lazio Rome,Inter Milano,Italy - Coppa Italia,Bet365,Player To Be Fouled,Nuno Tavares (1),,,,1.666,,,,1.5,"{""label"": ""Nuno Tavares (1)"", ""hdp"": 1.5, ""over"": ""1.666""}",2026-05-13T17:35:01.212Z
71019438,Football,2026-05-13 21:00,Lazio Rome,Inter Milano,Italy - Coppa Italia,Bet365,Player To Be Fouled,Oliver Provstgaard (1),,,,3.250,,,,1.5,"{""label"": ""Oliver Provstgaard (1)"", ""hdp"": 1.5, ""over"": ""3.250""}",2026-05-13T17:35:01.212Z
71019438,Football,2026-05-13 21:00,Lazio Rome,Inter Milano,Italy - Coppa Italia,Bet365,Player To Be Fouled,Petar Ratkov (1),,,,1.615,,,,1.5,"{""label"": ""Petar Ratkov (1)"", ""hdp"": 1.5, ""over"": ""1.615""}",2026-05-13T17:35:01.212Z
71019438,Football,2026-05-13 21:00,Lazio Rome,Inter Milano,Italy - Coppa Italia,Bet365,Player To Be Fouled,Reda Belahyane (1),,,,8.000,,,,1.5,"{""label"": ""Reda Belahyane (1)"", ""hdp"": 1.5, ""over"": ""8.000""}",2026-05-13T17:35:01.212Z
71019438,Football,2026-05-13 21:00,Lazio Rome,Inter Milano,Italy - Coppa Italia,Bet365,Player To Be Fouled,Pedro (1),,,,1.400,,,,1.5,"{""label"": ""Pedro (1)"", ""hdp"": 1.5, ""over"": ""1.400""}",2026-05-13T17:35:01.212Z
71019438,Football,2026-05-13 21:00,Lazio Rome,Inter Milano,Italy - Coppa Italia,Bet365,Player To Be Fouled,Samuel Gigot (1),,,,3.750,,,,1.5,"{""label"": ""Samuel Gigot (1)"", ""hdp"": 1.5, ""over"": ""3.750""}",2026-05-13T17:35:01.212Z
71019438,Football,2026-05-13 21:00,Lazio Rome,Inter Milano,Italy - Coppa Italia,Bet365,Player To Be Fouled,Tijjani Noslin (1),,,,1.400,,,,1.5,"{""label"": ""Tijjani Noslin (1)"", ""hdp"": 1.5, ""over"": ""1.400""}",2026-05-13T17:35:01.212Z
71019438,Football,2026-05-13 21:00,Lazio Rome,Inter Milano,Italy - Coppa Italia,Bet365,Player To Be Fouled,Toma Basic (1),,,,1.909,,,,1.5,"{""label"": ""Toma Basic (1)"", ""hdp"": 1.5, ""over"": ""1.909""}",2026-05-13T17:35:01.212Z
71019438,Football,2026-05-13 21:00,Lazio Rome,Inter Milano,Italy - Coppa Italia,Bet365,Player To Be Fouled,Alessandro Bastoni (2),,,,2.500,,,,1.5,"{""label"": ""Alessandro Bastoni (2)"", ""hdp"": 1.5, ""over"": ""2.500""}",2026-05-13T17:35:01.212Z
71019438,Football,2026-05-13 21:00,Lazio Rome,Inter Milano,Italy - Coppa Italia,Bet365,Player To Be Fouled,Andy Diouf (2),,,,2.375,,,,1.5,"{""label"": ""Andy Diouf (2)"", ""hdp"": 1.5, ""over"": ""2.375""}",2026-05-13T17:35:01.212Z
71019438,Football,2026-05-13 21:00,Lazio Rome,Inter Milano,Italy - Coppa Italia,Bet365,Player To Be Fouled,Ange Bonny (2),,,,1.363,,,,1.5,"{""label"": ""Ange Bonny (2)"", ""hdp"": 1.5, ""over"": ""1.363""}",2026-05-13T17:35:01.212Z
71019438,Football,2026-05-13 21:00,Lazio Rome,Inter Milano,Italy - Coppa Italia,Bet365,Player To Be Fouled,Davide Frattesi (2),,,,1.800,,,,1.5,"{""label"": ""Davide Frattesi (2)"", ""hdp"": 1.5, ""over"": ""1.800""}",2026-05-13T17:35:01.212Z
71019438,Football,2026-05-13 21:00,Lazio Rome,Inter Milano,Italy - Coppa Italia,Bet365,Player To Be Fouled,Luis Henrique de Lima (2),,,,4.000,,,,1.5,"{""label"": ""Luis Henrique de Lima (2)"", ""hdp"": 1.5, ""over"": ""4.000""}",2026-05-13T17:35:01.212Z
71019438,Football,2026-05-13 21:00,Lazio Rome,Inter Milano,Italy - Coppa Italia,Bet365,Player To Be Fouled,Francesco Acerbi (2),,,,3.500,,,,1.5,"{""label"": ""Francesco Acerbi (2)"", ""hdp"": 1.5, ""over"": ""3.500""}",2026-05-13T17:35:01.212Z
71019438,Football,2026-05-13 21:00,Lazio Rome,Inter Milano,Italy - Coppa Italia,Bet365,Player To Be Fouled,Francesco Esposito (2),,,,1.222,,,,1.5,"{""label"": ""Francesco Esposito (2)"", ""hdp"": 1.5, ""over"": ""1.222""}",2026-05-13T17:35:01.212Z
71019438,Football,2026-05-13 21:00,Lazio Rome,Inter Milano,Italy - Coppa Italia,Bet365,Player To Be Fouled,Hakan Calhanoglu (2),,,,2.375,,,,1.5,"{""label"": ""Hakan Calhanoglu (2)"", ""hdp"": 1.5, ""over"": ""2.375""}",2026-05-13T17:35:01.212Z
71019438,Football,2026-05-13 21:00,Lazio Rome,Inter Milano,Italy - Coppa Italia,Bet365,Player To Be Fouled,Henrikh Mkhitaryan (2),,,,2.375,,,,1.5,"{""label"": ""Henrikh Mkhitaryan (2)"", ""hdp"": 1.5, ""over"": ""2.375""}",2026-05-13T17:35:01.212Z
71019438,Football,2026-05-13 21:00,Lazio Rome,Inter Milano,Italy - Coppa Italia,Bet365,Player To Be Fouled,Lautaro Martinez (2),,,,1.500,,,,1.5,"{""label"": ""Lautaro Martinez (2)"", ""hdp"": 1.5, ""over"": ""1.500""}",2026-05-13T17:35:01.212Z
71019438,Football,2026-05-13 21:00,Lazio Rome,Inter Milano,Italy - Coppa Italia,Bet365,Player To Be Fouled,Manuel Akanji (2),,,,5.000,,,,1.5,"{""label"": ""Manuel Akanji (2)"", ""hdp"": 1.5, ""over"": ""5.000""}",2026-05-13T17:35:01.212Z
71019438,Football,2026-05-13 21:00,Lazio Rome,Inter Milano,Italy - Coppa Italia,Bet365,Player To Be Fouled,Marcus Thuram (2),,,,1.500,,,,1.5,"{""label"": ""Marcus Thuram (2)"", ""hdp"": 1.5, ""over"": ""1.500""}",2026-05-13T17:35:01.212Z
71019438,Football,2026-05-13 21:00,Lazio Rome,Inter Milano,Italy - Coppa Italia,Bet365,Player To Be Fouled,Matteo Cocchi (2),,,,2.500,,,,1.5,"{""label"": ""Matteo Cocchi (2)"", ""hdp"": 1.5, ""over"": ""2.500""}",2026-05-13T17:35:01.212Z
71019438,Football,2026-05-13 21:00,Lazio Rome,Inter Milano,Italy - Coppa Italia,Bet365,Player To Be Fouled,Matteo Darmian (2),,,,4.000,,,,1.5,"{""label"": ""Matteo Darmian (2)"", ""hdp"": 1.5, ""over"": ""4.000""}",2026-05-13T17:35:01.212Z
71019438,Football,2026-05-13 21:00,Lazio Rome,Inter Milano,Italy - Coppa Italia,Bet365,Player To Be Fouled,Mattia Mosconi (2),,,,1.833,,,,1.5,"{""label"": ""Mattia Mosconi (2)"", ""hdp"": 1.5, ""over"": ""1.833""}",2026-05-13T17:35:01.212Z
71019438,Football,2026-05-13 21:00,Lazio Rome,Inter Milano,Italy - Coppa Italia,Bet365,Player To Be Fouled,Carlos Augusto (2),,,,3.500,,,,1.5,"{""label"": ""Carlos Augusto (2)"", ""hdp"": 1.5, ""over"": ""3.500""}",2026-05-13T17:35:01.212Z
71019438,Football,2026-05-13 21:00,Lazio Rome,Inter Milano,Italy - Coppa Italia,Bet365,Player To Be Fouled,Nicolo Barella (2),,,,1.833,,,,1.5,"{""label"": ""Nicolo Barella (2)"", ""hdp"": 1.5, ""over"": ""1.833""}",2026-05-13T17:35:01.212Z
71019438,Football,2026-05-13 21:00,Lazio Rome,Inter Milano,Italy - Coppa Italia,Bet365,Player To Be Fouled,Petar Sucic (2),,,,1.833,,,,1.5,"{""label"": ""Petar Sucic (2)"", ""hdp"": 1.5, ""over"": ""1.833""}",2026-05-13T17:35:01.212Z
71019438,Football,2026-05-13 21:00,Lazio Rome,Inter Milano,Italy - Coppa Italia,Bet365,Player To Be Fouled,Piotr Zielinski (2),,,,2.375,,,,1.5,"{""label"": ""Piotr Zielinski (2)"", ""hdp"": 1.5, ""over"": ""2.375""}",2026-05-13T17:35:01.212Z
71019438,Football,2026-05-13 21:00,Lazio Rome,Inter Milano,Italy - Coppa Italia,Bet365,Player To Be Fouled,Stefan de Vrij (2),,,,6.500,,,,1.5,"{""label"": ""Stefan de Vrij (2)"", ""hdp"": 1.5, ""over"": ""6.500""}",2026-05-13T17:35:01.212Z
71019438,Football,2026-05-13 21:00,Lazio Rome,Inter Milano,Italy - Coppa Italia,Bet365,Player To Be Fouled,Yann Aurel Bisseck (2),,,,3.500,,,,1.5,"{""label"": ""Yann Aurel Bisseck (2)"", ""hdp"": 1.5, ""over"": ""3.500""}",2026-05-13T17:35:01.212Z
71019438,Football,2026-05-13 21:00,Lazio Rome,Inter Milano,Italy - Coppa Italia,Bet365,Player To Be Fouled,Adam Marusic (1),,,,11.000,,,,2.5,"{""label"": ""Adam Marusic (1)"", ""hdp"": 2.5, ""over"": ""11.000""}",2026-05-13T17:35:01.212Z
71019438,Football,2026-05-13 21:00,Lazio Rome,Inter Milano,Italy - Coppa Italia,Bet365,Player To Be Fouled,Adrian Przyborek (1),,,,15.000,,,,2.5,"{""label"": ""Adrian Przyborek (1)"", ""hdp"": 2.5, ""over"": ""15.000""}",2026-05-13T17:35:01.212Z
71019438,Football,2026-05-13 21:00,Lazio Rome,Inter Milano,Italy - Coppa Italia,Bet365,Player To Be Fouled,Alessio Romagnoli (1),,,,3.250,,,,2.5,"{""label"": ""Alessio Romagnoli (1)"", ""hdp"": 2.5, ""over"": ""3.250""}",2026-05-13T17:35:01.212Z
71019438,Football,2026-05-13 21:00,Lazio Rome,Inter Milano,Italy - Coppa Italia,Bet365,Player To Be Fouled,Boulaye Dia (1),,,,5.500,,,,2.5,"{""label"": ""Boulaye Dia (1)"", ""hdp"": 2.5, ""over"": ""5.500""}",2026-05-13T17:35:01.212Z
71019438,Football,2026-05-13 21:00,Lazio Rome,Inter Milano,Italy - Coppa Italia,Bet365,Player To Be Fouled,Daniel Maldini (1),,,,1.666,,,,2.5,"{""label"": ""Daniel Maldini (1)"", ""hdp"": 2.5, ""over"": ""1.666""}",2026-05-13T17:35:01.212Z
71019438,Football,2026-05-13 21:00,Lazio Rome,Inter Milano,Italy - Coppa Italia,Bet365,Player To Be Fouled,Danilo Cataldi (1),,,,15.000,,,,2.5,"{""label"": ""Danilo Cataldi (1)"", ""hdp"": 2.5, ""over"": ""15.000""}",2026-05-13T17:35:01.212Z
71019438,Football,2026-05-13 21:00,Lazio Rome,Inter Milano,Italy - Coppa Italia,Bet365,Player To Be Fouled,Elseid Hysaj (1),,,,19.000,,,,2.5,"{""label"": ""Elseid Hysaj (1)"", ""hdp"": 2.5, ""over"": ""19.000""}",2026-05-13T17:35:01.212Z
71019438,Football,2026-05-13 21:00,Lazio Rome,Inter Milano,Italy - Coppa Italia,Bet365,Player To Be Fouled,Fisayo Dele-Bashiru (1),,,,15.000,,,,2.5,"{""label"": ""Fisayo Dele-Bashiru (1)"", ""hdp"": 2.5, ""over"": ""15.000""}",2026-05-13T17:35:01.212Z
71019438,Football,2026-05-13 21:00,Lazio Rome,Inter Milano,Italy - Coppa Italia,Bet365,Player To Be Fouled,Gabarron Patric Gil (1),,,,10.000,,,,2.5,"{""label"": ""Gabarron Patric Gil (1)"", ""hdp"": 2.5, ""over"": ""10.000""}",2026-05-13T17:35:01.212Z
71019438,Football,2026-05-13 21:00,Lazio Rome,Inter Milano,Italy - Coppa Italia,Bet365,Player To Be Fouled,Gustav Isaksen (1),,,,1.800,,,,2.5,"{""label"": ""Gustav Isaksen (1)"", ""hdp"": 2.5, ""over"": ""1.800""}",2026-05-13T17:35:01.212Z
71019438,Football,2026-05-13 21:00,Lazio Rome,Inter Milano,Italy - Coppa Italia,Bet365,Player To Be Fouled,Kenneth Taylor (1),,,,3.400,,,,2.5,"{""label"": ""Kenneth Taylor (1)"", ""hdp"": 2.5, ""over"": ""3.400""}",2026-05-13T17:35:01.212Z
71019438,Football,2026-05-13 21:00,Lazio Rome,Inter Milano,Italy - Coppa Italia,Bet365,Player To Be Fouled,Luca Pellegrini (1),,,,6.500,,,,2.5,"{""label"": ""Luca Pellegrini (1)"", ""hdp"": 2.5, ""over"": ""6.500""}",2026-05-13T17:35:01.212Z
71019438,Football,2026-05-13 21:00,Lazio Rome,Inter Milano,Italy - Coppa Italia,Bet365,Player To Be Fouled,Manuel Lazzari (1),,,,4.500,,,,2.5,"{""label"": ""Manuel Lazzari (1)"", ""hdp"": 2.5, ""over"": ""4.500""}",2026-05-13T17:35:01.212Z
71019438,Football,2026-05-13 21:00,Lazio Rome,Inter Milano,Italy - Coppa Italia,Bet365,Player To Be Fouled,Mario Gila (1),,,,8.000,,,,2.5,"{""label"": ""Mario Gila (1)"", ""hdp"": 2.5, ""over"": ""8.000""}",2026-05-13T17:35:01.212Z
71019438,Football,2026-05-13 21:00,Lazio Rome,Inter Milano,Italy - Coppa Italia,Bet365,Player To Be Fouled,Matteo Cancellieri (1),,,,1.666,,,,2.5,"{""label"": ""Matteo Cancellieri (1)"", ""hdp"": 2.5, ""over"": ""1.666""}",2026-05-13T17:35:01.212Z
71019438,Football,2026-05-13 21:00,Lazio Rome,Inter Milano,Italy - Coppa Italia,Bet365,Player To Be Fouled,Nicolo Rovella (1),,,,7.000,,,,2.5,"{""label"": ""Nicolo Rovella (1)"", ""hdp"": 2.5, ""over"": ""7.000""}",2026-05-13T17:35:01.212Z
71019438,Football,2026-05-13 21:00,Lazio Rome,Inter Milano,Italy - Coppa Italia,Bet365,Player To Be Fouled,Nuno Tavares (1),,,,3.000,,,,2.5,"{""label"": ""Nuno Tavares (1)"", ""hdp"": 2.5, ""over"": ""3.000""}",2026-05-13T17:35:01.212Z
71019438,Football,2026-05-13 21:00,Lazio Rome,Inter Milano,Italy - Coppa Italia,Bet365,Player To Be Fouled,Oliver Provstgaard (1),,,,8.000,,,,2.5,"{""label"": ""Oliver Provstgaard (1)"", ""hdp"": 2.5, ""over"": ""8.000""}",2026-05-13T17:35:01.212Z
71019438,Football,2026-05-13 21:00,Lazio Rome,Inter Milano,Italy - Coppa Italia,Bet365,Player To Be Fouled,Petar Ratkov (1),,,,2.750,,,,2.5,"{""label"": ""Petar Ratkov (1)"", ""hdp"": 2.5, ""over"": ""2.750""}",2026-05-13T17:35:01.212Z
71019438,Football,2026-05-13 21:00,Lazio Rome,Inter Milano,Italy - Coppa Italia,Bet365,Player To Be Fouled,Reda Belahyane (1),,,,26.000,,,,2.5,"{""label"": ""Reda Belahyane (1)"", ""hdp"": 2.5, ""over"": ""26.000""}",2026-05-13T17:35:01.212Z
71019438,Football,2026-05-13 21:00,Lazio Rome,Inter Milano,Italy - Coppa Italia,Bet365,Player To Be Fouled,Pedro (1),,,,2.100,,,,2.5,"{""label"": ""Pedro (1)"", ""hdp"": 2.5, ""over"": ""2.100""}",2026-05-13T17:35:01.212Z
71019438,Football,2026-05-13 21:00,Lazio Rome,Inter Milano,Italy - Coppa Italia,Bet365,Player To Be Fouled,Samuel Gigot (1),,,,11.000,,,,2.5,"{""label"": ""Samuel Gigot (1)"", ""hdp"": 2.5, ""over"": ""11.000""}",2026-05-13T17:35:01.212Z
71019438,Football,2026-05-13 21:00,Lazio Rome,Inter Milano,Italy - Coppa Italia,Bet365,Player To Be Fouled,Tijjani Noslin (1),,,,2.100,,,,2.5,"{""label"": ""Tijjani Noslin (1)"", ""hdp"": 2.5, ""over"": ""2.100""}",2026-05-13T17:35:01.212Z
71019438,Football,2026-05-13 21:00,Lazio Rome,Inter Milano,Italy - Coppa Italia,Bet365,Player To Be Fouled,Toma Basic (1),,,,4.000,,,,2.5,"{""label"": ""Toma Basic (1)"", ""hdp"": 2.5, ""over"": ""4.000""}",2026-05-13T17:35:01.212Z
71019438,Football,2026-05-13 21:00,Lazio Rome,Inter Milano,Italy - Coppa Italia,Bet365,Player To Be Fouled,Alessandro Bastoni (2),,,,6.000,,,,2.5,"{""label"": ""Alessandro Bastoni (2)"", ""hdp"": 2.5, ""over"": ""6.000""}",2026-05-13T17:35:01.212Z
71019438,Football,2026-05-13 21:00,Lazio Rome,Inter Milano,Italy - Coppa Italia,Bet365,Player To Be Fouled,Andy Diouf (2),,,,5.500,,,,2.5,"{""label"": ""Andy Diouf (2)"", ""hdp"": 2.5, ""over"": ""5.500""}",2026-05-13T17:35:01.212Z
71019438,Football,2026-05-13 21:00,Lazio Rome,Inter Milano,Italy - Coppa Italia,Bet365,Player To Be Fouled,Ange Bonny (2),,,,2.100,,,,2.5,"{""label"": ""Ange Bonny (2)"", ""hdp"": 2.5, ""over"": ""2.100""}",2026-05-13T17:35:01.212Z
71019438,Football,2026-05-13 21:00,Lazio Rome,Inter Milano,Italy - Coppa Italia,Bet365,Player To Be Fouled,Davide Frattesi (2),,,,3.400,,,,2.5,"{""label"": ""Davide Frattesi (2)"", ""hdp"": 2.5, ""over"": ""3.400""}",2026-05-13T17:35:01.212Z
71019438,Football,2026-05-13 21:00,Lazio Rome,Inter Milano,Italy - Coppa Italia,Bet365,Player To Be Fouled,Luis Henrique de Lima (2),,,,13.000,,,,2.5,"{""label"": ""Luis Henrique de Lima (2)"", ""hdp"": 2.5, ""over"": ""13.000""}",2026-05-13T17:35:01.212Z
71019438,Football,2026-05-13 21:00,Lazio Rome,Inter Milano,Italy - Coppa Italia,Bet365,Player To Be Fouled,Francesco Acerbi (2),,,,10.000,,,,2.5,"{""label"": ""Francesco Acerbi (2)"", ""hdp"": 2.5, ""over"": ""10.000""}",2026-05-13T17:35:01.212Z
71019438,Football,2026-05-13 21:00,Lazio Rome,Inter Milano,Italy - Coppa Italia,Bet365,Player To Be Fouled,Francesco Esposito (2),,,,1.666,,,,2.5,"{""label"": ""Francesco Esposito (2)"", ""hdp"": 2.5, ""over"": ""1.666""}",2026-05-13T17:35:01.212Z
71019438,Football,2026-05-13 21:00,Lazio Rome,Inter Milano,Italy - Coppa Italia,Bet365,Player To Be Fouled,Hakan Calhanoglu (2),,,,5.500,,,,2.5,"{""label"": ""Hakan Calhanoglu (2)"", ""hdp"": 2.5, ""over"": ""5.500""}",2026-05-13T17:35:01.212Z
71019438,Football,2026-05-13 21:00,Lazio Rome,Inter Milano,Italy - Coppa Italia,Bet365,Player To Be Fouled,Henrikh Mkhitaryan (2),,,,5.500,,,,2.5,"{""label"": ""Henrikh Mkhitaryan (2)"", ""hdp"": 2.5, ""over"": ""5.500""}",2026-05-13T17:35:01.212Z
71019438,Football,2026-05-13 21:00,Lazio Rome,Inter Milano,Italy - Coppa Italia,Bet365,Player To Be Fouled,Lautaro Martinez (2),,,,2.500,,,,2.5,"{""label"": ""Lautaro Martinez (2)"", ""hdp"": 2.5, ""over"": ""2.500""}",2026-05-13T17:35:01.212Z
71019438,Football,2026-05-13 21:00,Lazio Rome,Inter Milano,Italy - Coppa Italia,Bet365,Player To Be Fouled,Manuel Akanji (2),,,,17.000,,,,2.5,"{""label"": ""Manuel Akanji (2)"", ""hdp"": 2.5, ""over"": ""17.000""}",2026-05-13T17:35:01.212Z
71019438,Football,2026-05-13 21:00,Lazio Rome,Inter Milano,Italy - Coppa Italia,Bet365,Player To Be Fouled,Marcus Thuram (2),,,,2.500,,,,2.5,"{""label"": ""Marcus Thuram (2)"", ""hdp"": 2.5, ""over"": ""2.500""}",2026-05-13T17:35:01.212Z
71019438,Football,2026-05-13 21:00,Lazio Rome,Inter Milano,Italy - Coppa Italia,Bet365,Player To Be Fouled,Matteo Cocchi (2),,,,6.000,,,,2.5,"{""label"": ""Matteo Cocchi (2)"", ""hdp"": 2.5, ""over"": ""6.000""}",2026-05-13T17:35:01.212Z
71019438,Football,2026-05-13 21:00,Lazio Rome,Inter Milano,Italy - Coppa Italia,Bet365,Player To Be Fouled,Matteo Darmian (2),,,,13.000,,,,2.5,"{""label"": ""Matteo Darmian (2)"", ""hdp"": 2.5, ""over"": ""13.000""}",2026-05-13T17:35:01.212Z
71019438,Football,2026-05-13 21:00,Lazio Rome,Inter Milano,Italy - Coppa Italia,Bet365,Player To Be Fouled,Mattia Mosconi (2),,,,3.500,,,,2.5,"{""label"": ""Mattia Mosconi (2)"", ""hdp"": 2.5, ""over"": ""3.500""}",2026-05-13T17:35:01.212Z
71019438,Football,2026-05-13 21:00,Lazio Rome,Inter Milano,Italy - Coppa Italia,Bet365,Player To Be Fouled,Carlos Augusto (2),,,,10.000,,,,2.5,"{""label"": ""Carlos Augusto (2)"", ""hdp"": 2.5, ""over"": ""10.000""}",2026-05-13T17:35:01.212Z
71019438,Football,2026-05-13 21:00,Lazio Rome,Inter Milano,Italy - Coppa Italia,Bet365,Player To Be Fouled,Nicolo Barella (2),,,,3.500,,,,2.5,"{""label"": ""Nicolo Barella (2)"", ""hdp"": 2.5, ""over"": ""3.500""}",2026-05-13T17:35:01.212Z
71019438,Football,2026-05-13 21:00,Lazio Rome,Inter Milano,Italy - Coppa Italia,Bet365,Player To Be Fouled,Petar Sucic (2),,,,3.500,,,,2.5,"{""label"": ""Petar Sucic (2)"", ""hdp"": 2.5, ""over"": ""3.500""}",2026-05-13T17:35:01.212Z
71019438,Football,2026-05-13 21:00,Lazio Rome,Inter Milano,Italy - Coppa Italia,Bet365,Player To Be Fouled,Piotr Zielinski (2),,,,5.500,,,,2.5,"{""label"": ""Piotr Zielinski (2)"", ""hdp"": 2.5, ""over"": ""5.500""}",2026-05-13T17:35:01.212Z
71019438,Football,2026-05-13 21:00,Lazio Rome,Inter Milano,Italy - Coppa Italia,Bet365,Player To Be Fouled,Stefan de Vrij (2),,,,21.000,,,,2.5,"{""label"": ""Stefan de Vrij (2)"", ""hdp"": 2.5, ""over"": ""21.000""}",2026-05-13T17:35:01.212Z
71019438,Football,2026-05-13 21:00,Lazio Rome,Inter Milano,Italy - Coppa Italia,Bet365,Player To Be Fouled,Yann Aurel Bisseck (2),,,,10.000,,,,2.5,"{""label"": ""Yann Aurel Bisseck (2)"", ""hdp"": 2.5, ""over"": ""10.000""}",2026-05-13T17:35:01.212Z
71019438,Football,2026-05-13 21:00,Lazio Rome,Inter Milano,Italy - Coppa Italia,Bet365,Player To Be Fouled,Alessio Romagnoli (1),,,,6.500,,,,3.5,"{""label"": ""Alessio Romagnoli (1)"", ""hdp"": 3.5, ""over"": ""6.500""}",2026-05-13T17:35:01.212Z
71019438,Football,2026-05-13 21:00,Lazio Rome,Inter Milano,Italy - Coppa Italia,Bet365,Player To Be Fouled,Boulaye Dia (1),,,,15.000,,,,3.5,"{""label"": ""Boulaye Dia (1)"", ""hdp"": 3.5, ""over"": ""15.000""}",2026-05-13T17:35:01.212Z
71019438,Football,2026-05-13 21:00,Lazio Rome,Inter Milano,Italy - Coppa Italia,Bet365,Player To Be Fouled,Daniel Maldini (1),,,,2.625,,,,3.5,"{""label"": ""Daniel Maldini (1)"", ""hdp"": 3.5, ""over"": ""2.625""}",2026-05-13T17:35:01.212Z
71019438,Football,2026-05-13 21:00,Lazio Rome,Inter Milano,Italy - Coppa Italia,Bet365,Player To Be Fouled,Gabarron Patric Gil (1),,,,26.000,,,,3.5,"{""label"": ""Gabarron Patric Gil (1)"", ""hdp"": 3.5, ""over"": ""26.000""}",2026-05-13T17:35:01.212Z
71019438,Football,2026-05-13 21:00,Lazio Rome,Inter Milano,Italy - Coppa Italia,Bet365,Player To Be Fouled,Gustav Isaksen (1),,,,3.000,,,,3.5,"{""label"": ""Gustav Isaksen (1)"", ""hdp"": 3.5, ""over"": ""3.000""}",2026-05-13T17:35:01.212Z
71019438,Football,2026-05-13 21:00,Lazio Rome,Inter Milano,Italy - Coppa Italia,Bet365,Player To Be Fouled,Kenneth Taylor (1),,,,7.000,,,,3.5,"{""label"": ""Kenneth Taylor (1)"", ""hdp"": 3.5, ""over"": ""7.000""}",2026-05-13T17:35:01.212Z
71019438,Football,2026-05-13 21:00,Lazio Rome,Inter Milano,Italy - Coppa Italia,Bet365,Player To Be Fouled,Luca Pellegrini (1),,,,19.000,,,,3.5,"{""label"": ""Luca Pellegrini (1)"", ""hdp"": 3.5, ""over"": ""19.000""}",2026-05-13T17:35:01.212Z
71019438,Football,2026-05-13 21:00,Lazio Rome,Inter Milano,Italy - Coppa Italia,Bet365,Player To Be Fouled,Manuel Lazzari (1),,,,11.000,,,,3.5,"{""label"": ""Manuel Lazzari (1)"", ""hdp"": 3.5, ""over"": ""11.000""}",2026-05-13T17:35:01.212Z
71019438,Football,2026-05-13 21:00,Lazio Rome,Inter Milano,Italy - Coppa Italia,Bet365,Player To Be Fouled,Mario Gila (1),,,,21.000,,,,3.5,"{""label"": ""Mario Gila (1)"", ""hdp"": 3.5, ""over"": ""21.000""}",2026-05-13T17:35:01.212Z
71019438,Football,2026-05-13 21:00,Lazio Rome,Inter Milano,Italy - Coppa Italia,Bet365,Player To Be Fouled,Matteo Cancellieri (1),,,,2.625,,,,3.5,"{""label"": ""Matteo Cancellieri (1)"", ""hdp"": 3.5, ""over"": ""2.625""}",2026-05-13T17:35:01.212Z
71019438,Football,2026-05-13 21:00,Lazio Rome,Inter Milano,Italy - Coppa Italia,Bet365,Player To Be Fouled,Nicolo Rovella (1),,,,19.000,,,,3.5,"{""label"": ""Nicolo Rovella (1)"", ""hdp"": 3.5, ""over"": ""19.000""}",2026-05-13T17:35:01.212Z
71019438,Football,2026-05-13 21:00,Lazio Rome,Inter Milano,Italy - Coppa Italia,Bet365,Player To Be Fouled,Nuno Tavares (1),,,,6.000,,,,3.5,"{""label"": ""Nuno Tavares (1)"", ""hdp"": 3.5, ""over"": ""6.000""}",2026-05-13T17:35:01.212Z
71019438,Football,2026-05-13 21:00,Lazio Rome,Inter Milano,Italy - Coppa Italia,Bet365,Player To Be Fouled,Oliver Provstgaard (1),,,,21.000,,,,3.5,"{""label"": ""Oliver Provstgaard (1)"", ""hdp"": 3.5, ""over"": ""21.000""}",2026-05-13T17:35:01.212Z
71019438,Football,2026-05-13 21:00,Lazio Rome,Inter Milano,Italy - Coppa Italia,Bet365,Player To Be Fouled,Petar Ratkov (1),,,,5.500,,,,3.5,"{""label"": ""Petar Ratkov (1)"", ""hdp"": 3.5, ""over"": ""5.500""}",2026-05-13T17:35:01.212Z
71019438,Football,2026-05-13 21:00,Lazio Rome,Inter Milano,Italy - Coppa Italia,Bet365,Player To Be Fouled,Pedro (1),,,,3.750,,,,3.5,"{""label"": ""Pedro (1)"", ""hdp"": 3.5, ""over"": ""3.750""}",2026-05-13T17:35:01.212Z
71019438,Football,2026-05-13 21:00,Lazio Rome,Inter Milano,Italy - Coppa Italia,Bet365,Player To Be Fouled,Tijjani Noslin (1),,,,3.750,,,,3.5,"{""label"": ""Tijjani Noslin (1)"", ""hdp"": 3.5, ""over"": ""3.750""}",2026-05-13T17:35:01.212Z
71019438,Football,2026-05-13 21:00,Lazio Rome,Inter Milano,Italy - Coppa Italia,Bet365,Player To Be Fouled,Toma Basic (1),,,,10.000,,,,3.5,"{""label"": ""Toma Basic (1)"", ""hdp"": 3.5, ""over"": ""10.000""}",2026-05-13T17:35:01.212Z
71019438,Football,2026-05-13 21:00,Lazio Rome,Inter Milano,Italy - Coppa Italia,Bet365,Player To Be Fouled,Alessandro Bastoni (2),,,,15.000,,,,3.5,"{""label"": ""Alessandro Bastoni (2)"", ""hdp"": 3.5, ""over"": ""15.000""}",2026-05-13T17:35:01.212Z
71019438,Football,2026-05-13 21:00,Lazio Rome,Inter Milano,Italy - Coppa Italia,Bet365,Player To Be Fouled,Andy Diouf (2),,,,15.000,,,,3.5,"{""label"": ""Andy Diouf (2)"", ""hdp"": 3.5, ""over"": ""15.000""}",2026-05-13T17:35:01.212Z
71019438,Football,2026-05-13 21:00,Lazio Rome,Inter Milano,Italy - Coppa Italia,Bet365,Player To Be Fouled,Ange Bonny (2),,,,3.750,,,,3.5,"{""label"": ""Ange Bonny (2)"", ""hdp"": 3.5, ""over"": ""3.750""}",2026-05-13T17:35:01.212Z
71019438,Football,2026-05-13 21:00,Lazio Rome,Inter Milano,Italy - Coppa Italia,Bet365,Player To Be Fouled,Davide Frattesi (2),,,,8.000,,,,3.5,"{""label"": ""Davide Frattesi (2)"", ""hdp"": 3.5, ""over"": ""8.000""}",2026-05-13T17:35:01.212Z
71019438,Football,2026-05-13 21:00,Lazio Rome,Inter Milano,Italy - Coppa Italia,Bet365,Player To Be Fouled,Francesco Acerbi (2),,,,26.000,,,,3.5,"{""label"": ""Francesco Acerbi (2)"", ""hdp"": 3.5, ""over"": ""26.000""}",2026-05-13T17:35:01.212Z
71019438,Football,2026-05-13 21:00,Lazio Rome,Inter Milano,Italy - Coppa Italia,Bet365,Player To Be Fouled,Francesco Esposito (2),,,,2.625,,,,3.5,"{""label"": ""Francesco Esposito (2)"", ""hdp"": 3.5, ""over"": ""2.625""}",2026-05-13T17:35:01.212Z
71019438,Football,2026-05-13 21:00,Lazio Rome,Inter Milano,Italy - Coppa Italia,Bet365,Player To Be Fouled,Hakan Calhanoglu (2),,,,15.000,,,,3.5,"{""label"": ""Hakan Calhanoglu (2)"", ""hdp"": 3.5, ""over"": ""15.000""}",2026-05-13T17:35:01.212Z
71019438,Football,2026-05-13 21:00,Lazio Rome,Inter Milano,Italy - Coppa Italia,Bet365,Player To Be Fouled,Henrikh Mkhitaryan (2),,,,15.000,,,,3.5,"{""label"": ""Henrikh Mkhitaryan (2)"", ""hdp"": 3.5, ""over"": ""15.000""}",2026-05-13T17:35:01.212Z
71019438,Football,2026-05-13 21:00,Lazio Rome,Inter Milano,Italy - Coppa Italia,Bet365,Player To Be Fouled,Lautaro Martinez (2),,,,4.500,,,,3.5,"{""label"": ""Lautaro Martinez (2)"", ""hdp"": 3.5, ""over"": ""4.500""}",2026-05-13T17:35:01.212Z
71019438,Football,2026-05-13 21:00,Lazio Rome,Inter Milano,Italy - Coppa Italia,Bet365,Player To Be Fouled,Marcus Thuram (2),,,,4.500,,,,3.5,"{""label"": ""Marcus Thuram (2)"", ""hdp"": 3.5, ""over"": ""4.500""}",2026-05-13T17:35:01.212Z
71019438,Football,2026-05-13 21:00,Lazio Rome,Inter Milano,Italy - Coppa Italia,Bet365,Player To Be Fouled,Matteo Cocchi (2),,,,15.000,,,,3.5,"{""label"": ""Matteo Cocchi (2)"", ""hdp"": 3.5, ""over"": ""15.000""}",2026-05-13T17:35:01.212Z
71019438,Football,2026-05-13 21:00,Lazio Rome,Inter Milano,Italy - Coppa Italia,Bet365,Player To Be Fouled,Mattia Mosconi (2),,,,8.000,,,,3.5,"{""label"": ""Mattia Mosconi (2)"", ""hdp"": 3.5, ""over"": ""8.000""}",2026-05-13T17:35:01.212Z
71019438,Football,2026-05-13 21:00,Lazio Rome,Inter Milano,Italy - Coppa Italia,Bet365,Player To Be Fouled,Carlos Augusto (2),,,,26.000,,,,3.5,"{""label"": ""Carlos Augusto (2)"", ""hdp"": 3.5, ""over"": ""26.000""}",2026-05-13T17:35:01.212Z
71019438,Football,2026-05-13 21:00,Lazio Rome,Inter Milano,Italy - Coppa Italia,Bet365,Player To Be Fouled,Nicolo Barella (2),,,,8.000,,,,3.5,"{""label"": ""Nicolo Barella (2)"", ""hdp"": 3.5, ""over"": ""8.000""}",2026-05-13T17:35:01.212Z
71019438,Football,2026-05-13 21:00,Lazio Rome,Inter Milano,Italy - Coppa Italia,Bet365,Player To Be Fouled,Petar Sucic (2),,,,8.000,,,,3.5,"{""label"": ""Petar Sucic (2)"", ""hdp"": 3.5, ""over"": ""8.000""}",2026-05-13T17:35:01.212Z
71019438,Football,2026-05-13 21:00,Lazio Rome,Inter Milano,Italy - Coppa Italia,Bet365,Player To Be Fouled,Piotr Zielinski (2),,,,15.000,,,,3.5,"{""label"": ""Piotr Zielinski (2)"", ""hdp"": 3.5, ""over"": ""15.000""}",2026-05-13T17:35:01.212Z
71019438,Football,2026-05-13 21:00,Lazio Rome,Inter Milano,Italy - Coppa Italia,Bet365,Player To Be Fouled,Yann Aurel Bisseck (2),,,,26.000,,,,3.5,"{""label"": ""Yann Aurel Bisseck (2)"", ""hdp"": 3.5, ""over"": ""26.000""}",2026-05-13T17:35:01.212Z
71019438,Football,2026-05-13 21:00,Lazio Rome,Inter Milano,Italy - Coppa Italia,Bet365,Player To Be Fouled,Alessio Romagnoli (1),,,,15.000,,,,4.5,"{""label"": ""Alessio Romagnoli (1)"", ""hdp"": 4.5, ""over"": ""15.000""}",2026-05-13T17:35:01.212Z
71019438,Football,2026-05-13 21:00,Lazio Rome,Inter Milano,Italy - Coppa Italia,Bet365,Player To Be Fouled,Daniel Maldini (1),,,,4.500,,,,4.5,"{""label"": ""Daniel Maldini (1)"", ""hdp"": 4.5, ""over"": ""4.500""}",2026-05-13T17:35:01.212Z
71019438,Football,2026-05-13 21:00,Lazio Rome,Inter Milano,Italy - Coppa Italia,Bet365,Player To Be Fouled,Gustav Isaksen (1),,,,5.500,,,,4.5,"{""label"": ""Gustav Isaksen (1)"", ""hdp"": 4.5, ""over"": ""5.500""}",2026-05-13T17:35:01.212Z
71019438,Football,2026-05-13 21:00,Lazio Rome,Inter Milano,Italy - Coppa Italia,Bet365,Player To Be Fouled,Kenneth Taylor (1),,,,17.000,,,,4.5,"{""label"": ""Kenneth Taylor (1)"", ""hdp"": 4.5, ""over"": ""17.000""}",2026-05-13T17:35:01.212Z
71019438,Football,2026-05-13 21:00,Lazio Rome,Inter Milano,Italy - Coppa Italia,Bet365,Player To Be Fouled,Manuel Lazzari (1),,,,26.000,,,,4.5,"{""label"": ""Manuel Lazzari (1)"", ""hdp"": 4.5, ""over"": ""26.000""}",2026-05-13T17:35:01.212Z
71019438,Football,2026-05-13 21:00,Lazio Rome,Inter Milano,Italy - Coppa Italia,Bet365,Player To Be Fouled,Matteo Cancellieri (1),,,,4.500,,,,4.5,"{""label"": ""Matteo Cancellieri (1)"", ""hdp"": 4.5, ""over"": ""4.500""}",2026-05-13T17:35:01.212Z
71019438,Football,2026-05-13 21:00,Lazio Rome,Inter Milano,Italy - Coppa Italia,Bet365,Player To Be Fouled,Nuno Tavares (1),,,,15.000,,,,4.5,"{""label"": ""Nuno Tavares (1)"", ""hdp"": 4.5, ""over"": ""15.000""}",2026-05-13T17:35:01.212Z
71019438,Football,2026-05-13 21:00,Lazio Rome,Inter Milano,Italy - Coppa Italia,Bet365,Player To Be Fouled,Petar Ratkov (1),,,,13.000,,,,4.5,"{""label"": ""Petar Ratkov (1)"", ""hdp"": 4.5, ""over"": ""13.000""}",2026-05-13T17:35:01.212Z
71019438,Football,2026-05-13 21:00,Lazio Rome,Inter Milano,Italy - Coppa Italia,Bet365,Player To Be Fouled,Pedro (1),,,,8.000,,,,4.5,"{""label"": ""Pedro (1)"", ""hdp"": 4.5, ""over"": ""8.000""}",2026-05-13T17:35:01.212Z
71019438,Football,2026-05-13 21:00,Lazio Rome,Inter Milano,Italy - Coppa Italia,Bet365,Player To Be Fouled,Tijjani Noslin (1),,,,8.000,,,,4.5,"{""label"": ""Tijjani Noslin (1)"", ""hdp"": 4.5, ""over"": ""8.000""}",2026-05-13T17:35:01.212Z
71019438,Football,2026-05-13 21:00,Lazio Rome,Inter Milano,Italy - Coppa Italia,Bet365,Player To Be Fouled,Toma Basic (1),,,,21.000,,,,4.5,"{""label"": ""Toma Basic (1)"", ""hdp"": 4.5, ""over"": ""21.000""}",2026-05-13T17:35:01.212Z
71019438,Football,2026-05-13 21:00,Lazio Rome,Inter Milano,Italy - Coppa Italia,Bet365,Player To Be Fouled,Ange Bonny (2),,,,8.000,,,,4.5,"{""label"": ""Ange Bonny (2)"", ""hdp"": 4.5, ""over"": ""8.000""}",2026-05-13T17:35:01.212Z
71019438,Football,2026-05-13 21:00,Lazio Rome,Inter Milano,Italy - Coppa Italia,Bet365,Player To Be Fouled,Davide Frattesi (2),,,,17.000,,,,4.5,"{""label"": ""Davide Frattesi (2)"", ""hdp"": 4.5, ""over"": ""17.000""}",2026-05-13T17:35:01.212Z
71019438,Football,2026-05-13 21:00,Lazio Rome,Inter Milano,Italy - Coppa Italia,Bet365,Player To Be Fouled,Francesco Esposito (2),,,,5.000,,,,4.5,"{""label"": ""Francesco Esposito (2)"", ""hdp"": 4.5, ""over"": ""5.000""}",2026-05-13T17:35:01.212Z
71019438,Football,2026-05-13 21:00,Lazio Rome,Inter Milano,Italy - Coppa Italia,Bet365,Player To Be Fouled,Lautaro Martinez (2),,,,10.000,,,,4.5,"{""label"": ""Lautaro Martinez (2)"", ""hdp"": 4.5, ""over"": ""10.000""}",2026-05-13T17:35:01.212Z
71019438,Football,2026-05-13 21:00,Lazio Rome,Inter Milano,Italy - Coppa Italia,Bet365,Player To Be Fouled,Marcus Thuram (2),,,,10.000,,,,4.5,"{""label"": ""Marcus Thuram (2)"", ""hdp"": 4.5, ""over"": ""10.000""}",2026-05-13T17:35:01.212Z
71019438,Football,2026-05-13 21:00,Lazio Rome,Inter Milano,Italy - Coppa Italia,Bet365,Player To Be Fouled,Mattia Mosconi (2),,,,19.000,,,,4.5,"{""label"": ""Mattia Mosconi (2)"", ""hdp"": 4.5, ""over"": ""19.000""}",2026-05-13T17:35:01.212Z
71019438,Football,2026-05-13 21:00,Lazio Rome,Inter Milano,Italy - Coppa Italia,Bet365,Player To Be Fouled,Nicolo Barella (2),,,,19.000,,,,4.5,"{""label"": ""Nicolo Barella (2)"", ""hdp"": 4.5, ""over"": ""19.000""}",2026-05-13T17:35:01.212Z
71019438,Football,2026-05-13 21:00,Lazio Rome,Inter Milano,Italy - Coppa Italia,Bet365,Player To Be Fouled,Petar Sucic (2),,,,19.000,,,,4.5,"{""label"": ""Petar Sucic (2)"", ""hdp"": 4.5, ""over"": ""19.000""}",2026-05-13T17:35:01.212Z
71019438,Football,2026-05-13 21:00,Lazio Rome,Inter Milano,Italy - Coppa Italia,Bet365,Player To Be Fouled,Daniel Maldini (1),,,,10.000,,,,5.5,"{""label"": ""Daniel Maldini (1)"", ""hdp"": 5.5, ""over"": ""10.000""}",2026-05-13T17:35:01.212Z
71019438,Football,2026-05-13 21:00,Lazio Rome,Inter Milano,Italy - Coppa Italia,Bet365,Player To Be Fouled,Gustav Isaksen (1),,,,11.000,,,,5.5,"{""label"": ""Gustav Isaksen (1)"", ""hdp"": 5.5, ""over"": ""11.000""}",2026-05-13T17:35:01.212Z
71019438,Football,2026-05-13 21:00,Lazio Rome,Inter Milano,Italy - Coppa Italia,Bet365,Player To Be Fouled,Matteo Cancellieri (1),,,,10.000,,,,5.5,"{""label"": ""Matteo Cancellieri (1)"", ""hdp"": 5.5, ""over"": ""10.000""}",2026-05-13T17:35:01.212Z
71019438,Football,2026-05-13 21:00,Lazio Rome,Inter Milano,Italy - Coppa Italia,Bet365,Player To Be Fouled,Petar Ratkov (1),,,,26.000,,,,5.5,"{""label"": ""Petar Ratkov (1)"", ""hdp"": 5.5, ""over"": ""26.000""}",2026-05-13T17:35:01.212Z
71019438,Football,2026-05-13 21:00,Lazio Rome,Inter Milano,Italy - Coppa Italia,Bet365,Player To Be Fouled,Pedro (1),,,,17.000,,,,5.5,"{""label"": ""Pedro (1)"", ""hdp"": 5.5, ""over"": ""17.000""}",2026-05-13T17:35:01.212Z
71019438,Football,2026-05-13 21:00,Lazio Rome,Inter Milano,Italy - Coppa Italia,Bet365,Player To Be Fouled,Tijjani Noslin (1),,,,17.000,,,,5.5,"{""label"": ""Tijjani Noslin (1)"", ""hdp"": 5.5, ""over"": ""17.000""}",2026-05-13T17:35:01.212Z
71019438,Football,2026-05-13 21:00,Lazio Rome,Inter Milano,Italy - Coppa Italia,Bet365,Player To Be Fouled,Ange Bonny (2),,,,17.000,,,,5.5,"{""label"": ""Ange Bonny (2)"", ""hdp"": 5.5, ""over"": ""17.000""}",2026-05-13T17:35:01.212Z
71019438,Football,2026-05-13 21:00,Lazio Rome,Inter Milano,Italy - Coppa Italia,Bet365,Player To Be Fouled,Francesco Esposito (2),,,,10.000,,,,5.5,"{""label"": ""Francesco Esposito (2)"", ""hdp"": 5.5, ""over"": ""10.000""}",2026-05-13T17:35:01.212Z
71019438,Football,2026-05-13 21:00,Lazio Rome,Inter Milano,Italy - Coppa Italia,Bet365,Player To Be Fouled,Lautaro Martinez (2),,,,21.000,,,,5.5,"{""label"": ""Lautaro Martinez (2)"", ""hdp"": 5.5, ""over"": ""21.000""}",2026-05-13T17:35:01.212Z
71019438,Football,2026-05-13 21:00,Lazio Rome,Inter Milano,Italy - Coppa Italia,Bet365,Player To Be Fouled,Marcus Thuram (2),,,,21.000,,,,5.5,"{""label"": ""Marcus Thuram (2)"", ""hdp"": 5.5, ""over"": ""21.000""}",2026-05-13T17:35:01.212Z
71019438,Football,2026-05-13 21:00,Lazio Rome,Inter Milano,Italy - Coppa Italia,Bet365,Player To Be Fouled,Daniel Maldini (1),,,,19.000,,,,6.5,"{""label"": ""Daniel Maldini (1)"", ""hdp"": 6.5, ""over"": ""19.000""}",2026-05-13T17:35:01.212Z
71019438,Football,2026-05-13 21:00,Lazio Rome,Inter Milano,Italy - Coppa Italia,Bet365,Player To Be Fouled,Gustav Isaksen (1),,,,21.000,,,,6.5,"{""label"": ""Gustav Isaksen (1)"", ""hdp"": 6.5, ""over"": ""21.000""}",2026-05-13T17:35:01.212Z
71019438,Football,2026-05-13 21:00,Lazio Rome,Inter Milano,Italy - Coppa Italia,Bet365,Player To Be Fouled,Matteo Cancellieri (1),,,,19.000,,,,6.5,"{""label"": ""Matteo Cancellieri (1)"", ""hdp"": 6.5, ""over"": ""19.000""}",2026-05-13T17:35:01.212Z
71019438,Football,2026-05-13 21:00,Lazio Rome,Inter Milano,Italy - Coppa Italia,Bet365,Player To Be Fouled,Francesco Esposito (2),,,,19.000,,,,6.5,"{""label"": ""Francesco Esposito (2)"", ""hdp"": 6.5, ""over"": ""19.000""}",2026-05-13T17:35:01.212Z
71019438,Football,2026-05-13 21:00,Lazio Rome,Inter Milano,Italy - Coppa Italia,Bet365,Player To Be Fouled,Federico Dimarco (2),,,,1.666,,,,0.5,"{""label"": ""Federico Dimarco (2)"", ""hdp"": 0.5, ""over"": ""1.666""}",2026-05-13T17:35:01.212Z
71019438,Football,2026-05-13 21:00,Lazio Rome,Inter Milano,Italy - Coppa Italia,Bet365,Player To Be Fouled,Federico Dimarco (2),,,,4.000,,,,1.5,"{""label"": ""Federico Dimarco (2)"", ""hdp"": 1.5, ""over"": ""4.000""}",2026-05-13T17:35:01.212Z
71019438,Football,2026-05-13 21:00,Lazio Rome,Inter Milano,Italy - Coppa Italia,Bet365,Player To Be Fouled,Federico Dimarco (2),,,,13.000,,,,2.5,"{""label"": ""Federico Dimarco (2)"", ""hdp"": 2.5, ""over"": ""13.000""}",2026-05-13T17:35:01.212Z
71019438,Football,2026-05-13 21:00,Lazio Rome,Inter Milano,Italy - Coppa Italia,Bet365,Player To Score or Assist,Nicolo Barella (Score) (2),,,,6.000,,,,,"{""label"": ""Nicolo Barella (Score) (2)"", ""over"": ""6.000""}",2026-05-13T16:27:00.698Z
71019438,Football,2026-05-13 21:00,Lazio Rome,Inter Milano,Italy - Coppa Italia,Bet365,Player To Score or Assist,Petar Sucic (Score) (2),,,,6.000,,,,,"{""label"": ""Petar Sucic (Score) (2)"", ""over"": ""6.000""}",2026-05-13T16:27:00.698Z
71019438,Football,2026-05-13 21:00,Lazio Rome,Inter Milano,Italy - Coppa Italia,Bet365,Player To Score or Assist,Danilo Cataldi (Score) (1),,,,10.000,,,,,"{""label"": ""Danilo Cataldi (Score) (1)"", ""over"": ""10.000""}",2026-05-13T16:27:00.698Z
71019438,Football,2026-05-13 21:00,Lazio Rome,Inter Milano,Italy - Coppa Italia,Bet365,Player To Score or Assist,Manuel Akanji (Score) (2),,,,10.000,,,,,"{""label"": ""Manuel Akanji (Score) (2)"", ""over"": ""10.000""}",2026-05-13T16:27:00.698Z
71019438,Football,2026-05-13 21:00,Lazio Rome,Inter Milano,Italy - Coppa Italia,Bet365,Player To Score or Assist,Samuel Gigot (Score) (1),,,,10.000,,,,,"{""label"": ""Samuel Gigot (Score) (1)"", ""over"": ""10.000""}",2026-05-13T16:27:00.698Z
71019438,Football,2026-05-13 21:00,Lazio Rome,Inter Milano,Italy - Coppa Italia,Bet365,Player To Score or Assist,Ange Bonny (Assist) (2),,,,5.500,,,,,"{""label"": ""Ange Bonny (Assist) (2)"", ""over"": ""5.500""}",2026-05-13T16:27:00.698Z
71019438,Football,2026-05-13 21:00,Lazio Rome,Inter Milano,Italy - Coppa Italia,Bet365,Player To Score or Assist,Luis Henrique de Lima (Assist) (2),,,,4.500,,,,,"{""label"": ""Luis Henrique de Lima (Assist) (2)"", ""over"": ""4.500""}",2026-05-13T16:27:00.698Z
71019438,Football,2026-05-13 21:00,Lazio Rome,Inter Milano,Italy - Coppa Italia,Bet365,Player To Score or Assist,Nicolo Barella (Assist) (2),,,,5.500,,,,,"{""label"": ""Nicolo Barella (Assist) (2)"", ""over"": ""5.500""}",2026-05-13T16:27:00.698Z
71019438,Football,2026-05-13 21:00,Lazio Rome,Inter Milano,Italy - Coppa Italia,Bet365,Player To Score or Assist,Alessandro Bastoni (Assist) (2),,,,7.000,,,,,"{""label"": ""Alessandro Bastoni (Assist) (2)"", ""over"": ""7.000""}",2026-05-13T16:27:00.698Z
71019438,Football,2026-05-13 21:00,Lazio Rome,Inter Milano,Italy - Coppa Italia,Bet365,Player To Score or Assist,Davide Frattesi (Score or Assist) (2),,,,2.875,,,,,"{""label"": ""Davide Frattesi (Score or Assist) (2)"", ""over"": ""2.875""}",2026-05-13T16:27:00.698Z
71019438,Football,2026-05-13 21:00,Lazio Rome,Inter Milano,Italy - Coppa Italia,Bet365,Player To Score or Assist,Adrian Przyborek (Score or Assist) (1),,,,5.500,,,,,"{""label"": ""Adrian Przyborek (Score or Assist) (1)"", ""over"": ""5.500""}",2026-05-13T16:27:00.698Z
71019438,Football,2026-05-13 21:00,Lazio Rome,Inter Milano,Italy - Coppa Italia,Bet365,Player To Score or Assist,Fisayo Dele-Bashiru (Score or Assist) (1),,,,5.500,,,,,"{""label"": ""Fisayo Dele-Bashiru (Score or Assist) (1)"", ""over"": ""5.500""}",2026-05-13T16:27:00.698Z
71019438,Football,2026-05-13 21:00,Lazio Rome,Inter Milano,Italy - Coppa Italia,Bet365,Player To Score or Assist,Manuel Akanji (Score or Assist) (2),,,,6.000,,,,,"{""label"": ""Manuel Akanji (Score or Assist) (2)"", ""over"": ""6.000""}",2026-05-13T16:27:00.698Z
71019438,Football,2026-05-13 21:00,Lazio Rome,Inter Milano,Italy - Coppa Italia,Bet365,Player To Score or Assist,Daniel Maldini (Assist) (1),,,,8.500,,,,,"{""label"": ""Daniel Maldini (Assist) (1)"", ""over"": ""8.500""}",2026-05-13T16:27:00.698Z
71019438,Football,2026-05-13 21:00,Lazio Rome,Inter Milano,Italy - Coppa Italia,Bet365,Player To Score or Assist,Boulaye Dia (Assist) (1),,,,7.500,,,,,"{""label"": ""Boulaye Dia (Assist) (1)"", ""over"": ""7.500""}",2026-05-13T16:27:00.698Z
71019438,Football,2026-05-13 21:00,Lazio Rome,Inter Milano,Italy - Coppa Italia,Bet365,Player To Score or Assist,Pedro (Assist) (1),,,,7.500,,,,,"{""label"": ""Pedro (Assist) (1)"", ""over"": ""7.500""}",2026-05-13T16:27:00.698Z
71019438,Football,2026-05-13 21:00,Lazio Rome,Inter Milano,Italy - Coppa Italia,Bet365,Player To Score or Assist,Nicolo Rovella (Assist) (1),,,,7.500,,,,,"{""label"": ""Nicolo Rovella (Assist) (1)"", ""over"": ""7.500""}",2026-05-13T16:27:00.698Z
71019438,Football,2026-05-13 21:00,Lazio Rome,Inter Milano,Italy - Coppa Italia,Bet365,Player To Score or Assist,Gabarron Patric Gil (Assist) (1),,,,29.000,,,,,"{""label"": ""Gabarron Patric Gil (Assist) (1)"", ""over"": ""29.000""}",2026-05-13T16:27:00.698Z
71019438,Football,2026-05-13 21:00,Lazio Rome,Inter Milano,Italy - Coppa Italia,Bet365,Player To Score or Assist,Alessio Romagnoli (Assist) (1),,,,34.000,,,,,"{""label"": ""Alessio Romagnoli (Assist) (1)"", ""over"": ""34.000""}",2026-05-13T16:27:00.698Z
71019438,Football,2026-05-13 21:00,Lazio Rome,Inter Milano,Italy - Coppa Italia,Bet365,Player To Score or Assist,Mario Gila (Assist) (1),,,,29.000,,,,,"{""label"": ""Mario Gila (Assist) (1)"", ""over"": ""29.000""}",2026-05-13T16:27:00.698Z
71019438,Football,2026-05-13 21:00,Lazio Rome,Inter Milano,Italy - Coppa Italia,Bet365,Player To Score or Assist,Matteo Cancellieri (Score or Assist) (1),,,,4.000,,,,,"{""label"": ""Matteo Cancellieri (Score or Assist) (1)"", ""over"": ""4.000""}",2026-05-13T16:27:00.698Z
71019438,Football,2026-05-13 21:00,Lazio Rome,Inter Milano,Italy - Coppa Italia,Bet365,Player To Score or Assist,Mario Gila (Score or Assist) (1),,,,15.000,,,,,"{""label"": ""Mario Gila (Score or Assist) (1)"", ""over"": ""15.000""}",2026-05-13T16:27:00.698Z
71019438,Football,2026-05-13 21:00,Lazio Rome,Inter Milano,Italy - Coppa Italia,Bet365,Player To Score or Assist,Davide Frattesi (Score) (2),,,,4.000,,,,,"{""label"": ""Davide Frattesi (Score) (2)"", ""over"": ""4.000""}",2026-05-13T16:27:00.698Z
71019438,Football,2026-05-13 21:00,Lazio Rome,Inter Milano,Italy - Coppa Italia,Bet365,Player To Score or Assist,Nuno Tavares (Score) (1),,,,11.000,,,,,"{""label"": ""Nuno Tavares (Score) (1)"", ""over"": ""11.000""}",2026-05-13T16:27:00.698Z
71019438,Football,2026-05-13 21:00,Lazio Rome,Inter Milano,Italy - Coppa Italia,Bet365,Player To Score or Assist,Nicolo Rovella (Score) (1),,,,11.000,,,,,"{""label"": ""Nicolo Rovella (Score) (1)"", ""over"": ""11.000""}",2026-05-13T16:27:00.698Z
71019438,Football,2026-05-13 21:00,Lazio Rome,Inter Milano,Italy - Coppa Italia,Bet365,Player To Score or Assist,Elseid Hysaj (Score) (1),,,,29.000,,,,,"{""label"": ""Elseid Hysaj (Score) (1)"", ""over"": ""29.000""}",2026-05-13T16:27:00.698Z
71019438,Football,2026-05-13 21:00,Lazio Rome,Inter Milano,Italy - Coppa Italia,Bet365,Player To Score or Assist,Kenneth Taylor (Assist) (1),,,,7.000,,,,,"{""label"": ""Kenneth Taylor (Assist) (1)"", ""over"": ""7.000""}",2026-05-13T16:27:00.698Z
71019438,Football,2026-05-13 21:00,Lazio Rome,Inter Milano,Italy - Coppa Italia,Bet365,Player To Score or Assist,Adrian Przyborek (Assist) (1),,,,12.000,,,,,"{""label"": ""Adrian Przyborek (Assist) (1)"", ""over"": ""12.000""}",2026-05-13T16:27:00.698Z
71019438,Football,2026-05-13 21:00,Lazio Rome,Inter Milano,Italy - Coppa Italia,Bet365,Player To Score or Assist,Fisayo Dele-Bashiru (Assist) (1),,,,12.000,,,,,"{""label"": ""Fisayo Dele-Bashiru (Assist) (1)"", ""over"": ""12.000""}",2026-05-13T16:27:00.698Z
71019438,Football,2026-05-13 21:00,Lazio Rome,Inter Milano,Italy - Coppa Italia,Bet365,Player To Score or Assist,Reda Belahyane (Assist) (1),,,,15.000,,,,,"{""label"": ""Reda Belahyane (Assist) (1)"", ""over"": ""15.000""}",2026-05-13T16:27:00.698Z
71019438,Football,2026-05-13 21:00,Lazio Rome,Inter Milano,Italy - Coppa Italia,Bet365,Player To Score or Assist,Oliver Provstgaard (Assist) (1),,,,15.000,,,,,"{""label"": ""Oliver Provstgaard (Assist) (1)"", ""over"": ""15.000""}",2026-05-13T16:27:00.698Z
71019438,Football,2026-05-13 21:00,Lazio Rome,Inter Milano,Italy - Coppa Italia,Bet365,Player To Score or Assist,Elseid Hysaj (Assist) (1),,,,13.000,,,,,"{""label"": ""Elseid Hysaj (Assist) (1)"", ""over"": ""13.000""}",2026-05-13T16:27:00.698Z
71019438,Football,2026-05-13 21:00,Lazio Rome,Inter Milano,Italy - Coppa Italia,Bet365,Player To Score or Assist,Luca Pellegrini (Score or Assist) (1),,,,6.000,,,,,"{""label"": ""Luca Pellegrini (Score or Assist) (1)"", ""over"": ""6.000""}",2026-05-13T16:27:00.698Z
71019438,Football,2026-05-13 21:00,Lazio Rome,Inter Milano,Italy - Coppa Italia,Bet365,Player To Score or Assist,Elseid Hysaj (Score or Assist) (1),,,,12.000,,,,,"{""label"": ""Elseid Hysaj (Score or Assist) (1)"", ""over"": ""12.000""}",2026-05-13T16:27:00.698Z
71019438,Football,2026-05-13 21:00,Lazio Rome,Inter Milano,Italy - Coppa Italia,Bet365,Player To Score or Assist,Luca Pellegrini (Score) (1),,,,15.000,,,,,"{""label"": ""Luca Pellegrini (Score) (1)"", ""over"": ""15.000""}",2026-05-13T16:27:00.698Z
71019438,Football,2026-05-13 21:00,Lazio Rome,Inter Milano,Italy - Coppa Italia,Bet365,Player To Score or Assist,Adam Marusic (Score) (1),,,,15.000,,,,,"{""label"": ""Adam Marusic (Score) (1)"", ""over"": ""15.000""}",2026-05-13T16:27:00.698Z
71019438,Football,2026-05-13 21:00,Lazio Rome,Inter Milano,Italy - Coppa Italia,Bet365,Player To Score or Assist,Manuel Lazzari (Score) (1),,,,15.000,,,,,"{""label"": ""Manuel Lazzari (Score) (1)"", ""over"": ""15.000""}",2026-05-13T16:27:00.698Z
71019438,Football,2026-05-13 21:00,Lazio Rome,Inter Milano,Italy - Coppa Italia,Bet365,Player To Score or Assist,Oliver Provstgaard (Score) (1),,,,15.000,,,,,"{""label"": ""Oliver Provstgaard (Score) (1)"", ""over"": ""15.000""}",2026-05-13T16:27:00.698Z
71019438,Football,2026-05-13 21:00,Lazio Rome,Inter Milano,Italy - Coppa Italia,Bet365,Player To Score or Assist,Stefan de Vrij (Score) (2),,,,15.000,,,,,"{""label"": ""Stefan de Vrij (Score) (2)"", ""over"": ""15.000""}",2026-05-13T16:27:00.698Z
71019438,Football,2026-05-13 21:00,Lazio Rome,Inter Milano,Italy - Coppa Italia,Bet365,Player To Score or Assist,Gabarron Patric Gil (Score) (1),,,,15.000,,,,,"{""label"": ""Gabarron Patric Gil (Score) (1)"", ""over"": ""15.000""}",2026-05-13T16:27:00.698Z
71019438,Football,2026-05-13 21:00,Lazio Rome,Inter Milano,Italy - Coppa Italia,Bet365,Player To Score or Assist,Mario Gila (Score) (1),,,,19.000,,,,,"{""label"": ""Mario Gila (Score) (1)"", ""over"": ""19.000""}",2026-05-13T16:27:00.698Z
71019438,Football,2026-05-13 21:00,Lazio Rome,Inter Milano,Italy - Coppa Italia,Bet365,Player To Score or Assist,Davide Frattesi (Assist) (2),,,,7.000,,,,,"{""label"": ""Davide Frattesi (Assist) (2)"", ""over"": ""7.000""}",2026-05-13T16:27:00.698Z
71019438,Football,2026-05-13 21:00,Lazio Rome,Inter Milano,Italy - Coppa Italia,Bet365,Player To Score or Assist,Matteo Cancellieri (Assist) (1),,,,11.000,,,,,"{""label"": ""Matteo Cancellieri (Assist) (1)"", ""over"": ""11.000""}",2026-05-13T16:27:00.698Z
71019438,Football,2026-05-13 21:00,Lazio Rome,Inter Milano,Italy - Coppa Italia,Bet365,Player To Score or Assist,Danilo Cataldi (Assist) (1),,,,11.000,,,,,"{""label"": ""Danilo Cataldi (Assist) (1)"", ""over"": ""11.000""}",2026-05-13T16:27:00.698Z
71019438,Football,2026-05-13 21:00,Lazio Rome,Inter Milano,Italy - Coppa Italia,Bet365,Player To Score or Assist,Manuel Akanji (Assist) (2),,,,10.000,,,,,"{""label"": ""Manuel Akanji (Assist) (2)"", ""over"": ""10.000""}",2026-05-13T16:27:00.698Z
71019438,Football,2026-05-13 21:00,Lazio Rome,Inter Milano,Italy - Coppa Italia,Bet365,Player To Score or Assist,Samuel Gigot (Assist) (1),,,,17.000,,,,,"{""label"": ""Samuel Gigot (Assist) (1)"", ""over"": ""17.000""}",2026-05-13T16:27:00.698Z
71019438,Football,2026-05-13 21:00,Lazio Rome,Inter Milano,Italy - Coppa Italia,Bet365,Player To Score or Assist,Francesco Acerbi (Assist) (2),,,,13.000,,,,,"{""label"": ""Francesco Acerbi (Assist) (2)"", ""over"": ""13.000""}",2026-05-13T16:27:00.698Z
71019438,Football,2026-05-13 21:00,Lazio Rome,Inter Milano,Italy - Coppa Italia,Bet365,Player To Score or Assist,Stefan de Vrij (Assist) (2),,,,21.000,,,,,"{""label"": ""Stefan de Vrij (Assist) (2)"", ""over"": ""21.000""}",2026-05-13T16:27:00.698Z
71019438,Football,2026-05-13 21:00,Lazio Rome,Inter Milano,Italy - Coppa Italia,Bet365,Player To Score or Assist,Alessio Romagnoli (Score or Assist) (1),,,,15.000,,,,,"{""label"": ""Alessio Romagnoli (Score or Assist) (1)"", ""over"": ""15.000""}",2026-05-13T16:27:00.698Z
71019438,Football,2026-05-13 21:00,Lazio Rome,Inter Milano,Italy - Coppa Italia,Bet365,Player To Score or Assist,Hakan Calhanoglu (Score) (2),,,,4.750,,,,,"{""label"": ""Hakan Calhanoglu (Score) (2)"", ""over"": ""4.750""}",2026-05-13T16:27:00.698Z
71019438,Football,2026-05-13 21:00,Lazio Rome,Inter Milano,Italy - Coppa Italia,Bet365,Player To Score or Assist,Luis Henrique de Lima (Score) (2),,,,4.750,,,,,"{""label"": ""Luis Henrique de Lima (Score) (2)"", ""over"": ""4.750""}",2026-05-13T16:27:00.698Z
71019438,Football,2026-05-13 21:00,Lazio Rome,Inter Milano,Italy - Coppa Italia,Bet365,Player To Score or Assist,Federico Dimarco (Score) (2),,,,5.000,,,,,"{""label"": ""Federico Dimarco (Score) (2)"", ""over"": ""5.000""}",2026-05-13T16:27:00.698Z
71019438,Football,2026-05-13 21:00,Lazio Rome,Inter Milano,Italy - Coppa Italia,Bet365,Player To Score or Assist,Piotr Zielinski (Score) (2),,,,4.750,,,,,"{""label"": ""Piotr Zielinski (Score) (2)"", ""over"": ""4.750""}",2026-05-13T16:27:00.698Z
71019438,Football,2026-05-13 21:00,Lazio Rome,Inter Milano,Italy - Coppa Italia,Bet365,Player To Score or Assist,Denzel Dumfries (Score) (2),,,,5.000,,,,,"{""label"": ""Denzel Dumfries (Score) (2)"", ""over"": ""5.000""}",2026-05-13T16:27:00.698Z
71019438,Football,2026-05-13 21:00,Lazio Rome,Inter Milano,Italy - Coppa Italia,Bet365,Player To Score or Assist,Henrikh Mkhitaryan (Score) (2),,,,4.750,,,,,"{""label"": ""Henrikh Mkhitaryan (Score) (2)"", ""over"": ""4.750""}",2026-05-13T16:27:00.698Z
71019438,Football,2026-05-13 21:00,Lazio Rome,Inter Milano,Italy - Coppa Italia,Bet365,Player To Score or Assist,Andy Diouf (Score) (2),,,,5.000,,,,,"{""label"": ""Andy Diouf (Score) (2)"", ""over"": ""5.000""}",2026-05-13T16:27:00.698Z
71019438,Football,2026-05-13 21:00,Lazio Rome,Inter Milano,Italy - Coppa Italia,Bet365,Player To Score or Assist,Boulaye Dia (Score) (1),,,,4.750,,,,,"{""label"": ""Boulaye Dia (Score) (1)"", ""over"": ""4.750""}",2026-05-13T16:27:00.698Z
71019438,Football,2026-05-13 21:00,Lazio Rome,Inter Milano,Italy - Coppa Italia,Bet365,Player To Score or Assist,Pedro (Score) (1),,,,4.750,,,,,"{""label"": ""Pedro (Score) (1)"", ""over"": ""4.750""}",2026-05-13T16:27:00.698Z
71019438,Football,2026-05-13 21:00,Lazio Rome,Inter Milano,Italy - Coppa Italia,Bet365,Player To Score or Assist,Gustav Isaksen (Score) (1),,,,4.750,,,,,"{""label"": ""Gustav Isaksen (Score) (1)"", ""over"": ""4.750""}",2026-05-13T16:27:00.698Z
71019438,Football,2026-05-13 21:00,Lazio Rome,Inter Milano,Italy - Coppa Italia,Bet365,Player To Score or Assist,Matteo Cocchi (Score) (2),,,,8.000,,,,,"{""label"": ""Matteo Cocchi (Score) (2)"", ""over"": ""8.000""}",2026-05-13T16:27:00.698Z
71019438,Football,2026-05-13 21:00,Lazio Rome,Inter Milano,Italy - Coppa Italia,Bet365,Player To Score or Assist,Alessandro Bastoni (Score) (2),,,,8.000,,,,,"{""label"": ""Alessandro Bastoni (Score) (2)"", ""over"": ""8.000""}",2026-05-13T16:27:00.698Z
71019438,Football,2026-05-13 21:00,Lazio Rome,Inter Milano,Italy - Coppa Italia,Bet365,Player To Score or Assist,Matteo Cancellieri (Score) (1),,,,5.000,,,,,"{""label"": ""Matteo Cancellieri (Score) (1)"", ""over"": ""5.000""}",2026-05-13T16:27:00.698Z
71019438,Football,2026-05-13 21:00,Lazio Rome,Inter Milano,Italy - Coppa Italia,Bet365,Player To Score or Assist,Yann Aurel Bisseck (Score) (2),,,,8.000,,,,,"{""label"": ""Yann Aurel Bisseck (Score) (2)"", ""over"": ""8.000""}",2026-05-13T16:27:00.698Z
71019438,Football,2026-05-13 21:00,Lazio Rome,Inter Milano,Italy - Coppa Italia,Bet365,Player To Score or Assist,Mattia Mosconi (Assist) (2),,,,5.000,,,,,"{""label"": ""Mattia Mosconi (Assist) (2)"", ""over"": ""5.000""}",2026-05-13T16:27:00.698Z
71019438,Football,2026-05-13 21:00,Lazio Rome,Inter Milano,Italy - Coppa Italia,Bet365,Player To Score or Assist,Hakan Calhanoglu (Assist) (2),,,,4.333,,,,,"{""label"": ""Hakan Calhanoglu (Assist) (2)"", ""over"": ""4.333""}",2026-05-13T16:27:00.698Z
71019438,Football,2026-05-13 21:00,Lazio Rome,Inter Milano,Italy - Coppa Italia,Bet365,Player To Score or Assist,Federico Dimarco (Assist) (2),,,,4.333,,,,,"{""label"": ""Federico Dimarco (Assist) (2)"", ""over"": ""4.333""}",2026-05-13T16:27:00.698Z
71019438,Football,2026-05-13 21:00,Lazio Rome,Inter Milano,Italy - Coppa Italia,Bet365,Player To Score or Assist,Piotr Zielinski (Assist) (2),,,,5.000,,,,,"{""label"": ""Piotr Zielinski (Assist) (2)"", ""over"": ""5.000""}",2026-05-13T16:27:00.698Z
71019438,Football,2026-05-13 21:00,Lazio Rome,Inter Milano,Italy - Coppa Italia,Bet365,Player To Score or Assist,Denzel Dumfries (Assist) (2),,,,5.000,,,,,"{""label"": ""Denzel Dumfries (Assist) (2)"", ""over"": ""5.000""}",2026-05-13T16:27:00.698Z
71019438,Football,2026-05-13 21:00,Lazio Rome,Inter Milano,Italy - Coppa Italia,Bet365,Player To Score or Assist,Petar Sucic (Assist) (2),,,,5.000,,,,,"{""label"": ""Petar Sucic (Assist) (2)"", ""over"": ""5.000""}",2026-05-13T16:27:00.698Z
71019438,Football,2026-05-13 21:00,Lazio Rome,Inter Milano,Italy - Coppa Italia,Bet365,Player To Score or Assist,Matteo Cocchi (Assist) (2),,,,5.000,,,,,"{""label"": ""Matteo Cocchi (Assist) (2)"", ""over"": ""5.000""}",2026-05-13T16:27:00.698Z
71019438,Football,2026-05-13 21:00,Lazio Rome,Inter Milano,Italy - Coppa Italia,Bet365,Player To Score or Assist,Ange Bonny (Score or Assist) (2),,,,2.000,,,,,"{""label"": ""Ange Bonny (Score or Assist) (2)"", ""over"": ""2.000""}",2026-05-13T16:27:00.698Z
71019438,Football,2026-05-13 21:00,Lazio Rome,Inter Milano,Italy - Coppa Italia,Bet365,Player To Score or Assist,Henrikh Mkhitaryan (Score or Assist) (2),,,,2.875,,,,,"{""label"": ""Henrikh Mkhitaryan (Score or Assist) (2)"", ""over"": ""2.875""}",2026-05-13T16:27:00.698Z
71019438,Football,2026-05-13 21:00,Lazio Rome,Inter Milano,Italy - Coppa Italia,Bet365,Player To Score or Assist,Andy Diouf (Score or Assist) (2),,,,3.000,,,,,"{""label"": ""Andy Diouf (Score or Assist) (2)"", ""over"": ""3.000""}",2026-05-13T16:27:00.698Z
71019438,Football,2026-05-13 21:00,Lazio Rome,Inter Milano,Italy - Coppa Italia,Bet365,Player To Score or Assist,Petar Sucic (Score or Assist) (2),,,,3.000,,,,,"{""label"": ""Petar Sucic (Score or Assist) (2)"", ""over"": ""3.000""}",2026-05-13T16:27:00.698Z
71019438,Football,2026-05-13 21:00,Lazio Rome,Inter Milano,Italy - Coppa Italia,Bet365,Player To Score or Assist,Nicolo Barella (Score or Assist) (2),,,,3.100,,,,,"{""label"": ""Nicolo Barella (Score or Assist) (2)"", ""over"": ""3.100""}",2026-05-13T16:27:00.698Z
71019438,Football,2026-05-13 21:00,Lazio Rome,Inter Milano,Italy - Coppa Italia,Bet365,Player To Score or Assist,Matteo Cocchi (Score or Assist) (2),,,,3.400,,,,,"{""label"": ""Matteo Cocchi (Score or Assist) (2)"", ""over"": ""3.400""}",2026-05-13T16:27:00.698Z
71019438,Football,2026-05-13 21:00,Lazio Rome,Inter Milano,Italy - Coppa Italia,Bet365,Player To Score or Assist,Alessandro Bastoni (Score or Assist) (2),,,,4.000,,,,,"{""label"": ""Alessandro Bastoni (Score or Assist) (2)"", ""over"": ""4.000""}",2026-05-13T16:27:00.698Z
71019438,Football,2026-05-13 21:00,Lazio Rome,Inter Milano,Italy - Coppa Italia,Bet365,Player To Score or Assist,Marcus Thuram (Assist) (2),,,,4.500,,,,,"{""label"": ""Marcus Thuram (Assist) (2)"", ""over"": ""4.500""}",2026-05-13T16:27:00.698Z
71019438,Football,2026-05-13 21:00,Lazio Rome,Inter Milano,Italy - Coppa Italia,Bet365,Player To Score or Assist,Francesco Acerbi (Score) (2),,,,13.000,,,,,"{""label"": ""Francesco Acerbi (Score) (2)"", ""over"": ""13.000""}",2026-05-13T16:27:00.698Z
71019438,Football,2026-05-13 21:00,Lazio Rome,Inter Milano,Italy - Coppa Italia,Bet365,Player To Score or Assist,Reda Belahyane (Score) (1),,,,13.000,,,,,"{""label"": ""Reda Belahyane (Score) (1)"", ""over"": ""13.000""}",2026-05-13T16:27:00.698Z
71019438,Football,2026-05-13 21:00,Lazio Rome,Inter Milano,Italy - Coppa Italia,Bet365,Player To Score or Assist,Toma Basic (Score or Assist) (1),,,,5.000,,,,,"{""label"": ""Toma Basic (Score or Assist) (1)"", ""over"": ""5.000""}",2026-05-13T16:27:00.698Z
71019438,Football,2026-05-13 21:00,Lazio Rome,Inter Milano,Italy - Coppa Italia,Bet365,Player To Score or Assist,Yann Aurel Bisseck (Score or Assist) (2),,,,6.500,,,,,"{""label"": ""Yann Aurel Bisseck (Score or Assist) (2)"", ""over"": ""6.500""}",2026-05-13T16:27:00.698Z
71019438,Football,2026-05-13 21:00,Lazio Rome,Inter Milano,Italy - Coppa Italia,Bet365,Player To Score or Assist,Daniel Maldini (Score) (1),,,,4.000,,,,,"{""label"": ""Daniel Maldini (Score) (1)"", ""over"": ""4.000""}",2026-05-13T16:27:00.698Z
71019438,Football,2026-05-13 21:00,Lazio Rome,Inter Milano,Italy - Coppa Italia,Bet365,Player To Score or Assist,Mattia Mosconi (Score) (2),,,,3.400,,,,,"{""label"": ""Mattia Mosconi (Score) (2)"", ""over"": ""3.400""}",2026-05-13T16:27:00.698Z
71019438,Football,2026-05-13 21:00,Lazio Rome,Inter Milano,Italy - Coppa Italia,Bet365,Player To Score or Assist,Petar Ratkov (Score) (1),,,,3.750,,,,,"{""label"": ""Petar Ratkov (Score) (1)"", ""over"": ""3.750""}",2026-05-13T16:27:00.698Z
71019438,Football,2026-05-13 21:00,Lazio Rome,Inter Milano,Italy - Coppa Italia,Bet365,Player To Score or Assist,Carlos Augusto (Score) (2),,,,7.500,,,,,"{""label"": ""Carlos Augusto (Score) (2)"", ""over"": ""7.500""}",2026-05-13T16:27:00.698Z
71019438,Football,2026-05-13 21:00,Lazio Rome,Inter Milano,Italy - Coppa Italia,Bet365,Player To Score or Assist,Mattia Zaccagni (Score) (1),,,,5.000,,,,,"{""label"": ""Mattia Zaccagni (Score) (1)"", ""over"": ""5.000""}",2026-05-13T16:27:00.698Z
71019438,Football,2026-05-13 21:00,Lazio Rome,Inter Milano,Italy - Coppa Italia,Bet365,Player To Score or Assist,Tijjani Noslin (Score) (1),,,,5.000,,,,,"{""label"": ""Tijjani Noslin (Score) (1)"", ""over"": ""5.000""}",2026-05-13T16:27:00.698Z
71019438,Football,2026-05-13 21:00,Lazio Rome,Inter Milano,Italy - Coppa Italia,Bet365,Player To Score or Assist,Alessio Romagnoli (Score) (1),,,,19.000,,,,,"{""label"": ""Alessio Romagnoli (Score) (1)"", ""over"": ""19.000""}",2026-05-13T16:27:00.698Z
71019438,Football,2026-05-13 21:00,Lazio Rome,Inter Milano,Italy - Coppa Italia,Bet365,Player To Score or Assist,Francesco Esposito (Assist) (2),,,,6.000,,,,,"{""label"": ""Francesco Esposito (Assist) (2)"", ""over"": ""6.000""}",2026-05-13T16:27:00.698Z
71019438,Football,2026-05-13 21:00,Lazio Rome,Inter Milano,Italy - Coppa Italia,Bet365,Player To Score or Assist,Petar Ratkov (Assist) (1),,,,8.000,,,,,"{""label"": ""Petar Ratkov (Assist) (1)"", ""over"": ""8.000""}",2026-05-13T16:27:00.698Z
71019438,Football,2026-05-13 21:00,Lazio Rome,Inter Milano,Italy - Coppa Italia,Bet365,Player To Score or Assist,Carlos Augusto (Assist) (2),,,,6.000,,,,,"{""label"": ""Carlos Augusto (Assist) (2)"", ""over"": ""6.000""}",2026-05-13T16:27:00.698Z
71019438,Football,2026-05-13 21:00,Lazio Rome,Inter Milano,Italy - Coppa Italia,Bet365,Player To Score or Assist,Mattia Zaccagni (Assist) (1),,,,8.000,,,,,"{""label"": ""Mattia Zaccagni (Assist) (1)"", ""over"": ""8.000""}",2026-05-13T16:27:00.698Z
71019438,Football,2026-05-13 21:00,Lazio Rome,Inter Milano,Italy - Coppa Italia,Bet365,Player To Score or Assist,Tijjani Noslin (Assist) (1),,,,8.000,,,,,"{""label"": ""Tijjani Noslin (Assist) (1)"", ""over"": ""8.000""}",2026-05-13T16:27:00.698Z
71019438,Football,2026-05-13 21:00,Lazio Rome,Inter Milano,Italy - Coppa Italia,Bet365,Player To Score or Assist,Nuno Tavares (Assist) (1),,,,6.500,,,,,"{""label"": ""Nuno Tavares (Assist) (1)"", ""over"": ""6.500""}",2026-05-13T16:27:00.698Z
71019438,Football,2026-05-13 21:00,Lazio Rome,Inter Milano,Italy - Coppa Italia,Bet365,Player To Score or Assist,Luca Pellegrini (Assist) (1),,,,8.000,,,,,"{""label"": ""Luca Pellegrini (Assist) (1)"", ""over"": ""8.000""}",2026-05-13T16:27:00.698Z
71019438,Football,2026-05-13 21:00,Lazio Rome,Inter Milano,Italy - Coppa Italia,Bet365,Player To Score or Assist,Petar Ratkov (Score or Assist) (1),,,,2.875,,,,,"{""label"": ""Petar Ratkov (Score or Assist) (1)"", ""over"": ""2.875""}",2026-05-13T16:27:00.698Z
71019438,Football,2026-05-13 21:00,Lazio Rome,Inter Milano,Italy - Coppa Italia,Bet365,Player To Score or Assist,Carlos Augusto (Score or Assist) (2),,,,3.500,,,,,"{""label"": ""Carlos Augusto (Score or Assist) (2)"", ""over"": ""3.500""}",2026-05-13T16:27:00.698Z
71019438,Football,2026-05-13 21:00,Lazio Rome,Inter Milano,Italy - Coppa Italia,Bet365,Player To Score or Assist,Lautaro Martinez (Score) (2),,,,2.300,,,,,"{""label"": ""Lautaro Martinez (Score) (2)"", ""over"": ""2.300""}",2026-05-13T16:27:00.698Z
71019438,Football,2026-05-13 21:00,Lazio Rome,Inter Milano,Italy - Coppa Italia,Bet365,Player To Score or Assist,Marcus Thuram (Score) (2),,,,2.500,,,,,"{""label"": ""Marcus Thuram (Score) (2)"", ""over"": ""2.500""}",2026-05-13T16:27:00.698Z
71019438,Football,2026-05-13 21:00,Lazio Rome,Inter Milano,Italy - Coppa Italia,Bet365,Player To Score or Assist,Ange Bonny (Score) (2),,,,2.625,,,,,"{""label"": ""Ange Bonny (Score) (2)"", ""over"": ""2.625""}",2026-05-13T16:27:00.698Z
71019438,Football,2026-05-13 21:00,Lazio Rome,Inter Milano,Italy - Coppa Italia,Bet365,Player To Score or Assist,Francesco Esposito (Score) (2),,,,2.625,,,,,"{""label"": ""Francesco Esposito (Score) (2)"", ""over"": ""2.625""}",2026-05-13T16:27:00.698Z
71019438,Football,2026-05-13 21:00,Lazio Rome,Inter Milano,Italy - Coppa Italia,Bet365,Player To Score or Assist,Kenneth Taylor (Score) (1),,,,7.500,,,,,"{""label"": ""Kenneth Taylor (Score) (1)"", ""over"": ""7.500""}",2026-05-13T16:27:00.698Z
71019438,Football,2026-05-13 21:00,Lazio Rome,Inter Milano,Italy - Coppa Italia,Bet365,Player To Score or Assist,Matteo Darmian (Score) (2),,,,9.000,,,,,"{""label"": ""Matteo Darmian (Score) (2)"", ""over"": ""9.000""}",2026-05-13T16:27:00.698Z
71019438,Football,2026-05-13 21:00,Lazio Rome,Inter Milano,Italy - Coppa Italia,Bet365,Player To Score or Assist,Toma Basic (Score) (1),,,,7.500,,,,,"{""label"": ""Toma Basic (Score) (1)"", ""over"": ""7.500""}",2026-05-13T16:27:00.698Z
71019438,Football,2026-05-13 21:00,Lazio Rome,Inter Milano,Italy - Coppa Italia,Bet365,Player To Score or Assist,Adrian Przyborek (Score) (1),,,,7.500,,,,,"{""label"": ""Adrian Przyborek (Score) (1)"", ""over"": ""7.500""}",2026-05-13T16:27:00.698Z
71019438,Football,2026-05-13 21:00,Lazio Rome,Inter Milano,Italy - Coppa Italia,Bet365,Player To Score or Assist,Fisayo Dele-Bashiru (Score) (1),,,,7.500,,,,,"{""label"": ""Fisayo Dele-Bashiru (Score) (1)"", ""over"": ""7.500""}",2026-05-13T16:27:00.698Z
71019438,Football,2026-05-13 21:00,Lazio Rome,Inter Milano,Italy - Coppa Italia,Bet365,Player To Score or Assist,Lautaro Martinez (Assist) (2),,,,5.000,,,,,"{""label"": ""Lautaro Martinez (Assist) (2)"", ""over"": ""5.000""}",2026-05-13T16:27:00.698Z
71019438,Football,2026-05-13 21:00,Lazio Rome,Inter Milano,Italy - Coppa Italia,Bet365,Player To Score or Assist,Henrikh Mkhitaryan (Assist) (2),,,,6.000,,,,,"{""label"": ""Henrikh Mkhitaryan (Assist) (2)"", ""over"": ""6.000""}",2026-05-13T16:27:00.698Z
71019438,Football,2026-05-13 21:00,Lazio Rome,Inter Milano,Italy - Coppa Italia,Bet365,Player To Score or Assist,Andy Diouf (Assist) (2),,,,6.000,,,,,"{""label"": ""Andy Diouf (Assist) (2)"", ""over"": ""6.000""}",2026-05-13T16:27:00.698Z
71019438,Football,2026-05-13 21:00,Lazio Rome,Inter Milano,Italy - Coppa Italia,Bet365,Player To Score or Assist,Gustav Isaksen (Assist) (1),,,,8.000,,,,,"{""label"": ""Gustav Isaksen (Assist) (1)"", ""over"": ""8.000""}",2026-05-13T16:27:00.698Z
71019438,Football,2026-05-13 21:00,Lazio Rome,Inter Milano,Italy - Coppa Italia,Bet365,Player To Score or Assist,Matteo Darmian (Assist) (2),,,,6.500,,,,,"{""label"": ""Matteo Darmian (Assist) (2)"", ""over"": ""6.500""}",2026-05-13T16:27:00.698Z
71019438,Football,2026-05-13 21:00,Lazio Rome,Inter Milano,Italy - Coppa Italia,Bet365,Player To Score or Assist,Toma Basic (Assist) (1),,,,11.000,,,,,"{""label"": ""Toma Basic (Assist) (1)"", ""over"": ""11.000""}",2026-05-13T16:27:00.698Z
71019438,Football,2026-05-13 21:00,Lazio Rome,Inter Milano,Italy - Coppa Italia,Bet365,Player To Score or Assist,Yann Aurel Bisseck (Assist) (2),,,,17.000,,,,,"{""label"": ""Yann Aurel Bisseck (Assist) (2)"", ""over"": ""17.000""}",2026-05-13T16:27:00.698Z
71019438,Football,2026-05-13 21:00,Lazio Rome,Inter Milano,Italy - Coppa Italia,Bet365,Player To Score or Assist,Adam Marusic (Assist) (1),,,,10.000,,,,,"{""label"": ""Adam Marusic (Assist) (1)"", ""over"": ""10.000""}",2026-05-13T16:27:00.698Z
71019438,Football,2026-05-13 21:00,Lazio Rome,Inter Milano,Italy - Coppa Italia,Bet365,Player To Score or Assist,Manuel Lazzari (Assist) (1),,,,10.000,,,,,"{""label"": ""Manuel Lazzari (Assist) (1)"", ""over"": ""10.000""}",2026-05-13T16:27:00.698Z
71019438,Football,2026-05-13 21:00,Lazio Rome,Inter Milano,Italy - Coppa Italia,Bet365,Player To Score or Assist,Lautaro Martinez (Score or Assist) (2),,,,1.800,,,,,"{""label"": ""Lautaro Martinez (Score or Assist) (2)"", ""over"": ""1.800""}",2026-05-13T16:27:00.698Z
71019438,Football,2026-05-13 21:00,Lazio Rome,Inter Milano,Italy - Coppa Italia,Bet365,Player To Score or Assist,Marcus Thuram (Score or Assist) (2),,,,1.833,,,,,"{""label"": ""Marcus Thuram (Score or Assist) (2)"", ""over"": ""1.833""}",2026-05-13T16:27:00.698Z
71019438,Football,2026-05-13 21:00,Lazio Rome,Inter Milano,Italy - Coppa Italia,Bet365,Player To Score or Assist,Francesco Esposito (Score or Assist) (2),,,,2.050,,,,,"{""label"": ""Francesco Esposito (Score or Assist) (2)"", ""over"": ""2.050""}",2026-05-13T16:27:00.698Z
71019438,Football,2026-05-13 21:00,Lazio Rome,Inter Milano,Italy - Coppa Italia,Bet365,Player To Score or Assist,Mattia Mosconi (Score or Assist) (2),,,,2.300,,,,,"{""label"": ""Mattia Mosconi (Score or Assist) (2)"", ""over"": ""2.300""}",2026-05-13T16:27:00.698Z
71019438,Football,2026-05-13 21:00,Lazio Rome,Inter Milano,Italy - Coppa Italia,Bet365,Player To Score or Assist,Hakan Calhanoglu (Score or Assist) (2),,,,2.500,,,,,"{""label"": ""Hakan Calhanoglu (Score or Assist) (2)"", ""over"": ""2.500""}",2026-05-13T16:27:00.698Z
71019438,Football,2026-05-13 21:00,Lazio Rome,Inter Milano,Italy - Coppa Italia,Bet365,Player To Score or Assist,Luis Henrique de Lima (Score or Assist) (2),,,,2.600,,,,,"{""label"": ""Luis Henrique de Lima (Score or Assist) (2)"", ""over"": ""2.600""}",2026-05-13T16:27:00.698Z
71019438,Football,2026-05-13 21:00,Lazio Rome,Inter Milano,Italy - Coppa Italia,Bet365,Player To Score or Assist,Federico Dimarco (Score or Assist) (2),,,,2.600,,,,,"{""label"": ""Federico Dimarco (Score or Assist) (2)"", ""over"": ""2.600""}",2026-05-13T16:27:00.698Z
71019438,Football,2026-05-13 21:00,Lazio Rome,Inter Milano,Italy - Coppa Italia,Bet365,Player To Score or Assist,Piotr Zielinski (Score or Assist) (2),,,,2.750,,,,,"{""label"": ""Piotr Zielinski (Score or Assist) (2)"", ""over"": ""2.750""}",2026-05-13T16:27:00.698Z
71019438,Football,2026-05-13 21:00,Lazio Rome,Inter Milano,Italy - Coppa Italia,Bet365,Player To Score or Assist,Denzel Dumfries (Score or Assist) (2),,,,2.875,,,,,"{""label"": ""Denzel Dumfries (Score or Assist) (2)"", ""over"": ""2.875""}",2026-05-13T16:27:00.698Z
71019438,Football,2026-05-13 21:00,Lazio Rome,Inter Milano,Italy - Coppa Italia,Bet365,Player To Score or Assist,Daniel Maldini (Score or Assist) (1),,,,3.100,,,,,"{""label"": ""Daniel Maldini (Score or Assist) (1)"", ""over"": ""3.100""}",2026-05-13T16:27:00.698Z
71019438,Football,2026-05-13 21:00,Lazio Rome,Inter Milano,Italy - Coppa Italia,Bet365,Player To Score or Assist,Boulaye Dia (Score or Assist) (1),,,,3.250,,,,,"{""label"": ""Boulaye Dia (Score or Assist) (1)"", ""over"": ""3.250""}",2026-05-13T16:27:00.698Z
71019438,Football,2026-05-13 21:00,Lazio Rome,Inter Milano,Italy - Coppa Italia,Bet365,Player To Score or Assist,Pedro (Score or Assist) (1),,,,3.250,,,,,"{""label"": ""Pedro (Score or Assist) (1)"", ""over"": ""3.250""}",2026-05-13T16:27:00.698Z
71019438,Football,2026-05-13 21:00,Lazio Rome,Inter Milano,Italy - Coppa Italia,Bet365,Player To Score or Assist,Gustav Isaksen (Score or Assist) (1),,,,3.400,,,,,"{""label"": ""Gustav Isaksen (Score or Assist) (1)"", ""over"": ""3.400""}",2026-05-13T16:27:00.698Z
71019438,Football,2026-05-13 21:00,Lazio Rome,Inter Milano,Italy - Coppa Italia,Bet365,Player To Score or Assist,Mattia Zaccagni (Score or Assist) (1),,,,3.600,,,,,"{""label"": ""Mattia Zaccagni (Score or Assist) (1)"", ""over"": ""3.600""}",2026-05-13T16:27:00.698Z
71019438,Football,2026-05-13 21:00,Lazio Rome,Inter Milano,Italy - Coppa Italia,Bet365,Player To Score or Assist,Tijjani Noslin (Score or Assist) (1),,,,3.600,,,,,"{""label"": ""Tijjani Noslin (Score or Assist) (1)"", ""over"": ""3.600""}",2026-05-13T16:27:00.698Z
71019438,Football,2026-05-13 21:00,Lazio Rome,Inter Milano,Italy - Coppa Italia,Bet365,Player To Score or Assist,Kenneth Taylor (Score or Assist) (1),,,,4.000,,,,,"{""label"": ""Kenneth Taylor (Score or Assist) (1)"", ""over"": ""4.000""}",2026-05-13T16:27:00.698Z
71019438,Football,2026-05-13 21:00,Lazio Rome,Inter Milano,Italy - Coppa Italia,Bet365,Player To Score or Assist,Matteo Darmian (Score or Assist) (2),,,,4.000,,,,,"{""label"": ""Matteo Darmian (Score or Assist) (2)"", ""over"": ""4.000""}",2026-05-13T16:27:00.698Z
71019438,Football,2026-05-13 21:00,Lazio Rome,Inter Milano,Italy - Coppa Italia,Bet365,Player To Score or Assist,Nuno Tavares (Score or Assist) (1),,,,4.500,,,,,"{""label"": ""Nuno Tavares (Score or Assist) (1)"", ""over"": ""4.500""}",2026-05-13T16:27:00.698Z
71019438,Football,2026-05-13 21:00,Lazio Rome,Inter Milano,Italy - Coppa Italia,Bet365,Player To Score or Assist,Nicolo Rovella (Score or Assist) (1),,,,5.000,,,,,"{""label"": ""Nicolo Rovella (Score or Assist) (1)"", ""over"": ""5.000""}",2026-05-13T16:27:00.698Z
71019438,Football,2026-05-13 21:00,Lazio Rome,Inter Milano,Italy - Coppa Italia,Bet365,Player To Score or Assist,Danilo Cataldi (Score or Assist) (1),,,,6.500,,,,,"{""label"": ""Danilo Cataldi (Score or Assist) (1)"", ""over"": ""6.500""}",2026-05-13T16:27:00.698Z
71019438,Football,2026-05-13 21:00,Lazio Rome,Inter Milano,Italy - Coppa Italia,Bet365,Player To Score or Assist,Adam Marusic (Score or Assist) (1),,,,7.000,,,,,"{""label"": ""Adam Marusic (Score or Assist) (1)"", ""over"": ""7.000""}",2026-05-13T16:27:00.698Z
71019438,Football,2026-05-13 21:00,Lazio Rome,Inter Milano,Italy - Coppa Italia,Bet365,Player To Score or Assist,Manuel Lazzari (Score or Assist) (1),,,,7.000,,,,,"{""label"": ""Manuel Lazzari (Score or Assist) (1)"", ""over"": ""7.000""}",2026-05-13T16:27:00.698Z
71019438,Football,2026-05-13 21:00,Lazio Rome,Inter Milano,Italy - Coppa Italia,Bet365,Player To Score or Assist,Samuel Gigot (Score or Assist) (1),,,,8.000,,,,,"{""label"": ""Samuel Gigot (Score or Assist) (1)"", ""over"": ""8.000""}",2026-05-13T16:27:00.698Z
71019438,Football,2026-05-13 21:00,Lazio Rome,Inter Milano,Italy - Coppa Italia,Bet365,Player To Score or Assist,Francesco Acerbi (Score or Assist) (2),,,,8.500,,,,,"{""label"": ""Francesco Acerbi (Score or Assist) (2)"", ""over"": ""8.500""}",2026-05-13T16:27:00.698Z
71019438,Football,2026-05-13 21:00,Lazio Rome,Inter Milano,Italy - Coppa Italia,Bet365,Player To Score or Assist,Reda Belahyane (Score or Assist) (1),,,,9.000,,,,,"{""label"": ""Reda Belahyane (Score or Assist) (1)"", ""over"": ""9.000""}",2026-05-13T16:27:00.698Z
71019438,Football,2026-05-13 21:00,Lazio Rome,Inter Milano,Italy - Coppa Italia,Bet365,Player To Score or Assist,Oliver Provstgaard (Score or Assist) (1),,,,10.000,,,,,"{""label"": ""Oliver Provstgaard (Score or Assist) (1)"", ""over"": ""10.000""}",2026-05-13T16:27:00.698Z
71019438,Football,2026-05-13 21:00,Lazio Rome,Inter Milano,Italy - Coppa Italia,Bet365,Player To Score or Assist,Stefan de Vrij (Score or Assist) (2),,,,12.000,,,,,"{""label"": ""Stefan de Vrij (Score or Assist) (2)"", ""over"": ""12.000""}",2026-05-13T16:27:00.698Z
71019438,Football,2026-05-13 21:00,Lazio Rome,Inter Milano,Italy - Coppa Italia,Bet365,Player To Score or Assist,Gabarron Patric Gil (Score or Assist) (1),,,,13.000,,,,,"{""label"": ""Gabarron Patric Gil (Score or Assist) (1)"", ""over"": ""13.000""}",2026-05-13T16:27:00.698Z
71019438,Football,2026-05-13 21:00,Lazio Rome,Inter Milano,Italy - Coppa Italia,Bet365,Alternative Total Goals,,,,,1.300,3.400,,,1.5,"{""hdp"": 1.5, ""over"": ""1.300"", ""under"": ""3.400""}",2026-05-13T17:02:54.1Z
71019438,Football,2026-05-13 21:00,Lazio Rome,Inter Milano,Italy - Coppa Italia,Bet365,Alternative Total Goals,,,,,7.000,1.100,,,4.5,"{""hdp"": 4.5, ""over"": ""7.000"", ""under"": ""1.100""}",2026-05-13T17:02:54.1Z
71019438,Football,2026-05-13 21:00,Lazio Rome,Inter Milano,Italy - Coppa Italia,Bet365,Alternative Total Goals,,,,,15.000,1.030,,,5.5,"{""hdp"": 5.5, ""over"": ""15.000"", ""under"": ""1.030""}",2026-05-13T17:02:54.1Z
71019438,Football,2026-05-13 21:00,Lazio Rome,Inter Milano,Italy - Coppa Italia,Bet365,Alternative Total Goals,,,,,29.000,1.006,,,6.5,"{""hdp"": 6.5, ""over"": ""29.000"", ""under"": ""1.006""}",2026-05-13T17:02:54.1Z
71019438,Football,2026-05-13 21:00,Lazio Rome,Inter Milano,Italy - Coppa Italia,Bet365,Alternative Total Goals,,,,,1.062,10.000,,,0.5,"{""hdp"": 0.5, ""over"": ""1.062"", ""under"": ""10.000""}",2026-05-13T17:02:54.1Z
71019438,Football,2026-05-13 21:00,Lazio Rome,Inter Milano,Italy - Coppa Italia,Bet365,Alternative Total Goals,,,,,3.400,1.300,,,3.5,"{""hdp"": 3.5, ""over"": ""3.400"", ""under"": ""1.300""}",2026-05-13T17:02:54.1Z
71019438,Football,2026-05-13 21:00,Lazio Rome,Inter Milano,Italy - Coppa Italia,Bet365,Multi Scorers,Ange Bonny (3 or More) (2),,,,,51.000,,,,"{""label"": ""Ange Bonny (3 or More) (2)"", ""under"": ""51.000""}",2026-05-13T17:51:46.649Z
71019438,Football,2026-05-13 21:00,Lazio Rome,Inter Milano,Italy - Coppa Italia,Bet365,Multi Scorers,Francesco Esposito (3 or More) (2),,,,,51.000,,,,"{""label"": ""Francesco Esposito (3 or More) (2)"", ""under"": ""51.000""}",2026-05-13T17:51:46.649Z
71019438,Football,2026-05-13 21:00,Lazio Rome,Inter Milano,Italy - Coppa Italia,Bet365,Multi Scorers,Luis Henrique de Lima (3 or More) (2),,,,,151.000,,,,"{""label"": ""Luis Henrique de Lima (3 or More) (2)"", ""under"": ""151.000""}",2026-05-13T17:51:46.649Z
71019438,Football,2026-05-13 21:00,Lazio Rome,Inter Milano,Italy - Coppa Italia,Bet365,Multi Scorers,Hakan Calhanoglu (3 or More) (2),,,,,151.000,,,,"{""label"": ""Hakan Calhanoglu (3 or More) (2)"", ""under"": ""151.000""}",2026-05-13T17:51:46.649Z
71019438,Football,2026-05-13 21:00,Lazio Rome,Inter Milano,Italy - Coppa Italia,Bet365,Multi Scorers,Henrikh Mkhitaryan (3 or More) (2),,,,,151.000,,,,"{""label"": ""Henrikh Mkhitaryan (3 or More) (2)"", ""under"": ""151.000""}",2026-05-13T17:51:46.649Z
71019438,Football,2026-05-13 21:00,Lazio Rome,Inter Milano,Italy - Coppa Italia,Bet365,Multi Scorers,Piotr Zielinski (3 or More) (2),,,,,151.000,,,,"{""label"": ""Piotr Zielinski (3 or More) (2)"", ""under"": ""151.000""}",2026-05-13T17:51:46.649Z
71019438,Football,2026-05-13 21:00,Lazio Rome,Inter Milano,Italy - Coppa Italia,Bet365,Multi Scorers,Manuel Akanji (3 or More) (2),,,,,501.000,,,,"{""label"": ""Manuel Akanji (3 or More) (2)"", ""under"": ""501.000""}",2026-05-13T17:51:46.649Z
71019438,Football,2026-05-13 21:00,Lazio Rome,Inter Milano,Italy - Coppa Italia,Bet365,Multi Scorers,Danilo Cataldi (3 or More) (1),,,,,501.000,,,,"{""label"": ""Danilo Cataldi (3 or More) (1)"", ""under"": ""501.000""}",2026-05-13T17:51:46.649Z
71019438,Football,2026-05-13 21:00,Lazio Rome,Inter Milano,Italy - Coppa Italia,Bet365,Multi Scorers,Samuel Gigot (3 or More) (1),,,,,501.000,,,,"{""label"": ""Samuel Gigot (3 or More) (1)"", ""under"": ""501.000""}",2026-05-13T17:51:46.649Z
71019438,Football,2026-05-13 21:00,Lazio Rome,Inter Milano,Italy - Coppa Italia,Bet365,Multi Scorers,Lautaro Martinez (2 or More) (2),,,,,7.500,,,,"{""label"": ""Lautaro Martinez (2 or More) (2)"", ""under"": ""7.500""}",2026-05-13T17:51:46.649Z
71019438,Football,2026-05-13 21:00,Lazio Rome,Inter Milano,Italy - Coppa Italia,Bet365,Multi Scorers,Marcus Thuram (2 or More) (2),,,,,9.000,,,,"{""label"": ""Marcus Thuram (2 or More) (2)"", ""under"": ""9.000""}",2026-05-13T17:51:46.649Z
71019438,Football,2026-05-13 21:00,Lazio Rome,Inter Milano,Italy - Coppa Italia,Bet365,Multi Scorers,Ange Bonny (2 or More) (2),,,,,10.000,,,,"{""label"": ""Ange Bonny (2 or More) (2)"", ""under"": ""10.000""}",2026-05-13T17:51:46.649Z
71019438,Football,2026-05-13 21:00,Lazio Rome,Inter Milano,Italy - Coppa Italia,Bet365,Multi Scorers,Francesco Esposito (2 or More) (2),,,,,10.000,,,,"{""label"": ""Francesco Esposito (2 or More) (2)"", ""under"": ""10.000""}",2026-05-13T17:51:46.649Z
71019438,Football,2026-05-13 21:00,Lazio Rome,Inter Milano,Italy - Coppa Italia,Bet365,Multi Scorers,Mattia Mosconi (2 or More) (2),,,,,17.000,,,,"{""label"": ""Mattia Mosconi (2 or More) (2)"", ""under"": ""17.000""}",2026-05-13T17:51:46.649Z
71019438,Football,2026-05-13 21:00,Lazio Rome,Inter Milano,Italy - Coppa Italia,Bet365,Multi Scorers,Petar Ratkov (2 or More) (1),,,,,23.000,,,,"{""label"": ""Petar Ratkov (2 or More) (1)"", ""under"": ""23.000""}",2026-05-13T17:51:46.649Z
71019438,Football,2026-05-13 21:00,Lazio Rome,Inter Milano,Italy - Coppa Italia,Bet365,Multi Scorers,Daniel Maldini (2 or More) (1),,,,,26.000,,,,"{""label"": ""Daniel Maldini (2 or More) (1)"", ""under"": ""26.000""}",2026-05-13T17:51:46.649Z
71019438,Football,2026-05-13 21:00,Lazio Rome,Inter Milano,Italy - Coppa Italia,Bet365,Multi Scorers,Davide Frattesi (2 or More) (2),,,,,26.000,,,,"{""label"": ""Davide Frattesi (2 or More) (2)"", ""under"": ""26.000""}",2026-05-13T17:51:46.649Z
71019438,Football,2026-05-13 21:00,Lazio Rome,Inter Milano,Italy - Coppa Italia,Bet365,Multi Scorers,Boulaye Dia (2 or More) (1),,,,,34.000,,,,"{""label"": ""Boulaye Dia (2 or More) (1)"", ""under"": ""34.000""}",2026-05-13T17:51:46.649Z
71019438,Football,2026-05-13 21:00,Lazio Rome,Inter Milano,Italy - Coppa Italia,Bet365,Multi Scorers,Luis Henrique de Lima (2 or More) (2),,,,,34.000,,,,"{""label"": ""Luis Henrique de Lima (2 or More) (2)"", ""under"": ""34.000""}",2026-05-13T17:51:46.649Z
71019438,Football,2026-05-13 21:00,Lazio Rome,Inter Milano,Italy - Coppa Italia,Bet365,Multi Scorers,Gustav Isaksen (2 or More) (1),,,,,34.000,,,,"{""label"": ""Gustav Isaksen (2 or More) (1)"", ""under"": ""34.000""}",2026-05-13T17:51:46.649Z
71019438,Football,2026-05-13 21:00,Lazio Rome,Inter Milano,Italy - Coppa Italia,Bet365,Multi Scorers,Hakan Calhanoglu (2 or More) (2),,,,,34.000,,,,"{""label"": ""Hakan Calhanoglu (2 or More) (2)"", ""under"": ""34.000""}",2026-05-13T17:51:46.649Z
71019438,Football,2026-05-13 21:00,Lazio Rome,Inter Milano,Italy - Coppa Italia,Bet365,Multi Scorers,Henrikh Mkhitaryan (2 or More) (2),,,,,34.000,,,,"{""label"": ""Henrikh Mkhitaryan (2 or More) (2)"", ""under"": ""34.000""}",2026-05-13T17:51:46.649Z
71019438,Football,2026-05-13 21:00,Lazio Rome,Inter Milano,Italy - Coppa Italia,Bet365,Multi Scorers,Piotr Zielinski (2 or More) (2),,,,,34.000,,,,"{""label"": ""Piotr Zielinski (2 or More) (2)"", ""under"": ""34.000""}",2026-05-13T17:51:46.649Z
71019438,Football,2026-05-13 21:00,Lazio Rome,Inter Milano,Italy - Coppa Italia,Bet365,Multi Scorers,Pedro (2 or More) (1),,,,,34.000,,,,"{""label"": ""Pedro (2 or More) (1)"", ""under"": ""34.000""}",2026-05-13T17:51:46.649Z
71019438,Football,2026-05-13 21:00,Lazio Rome,Inter Milano,Italy - Coppa Italia,Bet365,Multi Scorers,Carlos Augusto (2 or More) (2),,,,,67.000,,,,"{""label"": ""Carlos Augusto (2 or More) (2)"", ""under"": ""67.000""}",2026-05-13T17:51:46.649Z
71019438,Football,2026-05-13 21:00,Lazio Rome,Inter Milano,Italy - Coppa Italia,Bet365,Multi Scorers,Adrian Przyborek (2 or More) (1),,,,,81.000,,,,"{""label"": ""Adrian Przyborek (2 or More) (1)"", ""under"": ""81.000""}",2026-05-13T17:51:46.649Z
71019438,Football,2026-05-13 21:00,Lazio Rome,Inter Milano,Italy - Coppa Italia,Bet365,Multi Scorers,Fisayo Dele-Bashiru (2 or More) (1),,,,,81.000,,,,"{""label"": ""Fisayo Dele-Bashiru (2 or More) (1)"", ""under"": ""81.000""}",2026-05-13T17:51:46.649Z
71019438,Football,2026-05-13 21:00,Lazio Rome,Inter Milano,Italy - Coppa Italia,Bet365,Multi Scorers,Kenneth Taylor (2 or More) (1),,,,,81.000,,,,"{""label"": ""Kenneth Taylor (2 or More) (1)"", ""under"": ""81.000""}",2026-05-13T17:51:46.649Z
71019438,Football,2026-05-13 21:00,Lazio Rome,Inter Milano,Italy - Coppa Italia,Bet365,Multi Scorers,Toma Basic (2 or More) (1),,,,,81.000,,,,"{""label"": ""Toma Basic (2 or More) (1)"", ""under"": ""81.000""}",2026-05-13T17:51:46.649Z
71019438,Football,2026-05-13 21:00,Lazio Rome,Inter Milano,Italy - Coppa Italia,Bet365,Multi Scorers,Francesco Acerbi (2 or More) (2),,,,,126.000,,,,"{""label"": ""Francesco Acerbi (2 or More) (2)"", ""under"": ""126.000""}",2026-05-13T17:51:46.649Z
71019438,Football,2026-05-13 21:00,Lazio Rome,Inter Milano,Italy - Coppa Italia,Bet365,Multi Scorers,Reda Belahyane (2 or More) (1),,,,,126.000,,,,"{""label"": ""Reda Belahyane (2 or More) (1)"", ""under"": ""126.000""}",2026-05-13T17:51:46.649Z
71019438,Football,2026-05-13 21:00,Lazio Rome,Inter Milano,Italy - Coppa Italia,Bet365,Multi Scorers,Alessio Romagnoli (2 or More) (1),,,,,151.000,,,,"{""label"": ""Alessio Romagnoli (2 or More) (1)"", ""under"": ""151.000""}",2026-05-13T17:51:46.649Z
71019438,Football,2026-05-13 21:00,Lazio Rome,Inter Milano,Italy - Coppa Italia,Bet365,Multi Scorers,Mario Gila (2 or More) (1),,,,,151.000,,,,"{""label"": ""Mario Gila (2 or More) (1)"", ""under"": ""151.000""}",2026-05-13T17:51:46.649Z
71019438,Football,2026-05-13 21:00,Lazio Rome,Inter Milano,Italy - Coppa Italia,Bet365,Multi Scorers,Elseid Hysaj (2 or More) (1),,,,,301.000,,,,"{""label"": ""Elseid Hysaj (2 or More) (1)"", ""under"": ""301.000""}",2026-05-13T17:51:46.649Z
71019438,Football,2026-05-13 21:00,Lazio Rome,Inter Milano,Italy - Coppa Italia,Bet365,Multi Scorers,Lautaro Martinez (3 or More) (2),,,,,29.000,,,,"{""label"": ""Lautaro Martinez (3 or More) (2)"", ""under"": ""29.000""}",2026-05-13T17:51:46.649Z
71019438,Football,2026-05-13 21:00,Lazio Rome,Inter Milano,Italy - Coppa Italia,Bet365,Multi Scorers,Marcus Thuram (3 or More) (2),,,,,41.000,,,,"{""label"": ""Marcus Thuram (3 or More) (2)"", ""under"": ""41.000""}",2026-05-13T17:51:46.649Z
71019438,Football,2026-05-13 21:00,Lazio Rome,Inter Milano,Italy - Coppa Italia,Bet365,Multi Scorers,Mattia Mosconi (3 or More) (2),,,,,101.000,,,,"{""label"": ""Mattia Mosconi (3 or More) (2)"", ""under"": ""101.000""}",2026-05-13T17:51:46.649Z
71019438,Football,2026-05-13 21:00,Lazio Rome,Inter Milano,Italy - Coppa Italia,Bet365,Multi Scorers,Carlos Augusto (3 or More) (2),,,,,201.000,,,,"{""label"": ""Carlos Augusto (3 or More) (2)"", ""under"": ""201.000""}",2026-05-13T17:51:46.649Z
71019438,Football,2026-05-13 21:00,Lazio Rome,Inter Milano,Italy - Coppa Italia,Bet365,Multi Scorers,Alessandro Bastoni (3 or More) (2),,,,,351.000,,,,"{""label"": ""Alessandro Bastoni (3 or More) (2)"", ""under"": ""351.000""}",2026-05-13T17:51:46.649Z
71019438,Football,2026-05-13 21:00,Lazio Rome,Inter Milano,Italy - Coppa Italia,Bet365,Multi Scorers,Matteo Cocchi (3 or More) (2),,,,,351.000,,,,"{""label"": ""Matteo Cocchi (3 or More) (2)"", ""under"": ""351.000""}",2026-05-13T17:51:46.649Z
71019438,Football,2026-05-13 21:00,Lazio Rome,Inter Milano,Italy - Coppa Italia,Bet365,Multi Scorers,Yann Aurel Bisseck (3 or More) (2),,,,,351.000,,,,"{""label"": ""Yann Aurel Bisseck (3 or More) (2)"", ""under"": ""351.000""}",2026-05-13T17:51:46.649Z
71019438,Football,2026-05-13 21:00,Lazio Rome,Inter Milano,Italy - Coppa Italia,Bet365,Multi Scorers,Matteo Darmian (3 or More) (2),,,,,401.000,,,,"{""label"": ""Matteo Darmian (3 or More) (2)"", ""under"": ""401.000""}",2026-05-13T17:51:46.649Z
71019438,Football,2026-05-13 21:00,Lazio Rome,Inter Milano,Italy - Coppa Italia,Bet365,Multi Scorers,Alessandro Bastoni (2 or More) (2),,,,,101.000,,,,"{""label"": ""Alessandro Bastoni (2 or More) (2)"", ""under"": ""101.000""}",2026-05-13T17:51:46.649Z
71019438,Football,2026-05-13 21:00,Lazio Rome,Inter Milano,Italy - Coppa Italia,Bet365,Multi Scorers,Matteo Cocchi (2 or More) (2),,,,,101.000,,,,"{""label"": ""Matteo Cocchi (2 or More) (2)"", ""under"": ""101.000""}",2026-05-13T17:51:46.649Z
71019438,Football,2026-05-13 21:00,Lazio Rome,Inter Milano,Italy - Coppa Italia,Bet365,Multi Scorers,Yann Aurel Bisseck (2 or More) (2),,,,,101.000,,,,"{""label"": ""Yann Aurel Bisseck (2 or More) (2)"", ""under"": ""101.000""}",2026-05-13T17:51:46.649Z
71019438,Football,2026-05-13 21:00,Lazio Rome,Inter Milano,Italy - Coppa Italia,Bet365,Multi Scorers,Adrian Przyborek (3 or More) (1),,,,,301.000,,,,"{""label"": ""Adrian Przyborek (3 or More) (1)"", ""under"": ""301.000""}",2026-05-13T17:51:46.649Z
71019438,Football,2026-05-13 21:00,Lazio Rome,Inter Milano,Italy - Coppa Italia,Bet365,Multi Scorers,Fisayo Dele-Bashiru (3 or More) (1),,,,,301.000,,,,"{""label"": ""Fisayo Dele-Bashiru (3 or More) (1)"", ""under"": ""301.000""}",2026-05-13T17:51:46.649Z
71019438,Football,2026-05-13 21:00,Lazio Rome,Inter Milano,Italy - Coppa Italia,Bet365,Multi Scorers,Kenneth Taylor (3 or More) (1),,,,,301.000,,,,"{""label"": ""Kenneth Taylor (3 or More) (1)"", ""under"": ""301.000""}",2026-05-13T17:51:46.649Z
71019438,Football,2026-05-13 21:00,Lazio Rome,Inter Milano,Italy - Coppa Italia,Bet365,Multi Scorers,Toma Basic (3 or More) (1),,,,,301.000,,,,"{""label"": ""Toma Basic (3 or More) (1)"", ""under"": ""301.000""}",2026-05-13T17:51:46.649Z
71019438,Football,2026-05-13 21:00,Lazio Rome,Inter Milano,Italy - Coppa Italia,Bet365,Multi Scorers,Andy Diouf (2 or More) (2),,,,,41.000,,,,"{""label"": ""Andy Diouf (2 or More) (2)"", ""under"": ""41.000""}",2026-05-13T17:51:46.649Z
71019438,Football,2026-05-13 21:00,Lazio Rome,Inter Milano,Italy - Coppa Italia,Bet365,Multi Scorers,Denzel Dumfries (2 or More) (2),,,,,41.000,,,,"{""label"": ""Denzel Dumfries (2 or More) (2)"", ""under"": ""41.000""}",2026-05-13T17:51:46.649Z
71019438,Football,2026-05-13 21:00,Lazio Rome,Inter Milano,Italy - Coppa Italia,Bet365,Multi Scorers,Federico Dimarco (2 or More) (2),,,,,41.000,,,,"{""label"": ""Federico Dimarco (2 or More) (2)"", ""under"": ""41.000""}",2026-05-13T17:51:46.649Z
71019438,Football,2026-05-13 21:00,Lazio Rome,Inter Milano,Italy - Coppa Italia,Bet365,Multi Scorers,Mattia Zaccagni (2 or More) (1),,,,,41.000,,,,"{""label"": ""Mattia Zaccagni (2 or More) (1)"", ""under"": ""41.000""}",2026-05-13T17:51:46.649Z
71019438,Football,2026-05-13 21:00,Lazio Rome,Inter Milano,Italy - Coppa Italia,Bet365,Multi Scorers,Tijjani Noslin (2 or More) (1),,,,,41.000,,,,"{""label"": ""Tijjani Noslin (2 or More) (1)"", ""under"": ""41.000""}",2026-05-13T17:51:46.649Z
71019438,Football,2026-05-13 21:00,Lazio Rome,Inter Milano,Italy - Coppa Italia,Bet365,Multi Scorers,Nicolo Barella (2 or More) (2),,,,,51.000,,,,"{""label"": ""Nicolo Barella (2 or More) (2)"", ""under"": ""51.000""}",2026-05-13T17:51:46.649Z
71019438,Football,2026-05-13 21:00,Lazio Rome,Inter Milano,Italy - Coppa Italia,Bet365,Multi Scorers,Petar Sucic (2 or More) (2),,,,,51.000,,,,"{""label"": ""Petar Sucic (2 or More) (2)"", ""under"": ""51.000""}",2026-05-13T17:51:46.649Z
71019438,Football,2026-05-13 21:00,Lazio Rome,Inter Milano,Italy - Coppa Italia,Bet365,Multi Scorers,Danilo Cataldi (2 or More) (1),,,,,126.000,,,,"{""label"": ""Danilo Cataldi (2 or More) (1)"", ""under"": ""126.000""}",2026-05-13T17:51:46.649Z
71019438,Football,2026-05-13 21:00,Lazio Rome,Inter Milano,Italy - Coppa Italia,Bet365,Multi Scorers,Manuel Akanji (2 or More) (2),,,,,126.000,,,,"{""label"": ""Manuel Akanji (2 or More) (2)"", ""under"": ""126.000""}",2026-05-13T17:51:46.649Z
71019438,Football,2026-05-13 21:00,Lazio Rome,Inter Milano,Italy - Coppa Italia,Bet365,Multi Scorers,Matteo Darmian (2 or More) (2),,,,,126.000,,,,"{""label"": ""Matteo Darmian (2 or More) (2)"", ""under"": ""126.000""}",2026-05-13T17:51:46.649Z
71019438,Football,2026-05-13 21:00,Lazio Rome,Inter Milano,Italy - Coppa Italia,Bet365,Multi Scorers,Nicolo Rovella (2 or More) (1),,,,,126.000,,,,"{""label"": ""Nicolo Rovella (2 or More) (1)"", ""under"": ""126.000""}",2026-05-13T17:51:46.649Z
71019438,Football,2026-05-13 21:00,Lazio Rome,Inter Milano,Italy - Coppa Italia,Bet365,Multi Scorers,Nuno Tavares (2 or More) (1),,,,,126.000,,,,"{""label"": ""Nuno Tavares (2 or More) (1)"", ""under"": ""126.000""}",2026-05-13T17:51:46.649Z
71019438,Football,2026-05-13 21:00,Lazio Rome,Inter Milano,Italy - Coppa Italia,Bet365,Multi Scorers,Adam Marusic (2 or More) (1),,,,,151.000,,,,"{""label"": ""Adam Marusic (2 or More) (1)"", ""under"": ""151.000""}",2026-05-13T17:51:46.649Z
71019438,Football,2026-05-13 21:00,Lazio Rome,Inter Milano,Italy - Coppa Italia,Bet365,Multi Scorers,Gabarron Patric Gil (2 or More) (1),,,,,151.000,,,,"{""label"": ""Gabarron Patric Gil (2 or More) (1)"", ""under"": ""151.000""}",2026-05-13T17:51:46.649Z
71019438,Football,2026-05-13 21:00,Lazio Rome,Inter Milano,Italy - Coppa Italia,Bet365,Multi Scorers,Luca Pellegrini (2 or More) (1),,,,,151.000,,,,"{""label"": ""Luca Pellegrini (2 or More) (1)"", ""under"": ""151.000""}",2026-05-13T17:51:46.649Z
71019438,Football,2026-05-13 21:00,Lazio Rome,Inter Milano,Italy - Coppa Italia,Bet365,Multi Scorers,Manuel Lazzari (2 or More) (1),,,,,151.000,,,,"{""label"": ""Manuel Lazzari (2 or More) (1)"", ""under"": ""151.000""}",2026-05-13T17:51:46.649Z
71019438,Football,2026-05-13 21:00,Lazio Rome,Inter Milano,Italy - Coppa Italia,Bet365,Multi Scorers,Oliver Provstgaard (2 or More) (1),,,,,151.000,,,,"{""label"": ""Oliver Provstgaard (2 or More) (1)"", ""under"": ""151.000""}",2026-05-13T17:51:46.649Z
71019438,Football,2026-05-13 21:00,Lazio Rome,Inter Milano,Italy - Coppa Italia,Bet365,Multi Scorers,Stefan de Vrij (2 or More) (2),,,,,151.000,,,,"{""label"": ""Stefan de Vrij (2 or More) (2)"", ""under"": ""151.000""}",2026-05-13T17:51:46.649Z
71019438,Football,2026-05-13 21:00,Lazio Rome,Inter Milano,Italy - Coppa Italia,Bet365,Multi Scorers,Petar Ratkov (3 or More) (1),,,,,126.000,,,,"{""label"": ""Petar Ratkov (3 or More) (1)"", ""under"": ""126.000""}",2026-05-13T17:51:46.649Z
71019438,Football,2026-05-13 21:00,Lazio Rome,Inter Milano,Italy - Coppa Italia,Bet365,Multi Scorers,Daniel Maldini (3 or More) (1),,,,,126.000,,,,"{""label"": ""Daniel Maldini (3 or More) (1)"", ""under"": ""126.000""}",2026-05-13T17:51:46.649Z
71019438,Football,2026-05-13 21:00,Lazio Rome,Inter Milano,Italy - Coppa Italia,Bet365,Multi Scorers,Davide Frattesi (3 or More) (2),,,,,126.000,,,,"{""label"": ""Davide Frattesi (3 or More) (2)"", ""under"": ""126.000""}",2026-05-13T17:51:46.649Z
71019438,Football,2026-05-13 21:00,Lazio Rome,Inter Milano,Italy - Coppa Italia,Bet365,Multi Scorers,Matteo Cancellieri (3 or More) (1),,,,,151.000,,,,"{""label"": ""Matteo Cancellieri (3 or More) (1)"", ""under"": ""151.000""}",2026-05-13T17:51:46.649Z
71019438,Football,2026-05-13 21:00,Lazio Rome,Inter Milano,Italy - Coppa Italia,Bet365,Multi Scorers,Andy Diouf (3 or More) (2),,,,,151.000,,,,"{""label"": ""Andy Diouf (3 or More) (2)"", ""under"": ""151.000""}",2026-05-13T17:51:46.649Z
71019438,Football,2026-05-13 21:00,Lazio Rome,Inter Milano,Italy - Coppa Italia,Bet365,Multi Scorers,Denzel Dumfries (3 or More) (2),,,,,151.000,,,,"{""label"": ""Denzel Dumfries (3 or More) (2)"", ""under"": ""151.000""}",2026-05-13T17:51:46.649Z
71019438,Football,2026-05-13 21:00,Lazio Rome,Inter Milano,Italy - Coppa Italia,Bet365,Multi Scorers,Federico Dimarco (3 or More) (2),,,,,151.000,,,,"{""label"": ""Federico Dimarco (3 or More) (2)"", ""under"": ""151.000""}",2026-05-13T17:51:46.649Z
71019438,Football,2026-05-13 21:00,Lazio Rome,Inter Milano,Italy - Coppa Italia,Bet365,Multi Scorers,Mattia Zaccagni (3 or More) (1),,,,,151.000,,,,"{""label"": ""Mattia Zaccagni (3 or More) (1)"", ""under"": ""151.000""}",2026-05-13T17:51:46.649Z
71019438,Football,2026-05-13 21:00,Lazio Rome,Inter Milano,Italy - Coppa Italia,Bet365,Multi Scorers,Tijjani Noslin (3 or More) (1),,,,,151.000,,,,"{""label"": ""Tijjani Noslin (3 or More) (1)"", ""under"": ""151.000""}",2026-05-13T17:51:46.649Z
71019438,Football,2026-05-13 21:00,Lazio Rome,Inter Milano,Italy - Coppa Italia,Bet365,Multi Scorers,Nicolo Barella (3 or More) (2),,,,,201.000,,,,"{""label"": ""Nicolo Barella (3 or More) (2)"", ""under"": ""201.000""}",2026-05-13T17:51:46.649Z
71019438,Football,2026-05-13 21:00,Lazio Rome,Inter Milano,Italy - Coppa Italia,Bet365,Multi Scorers,Petar Sucic (3 or More) (2),,,,,201.000,,,,"{""label"": ""Petar Sucic (3 or More) (2)"", ""under"": ""201.000""}",2026-05-13T17:51:46.649Z
71019438,Football,2026-05-13 21:00,Lazio Rome,Inter Milano,Italy - Coppa Italia,Bet365,Multi Scorers,Nicolo Rovella (3 or More) (1),,,,,501.000,,,,"{""label"": ""Nicolo Rovella (3 or More) (1)"", ""under"": ""501.000""}",2026-05-13T17:51:46.649Z
71019438,Football,2026-05-13 21:00,Lazio Rome,Inter Milano,Italy - Coppa Italia,Bet365,Multi Scorers,Nuno Tavares (3 or More) (1),,,,,501.000,,,,"{""label"": ""Nuno Tavares (3 or More) (1)"", ""under"": ""501.000""}",2026-05-13T17:51:46.649Z
71019438,Football,2026-05-13 21:00,Lazio Rome,Inter Milano,Italy - Coppa Italia,Bet365,Multi Scorers,Adam Marusic (3 or More) (1),,,,,501.000,,,,"{""label"": ""Adam Marusic (3 or More) (1)"", ""under"": ""501.000""}",2026-05-13T17:51:46.649Z
71019438,Football,2026-05-13 21:00,Lazio Rome,Inter Milano,Italy - Coppa Italia,Bet365,Multi Scorers,Francesco Acerbi (3 or More) (2),,,,,501.000,,,,"{""label"": ""Francesco Acerbi (3 or More) (2)"", ""under"": ""501.000""}",2026-05-13T17:51:46.649Z
71019438,Football,2026-05-13 21:00,Lazio Rome,Inter Milano,Italy - Coppa Italia,Bet365,Multi Scorers,Gabarron Patric Gil (3 or More) (1),,,,,501.000,,,,"{""label"": ""Gabarron Patric Gil (3 or More) (1)"", ""under"": ""501.000""}",2026-05-13T17:51:46.649Z
71019438,Football,2026-05-13 21:00,Lazio Rome,Inter Milano,Italy - Coppa Italia,Bet365,Multi Scorers,Luca Pellegrini (3 or More) (1),,,,,501.000,,,,"{""label"": ""Luca Pellegrini (3 or More) (1)"", ""under"": ""501.000""}",2026-05-13T17:51:46.649Z
71019438,Football,2026-05-13 21:00,Lazio Rome,Inter Milano,Italy - Coppa Italia,Bet365,Multi Scorers,Manuel Lazzari (3 or More) (1),,,,,501.000,,,,"{""label"": ""Manuel Lazzari (3 or More) (1)"", ""under"": ""501.000""}",2026-05-13T17:51:46.649Z
71019438,Football,2026-05-13 21:00,Lazio Rome,Inter Milano,Italy - Coppa Italia,Bet365,Multi Scorers,Oliver Provstgaard (3 or More) (1),,,,,501.000,,,,"{""label"": ""Oliver Provstgaard (3 or More) (1)"", ""under"": ""501.000""}",2026-05-13T17:51:46.649Z
71019438,Football,2026-05-13 21:00,Lazio Rome,Inter Milano,Italy - Coppa Italia,Bet365,Multi Scorers,Reda Belahyane (3 or More) (1),,,,,501.000,,,,"{""label"": ""Reda Belahyane (3 or More) (1)"", ""under"": ""501.000""}",2026-05-13T17:51:46.649Z
71019438,Football,2026-05-13 21:00,Lazio Rome,Inter Milano,Italy - Coppa Italia,Bet365,Multi Scorers,Stefan de Vrij (3 or More) (2),,,,,501.000,,,,"{""label"": ""Stefan de Vrij (3 or More) (2)"", ""under"": ""501.000""}",2026-05-13T17:51:46.649Z
71019438,Football,2026-05-13 21:00,Lazio Rome,Inter Milano,Italy - Coppa Italia,Bet365,Multi Scorers,Alessio Romagnoli (3 or More) (1),,,,,501.000,,,,"{""label"": ""Alessio Romagnoli (3 or More) (1)"", ""under"": ""501.000""}",2026-05-13T17:51:46.649Z
71019438,Football,2026-05-13 21:00,Lazio Rome,Inter Milano,Italy - Coppa Italia,Bet365,Multi Scorers,Mario Gila (3 or More) (1),,,,,501.000,,,,"{""label"": ""Mario Gila (3 or More) (1)"", ""under"": ""501.000""}",2026-05-13T17:51:46.649Z
71019438,Football,2026-05-13 21:00,Lazio Rome,Inter Milano,Italy - Coppa Italia,Bet365,Multi Scorers,Elseid Hysaj (3 or More) (1),,,,,501.000,,,,"{""label"": ""Elseid Hysaj (3 or More) (1)"", ""under"": ""501.000""}",2026-05-13T17:51:46.649Z
71019438,Football,2026-05-13 21:00,Lazio Rome,Inter Milano,Italy - Coppa Italia,Bet365,Multi Scorers,Boulaye Dia (3 or More) (1),,,,,151.000,,,,"{""label"": ""Boulaye Dia (3 or More) (1)"", ""under"": ""151.000""}",2026-05-13T17:51:46.649Z
71019438,Football,2026-05-13 21:00,Lazio Rome,Inter Milano,Italy - Coppa Italia,Bet365,Multi Scorers,Gustav Isaksen (3 or More) (1),,,,,151.000,,,,"{""label"": ""Gustav Isaksen (3 or More) (1)"", ""under"": ""151.000""}",2026-05-13T17:51:46.649Z
71019438,Football,2026-05-13 21:00,Lazio Rome,Inter Milano,Italy - Coppa Italia,Bet365,Multi Scorers,Pedro (3 or More) (1),,,,,151.000,,,,"{""label"": ""Pedro (3 or More) (1)"", ""under"": ""151.000""}",2026-05-13T17:51:46.649Z
71019438,Football,2026-05-13 21:00,Lazio Rome,Inter Milano,Italy - Coppa Italia,Bet365,Multi Scorers,Matteo Cancellieri (2 or More) (1),,,,,41.000,,,,"{""label"": ""Matteo Cancellieri (2 or More) (1)"", ""under"": ""41.000""}",2026-05-13T17:51:46.649Z
71019438,Football,2026-05-13 21:00,Lazio Rome,Inter Milano,Italy - Coppa Italia,Bet365,Multi Scorers,Samuel Gigot (2 or More) (1),,,,,126.000,,,,"{""label"": ""Samuel Gigot (2 or More) (1)"", ""under"": ""126.000""}",2026-05-13T17:51:46.649Z
71019438,Football,2026-05-13 21:00,Lazio Rome,Inter Milano,Italy - Coppa Italia,Bet365,Player to be Booked,Nicolo Rovella (1),,,,2.200,,,,0.5,"{""label"": ""Nicolo Rovella (1)"", ""hdp"": 0.5, ""over"": ""2.200""}",2026-05-13T16:32:32.373Z
71019438,Football,2026-05-13 21:00,Lazio Rome,Inter Milano,Italy - Coppa Italia,Bet365,Player to be Booked,Alessio Romagnoli (1),,,,2.500,,,,0.5,"{""label"": ""Alessio Romagnoli (1)"", ""hdp"": 0.5, ""over"": ""2.500""}",2026-05-13T16:32:32.373Z
71019438,Football,2026-05-13 21:00,Lazio Rome,Inter Milano,Italy - Coppa Italia,Bet365,Player to be Booked,Matteo Cancellieri (1),,,,2.200,,,,0.5,"{""label"": ""Matteo Cancellieri (1)"", ""hdp"": 0.5, ""over"": ""2.200""}",2026-05-13T16:32:32.373Z
71019438,Football,2026-05-13 21:00,Lazio Rome,Inter Milano,Italy - Coppa Italia,Bet365,Player to be Booked,Toma Basic (1),,,,2.200,,,,0.5,"{""label"": ""Toma Basic (1)"", ""hdp"": 0.5, ""over"": ""2.200""}",2026-05-13T16:32:32.373Z
71019438,Football,2026-05-13 21:00,Lazio Rome,Inter Milano,Italy - Coppa Italia,Bet365,Player to be Booked,Daniel Maldini (1),,,,2.875,,,,0.5,"{""label"": ""Daniel Maldini (1)"", ""hdp"": 0.5, ""over"": ""2.875""}",2026-05-13T16:32:32.373Z
71019438,Football,2026-05-13 21:00,Lazio Rome,Inter Milano,Italy - Coppa Italia,Bet365,Player to be Booked,Henrikh Mkhitaryan (2),,,,3.250,,,,0.5,"{""label"": ""Henrikh Mkhitaryan (2)"", ""hdp"": 0.5, ""over"": ""3.250""}",2026-05-13T16:32:32.373Z
71019438,Football,2026-05-13 21:00,Lazio Rome,Inter Milano,Italy - Coppa Italia,Bet365,Player to be Booked,Luca Pellegrini (1),,,,2.500,,,,0.5,"{""label"": ""Luca Pellegrini (1)"", ""hdp"": 0.5, ""over"": ""2.500""}",2026-05-13T16:32:32.373Z
71019438,Football,2026-05-13 21:00,Lazio Rome,Inter Milano,Italy - Coppa Italia,Bet365,Player to be Booked,Manuel Lazzari (1),,,,2.750,,,,0.5,"{""label"": ""Manuel Lazzari (1)"", ""hdp"": 0.5, ""over"": ""2.750""}",2026-05-13T16:32:32.373Z
71019438,Football,2026-05-13 21:00,Lazio Rome,Inter Milano,Italy - Coppa Italia,Bet365,Player to be Booked,Mattia Zaccagni (1),,,,2.875,,,,0.5,"{""label"": ""Mattia Zaccagni (1)"", ""hdp"": 0.5, ""over"": ""2.875""}",2026-05-13T16:32:32.373Z
71019438,Football,2026-05-13 21:00,Lazio Rome,Inter Milano,Italy - Coppa Italia,Bet365,Player to be Booked,Oliver Provstgaard (1),,,,2.875,,,,0.5,"{""label"": ""Oliver Provstgaard (1)"", ""hdp"": 0.5, ""over"": ""2.875""}",2026-05-13T16:32:32.373Z
71019438,Football,2026-05-13 21:00,Lazio Rome,Inter Milano,Italy - Coppa Italia,Bet365,Player to be Booked,Reda Belahyane (1),,,,2.500,,,,0.5,"{""label"": ""Reda Belahyane (1)"", ""hdp"": 0.5, ""over"": ""2.500""}",2026-05-13T16:32:32.373Z
71019438,Football,2026-05-13 21:00,Lazio Rome,Inter Milano,Italy - Coppa Italia,Bet365,Player to be Booked,Samuel Gigot (1),,,,2.750,,,,0.5,"{""label"": ""Samuel Gigot (1)"", ""hdp"": 0.5, ""over"": ""2.750""}",2026-05-13T16:32:32.373Z
71019438,Football,2026-05-13 21:00,Lazio Rome,Inter Milano,Italy - Coppa Italia,Bet365,Player to be Booked,Adam Marusic (1),,,,3.250,,,,0.5,"{""label"": ""Adam Marusic (1)"", ""hdp"": 0.5, ""over"": ""3.250""}",2026-05-13T16:32:32.373Z
71019438,Football,2026-05-13 21:00,Lazio Rome,Inter Milano,Italy - Coppa Italia,Bet365,Player to be Booked,Adrian Przyborek (1),,,,3.600,,,,0.5,"{""label"": ""Adrian Przyborek (1)"", ""hdp"": 0.5, ""over"": ""3.600""}",2026-05-13T16:32:32.373Z
71019438,Football,2026-05-13 21:00,Lazio Rome,Inter Milano,Italy - Coppa Italia,Bet365,Player to be Booked,Danilo Cataldi (1),,,,3.600,,,,0.5,"{""label"": ""Danilo Cataldi (1)"", ""hdp"": 0.5, ""over"": ""3.600""}",2026-05-13T16:32:32.373Z
71019438,Football,2026-05-13 21:00,Lazio Rome,Inter Milano,Italy - Coppa Italia,Bet365,Player to be Booked,Denzel Dumfries (2),,,,3.000,,,,0.5,"{""label"": ""Denzel Dumfries (2)"", ""hdp"": 0.5, ""over"": ""3.000""}",2026-05-13T16:32:32.373Z
71019438,Football,2026-05-13 21:00,Lazio Rome,Inter Milano,Italy - Coppa Italia,Bet365,Player to be Booked,Fisayo Dele-Bashiru (1),,,,3.600,,,,0.5,"{""label"": ""Fisayo Dele-Bashiru (1)"", ""hdp"": 0.5, ""over"": ""3.600""}",2026-05-13T16:32:32.373Z
71019438,Football,2026-05-13 21:00,Lazio Rome,Inter Milano,Italy - Coppa Italia,Bet365,Player to be Booked,Gabarron Patric Gil (1),,,,3.600,,,,0.5,"{""label"": ""Gabarron Patric Gil (1)"", ""hdp"": 0.5, ""over"": ""3.600""}",2026-05-13T16:32:32.373Z
71019438,Football,2026-05-13 21:00,Lazio Rome,Inter Milano,Italy - Coppa Italia,Bet365,Player to be Booked,Gustav Isaksen (1),,,,3.250,,,,0.5,"{""label"": ""Gustav Isaksen (1)"", ""hdp"": 0.5, ""over"": ""3.250""}",2026-05-13T16:32:32.373Z
71019438,Football,2026-05-13 21:00,Lazio Rome,Inter Milano,Italy - Coppa Italia,Bet365,Player to be Booked,Hakan Calhanoglu (2),,,,3.250,,,,0.5,"{""label"": ""Hakan Calhanoglu (2)"", ""hdp"": 0.5, ""over"": ""3.250""}",2026-05-13T16:32:32.373Z
71019438,Football,2026-05-13 21:00,Lazio Rome,Inter Milano,Italy - Coppa Italia,Bet365,Player to be Booked,Kenneth Taylor (1),,,,3.250,,,,0.5,"{""label"": ""Kenneth Taylor (1)"", ""hdp"": 0.5, ""over"": ""3.250""}",2026-05-13T16:32:32.373Z
71019438,Football,2026-05-13 21:00,Lazio Rome,Inter Milano,Italy - Coppa Italia,Bet365,Player to be Booked,Mario Gila (1),,,,3.250,,,,0.5,"{""label"": ""Mario Gila (1)"", ""hdp"": 0.5, ""over"": ""3.250""}",2026-05-13T16:32:32.373Z
71019438,Football,2026-05-13 21:00,Lazio Rome,Inter Milano,Italy - Coppa Italia,Bet365,Player to be Booked,Matteo Cocchi (2),,,,2.875,,,,0.5,"{""label"": ""Matteo Cocchi (2)"", ""hdp"": 0.5, ""over"": ""2.875""}",2026-05-13T16:32:32.373Z
71019438,Football,2026-05-13 21:00,Lazio Rome,Inter Milano,Italy - Coppa Italia,Bet365,Player to be Booked,Nicolo Barella (2),,,,3.250,,,,0.5,"{""label"": ""Nicolo Barella (2)"", ""hdp"": 0.5, ""over"": ""3.250""}",2026-05-13T16:32:32.373Z
71019438,Football,2026-05-13 21:00,Lazio Rome,Inter Milano,Italy - Coppa Italia,Bet365,Player to be Booked,Nuno Tavares (1),,,,3.250,,,,0.5,"{""label"": ""Nuno Tavares (1)"", ""hdp"": 0.5, ""over"": ""3.250""}",2026-05-13T16:32:32.373Z
71019438,Football,2026-05-13 21:00,Lazio Rome,Inter Milano,Italy - Coppa Italia,Bet365,Player to be Booked,Yann Aurel Bisseck (2),,,,4.000,,,,0.5,"{""label"": ""Yann Aurel Bisseck (2)"", ""hdp"": 0.5, ""over"": ""4.000""}",2026-05-13T16:32:32.373Z
71019438,Football,2026-05-13 21:00,Lazio Rome,Inter Milano,Italy - Coppa Italia,Bet365,Player to be Booked,Ange Bonny (2),,,,4.000,,,,0.5,"{""label"": ""Ange Bonny (2)"", ""hdp"": 0.5, ""over"": ""4.000""}",2026-05-13T16:32:32.373Z
71019438,Football,2026-05-13 21:00,Lazio Rome,Inter Milano,Italy - Coppa Italia,Bet365,Player to be Booked,Francesco Esposito (2),,,,3.600,,,,0.5,"{""label"": ""Francesco Esposito (2)"", ""hdp"": 0.5, ""over"": ""3.600""}",2026-05-13T16:32:32.373Z
71019438,Football,2026-05-13 21:00,Lazio Rome,Inter Milano,Italy - Coppa Italia,Bet365,Player to be Booked,Lautaro Martinez (2),,,,4.000,,,,0.5,"{""label"": ""Lautaro Martinez (2)"", ""hdp"": 0.5, ""over"": ""4.000""}",2026-05-13T16:32:32.373Z
71019438,Football,2026-05-13 21:00,Lazio Rome,Inter Milano,Italy - Coppa Italia,Bet365,Player to be Booked,Manuel Akanji (2),,,,4.000,,,,0.5,"{""label"": ""Manuel Akanji (2)"", ""hdp"": 0.5, ""over"": ""4.000""}",2026-05-13T16:32:32.373Z
71019438,Football,2026-05-13 21:00,Lazio Rome,Inter Milano,Italy - Coppa Italia,Bet365,Player to be Booked,Marcus Thuram (2),,,,4.000,,,,0.5,"{""label"": ""Marcus Thuram (2)"", ""hdp"": 0.5, ""over"": ""4.000""}",2026-05-13T16:32:32.373Z
71019438,Football,2026-05-13 21:00,Lazio Rome,Inter Milano,Italy - Coppa Italia,Bet365,Player to be Booked,Mattia Mosconi (2),,,,4.000,,,,0.5,"{""label"": ""Mattia Mosconi (2)"", ""hdp"": 0.5, ""over"": ""4.000""}",2026-05-13T16:32:32.373Z
71019438,Football,2026-05-13 21:00,Lazio Rome,Inter Milano,Italy - Coppa Italia,Bet365,Player to be Booked,Petar Sucic (2),,,,3.600,,,,0.5,"{""label"": ""Petar Sucic (2)"", ""hdp"": 0.5, ""over"": ""3.600""}",2026-05-13T16:32:32.373Z
71019438,Football,2026-05-13 21:00,Lazio Rome,Inter Milano,Italy - Coppa Italia,Bet365,Player to be Booked,Alessandro Bastoni (2),,,,3.000,,,,0.5,"{""label"": ""Alessandro Bastoni (2)"", ""hdp"": 0.5, ""over"": ""3.000""}",2026-05-13T16:32:32.373Z
71019438,Football,2026-05-13 21:00,Lazio Rome,Inter Milano,Italy - Coppa Italia,Bet365,Player to be Booked,Andy Diouf (2),,,,5.000,,,,0.5,"{""label"": ""Andy Diouf (2)"", ""hdp"": 0.5, ""over"": ""5.000""}",2026-05-13T16:32:32.373Z
71019438,Football,2026-05-13 21:00,Lazio Rome,Inter Milano,Italy - Coppa Italia,Bet365,Player to be Booked,Boulaye Dia (1),,,,6.000,,,,0.5,"{""label"": ""Boulaye Dia (1)"", ""hdp"": 0.5, ""over"": ""6.000""}",2026-05-13T16:32:32.373Z
71019438,Football,2026-05-13 21:00,Lazio Rome,Inter Milano,Italy - Coppa Italia,Bet365,Player to be Booked,Davide Frattesi (2),,,,4.500,,,,0.5,"{""label"": ""Davide Frattesi (2)"", ""hdp"": 0.5, ""over"": ""4.500""}",2026-05-13T16:32:32.373Z
71019438,Football,2026-05-13 21:00,Lazio Rome,Inter Milano,Italy - Coppa Italia,Bet365,Player to be Booked,Luis Henrique de Lima (2),,,,5.000,,,,0.5,"{""label"": ""Luis Henrique de Lima (2)"", ""hdp"": 0.5, ""over"": ""5.000""}",2026-05-13T16:32:32.373Z
71019438,Football,2026-05-13 21:00,Lazio Rome,Inter Milano,Italy - Coppa Italia,Bet365,Player to be Booked,Edoardo Motta (1),,,,4.333,,,,0.5,"{""label"": ""Edoardo Motta (1)"", ""hdp"": 0.5, ""over"": ""4.333""}",2026-05-13T16:32:32.373Z
71019438,Football,2026-05-13 21:00,Lazio Rome,Inter Milano,Italy - Coppa Italia,Bet365,Player to be Booked,Elseid Hysaj (1),,,,4.333,,,,0.5,"{""label"": ""Elseid Hysaj (1)"", ""hdp"": 0.5, ""over"": ""4.333""}",2026-05-13T16:32:32.373Z
71019438,Football,2026-05-13 21:00,Lazio Rome,Inter Milano,Italy - Coppa Italia,Bet365,Player to be Booked,Federico Dimarco (2),,,,5.000,,,,0.5,"{""label"": ""Federico Dimarco (2)"", ""hdp"": 0.5, ""over"": ""5.000""}",2026-05-13T16:32:32.373Z
71019438,Football,2026-05-13 21:00,Lazio Rome,Inter Milano,Italy - Coppa Italia,Bet365,Player to be Booked,Francesco Acerbi (2),,,,5.000,,,,0.5,"{""label"": ""Francesco Acerbi (2)"", ""hdp"": 0.5, ""over"": ""5.000""}",2026-05-13T16:32:32.373Z
71019438,Football,2026-05-13 21:00,Lazio Rome,Inter Milano,Italy - Coppa Italia,Bet365,Player to be Booked,Matteo Darmian (2),,,,4.500,,,,0.5,"{""label"": ""Matteo Darmian (2)"", ""hdp"": 0.5, ""over"": ""4.500""}",2026-05-13T16:32:32.373Z
71019438,Football,2026-05-13 21:00,Lazio Rome,Inter Milano,Italy - Coppa Italia,Bet365,Player to be Booked,Carlos Augusto (2),,,,5.500,,,,0.5,"{""label"": ""Carlos Augusto (2)"", ""hdp"": 0.5, ""over"": ""5.500""}",2026-05-13T16:32:32.373Z
71019438,Football,2026-05-13 21:00,Lazio Rome,Inter Milano,Italy - Coppa Italia,Bet365,Player to be Booked,Petar Ratkov (1),,,,5.500,,,,0.5,"{""label"": ""Petar Ratkov (1)"", ""hdp"": 0.5, ""over"": ""5.500""}",2026-05-13T16:32:32.373Z
71019438,Football,2026-05-13 21:00,Lazio Rome,Inter Milano,Italy - Coppa Italia,Bet365,Player to be Booked,Piotr Zielinski (2),,,,4.500,,,,0.5,"{""label"": ""Piotr Zielinski (2)"", ""hdp"": 0.5, ""over"": ""4.500""}",2026-05-13T16:32:32.373Z
71019438,Football,2026-05-13 21:00,Lazio Rome,Inter Milano,Italy - Coppa Italia,Bet365,Player to be Booked,Pedro (1),,,,5.500,,,,0.5,"{""label"": ""Pedro (1)"", ""hdp"": 0.5, ""over"": ""5.500""}",2026-05-13T16:32:32.373Z
71019438,Football,2026-05-13 21:00,Lazio Rome,Inter Milano,Italy - Coppa Italia,Bet365,Player to be Booked,Stefan de Vrij (2),,,,3.600,,,,0.5,"{""label"": ""Stefan de Vrij (2)"", ""hdp"": 0.5, ""over"": ""3.600""}",2026-05-13T16:32:32.373Z
71019438,Football,2026-05-13 21:00,Lazio Rome,Inter Milano,Italy - Coppa Italia,Bet365,Player to be Booked,Tijjani Noslin (1),,,,4.750,,,,0.5,"{""label"": ""Tijjani Noslin (1)"", ""hdp"": 0.5, ""over"": ""4.750""}",2026-05-13T16:32:32.373Z
71019438,Football,2026-05-13 21:00,Lazio Rome,Inter Milano,Italy - Coppa Italia,Bet365,Player to be Booked,Alessio Furlanetto (1),,,,5.500,,,,0.5,"{""label"": ""Alessio Furlanetto (1)"", ""hdp"": 0.5, ""over"": ""5.500""}",2026-05-13T16:32:32.373Z
71019438,Football,2026-05-13 21:00,Lazio Rome,Inter Milano,Italy - Coppa Italia,Bet365,Player to be Booked,Giacomo Giacomone (1),,,,5.500,,,,0.5,"{""label"": ""Giacomo Giacomone (1)"", ""hdp"": 0.5, ""over"": ""5.500""}",2026-05-13T16:32:32.373Z
71019438,Football,2026-05-13 21:00,Lazio Rome,Inter Milano,Italy - Coppa Italia,Bet365,Player to be Booked,Josep Martinez (2),,,,6.000,,,,0.5,"{""label"": ""Josep Martinez (2)"", ""hdp"": 0.5, ""over"": ""6.000""}",2026-05-13T16:32:32.373Z
71019438,Football,2026-05-13 21:00,Lazio Rome,Inter Milano,Italy - Coppa Italia,Bet365,Player to be Booked,Raffaele Di Gennaro (2),,,,5.000,,,,0.5,"{""label"": ""Raffaele Di Gennaro (2)"", ""hdp"": 0.5, ""over"": ""5.000""}",2026-05-13T16:32:32.373Z
71019438,Football,2026-05-13 21:00,Lazio Rome,Inter Milano,Italy - Coppa Italia,Bet365,Player to be Booked,Yann Sommer (2),,,,6.000,,,,0.5,"{""label"": ""Yann Sommer (2)"", ""hdp"": 0.5, ""over"": ""6.000""}",2026-05-13T16:32:32.373Z
71019438,Football,2026-05-13 21:00,Lazio Rome,Inter Milano,Italy - Coppa Italia,Bet365,Team Total Goals Away,,,,,1.833,1.833,,,1.5,"{""hdp"": 1.5, ""over"": ""1.833"", ""under"": ""1.833""}",2026-05-13T17:47:26.948Z
71019438,Football,2026-05-13 21:00,Lazio Rome,Inter Milano,Italy - Coppa Italia,Bet365,Team Total Goals Away,,,,,3.750,1.250,,,2.5,"{""hdp"": 2.5, ""over"": ""3.750"", ""under"": ""1.250""}",2026-05-13T17:47:26.948Z
71019438,Football,2026-05-13 21:00,Lazio Rome,Inter Milano,Italy - Coppa Italia,Bet365,Team Total Goals Away,,,,,1.166,5.000,,,0.5,"{""hdp"": 0.5, ""over"": ""1.166"", ""under"": ""5.000""}",2026-05-13T17:47:26.948Z
71019438,Football,2026-05-13 21:00,Lazio Rome,Inter Milano,Italy - Coppa Italia,Bet365,Team Total Goals Away,,,,,9.000,1.071,,,3.5,"{""hdp"": 3.5, ""over"": ""9.000"", ""under"": ""1.071""}",2026-05-13T17:47:26.948Z
71019438,Football,2026-05-13 21:00,Lazio Rome,Inter Milano,Italy - Coppa Italia,Bet365,Team Total Goals Away,,,,,21.000,1.015,,,4.5,"{""hdp"": 4.5, ""over"": ""21.000"", ""under"": ""1.015""}",2026-05-13T17:47:26.948Z
71019438,Football,2026-05-13 21:00,Lazio Rome,Inter Milano,Italy - Coppa Italia,Bet365,Team Total Goals Away,,,,,51.000,1.002,,,5.5,"{""hdp"": 5.5, ""over"": ""51.000"", ""under"": ""1.002""}",2026-05-13T17:47:26.948Z
71019438,Football,2026-05-13 21:00,Lazio Rome,Inter Milano,Italy - Coppa Italia,Bet365,Method of Victory,90 Mins (1),12.000,,,,,,,1,"{""label"": ""90 Mins (1)"", ""hdp"": 1, ""home"": ""12.000""}",2026-05-13T08:06:11.625Z
71019438,Football,2026-05-13 21:00,Lazio Rome,Inter Milano,Italy - Coppa Italia,Bet365,Method of Victory,90 Mins (2),,,11.000,,,,,2,"{""label"": ""90 Mins (2)"", ""hdp"": 2, ""away"": ""11.000""}",2026-05-13T08:06:11.625Z
71019438,Football,2026-05-13 21:00,Lazio Rome,Inter Milano,Italy - Coppa Italia,Bet365,Number of Goals In Match,Over 3 goals,,,,3.400,,,,,"{""label"": ""Over 3 goals"", ""over"": ""3.400""}",2026-05-13T16:53:24.839Z
71019438,Football,2026-05-13 21:00,Lazio Rome,Inter Milano,Italy - Coppa Italia,Bet365,Number of Goals In Match,Under 2 goals,,,,,3.400,,,,"{""label"": ""Under 2 goals"", ""under"": ""3.400""}",2026-05-13T16:53:24.839Z
71019438,Football,2026-05-13 21:00,Lazio Rome,Inter Milano,Italy - Coppa Italia,Bet365,Number of Goals In Match,2 or 3 goals,,,,,1.952,,,,"{""label"": ""2 or 3 goals"", ""under"": ""1.952""}",2026-05-13T16:53:24.839Z
71019438,Football,2026-05-13 21:00,Lazio Rome,Inter Milano,Italy - Coppa Italia,Bet365,Match Shots on Target,,,,,1.800,1.909,,,8.5,"{""hdp"": 8.5, ""over"": ""1.800"", ""under"": ""1.909""}",2026-05-11T13:43:52.054Z
71019438,Football,2026-05-13 21:00,Lazio Rome,Inter Milano,Italy - Coppa Italia,Bet365,Half Time Result,Draw,,,,,2.200,,,,"{""label"": ""Draw"", ""under"": ""2.200""}",2026-05-13T16:04:36.862Z
71019438,Football,2026-05-13 21:00,Lazio Rome,Inter Milano,Italy - Coppa Italia,Bet365,Half Time Result,1,,,,,5.500,,,1,"{""label"": ""1"", ""hdp"": 1, ""under"": ""5.500""}",2026-05-13T16:04:36.862Z
71019438,Football,2026-05-13 21:00,Lazio Rome,Inter Milano,Italy - Coppa Italia,Bet365,Half Time Result,2,,,,,2.250,,,2,"{""label"": ""2"", ""hdp"": 2, ""under"": ""2.250""}",2026-05-13T16:04:36.862Z
71019438,Football,2026-05-13 21:00,Lazio Rome,Inter Milano,Italy - Coppa Italia,Bet365,Player Tackles,Adam Marusic (1),,,,1.333,,,,0.5,"{""label"": ""Adam Marusic (1)"", ""hdp"": 0.5, ""over"": ""1.333""}",2026-05-13T16:53:04.466Z
71019438,Football,2026-05-13 21:00,Lazio Rome,Inter Milano,Italy - Coppa Italia,Bet365,Player Tackles,Alessio Romagnoli (1),,,,1.400,,,,0.5,"{""label"": ""Alessio Romagnoli (1)"", ""hdp"": 0.5, ""over"": ""1.400""}",2026-05-13T16:53:04.466Z
71019438,Football,2026-05-13 21:00,Lazio Rome,Inter Milano,Italy - Coppa Italia,Bet365,Player Tackles,Boulaye Dia (1),,,,1.363,,,,0.5,"{""label"": ""Boulaye Dia (1)"", ""hdp"": 0.5, ""over"": ""1.363""}",2026-05-13T16:53:04.466Z
71019438,Football,2026-05-13 21:00,Lazio Rome,Inter Milano,Italy - Coppa Italia,Bet365,Player Tackles,Daniel Maldini (1),,,,1.500,,,,0.5,"{""label"": ""Daniel Maldini (1)"", ""hdp"": 0.5, ""over"": ""1.500""}",2026-05-13T16:53:04.466Z
71019438,Football,2026-05-13 21:00,Lazio Rome,Inter Milano,Italy - Coppa Italia,Bet365,Player Tackles,Danilo Cataldi (1),,,,1.285,,,,0.5,"{""label"": ""Danilo Cataldi (1)"", ""hdp"": 0.5, ""over"": ""1.285""}",2026-05-13T16:53:04.466Z
71019438,Football,2026-05-13 21:00,Lazio Rome,Inter Milano,Italy - Coppa Italia,Bet365,Player Tackles,Elseid Hysaj (1),,,,1.142,,,,0.5,"{""label"": ""Elseid Hysaj (1)"", ""hdp"": 0.5, ""over"": ""1.142""}",2026-05-13T16:53:04.466Z
71019438,Football,2026-05-13 21:00,Lazio Rome,Inter Milano,Italy - Coppa Italia,Bet365,Player Tackles,Gabarron Patric Gil (1),,,,1.444,,,,0.5,"{""label"": ""Gabarron Patric Gil (1)"", ""hdp"": 0.5, ""over"": ""1.444""}",2026-05-13T16:53:04.466Z
71019438,Football,2026-05-13 21:00,Lazio Rome,Inter Milano,Italy - Coppa Italia,Bet365,Player Tackles,Gustav Isaksen (1),,,,1.615,,,,0.5,"{""label"": ""Gustav Isaksen (1)"", ""hdp"": 0.5, ""over"": ""1.615""}",2026-05-13T16:53:04.466Z
71019438,Football,2026-05-13 21:00,Lazio Rome,Inter Milano,Italy - Coppa Italia,Bet365,Player Tackles,Kenneth Taylor (1),,,,1.333,,,,0.5,"{""label"": ""Kenneth Taylor (1)"", ""hdp"": 0.5, ""over"": ""1.333""}",2026-05-13T16:53:04.466Z
71019438,Football,2026-05-13 21:00,Lazio Rome,Inter Milano,Italy - Coppa Italia,Bet365,Player Tackles,Luca Pellegrini (1),,,,1.142,,,,0.5,"{""label"": ""Luca Pellegrini (1)"", ""hdp"": 0.5, ""over"": ""1.142""}",2026-05-13T16:53:04.466Z
71019438,Football,2026-05-13 21:00,Lazio Rome,Inter Milano,Italy - Coppa Italia,Bet365,Player Tackles,Mario Gila (1),,,,1.166,,,,0.5,"{""label"": ""Mario Gila (1)"", ""hdp"": 0.5, ""over"": ""1.166""}",2026-05-13T16:53:04.466Z
71019438,Football,2026-05-13 21:00,Lazio Rome,Inter Milano,Italy - Coppa Italia,Bet365,Player Tackles,Matteo Cancellieri (1),,,,1.111,,,,0.5,"{""label"": ""Matteo Cancellieri (1)"", ""hdp"": 0.5, ""over"": ""1.111""}",2026-05-13T16:53:04.466Z
71019438,Football,2026-05-13 21:00,Lazio Rome,Inter Milano,Italy - Coppa Italia,Bet365,Player Tackles,Mattia Zaccagni (1),,,,1.222,,,,0.5,"{""label"": ""Mattia Zaccagni (1)"", ""hdp"": 0.5, ""over"": ""1.222""}",2026-05-13T16:53:04.466Z
71019438,Football,2026-05-13 21:00,Lazio Rome,Inter Milano,Italy - Coppa Italia,Bet365,Player Tackles,Nicolo Rovella (1),,,,1.100,,,,0.5,"{""label"": ""Nicolo Rovella (1)"", ""hdp"": 0.5, ""over"": ""1.100""}",2026-05-13T16:53:04.466Z
71019438,Football,2026-05-13 21:00,Lazio Rome,Inter Milano,Italy - Coppa Italia,Bet365,Player Tackles,Nuno Tavares (1),,,,1.142,,,,0.5,"{""label"": ""Nuno Tavares (1)"", ""hdp"": 0.5, ""over"": ""1.142""}",2026-05-13T16:53:04.466Z
71019438,Football,2026-05-13 21:00,Lazio Rome,Inter Milano,Italy - Coppa Italia,Bet365,Player Tackles,Oliver Provstgaard (1),,,,1.363,,,,0.5,"{""label"": ""Oliver Provstgaard (1)"", ""hdp"": 0.5, ""over"": ""1.363""}",2026-05-13T16:53:04.466Z
71019438,Football,2026-05-13 21:00,Lazio Rome,Inter Milano,Italy - Coppa Italia,Bet365,Player Tackles,Petar Ratkov (1),,,,1.444,,,,0.5,"{""label"": ""Petar Ratkov (1)"", ""hdp"": 0.5, ""over"": ""1.444""}",2026-05-13T16:53:04.466Z
71019438,Football,2026-05-13 21:00,Lazio Rome,Inter Milano,Italy - Coppa Italia,Bet365,Player Tackles,Reda Belahyane (1),,,,1.111,,,,0.5,"{""label"": ""Reda Belahyane (1)"", ""hdp"": 0.5, ""over"": ""1.111""}",2026-05-13T16:53:04.466Z
71019438,Football,2026-05-13 21:00,Lazio Rome,Inter Milano,Italy - Coppa Italia,Bet365,Player Tackles,Pedro (1),,,,1.222,,,,0.5,"{""label"": ""Pedro (1)"", ""hdp"": 0.5, ""over"": ""1.222""}",2026-05-13T16:53:04.466Z
71019438,Football,2026-05-13 21:00,Lazio Rome,Inter Milano,Italy - Coppa Italia,Bet365,Player Tackles,Samuel Gigot (1),,,,1.285,,,,0.5,"{""label"": ""Samuel Gigot (1)"", ""hdp"": 0.5, ""over"": ""1.285""}",2026-05-13T16:53:04.466Z
71019438,Football,2026-05-13 21:00,Lazio Rome,Inter Milano,Italy - Coppa Italia,Bet365,Player Tackles,Tijjani Noslin (1),,,,1.250,,,,0.5,"{""label"": ""Tijjani Noslin (1)"", ""hdp"": 0.5, ""over"": ""1.250""}",2026-05-13T16:53:04.466Z
71019438,Football,2026-05-13 21:00,Lazio Rome,Inter Milano,Italy - Coppa Italia,Bet365,Player Tackles,Alessandro Bastoni (2),,,,1.083,,,,0.5,"{""label"": ""Alessandro Bastoni (2)"", ""hdp"": 0.5, ""over"": ""1.083""}",2026-05-13T16:53:04.466Z
71019438,Football,2026-05-13 21:00,Lazio Rome,Inter Milano,Italy - Coppa Italia,Bet365,Player Tackles,Andy Diouf (2),,,,1.250,,,,0.5,"{""label"": ""Andy Diouf (2)"", ""hdp"": 0.5, ""over"": ""1.250""}",2026-05-13T16:53:04.466Z
71019438,Football,2026-05-13 21:00,Lazio Rome,Inter Milano,Italy - Coppa Italia,Bet365,Player Tackles,Ange Bonny (2),,,,1.363,,,,0.5,"{""label"": ""Ange Bonny (2)"", ""hdp"": 0.5, ""over"": ""1.363""}",2026-05-13T16:53:04.466Z
71019438,Football,2026-05-13 21:00,Lazio Rome,Inter Milano,Italy - Coppa Italia,Bet365,Player Tackles,Davide Frattesi (2),,,,1.300,,,,0.5,"{""label"": ""Davide Frattesi (2)"", ""hdp"": 0.5, ""over"": ""1.300""}",2026-05-13T16:53:04.466Z
71019438,Football,2026-05-13 21:00,Lazio Rome,Inter Milano,Italy - Coppa Italia,Bet365,Player Tackles,Luis Henrique de Lima (2),,,,1.500,,,,0.5,"{""label"": ""Luis Henrique de Lima (2)"", ""hdp"": 0.5, ""over"": ""1.500""}",2026-05-13T16:53:04.466Z
71019438,Football,2026-05-13 21:00,Lazio Rome,Inter Milano,Italy - Coppa Italia,Bet365,Player Tackles,Denzel Dumfries (2),,,,1.166,,,,0.5,"{""label"": ""Denzel Dumfries (2)"", ""hdp"": 0.5, ""over"": ""1.166""}",2026-05-13T16:53:04.466Z
71019438,Football,2026-05-13 21:00,Lazio Rome,Inter Milano,Italy - Coppa Italia,Bet365,Player Tackles,Federico Dimarco (2),,,,1.125,,,,0.5,"{""label"": ""Federico Dimarco (2)"", ""hdp"": 0.5, ""over"": ""1.125""}",2026-05-13T16:53:04.466Z
71019438,Football,2026-05-13 21:00,Lazio Rome,Inter Milano,Italy - Coppa Italia,Bet365,Player Tackles,Francesco Acerbi (2),,,,1.533,,,,0.5,"{""label"": ""Francesco Acerbi (2)"", ""hdp"": 0.5, ""over"": ""1.533""}",2026-05-13T16:53:04.466Z
71019438,Football,2026-05-13 21:00,Lazio Rome,Inter Milano,Italy - Coppa Italia,Bet365,Player Tackles,Francesco Esposito (2),,,,1.500,,,,0.5,"{""label"": ""Francesco Esposito (2)"", ""hdp"": 0.5, ""over"": ""1.500""}",2026-05-13T16:53:04.466Z
71019438,Football,2026-05-13 21:00,Lazio Rome,Inter Milano,Italy - Coppa Italia,Bet365,Player Tackles,Hakan Calhanoglu (2),,,,1.142,,,,0.5,"{""label"": ""Hakan Calhanoglu (2)"", ""hdp"": 0.5, ""over"": ""1.142""}",2026-05-13T16:53:04.466Z
71019438,Football,2026-05-13 21:00,Lazio Rome,Inter Milano,Italy - Coppa Italia,Bet365,Player Tackles,Henrikh Mkhitaryan (2),,,,1.125,,,,0.5,"{""label"": ""Henrikh Mkhitaryan (2)"", ""hdp"": 0.5, ""over"": ""1.125""}",2026-05-13T16:53:04.466Z
71019438,Football,2026-05-13 21:00,Lazio Rome,Inter Milano,Italy - Coppa Italia,Bet365,Player Tackles,Lautaro Martinez (2),,,,1.500,,,,0.5,"{""label"": ""Lautaro Martinez (2)"", ""hdp"": 0.5, ""over"": ""1.500""}",2026-05-13T16:53:04.466Z
71019438,Football,2026-05-13 21:00,Lazio Rome,Inter Milano,Italy - Coppa Italia,Bet365,Player Tackles,Manuel Akanji (2),,,,1.200,,,,0.5,"{""label"": ""Manuel Akanji (2)"", ""hdp"": 0.5, ""over"": ""1.200""}",2026-05-13T16:53:04.466Z
71019438,Football,2026-05-13 21:00,Lazio Rome,Inter Milano,Italy - Coppa Italia,Bet365,Player Tackles,Marcus Thuram (2),,,,1.250,,,,0.5,"{""label"": ""Marcus Thuram (2)"", ""hdp"": 0.5, ""over"": ""1.250""}",2026-05-13T16:53:04.466Z
71019438,Football,2026-05-13 21:00,Lazio Rome,Inter Milano,Italy - Coppa Italia,Bet365,Player Tackles,Matteo Cocchi (2),,,,1.166,,,,0.5,"{""label"": ""Matteo Cocchi (2)"", ""hdp"": 0.5, ""over"": ""1.166""}",2026-05-13T16:53:04.466Z
71019438,Football,2026-05-13 21:00,Lazio Rome,Inter Milano,Italy - Coppa Italia,Bet365,Player Tackles,Matteo Darmian (2),,,,1.166,,,,0.5,"{""label"": ""Matteo Darmian (2)"", ""hdp"": 0.5, ""over"": ""1.166""}",2026-05-13T16:53:04.466Z
71019438,Football,2026-05-13 21:00,Lazio Rome,Inter Milano,Italy - Coppa Italia,Bet365,Player Tackles,Mattia Mosconi (2),,,,1.250,,,,0.5,"{""label"": ""Mattia Mosconi (2)"", ""hdp"": 0.5, ""over"": ""1.250""}",2026-05-13T16:53:04.466Z
71019438,Football,2026-05-13 21:00,Lazio Rome,Inter Milano,Italy - Coppa Italia,Bet365,Player Tackles,Carlos Augusto (2),,,,1.125,,,,0.5,"{""label"": ""Carlos Augusto (2)"", ""hdp"": 0.5, ""over"": ""1.125""}",2026-05-13T16:53:04.466Z
71019438,Football,2026-05-13 21:00,Lazio Rome,Inter Milano,Italy - Coppa Italia,Bet365,Player Tackles,Nicolo Barella (2),,,,1.125,,,,0.5,"{""label"": ""Nicolo Barella (2)"", ""hdp"": 0.5, ""over"": ""1.125""}",2026-05-13T16:53:04.466Z
71019438,Football,2026-05-13 21:00,Lazio Rome,Inter Milano,Italy - Coppa Italia,Bet365,Player Tackles,Petar Sucic (2),,,,1.111,,,,0.5,"{""label"": ""Petar Sucic (2)"", ""hdp"": 0.5, ""over"": ""1.111""}",2026-05-13T16:53:04.466Z
71019438,Football,2026-05-13 21:00,Lazio Rome,Inter Milano,Italy - Coppa Italia,Bet365,Player Tackles,Piotr Zielinski (2),,,,1.333,,,,0.5,"{""label"": ""Piotr Zielinski (2)"", ""hdp"": 0.5, ""over"": ""1.333""}",2026-05-13T16:53:04.466Z
71019438,Football,2026-05-13 21:00,Lazio Rome,Inter Milano,Italy - Coppa Italia,Bet365,Player Tackles,Stefan de Vrij (2),,,,1.400,,,,0.5,"{""label"": ""Stefan de Vrij (2)"", ""hdp"": 0.5, ""over"": ""1.400""}",2026-05-13T16:53:04.466Z
71019438,Football,2026-05-13 21:00,Lazio Rome,Inter Milano,Italy - Coppa Italia,Bet365,Player Tackles,Yann Aurel Bisseck (2),,,,1.285,,,,0.5,"{""label"": ""Yann Aurel Bisseck (2)"", ""hdp"": 0.5, ""over"": ""1.285""}",2026-05-13T16:53:04.466Z
71019438,Football,2026-05-13 21:00,Lazio Rome,Inter Milano,Italy - Coppa Italia,Bet365,Player Tackles,Adam Marusic (1),,,,2.500,,,,1.5,"{""label"": ""Adam Marusic (1)"", ""hdp"": 1.5, ""over"": ""2.500""}",2026-05-13T16:53:04.466Z
71019438,Football,2026-05-13 21:00,Lazio Rome,Inter Milano,Italy - Coppa Italia,Bet365,Player Tackles,Adrian Przyborek (1),,,,2.100,,,,1.5,"{""label"": ""Adrian Przyborek (1)"", ""hdp"": 1.5, ""over"": ""2.100""}",2026-05-13T16:53:04.466Z
71019438,Football,2026-05-13 21:00,Lazio Rome,Inter Milano,Italy - Coppa Italia,Bet365,Player Tackles,Alessio Romagnoli (1),,,,2.750,,,,1.5,"{""label"": ""Alessio Romagnoli (1)"", ""hdp"": 1.5, ""over"": ""2.750""}",2026-05-13T16:53:04.466Z
71019438,Football,2026-05-13 21:00,Lazio Rome,Inter Milano,Italy - Coppa Italia,Bet365,Player Tackles,Boulaye Dia (1),,,,2.625,,,,1.5,"{""label"": ""Boulaye Dia (1)"", ""hdp"": 1.5, ""over"": ""2.625""}",2026-05-13T16:53:04.466Z
71019438,Football,2026-05-13 21:00,Lazio Rome,Inter Milano,Italy - Coppa Italia,Bet365,Player Tackles,Daniel Maldini (1),,,,3.250,,,,1.5,"{""label"": ""Daniel Maldini (1)"", ""hdp"": 1.5, ""over"": ""3.250""}",2026-05-13T16:53:04.466Z
71019438,Football,2026-05-13 21:00,Lazio Rome,Inter Milano,Italy - Coppa Italia,Bet365,Player Tackles,Danilo Cataldi (1),,,,2.250,,,,1.5,"{""label"": ""Danilo Cataldi (1)"", ""hdp"": 1.5, ""over"": ""2.250""}",2026-05-13T16:53:04.466Z
71019438,Football,2026-05-13 21:00,Lazio Rome,Inter Milano,Italy - Coppa Italia,Bet365,Player Tackles,Fisayo Dele-Bashiru (1),,,,2.100,,,,1.5,"{""label"": ""Fisayo Dele-Bashiru (1)"", ""hdp"": 1.5, ""over"": ""2.100""}",2026-05-13T16:53:04.466Z
71019438,Football,2026-05-13 21:00,Lazio Rome,Inter Milano,Italy - Coppa Italia,Bet365,Player Tackles,Gabarron Patric Gil (1),,,,3.000,,,,1.5,"{""label"": ""Gabarron Patric Gil (1)"", ""hdp"": 1.5, ""over"": ""3.000""}",2026-05-13T16:53:04.466Z
71019438,Football,2026-05-13 21:00,Lazio Rome,Inter Milano,Italy - Coppa Italia,Bet365,Player Tackles,Gustav Isaksen (1),,,,3.750,,,,1.5,"{""label"": ""Gustav Isaksen (1)"", ""hdp"": 1.5, ""over"": ""3.750""}",2026-05-13T16:53:04.466Z
71019438,Football,2026-05-13 21:00,Lazio Rome,Inter Milano,Italy - Coppa Italia,Bet365,Player Tackles,Kenneth Taylor (1),,,,2.500,,,,1.5,"{""label"": ""Kenneth Taylor (1)"", ""hdp"": 1.5, ""over"": ""2.500""}",2026-05-13T16:53:04.466Z
71019438,Football,2026-05-13 21:00,Lazio Rome,Inter Milano,Italy - Coppa Italia,Bet365,Player Tackles,Luca Pellegrini (1),,,,1.666,,,,1.5,"{""label"": ""Luca Pellegrini (1)"", ""hdp"": 1.5, ""over"": ""1.666""}",2026-05-13T16:53:04.466Z
71019438,Football,2026-05-13 21:00,Lazio Rome,Inter Milano,Italy - Coppa Italia,Bet365,Player Tackles,Manuel Lazzari (1),,,,2.100,,,,1.5,"{""label"": ""Manuel Lazzari (1)"", ""hdp"": 1.5, ""over"": ""2.100""}",2026-05-13T16:53:04.466Z
71019438,Football,2026-05-13 21:00,Lazio Rome,Inter Milano,Italy - Coppa Italia,Bet365,Player Tackles,Mario Gila (1),,,,1.727,,,,1.5,"{""label"": ""Mario Gila (1)"", ""hdp"": 1.5, ""over"": ""1.727""}",2026-05-13T16:53:04.466Z
71019438,Football,2026-05-13 21:00,Lazio Rome,Inter Milano,Italy - Coppa Italia,Bet365,Player Tackles,Matteo Cancellieri (1),,,,1.533,,,,1.5,"{""label"": ""Matteo Cancellieri (1)"", ""hdp"": 1.5, ""over"": ""1.533""}",2026-05-13T16:53:04.466Z
71019438,Football,2026-05-13 21:00,Lazio Rome,Inter Milano,Italy - Coppa Italia,Bet365,Player Tackles,Mattia Zaccagni (1),,,,2.000,,,,1.5,"{""label"": ""Mattia Zaccagni (1)"", ""hdp"": 1.5, ""over"": ""2.000""}",2026-05-13T16:53:04.466Z
71019438,Football,2026-05-13 21:00,Lazio Rome,Inter Milano,Italy - Coppa Italia,Bet365,Player Tackles,Nicolo Rovella (1),,,,1.500,,,,1.5,"{""label"": ""Nicolo Rovella (1)"", ""hdp"": 1.5, ""over"": ""1.500""}",2026-05-13T16:53:04.466Z
71019438,Football,2026-05-13 21:00,Lazio Rome,Inter Milano,Italy - Coppa Italia,Bet365,Player Tackles,Nuno Tavares (1),,,,1.666,,,,1.5,"{""label"": ""Nuno Tavares (1)"", ""hdp"": 1.5, ""over"": ""1.666""}",2026-05-13T16:53:04.466Z
71019438,Football,2026-05-13 21:00,Lazio Rome,Inter Milano,Italy - Coppa Italia,Bet365,Player Tackles,Oliver Provstgaard (1),,,,2.625,,,,1.5,"{""label"": ""Oliver Provstgaard (1)"", ""hdp"": 1.5, ""over"": ""2.625""}",2026-05-13T16:53:04.466Z
71019438,Football,2026-05-13 21:00,Lazio Rome,Inter Milano,Italy - Coppa Italia,Bet365,Player Tackles,Petar Ratkov (1),,,,3.000,,,,1.5,"{""label"": ""Petar Ratkov (1)"", ""hdp"": 1.5, ""over"": ""3.000""}",2026-05-13T16:53:04.466Z
71019438,Football,2026-05-13 21:00,Lazio Rome,Inter Milano,Italy - Coppa Italia,Bet365,Player Tackles,Reda Belahyane (1),,,,1.533,,,,1.5,"{""label"": ""Reda Belahyane (1)"", ""hdp"": 1.5, ""over"": ""1.533""}",2026-05-13T16:53:04.466Z
71019438,Football,2026-05-13 21:00,Lazio Rome,Inter Milano,Italy - Coppa Italia,Bet365,Player Tackles,Pedro (1),,,,2.000,,,,1.5,"{""label"": ""Pedro (1)"", ""hdp"": 1.5, ""over"": ""2.000""}",2026-05-13T16:53:04.466Z
71019438,Football,2026-05-13 21:00,Lazio Rome,Inter Milano,Italy - Coppa Italia,Bet365,Player Tackles,Samuel Gigot (1),,,,2.250,,,,1.5,"{""label"": ""Samuel Gigot (1)"", ""hdp"": 1.5, ""over"": ""2.250""}",2026-05-13T16:53:04.466Z
71019438,Football,2026-05-13 21:00,Lazio Rome,Inter Milano,Italy - Coppa Italia,Bet365,Player Tackles,Tijjani Noslin (1),,,,2.100,,,,1.5,"{""label"": ""Tijjani Noslin (1)"", ""hdp"": 1.5, ""over"": ""2.100""}",2026-05-13T16:53:04.466Z
71019438,Football,2026-05-13 21:00,Lazio Rome,Inter Milano,Italy - Coppa Italia,Bet365,Player Tackles,Toma Basic (1),,,,2.100,,,,1.5,"{""label"": ""Toma Basic (1)"", ""hdp"": 1.5, ""over"": ""2.100""}",2026-05-13T16:53:04.466Z
71019438,Football,2026-05-13 21:00,Lazio Rome,Inter Milano,Italy - Coppa Italia,Bet365,Player Tackles,Alessandro Bastoni (2),,,,1.444,,,,1.5,"{""label"": ""Alessandro Bastoni (2)"", ""hdp"": 1.5, ""over"": ""1.444""}",2026-05-13T16:53:04.466Z
71019438,Football,2026-05-13 21:00,Lazio Rome,Inter Milano,Italy - Coppa Italia,Bet365,Player Tackles,Andy Diouf (2),,,,2.100,,,,1.5,"{""label"": ""Andy Diouf (2)"", ""hdp"": 1.5, ""over"": ""2.100""}",2026-05-13T16:53:04.466Z
71019438,Football,2026-05-13 21:00,Lazio Rome,Inter Milano,Italy - Coppa Italia,Bet365,Player Tackles,Ange Bonny (2),,,,2.625,,,,1.5,"{""label"": ""Ange Bonny (2)"", ""hdp"": 1.5, ""over"": ""2.625""}",2026-05-13T16:53:04.466Z
71019438,Football,2026-05-13 21:00,Lazio Rome,Inter Milano,Italy - Coppa Italia,Bet365,Player Tackles,Davide Frattesi (2),,,,2.375,,,,1.5,"{""label"": ""Davide Frattesi (2)"", ""hdp"": 1.5, ""over"": ""2.375""}",2026-05-13T16:53:04.466Z
71019438,Football,2026-05-13 21:00,Lazio Rome,Inter Milano,Italy - Coppa Italia,Bet365,Player Tackles,Luis Henrique de Lima (2),,,,3.250,,,,1.5,"{""label"": ""Luis Henrique de Lima (2)"", ""hdp"": 1.5, ""over"": ""3.250""}",2026-05-13T16:53:04.466Z
71019438,Football,2026-05-13 21:00,Lazio Rome,Inter Milano,Italy - Coppa Italia,Bet365,Player Tackles,Denzel Dumfries (2),,,,1.727,,,,1.5,"{""label"": ""Denzel Dumfries (2)"", ""hdp"": 1.5, ""over"": ""1.727""}",2026-05-13T16:53:04.466Z
71019438,Football,2026-05-13 21:00,Lazio Rome,Inter Milano,Italy - Coppa Italia,Bet365,Player Tackles,Federico Dimarco (2),,,,1.615,,,,1.5,"{""label"": ""Federico Dimarco (2)"", ""hdp"": 1.5, ""over"": ""1.615""}",2026-05-13T16:53:04.466Z
71019438,Football,2026-05-13 21:00,Lazio Rome,Inter Milano,Italy - Coppa Italia,Bet365,Player Tackles,Francesco Acerbi (2),,,,3.500,,,,1.5,"{""label"": ""Francesco Acerbi (2)"", ""hdp"": 1.5, ""over"": ""3.500""}",2026-05-13T16:53:04.466Z
71019438,Football,2026-05-13 21:00,Lazio Rome,Inter Milano,Italy - Coppa Italia,Bet365,Player Tackles,Francesco Esposito (2),,,,3.250,,,,1.5,"{""label"": ""Francesco Esposito (2)"", ""hdp"": 1.5, ""over"": ""3.250""}",2026-05-13T16:53:04.466Z
71019438,Football,2026-05-13 21:00,Lazio Rome,Inter Milano,Italy - Coppa Italia,Bet365,Player Tackles,Hakan Calhanoglu (2),,,,1.666,,,,1.5,"{""label"": ""Hakan Calhanoglu (2)"", ""hdp"": 1.5, ""over"": ""1.666""}",2026-05-13T16:53:04.466Z
71019438,Football,2026-05-13 21:00,Lazio Rome,Inter Milano,Italy - Coppa Italia,Bet365,Player Tackles,Henrikh Mkhitaryan (2),,,,1.615,,,,1.5,"{""label"": ""Henrikh Mkhitaryan (2)"", ""hdp"": 1.5, ""over"": ""1.615""}",2026-05-13T16:53:04.466Z
71019438,Football,2026-05-13 21:00,Lazio Rome,Inter Milano,Italy - Coppa Italia,Bet365,Player Tackles,Lautaro Martinez (2),,,,3.250,,,,1.5,"{""label"": ""Lautaro Martinez (2)"", ""hdp"": 1.5, ""over"": ""3.250""}",2026-05-13T16:53:04.466Z
71019438,Football,2026-05-13 21:00,Lazio Rome,Inter Milano,Italy - Coppa Italia,Bet365,Player Tackles,Manuel Akanji (2),,,,1.833,,,,1.5,"{""label"": ""Manuel Akanji (2)"", ""hdp"": 1.5, ""over"": ""1.833""}",2026-05-13T16:53:04.466Z
71019438,Football,2026-05-13 21:00,Lazio Rome,Inter Milano,Italy - Coppa Italia,Bet365,Player Tackles,Marcus Thuram (2),,,,2.100,,,,1.5,"{""label"": ""Marcus Thuram (2)"", ""hdp"": 1.5, ""over"": ""2.100""}",2026-05-13T16:53:04.466Z
71019438,Football,2026-05-13 21:00,Lazio Rome,Inter Milano,Italy - Coppa Italia,Bet365,Player Tackles,Matteo Cocchi (2),,,,1.727,,,,1.5,"{""label"": ""Matteo Cocchi (2)"", ""hdp"": 1.5, ""over"": ""1.727""}",2026-05-13T16:53:04.466Z
71019438,Football,2026-05-13 21:00,Lazio Rome,Inter Milano,Italy - Coppa Italia,Bet365,Player Tackles,Matteo Darmian (2),,,,1.833,,,,1.5,"{""label"": ""Matteo Darmian (2)"", ""hdp"": 1.5, ""over"": ""1.833""}",2026-05-13T16:53:04.466Z
71019438,Football,2026-05-13 21:00,Lazio Rome,Inter Milano,Italy - Coppa Italia,Bet365,Player Tackles,Mattia Mosconi (2),,,,2.100,,,,1.5,"{""label"": ""Mattia Mosconi (2)"", ""hdp"": 1.5, ""over"": ""2.100""}",2026-05-13T16:53:04.466Z
71019438,Football,2026-05-13 21:00,Lazio Rome,Inter Milano,Italy - Coppa Italia,Bet365,Player Tackles,Carlos Augusto (2),,,,1.615,,,,1.5,"{""label"": ""Carlos Augusto (2)"", ""hdp"": 1.5, ""over"": ""1.615""}",2026-05-13T16:53:04.466Z
71019438,Football,2026-05-13 21:00,Lazio Rome,Inter Milano,Italy - Coppa Italia,Bet365,Player Tackles,Nicolo Barella (2),,,,1.571,,,,1.5,"{""label"": ""Nicolo Barella (2)"", ""hdp"": 1.5, ""over"": ""1.571""}",2026-05-13T16:53:04.466Z
71019438,Football,2026-05-13 21:00,Lazio Rome,Inter Milano,Italy - Coppa Italia,Bet365,Player Tackles,Petar Sucic (2),,,,1.533,,,,1.5,"{""label"": ""Petar Sucic (2)"", ""hdp"": 1.5, ""over"": ""1.533""}",2026-05-13T16:53:04.466Z
71019438,Football,2026-05-13 21:00,Lazio Rome,Inter Milano,Italy - Coppa Italia,Bet365,Player Tackles,Piotr Zielinski (2),,,,2.500,,,,1.5,"{""label"": ""Piotr Zielinski (2)"", ""hdp"": 1.5, ""over"": ""2.500""}",2026-05-13T16:53:04.466Z
71019438,Football,2026-05-13 21:00,Lazio Rome,Inter Milano,Italy - Coppa Italia,Bet365,Player Tackles,Stefan de Vrij (2),,,,3.000,,,,1.5,"{""label"": ""Stefan de Vrij (2)"", ""hdp"": 1.5, ""over"": ""3.000""}",2026-05-13T16:53:04.466Z
71019438,Football,2026-05-13 21:00,Lazio Rome,Inter Milano,Italy - Coppa Italia,Bet365,Player Tackles,Yann Aurel Bisseck (2),,,,2.200,,,,1.5,"{""label"": ""Yann Aurel Bisseck (2)"", ""hdp"": 1.5, ""over"": ""2.200""}",2026-05-13T16:53:04.466Z
71019438,Football,2026-05-13 21:00,Lazio Rome,Inter Milano,Italy - Coppa Italia,Bet365,Player Tackles,Adam Marusic (1),,,,5.000,,,,2.5,"{""label"": ""Adam Marusic (1)"", ""hdp"": 2.5, ""over"": ""5.000""}",2026-05-13T16:53:04.466Z
71019438,Football,2026-05-13 21:00,Lazio Rome,Inter Milano,Italy - Coppa Italia,Bet365,Player Tackles,Adrian Przyborek (1),,,,4.333,,,,2.5,"{""label"": ""Adrian Przyborek (1)"", ""hdp"": 2.5, ""over"": ""4.333""}",2026-05-13T16:53:04.466Z
71019438,Football,2026-05-13 21:00,Lazio Rome,Inter Milano,Italy - Coppa Italia,Bet365,Player Tackles,Alessio Romagnoli (1),,,,6.500,,,,2.5,"{""label"": ""Alessio Romagnoli (1)"", ""hdp"": 2.5, ""over"": ""6.500""}",2026-05-13T16:53:04.466Z
71019438,Football,2026-05-13 21:00,Lazio Rome,Inter Milano,Italy - Coppa Italia,Bet365,Player Tackles,Boulaye Dia (1),,,,5.500,,,,2.5,"{""label"": ""Boulaye Dia (1)"", ""hdp"": 2.5, ""over"": ""5.500""}",2026-05-13T16:53:04.466Z
71019438,Football,2026-05-13 21:00,Lazio Rome,Inter Milano,Italy - Coppa Italia,Bet365,Player Tackles,Daniel Maldini (1),,,,7.500,,,,2.5,"{""label"": ""Daniel Maldini (1)"", ""hdp"": 2.5, ""over"": ""7.500""}",2026-05-13T16:53:04.466Z
71019438,Football,2026-05-13 21:00,Lazio Rome,Inter Milano,Italy - Coppa Italia,Bet365,Player Tackles,Danilo Cataldi (1),,,,4.500,,,,2.5,"{""label"": ""Danilo Cataldi (1)"", ""hdp"": 2.5, ""over"": ""4.500""}",2026-05-13T16:53:04.466Z
71019438,Football,2026-05-13 21:00,Lazio Rome,Inter Milano,Italy - Coppa Italia,Bet365,Player Tackles,Elseid Hysaj (1),,,,3.000,,,,2.5,"{""label"": ""Elseid Hysaj (1)"", ""hdp"": 2.5, ""over"": ""3.000""}",2026-05-13T16:53:04.466Z
71019438,Football,2026-05-13 21:00,Lazio Rome,Inter Milano,Italy - Coppa Italia,Bet365,Player Tackles,Fisayo Dele-Bashiru (1),,,,4.333,,,,2.5,"{""label"": ""Fisayo Dele-Bashiru (1)"", ""hdp"": 2.5, ""over"": ""4.333""}",2026-05-13T16:53:04.466Z
71019438,Football,2026-05-13 21:00,Lazio Rome,Inter Milano,Italy - Coppa Italia,Bet365,Player Tackles,Gabarron Patric Gil (1),,,,7.000,,,,2.5,"{""label"": ""Gabarron Patric Gil (1)"", ""hdp"": 2.5, ""over"": ""7.000""}",2026-05-13T16:53:04.466Z
71019438,Football,2026-05-13 21:00,Lazio Rome,Inter Milano,Italy - Coppa Italia,Bet365,Player Tackles,Gustav Isaksen (1),,,,8.500,,,,2.5,"{""label"": ""Gustav Isaksen (1)"", ""hdp"": 2.5, ""over"": ""8.500""}",2026-05-13T16:53:04.466Z
71019438,Football,2026-05-13 21:00,Lazio Rome,Inter Milano,Italy - Coppa Italia,Bet365,Player Tackles,Kenneth Taylor (1),,,,5.000,,,,2.5,"{""label"": ""Kenneth Taylor (1)"", ""hdp"": 2.5, ""over"": ""5.000""}",2026-05-13T16:53:04.466Z
71019438,Football,2026-05-13 21:00,Lazio Rome,Inter Milano,Italy - Coppa Italia,Bet365,Player Tackles,Luca Pellegrini (1),,,,3.250,,,,2.5,"{""label"": ""Luca Pellegrini (1)"", ""hdp"": 2.5, ""over"": ""3.250""}",2026-05-13T16:53:04.466Z
71019438,Football,2026-05-13 21:00,Lazio Rome,Inter Milano,Italy - Coppa Italia,Bet365,Player Tackles,Manuel Lazzari (1),,,,4.333,,,,2.5,"{""label"": ""Manuel Lazzari (1)"", ""hdp"": 2.5, ""over"": ""4.333""}",2026-05-13T16:53:04.466Z
71019438,Football,2026-05-13 21:00,Lazio Rome,Inter Milano,Italy - Coppa Italia,Bet365,Player Tackles,Mario Gila (1),,,,3.400,,,,2.5,"{""label"": ""Mario Gila (1)"", ""hdp"": 2.5, ""over"": ""3.400""}",2026-05-13T16:53:04.466Z
71019438,Football,2026-05-13 21:00,Lazio Rome,Inter Milano,Italy - Coppa Italia,Bet365,Player Tackles,Matteo Cancellieri (1),,,,2.625,,,,2.5,"{""label"": ""Matteo Cancellieri (1)"", ""hdp"": 2.5, ""over"": ""2.625""}",2026-05-13T16:53:04.466Z
71019438,Football,2026-05-13 21:00,Lazio Rome,Inter Milano,Italy - Coppa Italia,Bet365,Player Tackles,Mattia Zaccagni (1),,,,4.000,,,,2.5,"{""label"": ""Mattia Zaccagni (1)"", ""hdp"": 2.5, ""over"": ""4.000""}",2026-05-13T16:53:04.466Z
71019438,Football,2026-05-13 21:00,Lazio Rome,Inter Milano,Italy - Coppa Italia,Bet365,Player Tackles,Nicolo Rovella (1),,,,2.500,,,,2.5,"{""label"": ""Nicolo Rovella (1)"", ""hdp"": 2.5, ""over"": ""2.500""}",2026-05-13T16:53:04.466Z
71019438,Football,2026-05-13 21:00,Lazio Rome,Inter Milano,Italy - Coppa Italia,Bet365,Player Tackles,Nuno Tavares (1),,,,3.250,,,,2.5,"{""label"": ""Nuno Tavares (1)"", ""hdp"": 2.5, ""over"": ""3.250""}",2026-05-13T16:53:04.466Z
71019438,Football,2026-05-13 21:00,Lazio Rome,Inter Milano,Italy - Coppa Italia,Bet365,Player Tackles,Oliver Provstgaard (1),,,,5.500,,,,2.5,"{""label"": ""Oliver Provstgaard (1)"", ""hdp"": 2.5, ""over"": ""5.500""}",2026-05-13T16:53:04.466Z
71019438,Football,2026-05-13 21:00,Lazio Rome,Inter Milano,Italy - Coppa Italia,Bet365,Player Tackles,Petar Ratkov (1),,,,7.000,,,,2.5,"{""label"": ""Petar Ratkov (1)"", ""hdp"": 2.5, ""over"": ""7.000""}",2026-05-13T16:53:04.466Z
71019438,Football,2026-05-13 21:00,Lazio Rome,Inter Milano,Italy - Coppa Italia,Bet365,Player Tackles,Reda Belahyane (1),,,,2.625,,,,2.5,"{""label"": ""Reda Belahyane (1)"", ""hdp"": 2.5, ""over"": ""2.625""}",2026-05-13T16:53:04.466Z
71019438,Football,2026-05-13 21:00,Lazio Rome,Inter Milano,Italy - Coppa Italia,Bet365,Player Tackles,Pedro (1),,,,4.000,,,,2.5,"{""label"": ""Pedro (1)"", ""hdp"": 2.5, ""over"": ""4.000""}",2026-05-13T16:53:04.466Z
71019438,Football,2026-05-13 21:00,Lazio Rome,Inter Milano,Italy - Coppa Italia,Bet365,Player Tackles,Samuel Gigot (1),,,,4.500,,,,2.5,"{""label"": ""Samuel Gigot (1)"", ""hdp"": 2.5, ""over"": ""4.500""}",2026-05-13T16:53:04.466Z
71019438,Football,2026-05-13 21:00,Lazio Rome,Inter Milano,Italy - Coppa Italia,Bet365,Player Tackles,Tijjani Noslin (1),,,,4.333,,,,2.5,"{""label"": ""Tijjani Noslin (1)"", ""hdp"": 2.5, ""over"": ""4.333""}",2026-05-13T16:53:04.466Z
71019438,Football,2026-05-13 21:00,Lazio Rome,Inter Milano,Italy - Coppa Italia,Bet365,Player Tackles,Toma Basic (1),,,,4.333,,,,2.5,"{""label"": ""Toma Basic (1)"", ""hdp"": 2.5, ""over"": ""4.333""}",2026-05-13T16:53:04.466Z
71019438,Football,2026-05-13 21:00,Lazio Rome,Inter Milano,Italy - Coppa Italia,Bet365,Player Tackles,Andy Diouf (2),,,,4.333,,,,2.5,"{""label"": ""Andy Diouf (2)"", ""hdp"": 2.5, ""over"": ""4.333""}",2026-05-13T16:53:04.466Z
71019438,Football,2026-05-13 21:00,Lazio Rome,Inter Milano,Italy - Coppa Italia,Bet365,Player Tackles,Ange Bonny (2),,,,6.000,,,,2.5,"{""label"": ""Ange Bonny (2)"", ""hdp"": 2.5, ""over"": ""6.000""}",2026-05-13T16:53:04.466Z
71019438,Football,2026-05-13 21:00,Lazio Rome,Inter Milano,Italy - Coppa Italia,Bet365,Player Tackles,Davide Frattesi (2),,,,5.000,,,,2.5,"{""label"": ""Davide Frattesi (2)"", ""hdp"": 2.5, ""over"": ""5.000""}",2026-05-13T16:53:04.466Z
71019438,Football,2026-05-13 21:00,Lazio Rome,Inter Milano,Italy - Coppa Italia,Bet365,Player Tackles,Luis Henrique de Lima (2),,,,7.500,,,,2.5,"{""label"": ""Luis Henrique de Lima (2)"", ""hdp"": 2.5, ""over"": ""7.500""}",2026-05-13T16:53:04.466Z
71019438,Football,2026-05-13 21:00,Lazio Rome,Inter Milano,Italy - Coppa Italia,Bet365,Player Tackles,Denzel Dumfries (2),,,,3.400,,,,2.5,"{""label"": ""Denzel Dumfries (2)"", ""hdp"": 2.5, ""over"": ""3.400""}",2026-05-13T16:53:04.466Z
71019438,Football,2026-05-13 21:00,Lazio Rome,Inter Milano,Italy - Coppa Italia,Bet365,Player Tackles,Federico Dimarco (2),,,,2.750,,,,2.5,"{""label"": ""Federico Dimarco (2)"", ""hdp"": 2.5, ""over"": ""2.750""}",2026-05-13T16:53:04.466Z
71019438,Football,2026-05-13 21:00,Lazio Rome,Inter Milano,Italy - Coppa Italia,Bet365,Player Tackles,Francesco Acerbi (2),,,,8.000,,,,2.5,"{""label"": ""Francesco Acerbi (2)"", ""hdp"": 2.5, ""over"": ""8.000""}",2026-05-13T16:53:04.466Z
71019438,Football,2026-05-13 21:00,Lazio Rome,Inter Milano,Italy - Coppa Italia,Bet365,Player Tackles,Francesco Esposito (2),,,,7.500,,,,2.5,"{""label"": ""Francesco Esposito (2)"", ""hdp"": 2.5, ""over"": ""7.500""}",2026-05-13T16:53:04.466Z
71019438,Football,2026-05-13 21:00,Lazio Rome,Inter Milano,Italy - Coppa Italia,Bet365,Player Tackles,Henrikh Mkhitaryan (2),,,,2.750,,,,2.5,"{""label"": ""Henrikh Mkhitaryan (2)"", ""hdp"": 2.5, ""over"": ""2.750""}",2026-05-13T16:53:04.466Z
71019438,Football,2026-05-13 21:00,Lazio Rome,Inter Milano,Italy - Coppa Italia,Bet365,Player Tackles,Lautaro Martinez (2),,,,7.500,,,,2.5,"{""label"": ""Lautaro Martinez (2)"", ""hdp"": 2.5, ""over"": ""7.500""}",2026-05-13T16:53:04.466Z
71019438,Football,2026-05-13 21:00,Lazio Rome,Inter Milano,Italy - Coppa Italia,Bet365,Player Tackles,Manuel Akanji (2),,,,3.750,,,,2.5,"{""label"": ""Manuel Akanji (2)"", ""hdp"": 2.5, ""over"": ""3.750""}",2026-05-13T16:53:04.466Z
71019438,Football,2026-05-13 21:00,Lazio Rome,Inter Milano,Italy - Coppa Italia,Bet365,Player Tackles,Marcus Thuram (2),,,,4.333,,,,2.5,"{""label"": ""Marcus Thuram (2)"", ""hdp"": 2.5, ""over"": ""4.333""}",2026-05-13T16:53:04.466Z
71019438,Football,2026-05-13 21:00,Lazio Rome,Inter Milano,Italy - Coppa Italia,Bet365,Player Tackles,Matteo Cocchi (2),,,,3.400,,,,2.5,"{""label"": ""Matteo Cocchi (2)"", ""hdp"": 2.5, ""over"": ""3.400""}",2026-05-13T16:53:04.466Z
71019438,Football,2026-05-13 21:00,Lazio Rome,Inter Milano,Italy - Coppa Italia,Bet365,Player Tackles,Matteo Darmian (2),,,,3.500,,,,2.5,"{""label"": ""Matteo Darmian (2)"", ""hdp"": 2.5, ""over"": ""3.500""}",2026-05-13T16:53:04.466Z
71019438,Football,2026-05-13 21:00,Lazio Rome,Inter Milano,Italy - Coppa Italia,Bet365,Player Tackles,Mattia Mosconi (2),,,,4.333,,,,2.5,"{""label"": ""Mattia Mosconi (2)"", ""hdp"": 2.5, ""over"": ""4.333""}",2026-05-13T16:53:04.466Z
71019438,Football,2026-05-13 21:00,Lazio Rome,Inter Milano,Italy - Coppa Italia,Bet365,Player Tackles,Carlos Augusto (2),,,,2.750,,,,2.5,"{""label"": ""Carlos Augusto (2)"", ""hdp"": 2.5, ""over"": ""2.750""}",2026-05-13T16:53:04.466Z
71019438,Football,2026-05-13 21:00,Lazio Rome,Inter Milano,Italy - Coppa Italia,Bet365,Player Tackles,Petar Sucic (2),,,,2.625,,,,2.5,"{""label"": ""Petar Sucic (2)"", ""hdp"": 2.5, ""over"": ""2.625""}",2026-05-13T16:53:04.466Z
71019438,Football,2026-05-13 21:00,Lazio Rome,Inter Milano,Italy - Coppa Italia,Bet365,Player Tackles,Piotr Zielinski (2),,,,5.500,,,,2.5,"{""label"": ""Piotr Zielinski (2)"", ""hdp"": 2.5, ""over"": ""5.500""}",2026-05-13T16:53:04.466Z
71019438,Football,2026-05-13 21:00,Lazio Rome,Inter Milano,Italy - Coppa Italia,Bet365,Player Tackles,Stefan de Vrij (2),,,,7.000,,,,2.5,"{""label"": ""Stefan de Vrij (2)"", ""hdp"": 2.5, ""over"": ""7.000""}",2026-05-13T16:53:04.466Z
71019438,Football,2026-05-13 21:00,Lazio Rome,Inter Milano,Italy - Coppa Italia,Bet365,Player Tackles,Yann Aurel Bisseck (2),,,,4.500,,,,2.5,"{""label"": ""Yann Aurel Bisseck (2)"", ""hdp"": 2.5, ""over"": ""4.500""}",2026-05-13T16:53:04.466Z
71019438,Football,2026-05-13 21:00,Lazio Rome,Inter Milano,Italy - Coppa Italia,Bet365,Player Tackles,Adrian Przyborek (1),,,,8.500,,,,3.5,"{""label"": ""Adrian Przyborek (1)"", ""hdp"": 3.5, ""over"": ""8.500""}",2026-05-13T16:53:04.466Z
71019438,Football,2026-05-13 21:00,Lazio Rome,Inter Milano,Italy - Coppa Italia,Bet365,Player Tackles,Elseid Hysaj (1),,,,5.500,,,,3.5,"{""label"": ""Elseid Hysaj (1)"", ""hdp"": 3.5, ""over"": ""5.500""}",2026-05-13T16:53:04.466Z
71019438,Football,2026-05-13 21:00,Lazio Rome,Inter Milano,Italy - Coppa Italia,Bet365,Player Tackles,Fisayo Dele-Bashiru (1),,,,8.500,,,,3.5,"{""label"": ""Fisayo Dele-Bashiru (1)"", ""hdp"": 3.5, ""over"": ""8.500""}",2026-05-13T16:53:04.466Z
71019438,Football,2026-05-13 21:00,Lazio Rome,Inter Milano,Italy - Coppa Italia,Bet365,Player Tackles,Luca Pellegrini (1),,,,6.000,,,,3.5,"{""label"": ""Luca Pellegrini (1)"", ""hdp"": 3.5, ""over"": ""6.000""}",2026-05-13T16:53:04.466Z
71019438,Football,2026-05-13 21:00,Lazio Rome,Inter Milano,Italy - Coppa Italia,Bet365,Player Tackles,Manuel Lazzari (1),,,,8.500,,,,3.5,"{""label"": ""Manuel Lazzari (1)"", ""hdp"": 3.5, ""over"": ""8.500""}",2026-05-13T16:53:04.466Z
71019438,Football,2026-05-13 21:00,Lazio Rome,Inter Milano,Italy - Coppa Italia,Bet365,Player Tackles,Mario Gila (1),,,,6.500,,,,3.5,"{""label"": ""Mario Gila (1)"", ""hdp"": 3.5, ""over"": ""6.500""}",2026-05-13T16:53:04.466Z
71019438,Football,2026-05-13 21:00,Lazio Rome,Inter Milano,Italy - Coppa Italia,Bet365,Player Tackles,Matteo Cancellieri (1),,,,5.000,,,,3.5,"{""label"": ""Matteo Cancellieri (1)"", ""hdp"": 3.5, ""over"": ""5.000""}",2026-05-13T16:53:04.466Z
71019438,Football,2026-05-13 21:00,Lazio Rome,Inter Milano,Italy - Coppa Italia,Bet365,Player Tackles,Mattia Zaccagni (1),,,,8.000,,,,3.5,"{""label"": ""Mattia Zaccagni (1)"", ""hdp"": 3.5, ""over"": ""8.000""}",2026-05-13T16:53:04.466Z
71019438,Football,2026-05-13 21:00,Lazio Rome,Inter Milano,Italy - Coppa Italia,Bet365,Player Tackles,Nicolo Rovella (1),,,,4.500,,,,3.5,"{""label"": ""Nicolo Rovella (1)"", ""hdp"": 3.5, ""over"": ""4.500""}",2026-05-13T16:53:04.466Z
71019438,Football,2026-05-13 21:00,Lazio Rome,Inter Milano,Italy - Coppa Italia,Bet365,Player Tackles,Nuno Tavares (1),,,,6.000,,,,3.5,"{""label"": ""Nuno Tavares (1)"", ""hdp"": 3.5, ""over"": ""6.000""}",2026-05-13T16:53:04.466Z
71019438,Football,2026-05-13 21:00,Lazio Rome,Inter Milano,Italy - Coppa Italia,Bet365,Player Tackles,Reda Belahyane (1),,,,5.000,,,,3.5,"{""label"": ""Reda Belahyane (1)"", ""hdp"": 3.5, ""over"": ""5.000""}",2026-05-13T16:53:04.466Z
71019438,Football,2026-05-13 21:00,Lazio Rome,Inter Milano,Italy - Coppa Italia,Bet365,Player Tackles,Pedro (1),,,,8.000,,,,3.5,"{""label"": ""Pedro (1)"", ""hdp"": 3.5, ""over"": ""8.000""}",2026-05-13T16:53:04.466Z
71019438,Football,2026-05-13 21:00,Lazio Rome,Inter Milano,Italy - Coppa Italia,Bet365,Player Tackles,Tijjani Noslin (1),,,,8.500,,,,3.5,"{""label"": ""Tijjani Noslin (1)"", ""hdp"": 3.5, ""over"": ""8.500""}",2026-05-13T16:53:04.466Z
71019438,Football,2026-05-13 21:00,Lazio Rome,Inter Milano,Italy - Coppa Italia,Bet365,Player Tackles,Toma Basic (1),,,,8.500,,,,3.5,"{""label"": ""Toma Basic (1)"", ""hdp"": 3.5, ""over"": ""8.500""}",2026-05-13T16:53:04.466Z
71019438,Football,2026-05-13 21:00,Lazio Rome,Inter Milano,Italy - Coppa Italia,Bet365,Player Tackles,Alessandro Bastoni (2),,,,4.333,,,,3.5,"{""label"": ""Alessandro Bastoni (2)"", ""hdp"": 3.5, ""over"": ""4.333""}",2026-05-13T16:53:04.466Z
71019438,Football,2026-05-13 21:00,Lazio Rome,Inter Milano,Italy - Coppa Italia,Bet365,Player Tackles,Andy Diouf (2),,,,8.500,,,,3.5,"{""label"": ""Andy Diouf (2)"", ""hdp"": 3.5, ""over"": ""8.500""}",2026-05-13T16:53:04.466Z
71019438,Football,2026-05-13 21:00,Lazio Rome,Inter Milano,Italy - Coppa Italia,Bet365,Player Tackles,Denzel Dumfries (2),,,,6.500,,,,3.5,"{""label"": ""Denzel Dumfries (2)"", ""hdp"": 3.5, ""over"": ""6.500""}",2026-05-13T16:53:04.466Z
71019438,Football,2026-05-13 21:00,Lazio Rome,Inter Milano,Italy - Coppa Italia,Bet365,Player Tackles,Federico Dimarco (2),,,,5.500,,,,3.5,"{""label"": ""Federico Dimarco (2)"", ""hdp"": 3.5, ""over"": ""5.500""}",2026-05-13T16:53:04.466Z
71019438,Football,2026-05-13 21:00,Lazio Rome,Inter Milano,Italy - Coppa Italia,Bet365,Player Tackles,Hakan Calhanoglu (2),,,,6.000,,,,3.5,"{""label"": ""Hakan Calhanoglu (2)"", ""hdp"": 3.5, ""over"": ""6.000""}",2026-05-13T16:53:04.466Z
71019438,Football,2026-05-13 21:00,Lazio Rome,Inter Milano,Italy - Coppa Italia,Bet365,Player Tackles,Henrikh Mkhitaryan (2),,,,5.500,,,,3.5,"{""label"": ""Henrikh Mkhitaryan (2)"", ""hdp"": 3.5, ""over"": ""5.500""}",2026-05-13T16:53:04.466Z
71019438,Football,2026-05-13 21:00,Lazio Rome,Inter Milano,Italy - Coppa Italia,Bet365,Player Tackles,Manuel Akanji (2),,,,7.500,,,,3.5,"{""label"": ""Manuel Akanji (2)"", ""hdp"": 3.5, ""over"": ""7.500""}",2026-05-13T16:53:04.466Z
71019438,Football,2026-05-13 21:00,Lazio Rome,Inter Milano,Italy - Coppa Italia,Bet365,Player Tackles,Marcus Thuram (2),,,,8.500,,,,3.5,"{""label"": ""Marcus Thuram (2)"", ""hdp"": 3.5, ""over"": ""8.500""}",2026-05-13T16:53:04.466Z
71019438,Football,2026-05-13 21:00,Lazio Rome,Inter Milano,Italy - Coppa Italia,Bet365,Player Tackles,Matteo Cocchi (2),,,,6.500,,,,3.5,"{""label"": ""Matteo Cocchi (2)"", ""hdp"": 3.5, ""over"": ""6.500""}",2026-05-13T16:53:04.466Z
71019438,Football,2026-05-13 21:00,Lazio Rome,Inter Milano,Italy - Coppa Italia,Bet365,Player Tackles,Matteo Darmian (2),,,,7.000,,,,3.5,"{""label"": ""Matteo Darmian (2)"", ""hdp"": 3.5, ""over"": ""7.000""}",2026-05-13T16:53:04.466Z
71019438,Football,2026-05-13 21:00,Lazio Rome,Inter Milano,Italy - Coppa Italia,Bet365,Player Tackles,Mattia Mosconi (2),,,,8.500,,,,3.5,"{""label"": ""Mattia Mosconi (2)"", ""hdp"": 3.5, ""over"": ""8.500""}",2026-05-13T16:53:04.466Z
71019438,Football,2026-05-13 21:00,Lazio Rome,Inter Milano,Italy - Coppa Italia,Bet365,Player Tackles,Carlos Augusto (2),,,,5.500,,,,3.5,"{""label"": ""Carlos Augusto (2)"", ""hdp"": 3.5, ""over"": ""5.500""}",2026-05-13T16:53:04.466Z
71019438,Football,2026-05-13 21:00,Lazio Rome,Inter Milano,Italy - Coppa Italia,Bet365,Player Tackles,Nicolo Barella (2),,,,5.000,,,,3.5,"{""label"": ""Nicolo Barella (2)"", ""hdp"": 3.5, ""over"": ""5.000""}",2026-05-13T16:53:04.466Z
71019438,Football,2026-05-13 21:00,Lazio Rome,Inter Milano,Italy - Coppa Italia,Bet365,Player Tackles,Petar Sucic (2),,,,4.500,,,,3.5,"{""label"": ""Petar Sucic (2)"", ""hdp"": 3.5, ""over"": ""4.500""}",2026-05-13T16:53:04.466Z
71019438,Football,2026-05-13 21:00,Lazio Rome,Inter Milano,Italy - Coppa Italia,Bet365,Player Tackles,Matteo Cancellieri (1),,,,8.500,,,,4.5,"{""label"": ""Matteo Cancellieri (1)"", ""hdp"": 4.5, ""over"": ""8.500""}",2026-05-13T16:53:04.466Z
71019438,Football,2026-05-13 21:00,Lazio Rome,Inter Milano,Italy - Coppa Italia,Bet365,Player Tackles,Nicolo Rovella (1),,,,8.500,,,,4.5,"{""label"": ""Nicolo Rovella (1)"", ""hdp"": 4.5, ""over"": ""8.500""}",2026-05-13T16:53:04.466Z
71019438,Football,2026-05-13 21:00,Lazio Rome,Inter Milano,Italy - Coppa Italia,Bet365,Player Tackles,Reda Belahyane (1),,,,8.500,,,,4.5,"{""label"": ""Reda Belahyane (1)"", ""hdp"": 4.5, ""over"": ""8.500""}",2026-05-13T16:53:04.466Z
71019438,Football,2026-05-13 21:00,Lazio Rome,Inter Milano,Italy - Coppa Italia,Bet365,Player Tackles,Alessandro Bastoni (2),,,,8.000,,,,4.5,"{""label"": ""Alessandro Bastoni (2)"", ""hdp"": 4.5, ""over"": ""8.000""}",2026-05-13T16:53:04.466Z
71019438,Football,2026-05-13 21:00,Lazio Rome,Inter Milano,Italy - Coppa Italia,Bet365,Player Tackles,Petar Sucic (2),,,,8.500,,,,4.5,"{""label"": ""Petar Sucic (2)"", ""hdp"": 4.5, ""over"": ""8.500""}",2026-05-13T16:53:04.466Z
71019438,Football,2026-05-13 21:00,Lazio Rome,Inter Milano,Italy - Coppa Italia,Bet365,Player Tackles,Adrian Przyborek (1),,,,1.250,,,,0.5,"{""label"": ""Adrian Przyborek (1)"", ""hdp"": 0.5, ""over"": ""1.250""}",2026-05-13T16:53:04.466Z
71019438,Football,2026-05-13 21:00,Lazio Rome,Inter Milano,Italy - Coppa Italia,Bet365,Player Tackles,Fisayo Dele-Bashiru (1),,,,1.250,,,,0.5,"{""label"": ""Fisayo Dele-Bashiru (1)"", ""hdp"": 0.5, ""over"": ""1.250""}",2026-05-13T16:53:04.466Z
71019438,Football,2026-05-13 21:00,Lazio Rome,Inter Milano,Italy - Coppa Italia,Bet365,Player Tackles,Manuel Lazzari (1),,,,1.250,,,,0.5,"{""label"": ""Manuel Lazzari (1)"", ""hdp"": 0.5, ""over"": ""1.250""}",2026-05-13T16:53:04.466Z
71019438,Football,2026-05-13 21:00,Lazio Rome,Inter Milano,Italy - Coppa Italia,Bet365,Player Tackles,Toma Basic (1),,,,1.250,,,,0.5,"{""label"": ""Toma Basic (1)"", ""hdp"": 0.5, ""over"": ""1.250""}",2026-05-13T16:53:04.466Z
71019438,Football,2026-05-13 21:00,Lazio Rome,Inter Milano,Italy - Coppa Italia,Bet365,Player Tackles,Elseid Hysaj (1),,,,1.666,,,,1.5,"{""label"": ""Elseid Hysaj (1)"", ""hdp"": 1.5, ""over"": ""1.666""}",2026-05-13T16:53:04.466Z
71019438,Football,2026-05-13 21:00,Lazio Rome,Inter Milano,Italy - Coppa Italia,Bet365,Player Tackles,Alessandro Bastoni (2),,,,2.250,,,,2.5,"{""label"": ""Alessandro Bastoni (2)"", ""hdp"": 2.5, ""over"": ""2.250""}",2026-05-13T16:53:04.466Z
71019438,Football,2026-05-13 21:00,Lazio Rome,Inter Milano,Italy - Coppa Italia,Bet365,Player Tackles,Nicolo Barella (2),,,,2.625,,,,2.5,"{""label"": ""Nicolo Barella (2)"", ""hdp"": 2.5, ""over"": ""2.625""}",2026-05-13T16:53:04.466Z
71019438,Football,2026-05-13 21:00,Lazio Rome,Inter Milano,Italy - Coppa Italia,Bet365,Player Tackles,Hakan Calhanoglu (2),,,,3.250,,,,2.5,"{""label"": ""Hakan Calhanoglu (2)"", ""hdp"": 2.5, ""over"": ""3.250""}",2026-05-13T16:53:04.466Z
71019438,Football,2026-05-13 21:00,Lazio Rome,Inter Milano,Italy - Coppa Italia,Bet365,Team Shots on Target Away,,,,,2.100,1.666,,,5.5,"{""hdp"": 5.5, ""over"": ""2.100"", ""under"": ""1.666""}",2026-05-11T13:39:49.413Z
71019438,Football,2026-05-13 21:00,Lazio Rome,Inter Milano,Italy - Coppa Italia,Bet365,Team Corners Away,,,,,2.100,1.666,,,5.5,"{""hdp"": 5.5, ""over"": ""2.100"", ""under"": ""1.666""}",2026-05-13T06:08:30.557Z
71019438,Football,2026-05-13 21:00,Lazio Rome,Inter Milano,Italy - Coppa Italia,Bet365,Team Shots Home,,,,,1.909,1.800,,,10.5,"{""hdp"": 10.5, ""over"": ""1.909"", ""under"": ""1.800""}",2026-05-10T21:53:11.988Z
71019438,Football,2026-05-13 21:00,Lazio Rome,Inter Milano,Italy - Coppa Italia,Bet365,Team Shots Away,,,,,1.833,1.833,,,14.5,"{""hdp"": 14.5, ""over"": ""1.833"", ""under"": ""1.833""}",2026-05-13T16:32:32.373Z
71019438,Football,2026-05-13 21:00,Lazio Rome,Inter Milano,Italy - Coppa Italia,Bet365,Both Teams To Score 2H,,,,,,,3.750,1.250,,"{""yes"": ""3.750"", ""no"": ""1.250""}",2026-05-13T08:07:34.23Z
71019438,Football,2026-05-13 21:00,Lazio Rome,Inter Milano,Italy - Coppa Italia,Bet365,Team Cards Home,,,,,2.100,1.666,,,2.5,"{""hdp"": 2.5, ""over"": ""2.100"", ""under"": ""1.666""}",2026-05-13T16:43:56.446Z
71019438,Football,2026-05-13 21:00,Lazio Rome,Inter Milano,Italy - Coppa Italia,Bet365,Correct Score,3-1,,,,,,,,,"{""label"": ""3-1"", ""odds"": ""41.000""}",2026-05-13T17:04:49.618Z
71019438,Football,2026-05-13 21:00,Lazio Rome,Inter Milano,Italy - Coppa Italia,Bet365,Correct Score,3-2,,,,,,,,,"{""label"": ""3-2"", ""odds"": ""41.000""}",2026-05-13T17:04:49.618Z
71019438,Football,2026-05-13 21:00,Lazio Rome,Inter Milano,Italy - Coppa Italia,Bet365,Correct Score,1-0,,,,,,,,,"{""label"": ""1-0"", ""odds"": ""13.000""}",2026-05-13T17:04:49.618Z
71019438,Football,2026-05-13 21:00,Lazio Rome,Inter Milano,Italy - Coppa Italia,Bet365,Correct Score,2-0,,,,,,,,,"{""label"": ""2-0"", ""odds"": ""26.000""}",2026-05-13T17:04:49.618Z
71019438,Football,2026-05-13 21:00,Lazio Rome,Inter Milano,Italy - Coppa Italia,Bet365,Correct Score,5-0,,,,,,,,,"{""label"": ""5-0"", ""odds"": ""51.000""}",2026-05-13T17:04:49.618Z
71019438,Football,2026-05-13 21:00,Lazio Rome,Inter Milano,Italy - Coppa Italia,Bet365,Correct Score,1-1,,,,,,,,,"{""label"": ""1-1"", ""odds"": ""7.000""}",2026-05-13T17:04:49.618Z
71019438,Football,2026-05-13 21:00,Lazio Rome,Inter Milano,Italy - Coppa Italia,Bet365,Correct Score,4-2,,,,,,,,,"{""label"": ""4-2"", ""odds"": ""126.000""}",2026-05-13T17:04:49.618Z
71019438,Football,2026-05-13 21:00,Lazio Rome,Inter Milano,Italy - Coppa Italia,Bet365,Correct Score,5-2,,,,,,,,,"{""label"": ""5-2"", ""odds"": ""501.000""}",2026-05-13T17:04:49.618Z
71019438,Football,2026-05-13 21:00,Lazio Rome,Inter Milano,Italy - Coppa Italia,Bet365,Correct Score,7-0,,,,,,,,,"{""label"": ""7-0"", ""odds"": ""351.000""}",2026-05-13T17:04:49.618Z
71019438,Football,2026-05-13 21:00,Lazio Rome,Inter Milano,Italy - Coppa Italia,Bet365,Correct Score,7-1,,,,,,,,,"{""label"": ""7-1"", ""odds"": ""401.000""}",2026-05-13T17:04:49.618Z
71019438,Football,2026-05-13 21:00,Lazio Rome,Inter Milano,Italy - Coppa Italia,Bet365,Correct Score,2-1,,,,,,,,,"{""label"": ""2-1"", ""odds"": ""17.000""}",2026-05-13T17:04:49.618Z
71019438,Football,2026-05-13 21:00,Lazio Rome,Inter Milano,Italy - Coppa Italia,Bet365,Correct Score,4-0,,,,,,,,,"{""label"": ""4-0"", ""odds"": ""151.000""}",2026-05-13T17:04:49.618Z
71019438,Football,2026-05-13 21:00,Lazio Rome,Inter Milano,Italy - Coppa Italia,Bet365,Correct Score,4-1,,,,,,,,,"{""label"": ""4-1"", ""odds"": ""101.000""}",2026-05-13T17:04:49.618Z
71019438,Football,2026-05-13 21:00,Lazio Rome,Inter Milano,Italy - Coppa Italia,Bet365,Correct Score,3-0,,,,,,,,,"{""label"": ""3-0"", ""odds"": ""51.000""}",2026-05-13T17:04:49.618Z
71019438,Football,2026-05-13 21:00,Lazio Rome,Inter Milano,Italy - Coppa Italia,Bet365,Correct Score,3-3,,,,,,,,,"{""label"": ""3-3"", ""odds"": ""51.000""}",2026-05-13T17:04:49.618Z
71019438,Football,2026-05-13 21:00,Lazio Rome,Inter Milano,Italy - Coppa Italia,Bet365,Correct Score,6-1,,,,,,,,,"{""label"": ""6-1"", ""odds"": ""126.000""}",2026-05-13T17:04:49.618Z
71019438,Football,2026-05-13 21:00,Lazio Rome,Inter Milano,Italy - Coppa Italia,Bet365,Correct Score,4-3,,,,,,,,,"{""label"": ""4-3"", ""odds"": ""151.000""}",2026-05-13T17:04:49.618Z
71019438,Football,2026-05-13 21:00,Lazio Rome,Inter Milano,Italy - Coppa Italia,Bet365,Correct Score,5-1,,,,,,,,,"{""label"": ""5-1"", ""odds"": ""401.000""}",2026-05-13T17:04:49.618Z
71019438,Football,2026-05-13 21:00,Lazio Rome,Inter Milano,Italy - Coppa Italia,Bet365,Correct Score,6-0,,,,,,,,,"{""label"": ""6-0"", ""odds"": ""126.000""}",2026-05-13T17:04:49.618Z
71019438,Football,2026-05-13 21:00,Lazio Rome,Inter Milano,Italy - Coppa Italia,Bet365,Correct Score,2-2,,,,,,,,,"{""label"": ""2-2"", ""odds"": ""17.000""}",2026-05-13T17:04:49.618Z
71019438,Football,2026-05-13 21:00,Lazio Rome,Inter Milano,Italy - Coppa Italia,Bet365,Correct Score,5-3,,,,,,,,,"{""label"": ""5-3"", ""odds"": ""251.000""}",2026-05-13T17:04:49.618Z
71019438,Football,2026-05-13 21:00,Lazio Rome,Inter Milano,Italy - Coppa Italia,Bet365,Correct Score,6-2,,,,,,,,,"{""label"": ""6-2"", ""odds"": ""251.000""}",2026-05-13T17:04:49.618Z
71019438,Football,2026-05-13 21:00,Lazio Rome,Inter Milano,Italy - Coppa Italia,Bet365,Correct Score,0-0,,,,,,,,,"{""label"": ""0-0"", ""odds"": ""9.500""}",2026-05-13T17:04:49.618Z
71019438,Football,2026-05-13 21:00,Lazio Rome,Inter Milano,Italy - Coppa Italia,Bet365,Correct Score,4-4,,,,,,,,,"{""label"": ""4-4"", ""odds"": ""301.000""}",2026-05-13T17:04:49.618Z
71019438,Football,2026-05-13 21:00,Lazio Rome,Inter Milano,Italy - Coppa Italia,Bet365,Player Cards,Nicolo Rovella (1),,,,2.200,,,,,"{""label"": ""Nicolo Rovella (1)"", ""over"": ""2.200""}",2026-05-13T16:32:32.373Z
71019438,Football,2026-05-13 21:00,Lazio Rome,Inter Milano,Italy - Coppa Italia,Bet365,Player Cards,Alessio Romagnoli (1),,,,2.500,,,,,"{""label"": ""Alessio Romagnoli (1)"", ""over"": ""2.500""}",2026-05-13T16:32:32.373Z
71019438,Football,2026-05-13 21:00,Lazio Rome,Inter Milano,Italy - Coppa Italia,Bet365,Player Cards,Matteo Cancellieri (1),,,,2.200,,,,,"{""label"": ""Matteo Cancellieri (1)"", ""over"": ""2.200""}",2026-05-13T16:32:32.373Z
71019438,Football,2026-05-13 21:00,Lazio Rome,Inter Milano,Italy - Coppa Italia,Bet365,Player Cards,Toma Basic (1),,,,2.200,,,,,"{""label"": ""Toma Basic (1)"", ""over"": ""2.200""}",2026-05-13T16:32:32.373Z
71019438,Football,2026-05-13 21:00,Lazio Rome,Inter Milano,Italy - Coppa Italia,Bet365,Player Cards,Daniel Maldini (1),,,,2.875,,,,,"{""label"": ""Daniel Maldini (1)"", ""over"": ""2.875""}",2026-05-13T16:32:32.373Z
71019438,Football,2026-05-13 21:00,Lazio Rome,Inter Milano,Italy - Coppa Italia,Bet365,Player Cards,Henrikh Mkhitaryan (2),,,,3.250,,,,,"{""label"": ""Henrikh Mkhitaryan (2)"", ""over"": ""3.250""}",2026-05-13T16:32:32.373Z
71019438,Football,2026-05-13 21:00,Lazio Rome,Inter Milano,Italy - Coppa Italia,Bet365,Player Cards,Luca Pellegrini (1),,,,2.500,,,,,"{""label"": ""Luca Pellegrini (1)"", ""over"": ""2.500""}",2026-05-13T16:32:32.373Z
71019438,Football,2026-05-13 21:00,Lazio Rome,Inter Milano,Italy - Coppa Italia,Bet365,Player Cards,Manuel Lazzari (1),,,,2.750,,,,,"{""label"": ""Manuel Lazzari (1)"", ""over"": ""2.750""}",2026-05-13T16:32:32.373Z
71019438,Football,2026-05-13 21:00,Lazio Rome,Inter Milano,Italy - Coppa Italia,Bet365,Player Cards,Mattia Zaccagni (1),,,,2.875,,,,,"{""label"": ""Mattia Zaccagni (1)"", ""over"": ""2.875""}",2026-05-13T16:32:32.373Z
71019438,Football,2026-05-13 21:00,Lazio Rome,Inter Milano,Italy - Coppa Italia,Bet365,Player Cards,Oliver Provstgaard (1),,,,2.875,,,,,"{""label"": ""Oliver Provstgaard (1)"", ""over"": ""2.875""}",2026-05-13T16:32:32.373Z
71019438,Football,2026-05-13 21:00,Lazio Rome,Inter Milano,Italy - Coppa Italia,Bet365,Player Cards,Reda Belahyane (1),,,,2.500,,,,,"{""label"": ""Reda Belahyane (1)"", ""over"": ""2.500""}",2026-05-13T16:32:32.373Z
71019438,Football,2026-05-13 21:00,Lazio Rome,Inter Milano,Italy - Coppa Italia,Bet365,Player Cards,Samuel Gigot (1),,,,2.750,,,,,"{""label"": ""Samuel Gigot (1)"", ""over"": ""2.750""}",2026-05-13T16:32:32.373Z
71019438,Football,2026-05-13 21:00,Lazio Rome,Inter Milano,Italy - Coppa Italia,Bet365,Player Cards,Adam Marusic (1),,,,3.250,,,,,"{""label"": ""Adam Marusic (1)"", ""over"": ""3.250""}",2026-05-13T16:32:32.373Z
71019438,Football,2026-05-13 21:00,Lazio Rome,Inter Milano,Italy - Coppa Italia,Bet365,Player Cards,Adrian Przyborek (1),,,,3.600,,,,,"{""label"": ""Adrian Przyborek (1)"", ""over"": ""3.600""}",2026-05-13T16:32:32.373Z
71019438,Football,2026-05-13 21:00,Lazio Rome,Inter Milano,Italy - Coppa Italia,Bet365,Player Cards,Danilo Cataldi (1),,,,3.600,,,,,"{""label"": ""Danilo Cataldi (1)"", ""over"": ""3.600""}",2026-05-13T16:32:32.373Z
71019438,Football,2026-05-13 21:00,Lazio Rome,Inter Milano,Italy - Coppa Italia,Bet365,Player Cards,Denzel Dumfries (2),,,,3.000,,,,,"{""label"": ""Denzel Dumfries (2)"", ""over"": ""3.000""}",2026-05-13T16:32:32.373Z
71019438,Football,2026-05-13 21:00,Lazio Rome,Inter Milano,Italy - Coppa Italia,Bet365,Player Cards,Fisayo Dele-Bashiru (1),,,,3.600,,,,,"{""label"": ""Fisayo Dele-Bashiru (1)"", ""over"": ""3.600""}",2026-05-13T16:32:32.373Z
71019438,Football,2026-05-13 21:00,Lazio Rome,Inter Milano,Italy - Coppa Italia,Bet365,Player Cards,Gabarron Patric Gil (1),,,,3.600,,,,,"{""label"": ""Gabarron Patric Gil (1)"", ""over"": ""3.600""}",2026-05-13T16:32:32.373Z
71019438,Football,2026-05-13 21:00,Lazio Rome,Inter Milano,Italy - Coppa Italia,Bet365,Player Cards,Gustav Isaksen (1),,,,3.250,,,,,"{""label"": ""Gustav Isaksen (1)"", ""over"": ""3.250""}",2026-05-13T16:32:32.373Z
71019438,Football,2026-05-13 21:00,Lazio Rome,Inter Milano,Italy - Coppa Italia,Bet365,Player Cards,Hakan Calhanoglu (2),,,,3.250,,,,,"{""label"": ""Hakan Calhanoglu (2)"", ""over"": ""3.250""}",2026-05-13T16:32:32.373Z
71019438,Football,2026-05-13 21:00,Lazio Rome,Inter Milano,Italy - Coppa Italia,Bet365,Player Cards,Kenneth Taylor (1),,,,3.250,,,,,"{""label"": ""Kenneth Taylor (1)"", ""over"": ""3.250""}",2026-05-13T16:32:32.373Z
71019438,Football,2026-05-13 21:00,Lazio Rome,Inter Milano,Italy - Coppa Italia,Bet365,Player Cards,Mario Gila (1),,,,3.250,,,,,"{""label"": ""Mario Gila (1)"", ""over"": ""3.250""}",2026-05-13T16:32:32.373Z
71019438,Football,2026-05-13 21:00,Lazio Rome,Inter Milano,Italy - Coppa Italia,Bet365,Player Cards,Matteo Cocchi (2),,,,2.875,,,,,"{""label"": ""Matteo Cocchi (2)"", ""over"": ""2.875""}",2026-05-13T16:32:32.373Z
71019438,Football,2026-05-13 21:00,Lazio Rome,Inter Milano,Italy - Coppa Italia,Bet365,Player Cards,Nicolo Barella (2),,,,3.250,,,,,"{""label"": ""Nicolo Barella (2)"", ""over"": ""3.250""}",2026-05-13T16:32:32.373Z
71019438,Football,2026-05-13 21:00,Lazio Rome,Inter Milano,Italy - Coppa Italia,Bet365,Player Cards,Nuno Tavares (1),,,,3.250,,,,,"{""label"": ""Nuno Tavares (1)"", ""over"": ""3.250""}",2026-05-13T16:32:32.373Z
71019438,Football,2026-05-13 21:00,Lazio Rome,Inter Milano,Italy - Coppa Italia,Bet365,Player Cards,Yann Aurel Bisseck (2),,,,4.000,,,,,"{""label"": ""Yann Aurel Bisseck (2)"", ""over"": ""4.000""}",2026-05-13T16:32:32.373Z
71019438,Football,2026-05-13 21:00,Lazio Rome,Inter Milano,Italy - Coppa Italia,Bet365,Player Cards,Ange Bonny (2),,,,4.000,,,,,"{""label"": ""Ange Bonny (2)"", ""over"": ""4.000""}",2026-05-13T16:32:32.373Z
71019438,Football,2026-05-13 21:00,Lazio Rome,Inter Milano,Italy - Coppa Italia,Bet365,Player Cards,Francesco Esposito (2),,,,3.600,,,,,"{""label"": ""Francesco Esposito (2)"", ""over"": ""3.600""}",2026-05-13T16:32:32.373Z
71019438,Football,2026-05-13 21:00,Lazio Rome,Inter Milano,Italy - Coppa Italia,Bet365,Player Cards,Lautaro Martinez (2),,,,4.000,,,,,"{""label"": ""Lautaro Martinez (2)"", ""over"": ""4.000""}",2026-05-13T16:32:32.373Z
71019438,Football,2026-05-13 21:00,Lazio Rome,Inter Milano,Italy - Coppa Italia,Bet365,Player Cards,Manuel Akanji (2),,,,4.000,,,,,"{""label"": ""Manuel Akanji (2)"", ""over"": ""4.000""}",2026-05-13T16:32:32.373Z
71019438,Football,2026-05-13 21:00,Lazio Rome,Inter Milano,Italy - Coppa Italia,Bet365,Player Cards,Marcus Thuram (2),,,,4.000,,,,,"{""label"": ""Marcus Thuram (2)"", ""over"": ""4.000""}",2026-05-13T16:32:32.373Z
71019438,Football,2026-05-13 21:00,Lazio Rome,Inter Milano,Italy - Coppa Italia,Bet365,Player Cards,Mattia Mosconi (2),,,,4.000,,,,,"{""label"": ""Mattia Mosconi (2)"", ""over"": ""4.000""}",2026-05-13T16:32:32.373Z
71019438,Football,2026-05-13 21:00,Lazio Rome,Inter Milano,Italy - Coppa Italia,Bet365,Player Cards,Petar Sucic (2),,,,3.600,,,,,"{""label"": ""Petar Sucic (2)"", ""over"": ""3.600""}",2026-05-13T16:32:32.373Z
71019438,Football,2026-05-13 21:00,Lazio Rome,Inter Milano,Italy - Coppa Italia,Bet365,Player Cards,Alessandro Bastoni (2),,,,3.000,,,,,"{""label"": ""Alessandro Bastoni (2)"", ""over"": ""3.000""}",2026-05-13T16:32:32.373Z
71019438,Football,2026-05-13 21:00,Lazio Rome,Inter Milano,Italy - Coppa Italia,Bet365,Player Cards,Andy Diouf (2),,,,5.000,,,,,"{""label"": ""Andy Diouf (2)"", ""over"": ""5.000""}",2026-05-13T16:32:32.373Z
71019438,Football,2026-05-13 21:00,Lazio Rome,Inter Milano,Italy - Coppa Italia,Bet365,Player Cards,Boulaye Dia (1),,,,6.000,,,,,"{""label"": ""Boulaye Dia (1)"", ""over"": ""6.000""}",2026-05-13T16:32:32.373Z
71019438,Football,2026-05-13 21:00,Lazio Rome,Inter Milano,Italy - Coppa Italia,Bet365,Player Cards,Davide Frattesi (2),,,,4.500,,,,,"{""label"": ""Davide Frattesi (2)"", ""over"": ""4.500""}",2026-05-13T16:32:32.373Z
71019438,Football,2026-05-13 21:00,Lazio Rome,Inter Milano,Italy - Coppa Italia,Bet365,Player Cards,Luis Henrique de Lima (2),,,,5.000,,,,,"{""label"": ""Luis Henrique de Lima (2)"", ""over"": ""5.000""}",2026-05-13T16:32:32.373Z
71019438,Football,2026-05-13 21:00,Lazio Rome,Inter Milano,Italy - Coppa Italia,Bet365,Player Cards,Edoardo Motta (1),,,,4.333,,,,,"{""label"": ""Edoardo Motta (1)"", ""over"": ""4.333""}",2026-05-13T16:32:32.373Z
71019438,Football,2026-05-13 21:00,Lazio Rome,Inter Milano,Italy - Coppa Italia,Bet365,Player Cards,Elseid Hysaj (1),,,,4.333,,,,,"{""label"": ""Elseid Hysaj (1)"", ""over"": ""4.333""}",2026-05-13T16:32:32.373Z
71019438,Football,2026-05-13 21:00,Lazio Rome,Inter Milano,Italy - Coppa Italia,Bet365,Player Cards,Federico Dimarco (2),,,,5.000,,,,,"{""label"": ""Federico Dimarco (2)"", ""over"": ""5.000""}",2026-05-13T16:32:32.373Z
71019438,Football,2026-05-13 21:00,Lazio Rome,Inter Milano,Italy - Coppa Italia,Bet365,Player Cards,Francesco Acerbi (2),,,,5.000,,,,,"{""label"": ""Francesco Acerbi (2)"", ""over"": ""5.000""}",2026-05-13T16:32:32.373Z
71019438,Football,2026-05-13 21:00,Lazio Rome,Inter Milano,Italy - Coppa Italia,Bet365,Player Cards,Matteo Darmian (2),,,,4.500,,,,,"{""label"": ""Matteo Darmian (2)"", ""over"": ""4.500""}",2026-05-13T16:32:32.373Z
71019438,Football,2026-05-13 21:00,Lazio Rome,Inter Milano,Italy - Coppa Italia,Bet365,Player Cards,Carlos Augusto (2),,,,5.500,,,,,"{""label"": ""Carlos Augusto (2)"", ""over"": ""5.500""}",2026-05-13T16:32:32.373Z
71019438,Football,2026-05-13 21:00,Lazio Rome,Inter Milano,Italy - Coppa Italia,Bet365,Player Cards,Petar Ratkov (1),,,,5.500,,,,,"{""label"": ""Petar Ratkov (1)"", ""over"": ""5.500""}",2026-05-13T16:32:32.373Z
71019438,Football,2026-05-13 21:00,Lazio Rome,Inter Milano,Italy - Coppa Italia,Bet365,Player Cards,Piotr Zielinski (2),,,,4.500,,,,,"{""label"": ""Piotr Zielinski (2)"", ""over"": ""4.500""}",2026-05-13T16:32:32.373Z
71019438,Football,2026-05-13 21:00,Lazio Rome,Inter Milano,Italy - Coppa Italia,Bet365,Player Cards,Pedro (1),,,,5.500,,,,,"{""label"": ""Pedro (1)"", ""over"": ""5.500""}",2026-05-13T16:32:32.373Z
71019438,Football,2026-05-13 21:00,Lazio Rome,Inter Milano,Italy - Coppa Italia,Bet365,Player Cards,Stefan de Vrij (2),,,,3.600,,,,,"{""label"": ""Stefan de Vrij (2)"", ""over"": ""3.600""}",2026-05-13T16:32:32.373Z
71019438,Football,2026-05-13 21:00,Lazio Rome,Inter Milano,Italy - Coppa Italia,Bet365,Player Cards,Tijjani Noslin (1),,,,4.750,,,,,"{""label"": ""Tijjani Noslin (1)"", ""over"": ""4.750""}",2026-05-13T16:32:32.373Z
71019438,Football,2026-05-13 21:00,Lazio Rome,Inter Milano,Italy - Coppa Italia,Bet365,Player Cards,Alessio Furlanetto (1),,,,5.500,,,,,"{""label"": ""Alessio Furlanetto (1)"", ""over"": ""5.500""}",2026-05-13T16:32:32.373Z
71019438,Football,2026-05-13 21:00,Lazio Rome,Inter Milano,Italy - Coppa Italia,Bet365,Player Cards,Giacomo Giacomone (1),,,,5.500,,,,,"{""label"": ""Giacomo Giacomone (1)"", ""over"": ""5.500""}",2026-05-13T16:32:32.373Z
71019438,Football,2026-05-13 21:00,Lazio Rome,Inter Milano,Italy - Coppa Italia,Bet365,Player Cards,Josep Martinez (2),,,,6.000,,,,,"{""label"": ""Josep Martinez (2)"", ""over"": ""6.000""}",2026-05-13T16:32:32.373Z
71019438,Football,2026-05-13 21:00,Lazio Rome,Inter Milano,Italy - Coppa Italia,Bet365,Player Cards,Raffaele Di Gennaro (2),,,,5.000,,,,,"{""label"": ""Raffaele Di Gennaro (2)"", ""over"": ""5.000""}",2026-05-13T16:32:32.373Z
71019438,Football,2026-05-13 21:00,Lazio Rome,Inter Milano,Italy - Coppa Italia,Bet365,Player Cards,Yann Sommer (2),,,,6.000,,,,,"{""label"": ""Yann Sommer (2)"", ""over"": ""6.000""}",2026-05-13T16:32:32.373Z
71019438,Football,2026-05-13 21:00,Lazio Rome,Inter Milano,Italy - Coppa Italia,Bet365,Corners Race,,2.500,,1.500,,,,,3,"{""hdp"": 3, ""home"": ""2.500"", ""away"": ""1.500""}",2026-05-13T05:40:30.261Z
71019438,Football,2026-05-13 21:00,Lazio Rome,Inter Milano,Italy - Coppa Italia,Bet365,Corners Race,,3.500,,1.833,,,,,5,"{""hdp"": 5, ""home"": ""3.500"", ""away"": ""1.833""}",2026-05-13T05:40:30.261Z
71019438,Football,2026-05-13 21:00,Lazio Rome,Inter Milano,Italy - Coppa Italia,Bet365,Corners Race,,7.500,,2.875,,,,,7,"{""hdp"": 7, ""home"": ""7.500"", ""away"": ""2.875""}",2026-05-13T05:40:30.261Z
71019438,Football,2026-05-13 21:00,Lazio Rome,Inter Milano,Italy - Coppa Italia,Bet365,Corners Race,,19.000,,6.500,,,,,9,"{""hdp"": 9, ""home"": ""19.000"", ""away"": ""6.500""}",2026-05-13T05:40:30.261Z
71019438,Football,2026-05-13 21:00,Lazio Rome,Inter Milano,Italy - Coppa Italia,Bet365,Goalkeeper Saves,Yann Sommer,,,,1.050,,,,0.5,"{""label"": ""Yann Sommer"", ""hdp"": 0.5, ""over"": ""1.050""}",2026-05-13T08:06:11.625Z
71019438,Football,2026-05-13 21:00,Lazio Rome,Inter Milano,Italy - Coppa Italia,Bet365,Goalkeeper Saves,Edoardo Motta,,,,11.000,,,,6.5,"{""label"": ""Edoardo Motta"", ""hdp"": 6.5, ""over"": ""11.000""}",2026-05-13T08:06:11.625Z
71019438,Football,2026-05-13 21:00,Lazio Rome,Inter Milano,Italy - Coppa Italia,Bet365,Goalkeeper Saves,Edoardo Motta,,,,1.363,,,,2.5,"{""label"": ""Edoardo Motta"", ""hdp"": 2.5, ""over"": ""1.363""}",2026-05-13T08:06:11.625Z
71019438,Football,2026-05-13 21:00,Lazio Rome,Inter Milano,Italy - Coppa Italia,Bet365,Goalkeeper Saves,Edoardo Motta,,,,5.500,,,,5.5,"{""label"": ""Edoardo Motta"", ""hdp"": 5.5, ""over"": ""5.500""}",2026-05-13T08:06:11.625Z
71019438,Football,2026-05-13 21:00,Lazio Rome,Inter Milano,Italy - Coppa Italia,Bet365,Goalkeeper Saves,Yann Sommer,,,,3.400,,,,3.5,"{""label"": ""Yann Sommer"", ""hdp"": 3.5, ""over"": ""3.400""}",2026-05-13T08:06:11.625Z
71019438,Football,2026-05-13 21:00,Lazio Rome,Inter Milano,Italy - Coppa Italia,Bet365,Goalkeeper Saves,Edoardo Motta,,,,1.100,,,,1.5,"{""label"": ""Edoardo Motta"", ""hdp"": 1.5, ""over"": ""1.100""}",2026-05-13T08:06:11.625Z
71019438,Football,2026-05-13 21:00,Lazio Rome,Inter Milano,Italy - Coppa Italia,Bet365,Goalkeeper Saves,Edoardo Motta,,,,1.833,,,,3.5,"{""label"": ""Edoardo Motta"", ""hdp"": 3.5, ""over"": ""1.833""}",2026-05-13T08:06:11.625Z
71019438,Football,2026-05-13 21:00,Lazio Rome,Inter Milano,Italy - Coppa Italia,Bet365,Goalkeeper Saves,Edoardo Motta,,,,3.000,,,,4.5,"{""label"": ""Edoardo Motta"", ""hdp"": 4.5, ""over"": ""3.000""}",2026-05-13T08:06:11.625Z
71019438,Football,2026-05-13 21:00,Lazio Rome,Inter Milano,Italy - Coppa Italia,Bet365,Goalkeeper Saves,Yann Sommer,,,,1.285,,,,1.5,"{""label"": ""Yann Sommer"", ""hdp"": 1.5, ""over"": ""1.285""}",2026-05-13T08:06:11.625Z
71019438,Football,2026-05-13 21:00,Lazio Rome,Inter Milano,Italy - Coppa Italia,Bet365,Goalkeeper Saves,Yann Sommer,,,,1.833,,,,2.5,"{""label"": ""Yann Sommer"", ""hdp"": 2.5, ""over"": ""1.833""}",2026-05-13T08:06:11.625Z
71019438,Football,2026-05-13 21:00,Lazio Rome,Inter Milano,Italy - Coppa Italia,Bet365,Goalkeeper Saves,Yann Sommer,,,,6.500,,,,4.5,"{""label"": ""Yann Sommer"", ""hdp"": 4.5, ""over"": ""6.500""}",2026-05-13T08:06:11.625Z
71019438,Football,2026-05-13 21:00,Lazio Rome,Inter Milano,Italy - Coppa Italia,Bet365,Goal Method,Mario Gila (Header) (1),,,,,26.000,,,,"{""label"": ""Mario Gila (Header) (1)"", ""under"": ""26.000""}",2026-05-13T17:51:46.649Z
71019438,Football,2026-05-13 21:00,Lazio Rome,Inter Milano,Italy - Coppa Italia,Bet365,Goal Method,Carlos Augusto (Header) (2),,,,,41.000,,,,"{""label"": ""Carlos Augusto (Header) (2)"", ""under"": ""41.000""}",2026-05-13T17:51:46.649Z
71019438,Football,2026-05-13 21:00,Lazio Rome,Inter Milano,Italy - Coppa Italia,Bet365,Goal Method,Kenneth Taylor (Header) (1),,,,,81.000,,,,"{""label"": ""Kenneth Taylor (Header) (1)"", ""under"": ""81.000""}",2026-05-13T17:51:46.649Z
71019438,Football,2026-05-13 21:00,Lazio Rome,Inter Milano,Italy - Coppa Italia,Bet365,Goal Method,Reda Belahyane (Header) (1),,,,,101.000,,,,"{""label"": ""Reda Belahyane (Header) (1)"", ""under"": ""101.000""}",2026-05-13T17:51:46.649Z
71019438,Football,2026-05-13 21:00,Lazio Rome,Inter Milano,Italy - Coppa Italia,Bet365,Goal Method,Mattia Zaccagni (Outside the Box) (1),,,,,34.000,,,,"{""label"": ""Mattia Zaccagni (Outside the Box) (1)"", ""under"": ""34.000""}",2026-05-13T17:51:46.649Z
71019438,Football,2026-05-13 21:00,Lazio Rome,Inter Milano,Italy - Coppa Italia,Bet365,Goal Method,Andy Diouf (Outside the Box) (2),,,,,17.000,,,,"{""label"": ""Andy Diouf (Outside the Box) (2)"", ""under"": ""17.000""}",2026-05-13T17:51:46.649Z
71019438,Football,2026-05-13 21:00,Lazio Rome,Inter Milano,Italy - Coppa Italia,Bet365,Goal Method,Toma Basic (Outside the Box) (1),,,,,23.000,,,,"{""label"": ""Toma Basic (Outside the Box) (1)"", ""under"": ""23.000""}",2026-05-13T17:51:46.649Z
71019438,Football,2026-05-13 21:00,Lazio Rome,Inter Milano,Italy - Coppa Italia,Bet365,Goal Method,Adrian Przyborek (Outside the Box) (1),,,,,23.000,,,,"{""label"": ""Adrian Przyborek (Outside the Box) (1)"", ""under"": ""23.000""}",2026-05-13T17:51:46.649Z
71019438,Football,2026-05-13 21:00,Lazio Rome,Inter Milano,Italy - Coppa Italia,Bet365,Goal Method,Fisayo Dele-Bashiru (Outside the Box) (1),,,,,23.000,,,,"{""label"": ""Fisayo Dele-Bashiru (Outside the Box) (1)"", ""under"": ""23.000""}",2026-05-13T17:51:46.649Z
71019438,Football,2026-05-13 21:00,Lazio Rome,Inter Milano,Italy - Coppa Italia,Bet365,Goal Method,Nuno Tavares (Outside the Box) (1),,,,,29.000,,,,"{""label"": ""Nuno Tavares (Outside the Box) (1)"", ""under"": ""29.000""}",2026-05-13T17:51:46.649Z
71019438,Football,2026-05-13 21:00,Lazio Rome,Inter Milano,Italy - Coppa Italia,Bet365,Goal Method,Nicolo Rovella (Outside the Box) (1),,,,,26.000,,,,"{""label"": ""Nicolo Rovella (Outside the Box) (1)"", ""under"": ""26.000""}",2026-05-13T17:51:46.649Z
71019438,Football,2026-05-13 21:00,Lazio Rome,Inter Milano,Italy - Coppa Italia,Bet365,Goal Method,Francesco Esposito (Header) (2),,,,,6.000,,,,"{""label"": ""Francesco Esposito (Header) (2)"", ""under"": ""6.000""}",2026-05-13T17:51:46.649Z
71019438,Football,2026-05-13 21:00,Lazio Rome,Inter Milano,Italy - Coppa Italia,Bet365,Goal Method,Lautaro Martinez (Header) (2),,,,,8.500,,,,"{""label"": ""Lautaro Martinez (Header) (2)"", ""under"": ""8.500""}",2026-05-13T17:51:46.649Z
71019438,Football,2026-05-13 21:00,Lazio Rome,Inter Milano,Italy - Coppa Italia,Bet365,Goal Method,Marcus Thuram (Header) (2),,,,,10.000,,,,"{""label"": ""Marcus Thuram (Header) (2)"", ""under"": ""10.000""}",2026-05-13T17:51:46.649Z
71019438,Football,2026-05-13 21:00,Lazio Rome,Inter Milano,Italy - Coppa Italia,Bet365,Goal Method,Yann Aurel Bisseck (Header) (2),,,,,11.000,,,,"{""label"": ""Yann Aurel Bisseck (Header) (2)"", ""under"": ""11.000""}",2026-05-13T17:51:46.649Z
71019438,Football,2026-05-13 21:00,Lazio Rome,Inter Milano,Italy - Coppa Italia,Bet365,Goal Method,Denzel Dumfries (Header) (2),,,,,12.000,,,,"{""label"": ""Denzel Dumfries (Header) (2)"", ""under"": ""12.000""}",2026-05-13T17:51:46.649Z
71019438,Football,2026-05-13 21:00,Lazio Rome,Inter Milano,Italy - Coppa Italia,Bet365,Goal Method,Tijjani Noslin (Header) (1),,,,,13.000,,,,"{""label"": ""Tijjani Noslin (Header) (1)"", ""under"": ""13.000""}",2026-05-13T17:51:46.649Z
71019438,Football,2026-05-13 21:00,Lazio Rome,Inter Milano,Italy - Coppa Italia,Bet365,Goal Method,Ange Bonny (Header) (2),,,,,15.000,,,,"{""label"": ""Ange Bonny (Header) (2)"", ""under"": ""15.000""}",2026-05-13T17:51:46.649Z
71019438,Football,2026-05-13 21:00,Lazio Rome,Inter Milano,Italy - Coppa Italia,Bet365,Goal Method,Manuel Akanji (Header) (2),,,,,15.000,,,,"{""label"": ""Manuel Akanji (Header) (2)"", ""under"": ""15.000""}",2026-05-13T17:51:46.649Z
71019438,Football,2026-05-13 21:00,Lazio Rome,Inter Milano,Italy - Coppa Italia,Bet365,Goal Method,Mattia Mosconi (Header) (2),,,,,15.000,,,,"{""label"": ""Mattia Mosconi (Header) (2)"", ""under"": ""15.000""}",2026-05-13T17:51:46.649Z
71019438,Football,2026-05-13 21:00,Lazio Rome,Inter Milano,Italy - Coppa Italia,Bet365,Goal Method,Petar Ratkov (Header) (1),,,,,17.000,,,,"{""label"": ""Petar Ratkov (Header) (1)"", ""under"": ""17.000""}",2026-05-13T17:51:46.649Z
71019438,Football,2026-05-13 21:00,Lazio Rome,Inter Milano,Italy - Coppa Italia,Bet365,Goal Method,Samuel Gigot (Header) (1),,,,,17.000,,,,"{""label"": ""Samuel Gigot (Header) (1)"", ""under"": ""17.000""}",2026-05-13T17:51:46.649Z
71019438,Football,2026-05-13 21:00,Lazio Rome,Inter Milano,Italy - Coppa Italia,Bet365,Goal Method,Matteo Cancellieri (Header) (1),,,,,19.000,,,,"{""label"": ""Matteo Cancellieri (Header) (1)"", ""under"": ""19.000""}",2026-05-13T17:51:46.649Z
71019438,Football,2026-05-13 21:00,Lazio Rome,Inter Milano,Italy - Coppa Italia,Bet365,Goal Method,Davide Frattesi (Header) (2),,,,,23.000,,,,"{""label"": ""Davide Frattesi (Header) (2)"", ""under"": ""23.000""}",2026-05-13T17:51:46.649Z
71019438,Football,2026-05-13 21:00,Lazio Rome,Inter Milano,Italy - Coppa Italia,Bet365,Goal Method,Alessio Romagnoli (Header) (1),,,,,26.000,,,,"{""label"": ""Alessio Romagnoli (Header) (1)"", ""under"": ""26.000""}",2026-05-13T17:51:46.649Z
71019438,Football,2026-05-13 21:00,Lazio Rome,Inter Milano,Italy - Coppa Italia,Bet365,Goal Method,Mattia Zaccagni (Header) (1),,,,,26.000,,,,"{""label"": ""Mattia Zaccagni (Header) (1)"", ""under"": ""26.000""}",2026-05-13T17:51:46.649Z
71019438,Football,2026-05-13 21:00,Lazio Rome,Inter Milano,Italy - Coppa Italia,Bet365,Goal Method,Boulaye Dia (Header) (1),,,,,34.000,,,,"{""label"": ""Boulaye Dia (Header) (1)"", ""under"": ""34.000""}",2026-05-13T17:51:46.649Z
71019438,Football,2026-05-13 21:00,Lazio Rome,Inter Milano,Italy - Coppa Italia,Bet365,Goal Method,Henrikh Mkhitaryan (Header) (2),,,,,34.000,,,,"{""label"": ""Henrikh Mkhitaryan (Header) (2)"", ""under"": ""34.000""}",2026-05-13T17:51:46.649Z
71019438,Football,2026-05-13 21:00,Lazio Rome,Inter Milano,Italy - Coppa Italia,Bet365,Goal Method,Hakan Calhanoglu (Header) (2),,,,,41.000,,,,"{""label"": ""Hakan Calhanoglu (Header) (2)"", ""under"": ""41.000""}",2026-05-13T17:51:46.649Z
71019438,Football,2026-05-13 21:00,Lazio Rome,Inter Milano,Italy - Coppa Italia,Bet365,Goal Method,Matteo Cocchi (Header) (2),,,,,41.000,,,,"{""label"": ""Matteo Cocchi (Header) (2)"", ""under"": ""41.000""}",2026-05-13T17:51:46.649Z
71019438,Football,2026-05-13 21:00,Lazio Rome,Inter Milano,Italy - Coppa Italia,Bet365,Goal Method,Toma Basic (Header) (1),,,,,41.000,,,,"{""label"": ""Toma Basic (Header) (1)"", ""under"": ""41.000""}",2026-05-13T17:51:46.649Z
71019438,Football,2026-05-13 21:00,Lazio Rome,Inter Milano,Italy - Coppa Italia,Bet365,Goal Method,Nuno Tavares (Header) (1),,,,,67.000,,,,"{""label"": ""Nuno Tavares (Header) (1)"", ""under"": ""67.000""}",2026-05-13T17:51:46.649Z
71019438,Football,2026-05-13 21:00,Lazio Rome,Inter Milano,Italy - Coppa Italia,Bet365,Goal Method,Luca Pellegrini (Header) (1),,,,,126.000,,,,"{""label"": ""Luca Pellegrini (Header) (1)"", ""under"": ""126.000""}",2026-05-13T17:51:46.649Z
71019438,Football,2026-05-13 21:00,Lazio Rome,Inter Milano,Italy - Coppa Italia,Bet365,Goal Method,Manuel Lazzari (Header) (1),,,,,126.000,,,,"{""label"": ""Manuel Lazzari (Header) (1)"", ""under"": ""126.000""}",2026-05-13T17:51:46.649Z
71019438,Football,2026-05-13 21:00,Lazio Rome,Inter Milano,Italy - Coppa Italia,Bet365,Goal Method,Elseid Hysaj (Header) (1),,,,,251.000,,,,"{""label"": ""Elseid Hysaj (Header) (1)"", ""under"": ""251.000""}",2026-05-13T17:51:46.649Z
71019438,Football,2026-05-13 21:00,Lazio Rome,Inter Milano,Italy - Coppa Italia,Bet365,Goal Method,Francesco Esposito (Outside the Box) (2),,,,,9.500,,,,"{""label"": ""Francesco Esposito (Outside the Box) (2)"", ""under"": ""9.500""}",2026-05-13T17:51:46.649Z
71019438,Football,2026-05-13 21:00,Lazio Rome,Inter Milano,Italy - Coppa Italia,Bet365,Goal Method,Marcus Thuram (Outside the Box) (2),,,,,21.000,,,,"{""label"": ""Marcus Thuram (Outside the Box) (2)"", ""under"": ""21.000""}",2026-05-13T17:51:46.649Z
71019438,Football,2026-05-13 21:00,Lazio Rome,Inter Milano,Italy - Coppa Italia,Bet365,Goal Method,Tijjani Noslin (Outside the Box) (1),,,,,17.000,,,,"{""label"": ""Tijjani Noslin (Outside the Box) (1)"", ""under"": ""17.000""}",2026-05-13T17:51:46.649Z
71019438,Football,2026-05-13 21:00,Lazio Rome,Inter Milano,Italy - Coppa Italia,Bet365,Goal Method,Mattia Mosconi (Outside the Box) (2),,,,,10.000,,,,"{""label"": ""Mattia Mosconi (Outside the Box) (2)"", ""under"": ""10.000""}",2026-05-13T17:51:46.649Z
71019438,Football,2026-05-13 21:00,Lazio Rome,Inter Milano,Italy - Coppa Italia,Bet365,Goal Method,Oliver Provstgaard (Outside the Box) (1),,,,,126.000,,,,"{""label"": ""Oliver Provstgaard (Outside the Box) (1)"", ""under"": ""126.000""}",2026-05-13T17:51:46.649Z
71019438,Football,2026-05-13 21:00,Lazio Rome,Inter Milano,Italy - Coppa Italia,Bet365,Goal Method,Francesco Acerbi (Outside the Box) (2),,,,,101.000,,,,"{""label"": ""Francesco Acerbi (Outside the Box) (2)"", ""under"": ""101.000""}",2026-05-13T17:51:46.649Z
71019438,Football,2026-05-13 21:00,Lazio Rome,Inter Milano,Italy - Coppa Italia,Bet365,Goal Method,Petar Sucic (Outside the Box) (2),,,,,15.000,,,,"{""label"": ""Petar Sucic (Outside the Box) (2)"", ""under"": ""15.000""}",2026-05-13T17:51:46.649Z
71019438,Football,2026-05-13 21:00,Lazio Rome,Inter Milano,Italy - Coppa Italia,Bet365,Goal Method,Hakan Calhanoglu (Outside the Box) (2),,,,,9.500,,,,"{""label"": ""Hakan Calhanoglu (Outside the Box) (2)"", ""under"": ""9.500""}",2026-05-13T17:51:46.649Z
71019438,Football,2026-05-13 21:00,Lazio Rome,Inter Milano,Italy - Coppa Italia,Bet365,Goal Method,Carlos Augusto (Outside the Box) (2),,,,,41.000,,,,"{""label"": ""Carlos Augusto (Outside the Box) (2)"", ""under"": ""41.000""}",2026-05-13T17:51:46.649Z
71019438,Football,2026-05-13 21:00,Lazio Rome,Inter Milano,Italy - Coppa Italia,Bet365,Goal Method,Nicolo Barella (Outside the Box) (2),,,,,15.000,,,,"{""label"": ""Nicolo Barella (Outside the Box) (2)"", ""under"": ""15.000""}",2026-05-13T17:51:46.649Z
71019438,Football,2026-05-13 21:00,Lazio Rome,Inter Milano,Italy - Coppa Italia,Bet365,Goal Method,Danilo Cataldi (Outside the Box) (1),,,,,13.000,,,,"{""label"": ""Danilo Cataldi (Outside the Box) (1)"", ""under"": ""13.000""}",2026-05-13T17:51:46.649Z
71019438,Football,2026-05-13 21:00,Lazio Rome,Inter Milano,Italy - Coppa Italia,Bet365,Goal Method,Kenneth Taylor (Outside the Box) (1),,,,,23.000,,,,"{""label"": ""Kenneth Taylor (Outside the Box) (1)"", ""under"": ""23.000""}",2026-05-13T17:51:46.649Z
71019438,Football,2026-05-13 21:00,Lazio Rome,Inter Milano,Italy - Coppa Italia,Bet365,Goal Method,Piotr Zielinski (Outside the Box) (2),,,,,13.000,,,,"{""label"": ""Piotr Zielinski (Outside the Box) (2)"", ""under"": ""13.000""}",2026-05-13T17:51:46.649Z
71019438,Football,2026-05-13 21:00,Lazio Rome,Inter Milano,Italy - Coppa Italia,Bet365,Goal Method,Matteo Cocchi (Outside the Box) (2),,,,,29.000,,,,"{""label"": ""Matteo Cocchi (Outside the Box) (2)"", ""under"": ""29.000""}",2026-05-13T17:51:46.649Z
71019438,Football,2026-05-13 21:00,Lazio Rome,Inter Milano,Italy - Coppa Italia,Bet365,Goal Method,Boulaye Dia (Outside the Box) (1),,,,,41.000,,,,"{""label"": ""Boulaye Dia (Outside the Box) (1)"", ""under"": ""41.000""}",2026-05-13T17:51:46.649Z
71019438,Football,2026-05-13 21:00,Lazio Rome,Inter Milano,Italy - Coppa Italia,Bet365,Goal Method,Gustav Isaksen (Outside the Box) (1),,,,,13.000,,,,"{""label"": ""Gustav Isaksen (Outside the Box) (1)"", ""under"": ""13.000""}",2026-05-13T17:51:46.649Z
71019438,Football,2026-05-13 21:00,Lazio Rome,Inter Milano,Italy - Coppa Italia,Bet365,Goal Method,Pedro (Outside the Box) (1),,,,,21.000,,,,"{""label"": ""Pedro (Outside the Box) (1)"", ""under"": ""21.000""}",2026-05-13T17:51:46.649Z
71019438,Football,2026-05-13 21:00,Lazio Rome,Inter Milano,Italy - Coppa Italia,Bet365,Goal Method,Matteo Cancellieri (Outside the Box) (1),,,,,26.000,,,,"{""label"": ""Matteo Cancellieri (Outside the Box) (1)"", ""under"": ""26.000""}",2026-05-13T17:51:46.649Z
71019438,Football,2026-05-13 21:00,Lazio Rome,Inter Milano,Italy - Coppa Italia,Bet365,Goal Method,Samuel Gigot (Outside the Box) (1),,,,,101.000,,,,"{""label"": ""Samuel Gigot (Outside the Box) (1)"", ""under"": ""101.000""}",2026-05-13T17:51:46.649Z
71019438,Football,2026-05-13 21:00,Lazio Rome,Inter Milano,Italy - Coppa Italia,Bet365,Goal Method,Petar Ratkov (Outside the Box) (1),,,,,29.000,,,,"{""label"": ""Petar Ratkov (Outside the Box) (1)"", ""under"": ""29.000""}",2026-05-13T17:51:46.649Z
71019438,Football,2026-05-13 21:00,Lazio Rome,Inter Milano,Italy - Coppa Italia,Bet365,Goal Method,Andy Diouf (Header) (2),,,,,41.000,,,,"{""label"": ""Andy Diouf (Header) (2)"", ""under"": ""41.000""}",2026-05-13T17:51:46.649Z
71019438,Football,2026-05-13 21:00,Lazio Rome,Inter Milano,Italy - Coppa Italia,Bet365,Goal Method,Federico Dimarco (Header) (2),,,,,41.000,,,,"{""label"": ""Federico Dimarco (Header) (2)"", ""under"": ""41.000""}",2026-05-13T17:51:46.649Z
71019438,Football,2026-05-13 21:00,Lazio Rome,Inter Milano,Italy - Coppa Italia,Bet365,Goal Method,Yann Aurel Bisseck (Outside the Box) (2),,,,,67.000,,,,"{""label"": ""Yann Aurel Bisseck (Outside the Box) (2)"", ""under"": ""67.000""}",2026-05-13T17:51:46.649Z
71019438,Football,2026-05-13 21:00,Lazio Rome,Inter Milano,Italy - Coppa Italia,Bet365,Goal Method,Denzel Dumfries (Outside the Box) (2),,,,,41.000,,,,"{""label"": ""Denzel Dumfries (Outside the Box) (2)"", ""under"": ""41.000""}",2026-05-13T17:51:46.649Z
71019438,Football,2026-05-13 21:00,Lazio Rome,Inter Milano,Italy - Coppa Italia,Bet365,Goal Method,Manuel Akanji (Outside the Box) (2),,,,,51.000,,,,"{""label"": ""Manuel Akanji (Outside the Box) (2)"", ""under"": ""51.000""}",2026-05-13T17:51:46.649Z
71019438,Football,2026-05-13 21:00,Lazio Rome,Inter Milano,Italy - Coppa Italia,Bet365,Goal Method,Daniel Maldini (Outside the Box) (1),,,,,15.000,,,,"{""label"": ""Daniel Maldini (Outside the Box) (1)"", ""under"": ""15.000""}",2026-05-13T17:51:46.649Z
71019438,Football,2026-05-13 21:00,Lazio Rome,Inter Milano,Italy - Coppa Italia,Bet365,Goal Method,Luis Henrique de Lima (Header) (2),,,,,41.000,,,,"{""label"": ""Luis Henrique de Lima (Header) (2)"", ""under"": ""41.000""}",2026-05-13T17:51:46.649Z
71019438,Football,2026-05-13 21:00,Lazio Rome,Inter Milano,Italy - Coppa Italia,Bet365,Goal Method,Ange Bonny (Outside the Box) (2),,,,,19.000,,,,"{""label"": ""Ange Bonny (Outside the Box) (2)"", ""under"": ""19.000""}",2026-05-13T17:51:46.649Z
71019438,Football,2026-05-13 21:00,Lazio Rome,Inter Milano,Italy - Coppa Italia,Bet365,Goal Method,Henrikh Mkhitaryan (Outside the Box) (2),,,,,15.000,,,,"{""label"": ""Henrikh Mkhitaryan (Outside the Box) (2)"", ""under"": ""15.000""}",2026-05-13T17:51:46.649Z
71019438,Football,2026-05-13 21:00,Lazio Rome,Inter Milano,Italy - Coppa Italia,Bet365,Goal Method,Luis Henrique de Lima (Outside the Box) (2),,,,,15.000,,,,"{""label"": ""Luis Henrique de Lima (Outside the Box) (2)"", ""under"": ""15.000""}",2026-05-13T17:51:46.649Z
71019438,Football,2026-05-13 21:00,Lazio Rome,Inter Milano,Italy - Coppa Italia,Bet365,Goal Method,Alessandro Bastoni (Header) (2),,,,,13.000,,,,"{""label"": ""Alessandro Bastoni (Header) (2)"", ""under"": ""13.000""}",2026-05-13T17:51:46.649Z
71019438,Football,2026-05-13 21:00,Lazio Rome,Inter Milano,Italy - Coppa Italia,Bet365,Goal Method,Gabarron Patric Gil (Header) (1),,,,,19.000,,,,"{""label"": ""Gabarron Patric Gil (Header) (1)"", ""under"": ""19.000""}",2026-05-13T17:51:46.649Z
71019438,Football,2026-05-13 21:00,Lazio Rome,Inter Milano,Italy - Coppa Italia,Bet365,Goal Method,Oliver Provstgaard (Header) (1),,,,,21.000,,,,"{""label"": ""Oliver Provstgaard (Header) (1)"", ""under"": ""21.000""}",2026-05-13T17:51:46.649Z
71019438,Football,2026-05-13 21:00,Lazio Rome,Inter Milano,Italy - Coppa Italia,Bet365,Goal Method,Francesco Acerbi (Header) (2),,,,,29.000,,,,"{""label"": ""Francesco Acerbi (Header) (2)"", ""under"": ""29.000""}",2026-05-13T17:51:46.649Z
71019438,Football,2026-05-13 21:00,Lazio Rome,Inter Milano,Italy - Coppa Italia,Bet365,Goal Method,Stefan de Vrij (Header) (2),,,,,29.000,,,,"{""label"": ""Stefan de Vrij (Header) (2)"", ""under"": ""29.000""}",2026-05-13T17:51:46.649Z
71019438,Football,2026-05-13 21:00,Lazio Rome,Inter Milano,Italy - Coppa Italia,Bet365,Goal Method,Daniel Maldini (Header) (1),,,,,34.000,,,,"{""label"": ""Daniel Maldini (Header) (1)"", ""under"": ""34.000""}",2026-05-13T17:51:46.649Z
71019438,Football,2026-05-13 21:00,Lazio Rome,Inter Milano,Italy - Coppa Italia,Bet365,Goal Method,Gustav Isaksen (Header) (1),,,,,34.000,,,,"{""label"": ""Gustav Isaksen (Header) (1)"", ""under"": ""34.000""}",2026-05-13T17:51:46.649Z
71019438,Football,2026-05-13 21:00,Lazio Rome,Inter Milano,Italy - Coppa Italia,Bet365,Goal Method,Petar Sucic (Header) (2),,,,,34.000,,,,"{""label"": ""Petar Sucic (Header) (2)"", ""under"": ""34.000""}",2026-05-13T17:51:46.649Z
71019438,Football,2026-05-13 21:00,Lazio Rome,Inter Milano,Italy - Coppa Italia,Bet365,Goal Method,Adrian Przyborek (Header) (1),,,,,51.000,,,,"{""label"": ""Adrian Przyborek (Header) (1)"", ""under"": ""51.000""}",2026-05-13T17:51:46.649Z
71019438,Football,2026-05-13 21:00,Lazio Rome,Inter Milano,Italy - Coppa Italia,Bet365,Goal Method,Fisayo Dele-Bashiru (Header) (1),,,,,51.000,,,,"{""label"": ""Fisayo Dele-Bashiru (Header) (1)"", ""under"": ""51.000""}",2026-05-13T17:51:46.649Z
71019438,Football,2026-05-13 21:00,Lazio Rome,Inter Milano,Italy - Coppa Italia,Bet365,Goal Method,Matteo Darmian (Header) (2),,,,,51.000,,,,"{""label"": ""Matteo Darmian (Header) (2)"", ""under"": ""51.000""}",2026-05-13T17:51:46.649Z
71019438,Football,2026-05-13 21:00,Lazio Rome,Inter Milano,Italy - Coppa Italia,Bet365,Goal Method,Nicolo Barella (Header) (2),,,,,51.000,,,,"{""label"": ""Nicolo Barella (Header) (2)"", ""under"": ""51.000""}",2026-05-13T17:51:46.649Z
71019438,Football,2026-05-13 21:00,Lazio Rome,Inter Milano,Italy - Coppa Italia,Bet365,Goal Method,Adam Marusic (Header) (1),,,,,67.000,,,,"{""label"": ""Adam Marusic (Header) (1)"", ""under"": ""67.000""}",2026-05-13T17:51:46.649Z
71019438,Football,2026-05-13 21:00,Lazio Rome,Inter Milano,Italy - Coppa Italia,Bet365,Goal Method,Danilo Cataldi (Header) (1),,,,,81.000,,,,"{""label"": ""Danilo Cataldi (Header) (1)"", ""under"": ""81.000""}",2026-05-13T17:51:46.649Z
71019438,Football,2026-05-13 21:00,Lazio Rome,Inter Milano,Italy - Coppa Italia,Bet365,Goal Method,Piotr Zielinski (Header) (2),,,,,81.000,,,,"{""label"": ""Piotr Zielinski (Header) (2)"", ""under"": ""81.000""}",2026-05-13T17:51:46.649Z
71019438,Football,2026-05-13 21:00,Lazio Rome,Inter Milano,Italy - Coppa Italia,Bet365,Goal Method,Pedro (Header) (1),,,,,81.000,,,,"{""label"": ""Pedro (Header) (1)"", ""under"": ""81.000""}",2026-05-13T17:51:46.649Z
71019438,Football,2026-05-13 21:00,Lazio Rome,Inter Milano,Italy - Coppa Italia,Bet365,Goal Method,Nicolo Rovella (Header) (1),,,,,101.000,,,,"{""label"": ""Nicolo Rovella (Header) (1)"", ""under"": ""101.000""}",2026-05-13T17:51:46.649Z
71019438,Football,2026-05-13 21:00,Lazio Rome,Inter Milano,Italy - Coppa Italia,Bet365,Goal Method,Lautaro Martinez (Outside the Box) (2),,,,,15.000,,,,"{""label"": ""Lautaro Martinez (Outside the Box) (2)"", ""under"": ""15.000""}",2026-05-13T17:51:46.649Z
71019438,Football,2026-05-13 21:00,Lazio Rome,Inter Milano,Italy - Coppa Italia,Bet365,Goal Method,Alessandro Bastoni (Outside the Box) (2),,,,,29.000,,,,"{""label"": ""Alessandro Bastoni (Outside the Box) (2)"", ""under"": ""29.000""}",2026-05-13T17:51:46.649Z
71019438,Football,2026-05-13 21:00,Lazio Rome,Inter Milano,Italy - Coppa Italia,Bet365,Goal Method,Gabarron Patric Gil (Outside the Box) (1),,,,,67.000,,,,"{""label"": ""Gabarron Patric Gil (Outside the Box) (1)"", ""under"": ""67.000""}",2026-05-13T17:51:46.649Z
71019438,Football,2026-05-13 21:00,Lazio Rome,Inter Milano,Italy - Coppa Italia,Bet365,Goal Method,Davide Frattesi (Outside the Box) (2),,,,,34.000,,,,"{""label"": ""Davide Frattesi (Outside the Box) (2)"", ""under"": ""34.000""}",2026-05-13T17:51:46.649Z
71019438,Football,2026-05-13 21:00,Lazio Rome,Inter Milano,Italy - Coppa Italia,Bet365,Goal Method,Alessio Romagnoli (Outside the Box) (1),,,,,81.000,,,,"{""label"": ""Alessio Romagnoli (Outside the Box) (1)"", ""under"": ""81.000""}",2026-05-13T17:51:46.649Z
71019438,Football,2026-05-13 21:00,Lazio Rome,Inter Milano,Italy - Coppa Italia,Bet365,Goal Method,Mario Gila (Outside the Box) (1),,,,,29.000,,,,"{""label"": ""Mario Gila (Outside the Box) (1)"", ""under"": ""29.000""}",2026-05-13T17:51:46.649Z
71019438,Football,2026-05-13 21:00,Lazio Rome,Inter Milano,Italy - Coppa Italia,Bet365,Goal Method,Stefan de Vrij (Outside the Box) (2),,,,,101.000,,,,"{""label"": ""Stefan de Vrij (Outside the Box) (2)"", ""under"": ""101.000""}",2026-05-13T17:51:46.649Z
71019438,Football,2026-05-13 21:00,Lazio Rome,Inter Milano,Italy - Coppa Italia,Bet365,Goal Method,Federico Dimarco (Outside the Box) (2),,,,,13.000,,,,"{""label"": ""Federico Dimarco (Outside the Box) (2)"", ""under"": ""13.000""}",2026-05-13T17:51:46.649Z
71019438,Football,2026-05-13 21:00,Lazio Rome,Inter Milano,Italy - Coppa Italia,Bet365,Goal Method,Matteo Darmian (Outside the Box) (2),,,,,67.000,,,,"{""label"": ""Matteo Darmian (Outside the Box) (2)"", ""under"": ""67.000""}",2026-05-13T17:51:46.649Z
71019438,Football,2026-05-13 21:00,Lazio Rome,Inter Milano,Italy - Coppa Italia,Bet365,Goal Method,Adam Marusic (Outside the Box) (1),,,,,126.000,,,,"{""label"": ""Adam Marusic (Outside the Box) (1)"", ""under"": ""126.000""}",2026-05-13T17:51:46.649Z
71019438,Football,2026-05-13 21:00,Lazio Rome,Inter Milano,Italy - Coppa Italia,Bet365,Goal Method,Reda Belahyane (Outside the Box) (1),,,,,29.000,,,,"{""label"": ""Reda Belahyane (Outside the Box) (1)"", ""under"": ""29.000""}",2026-05-13T17:51:46.649Z
71019438,Football,2026-05-13 21:00,Lazio Rome,Inter Milano,Italy - Coppa Italia,Bet365,Goal Method,Luca Pellegrini (Outside the Box) (1),,,,,67.000,,,,"{""label"": ""Luca Pellegrini (Outside the Box) (1)"", ""under"": ""67.000""}",2026-05-13T17:51:46.649Z
71019438,Football,2026-05-13 21:00,Lazio Rome,Inter Milano,Italy - Coppa Italia,Bet365,Goal Method,Manuel Lazzari (Outside the Box) (1),,,,,101.000,,,,"{""label"": ""Manuel Lazzari (Outside the Box) (1)"", ""under"": ""101.000""}",2026-05-13T17:51:46.649Z
71019438,Football,2026-05-13 21:00,Lazio Rome,Inter Milano,Italy - Coppa Italia,Bet365,Goal Method,Elseid Hysaj (Outside the Box) (1),,,,,51.000,,,,"{""label"": ""Elseid Hysaj (Outside the Box) (1)"", ""under"": ""51.000""}",2026-05-13T17:51:46.649Z
71019438,Football,2026-05-13 21:00,Lazio Rome,Inter Milano,Italy - Coppa Italia,Bet365,Player Shots,Ange Bonny (2),,,,1.030,,,,0.5,"{""label"": ""Ange Bonny (2)"", ""hdp"": 0.5, ""over"": ""1.030""}",2026-05-13T17:12:51.422Z
71019438,Football,2026-05-13 21:00,Lazio Rome,Inter Milano,Italy - Coppa Italia,Bet365,Player Shots,Francesco Esposito (2),,,,1.012,,,,0.5,"{""label"": ""Francesco Esposito (2)"", ""hdp"": 0.5, ""over"": ""1.012""}",2026-05-13T17:12:51.422Z
71019438,Football,2026-05-13 21:00,Lazio Rome,Inter Milano,Italy - Coppa Italia,Bet365,Player Shots,Ange Bonny (2),,,,1.200,,,,1.5,"{""label"": ""Ange Bonny (2)"", ""hdp"": 1.5, ""over"": ""1.200""}",2026-05-13T17:12:51.422Z
71019438,Football,2026-05-13 21:00,Lazio Rome,Inter Milano,Italy - Coppa Italia,Bet365,Player Shots,Manuel Akanji (2),,,,11.000,,,,2.5,"{""label"": ""Manuel Akanji (2)"", ""hdp"": 2.5, ""over"": ""11.000""}",2026-05-13T17:12:51.422Z
71019438,Football,2026-05-13 21:00,Lazio Rome,Inter Milano,Italy - Coppa Italia,Bet365,Player Shots,Francesco Esposito (2),,,,2.625,,,,4.5,"{""label"": ""Francesco Esposito (2)"", ""hdp"": 4.5, ""over"": ""2.625""}",2026-05-13T17:12:51.422Z
71019438,Football,2026-05-13 21:00,Lazio Rome,Inter Milano,Italy - Coppa Italia,Bet365,Player Shots,Ange Bonny (2),,,,8.000,,,,5.5,"{""label"": ""Ange Bonny (2)"", ""hdp"": 5.5, ""over"": ""8.000""}",2026-05-13T17:12:51.422Z
71019438,Football,2026-05-13 21:00,Lazio Rome,Inter Milano,Italy - Coppa Italia,Bet365,Player Shots,Hakan Calhanoglu (2),,,,21.000,,,,5.5,"{""label"": ""Hakan Calhanoglu (2)"", ""hdp"": 5.5, ""over"": ""21.000""}",2026-05-13T17:12:51.422Z
71019438,Football,2026-05-13 21:00,Lazio Rome,Inter Milano,Italy - Coppa Italia,Bet365,Player Shots,Henrikh Mkhitaryan (2),,,,21.000,,,,5.5,"{""label"": ""Henrikh Mkhitaryan (2)"", ""hdp"": 5.5, ""over"": ""21.000""}",2026-05-13T17:12:51.422Z
71019438,Football,2026-05-13 21:00,Lazio Rome,Inter Milano,Italy - Coppa Italia,Bet365,Player Shots,Ange Bonny (2),,,,15.000,,,,6.5,"{""label"": ""Ange Bonny (2)"", ""hdp"": 6.5, ""over"": ""15.000""}",2026-05-13T17:12:51.422Z
71019438,Football,2026-05-13 21:00,Lazio Rome,Inter Milano,Italy - Coppa Italia,Bet365,Player Shots,Mattia Mosconi (2),,,,21.000,,,,6.5,"{""label"": ""Mattia Mosconi (2)"", ""hdp"": 6.5, ""over"": ""21.000""}",2026-05-13T17:12:51.422Z
71019438,Football,2026-05-13 21:00,Lazio Rome,Inter Milano,Italy - Coppa Italia,Bet365,Player Shots,Francesco Esposito (2),,,,21.000,,,,8.5,"{""label"": ""Francesco Esposito (2)"", ""hdp"": 8.5, ""over"": ""21.000""}",2026-05-13T17:12:51.422Z
71019438,Football,2026-05-13 21:00,Lazio Rome,Inter Milano,Italy - Coppa Italia,Bet365,Player Shots,Adam Marusic (1),,,,2.100,,,,0.5,"{""label"": ""Adam Marusic (1)"", ""hdp"": 0.5, ""over"": ""2.100""}",2026-05-13T17:12:51.422Z
71019438,Football,2026-05-13 21:00,Lazio Rome,Inter Milano,Italy - Coppa Italia,Bet365,Player Shots,Gabarron Patric Gil (1),,,,2.375,,,,0.5,"{""label"": ""Gabarron Patric Gil (1)"", ""hdp"": 0.5, ""over"": ""2.375""}",2026-05-13T17:12:51.422Z
71019438,Football,2026-05-13 21:00,Lazio Rome,Inter Milano,Italy - Coppa Italia,Bet365,Player Shots,Luca Pellegrini (1),,,,2.100,,,,0.5,"{""label"": ""Luca Pellegrini (1)"", ""hdp"": 0.5, ""over"": ""2.100""}",2026-05-13T17:12:51.422Z
71019438,Football,2026-05-13 21:00,Lazio Rome,Inter Milano,Italy - Coppa Italia,Bet365,Player Shots,Manuel Lazzari (1),,,,2.200,,,,0.5,"{""label"": ""Manuel Lazzari (1)"", ""hdp"": 0.5, ""over"": ""2.200""}",2026-05-13T17:12:51.422Z
71019438,Football,2026-05-13 21:00,Lazio Rome,Inter Milano,Italy - Coppa Italia,Bet365,Player Shots,Mario Gila (1),,,,2.500,,,,0.5,"{""label"": ""Mario Gila (1)"", ""hdp"": 0.5, ""over"": ""2.500""}",2026-05-13T17:12:51.422Z
71019438,Football,2026-05-13 21:00,Lazio Rome,Inter Milano,Italy - Coppa Italia,Bet365,Player Shots,Oliver Provstgaard (1),,,,2.200,,,,0.5,"{""label"": ""Oliver Provstgaard (1)"", ""hdp"": 0.5, ""over"": ""2.200""}",2026-05-13T17:12:51.422Z
71019438,Football,2026-05-13 21:00,Lazio Rome,Inter Milano,Italy - Coppa Italia,Bet365,Player Shots,Lautaro Martinez (2),,,,1.020,,,,0.5,"{""label"": ""Lautaro Martinez (2)"", ""hdp"": 0.5, ""over"": ""1.020""}",2026-05-13T17:12:51.422Z
71019438,Football,2026-05-13 21:00,Lazio Rome,Inter Milano,Italy - Coppa Italia,Bet365,Player Shots,Stefan de Vrij (2),,,,2.375,,,,0.5,"{""label"": ""Stefan de Vrij (2)"", ""hdp"": 0.5, ""over"": ""2.375""}",2026-05-13T17:12:51.422Z
71019438,Football,2026-05-13 21:00,Lazio Rome,Inter Milano,Italy - Coppa Italia,Bet365,Player Shots,Adam Marusic (1),,,,6.500,,,,1.5,"{""label"": ""Adam Marusic (1)"", ""hdp"": 1.5, ""over"": ""6.500""}",2026-05-13T17:12:51.422Z
71019438,Football,2026-05-13 21:00,Lazio Rome,Inter Milano,Italy - Coppa Italia,Bet365,Player Shots,Gabarron Patric Gil (1),,,,8.000,,,,1.5,"{""label"": ""Gabarron Patric Gil (1)"", ""hdp"": 1.5, ""over"": ""8.000""}",2026-05-13T17:12:51.422Z
71019438,Football,2026-05-13 21:00,Lazio Rome,Inter Milano,Italy - Coppa Italia,Bet365,Player Shots,Luca Pellegrini (1),,,,6.000,,,,1.5,"{""label"": ""Luca Pellegrini (1)"", ""hdp"": 1.5, ""over"": ""6.000""}",2026-05-13T17:12:51.422Z
71019438,Football,2026-05-13 21:00,Lazio Rome,Inter Milano,Italy - Coppa Italia,Bet365,Player Shots,Manuel Lazzari (1),,,,7.000,,,,1.5,"{""label"": ""Manuel Lazzari (1)"", ""hdp"": 1.5, ""over"": ""7.000""}",2026-05-13T17:12:51.422Z
71019438,Football,2026-05-13 21:00,Lazio Rome,Inter Milano,Italy - Coppa Italia,Bet365,Player Shots,Mario Gila (1),,,,9.000,,,,1.5,"{""label"": ""Mario Gila (1)"", ""hdp"": 1.5, ""over"": ""9.000""}",2026-05-13T17:12:51.422Z
71019438,Football,2026-05-13 21:00,Lazio Rome,Inter Milano,Italy - Coppa Italia,Bet365,Player Shots,Oliver Provstgaard (1),,,,7.000,,,,1.5,"{""label"": ""Oliver Provstgaard (1)"", ""hdp"": 1.5, ""over"": ""7.000""}",2026-05-13T17:12:51.422Z
71019438,Football,2026-05-13 21:00,Lazio Rome,Inter Milano,Italy - Coppa Italia,Bet365,Player Shots,Stefan de Vrij (2),,,,8.000,,,,1.5,"{""label"": ""Stefan de Vrij (2)"", ""hdp"": 1.5, ""over"": ""8.000""}",2026-05-13T17:12:51.422Z
71019438,Football,2026-05-13 21:00,Lazio Rome,Inter Milano,Italy - Coppa Italia,Bet365,Player Shots,Adam Marusic (1),,,,21.000,,,,2.5,"{""label"": ""Adam Marusic (1)"", ""hdp"": 2.5, ""over"": ""21.000""}",2026-05-13T17:12:51.422Z
71019438,Football,2026-05-13 21:00,Lazio Rome,Inter Milano,Italy - Coppa Italia,Bet365,Player Shots,Gabarron Patric Gil (1),,,,21.000,,,,2.5,"{""label"": ""Gabarron Patric Gil (1)"", ""hdp"": 2.5, ""over"": ""21.000""}",2026-05-13T17:12:51.422Z
71019438,Football,2026-05-13 21:00,Lazio Rome,Inter Milano,Italy - Coppa Italia,Bet365,Player Shots,Luca Pellegrini (1),,,,19.000,,,,2.5,"{""label"": ""Luca Pellegrini (1)"", ""hdp"": 2.5, ""over"": ""19.000""}",2026-05-13T17:12:51.422Z
71019438,Football,2026-05-13 21:00,Lazio Rome,Inter Milano,Italy - Coppa Italia,Bet365,Player Shots,Manuel Lazzari (1),,,,21.000,,,,2.5,"{""label"": ""Manuel Lazzari (1)"", ""hdp"": 2.5, ""over"": ""21.000""}",2026-05-13T17:12:51.422Z
71019438,Football,2026-05-13 21:00,Lazio Rome,Inter Milano,Italy - Coppa Italia,Bet365,Player Shots,Oliver Provstgaard (1),,,,21.000,,,,2.5,"{""label"": ""Oliver Provstgaard (1)"", ""hdp"": 2.5, ""over"": ""21.000""}",2026-05-13T17:12:51.422Z
71019438,Football,2026-05-13 21:00,Lazio Rome,Inter Milano,Italy - Coppa Italia,Bet365,Player Shots,Matteo Darmian (2),,,,11.000,,,,2.5,"{""label"": ""Matteo Darmian (2)"", ""hdp"": 2.5, ""over"": ""11.000""}",2026-05-13T17:12:51.422Z
71019438,Football,2026-05-13 21:00,Lazio Rome,Inter Milano,Italy - Coppa Italia,Bet365,Player Shots,Stefan de Vrij (2),,,,21.000,,,,2.5,"{""label"": ""Stefan de Vrij (2)"", ""hdp"": 2.5, ""over"": ""21.000""}",2026-05-13T17:12:51.422Z
71019438,Football,2026-05-13 21:00,Lazio Rome,Inter Milano,Italy - Coppa Italia,Bet365,Player Shots,Nicolo Rovella (1),,,,21.000,,,,3.5,"{""label"": ""Nicolo Rovella (1)"", ""hdp"": 3.5, ""over"": ""21.000""}",2026-05-13T17:12:51.422Z
71019438,Football,2026-05-13 21:00,Lazio Rome,Inter Milano,Italy - Coppa Italia,Bet365,Player Shots,Yann Aurel Bisseck (2),,,,21.000,,,,3.5,"{""label"": ""Yann Aurel Bisseck (2)"", ""hdp"": 3.5, ""over"": ""21.000""}",2026-05-13T17:12:51.422Z
71019438,Football,2026-05-13 21:00,Lazio Rome,Inter Milano,Italy - Coppa Italia,Bet365,Player Shots,Ange Bonny (2),,,,21.000,,,,7.5,"{""label"": ""Ange Bonny (2)"", ""hdp"": 7.5, ""over"": ""21.000""}",2026-05-13T17:12:51.422Z
71019438,Football,2026-05-13 21:00,Lazio Rome,Inter Milano,Italy - Coppa Italia,Bet365,Player Shots,Danilo Cataldi (1),,,,1.727,,,,0.5,"{""label"": ""Danilo Cataldi (1)"", ""hdp"": 0.5, ""over"": ""1.727""}",2026-05-13T17:12:51.422Z
71019438,Football,2026-05-13 21:00,Lazio Rome,Inter Milano,Italy - Coppa Italia,Bet365,Player Shots,Elseid Hysaj (1),,,,3.500,,,,0.5,"{""label"": ""Elseid Hysaj (1)"", ""hdp"": 0.5, ""over"": ""3.500""}",2026-05-13T17:12:51.422Z
71019438,Football,2026-05-13 21:00,Lazio Rome,Inter Milano,Italy - Coppa Italia,Bet365,Player Shots,Nicolo Rovella (1),,,,1.615,,,,0.5,"{""label"": ""Nicolo Rovella (1)"", ""hdp"": 0.5, ""over"": ""1.615""}",2026-05-13T17:12:51.422Z
71019438,Football,2026-05-13 21:00,Lazio Rome,Inter Milano,Italy - Coppa Italia,Bet365,Player Shots,Nuno Tavares (1),,,,1.500,,,,0.5,"{""label"": ""Nuno Tavares (1)"", ""hdp"": 0.5, ""over"": ""1.500""}",2026-05-13T17:12:51.422Z
71019438,Football,2026-05-13 21:00,Lazio Rome,Inter Milano,Italy - Coppa Italia,Bet365,Player Shots,Samuel Gigot (1),,,,1.727,,,,0.5,"{""label"": ""Samuel Gigot (1)"", ""hdp"": 0.5, ""over"": ""1.727""}",2026-05-13T17:12:51.422Z
71019438,Football,2026-05-13 21:00,Lazio Rome,Inter Milano,Italy - Coppa Italia,Bet365,Player Shots,Davide Frattesi (2),,,,1.111,,,,0.5,"{""label"": ""Davide Frattesi (2)"", ""hdp"": 0.5, ""over"": ""1.111""}",2026-05-13T17:12:51.422Z
71019438,Football,2026-05-13 21:00,Lazio Rome,Inter Milano,Italy - Coppa Italia,Bet365,Player Shots,Danilo Cataldi (1),,,,4.333,,,,1.5,"{""label"": ""Danilo Cataldi (1)"", ""hdp"": 1.5, ""over"": ""4.333""}",2026-05-13T17:12:51.422Z
71019438,Football,2026-05-13 21:00,Lazio Rome,Inter Milano,Italy - Coppa Italia,Bet365,Player Shots,Elseid Hysaj (1),,,,15.000,,,,1.5,"{""label"": ""Elseid Hysaj (1)"", ""hdp"": 1.5, ""over"": ""15.000""}",2026-05-13T17:12:51.422Z
71019438,Football,2026-05-13 21:00,Lazio Rome,Inter Milano,Italy - Coppa Italia,Bet365,Player Shots,Nicolo Rovella (1),,,,3.750,,,,1.5,"{""label"": ""Nicolo Rovella (1)"", ""hdp"": 1.5, ""over"": ""3.750""}",2026-05-13T17:12:51.422Z
71019438,Football,2026-05-13 21:00,Lazio Rome,Inter Milano,Italy - Coppa Italia,Bet365,Player Shots,Nuno Tavares (1),,,,3.250,,,,1.5,"{""label"": ""Nuno Tavares (1)"", ""hdp"": 1.5, ""over"": ""3.250""}",2026-05-13T17:12:51.422Z
71019438,Football,2026-05-13 21:00,Lazio Rome,Inter Milano,Italy - Coppa Italia,Bet365,Player Shots,Samuel Gigot (1),,,,4.333,,,,1.5,"{""label"": ""Samuel Gigot (1)"", ""hdp"": 1.5, ""over"": ""4.333""}",2026-05-13T17:12:51.422Z
71019438,Football,2026-05-13 21:00,Lazio Rome,Inter Milano,Italy - Coppa Italia,Bet365,Player Shots,Davide Frattesi (2),,,,1.533,,,,1.5,"{""label"": ""Davide Frattesi (2)"", ""hdp"": 1.5, ""over"": ""1.533""}",2026-05-13T17:12:51.422Z
71019438,Football,2026-05-13 21:00,Lazio Rome,Inter Milano,Italy - Coppa Italia,Bet365,Player Shots,Danilo Cataldi (1),,,,13.000,,,,2.5,"{""label"": ""Danilo Cataldi (1)"", ""hdp"": 2.5, ""over"": ""13.000""}",2026-05-13T17:12:51.422Z
71019438,Football,2026-05-13 21:00,Lazio Rome,Inter Milano,Italy - Coppa Italia,Bet365,Player Shots,Nicolo Rovella (1),,,,10.000,,,,2.5,"{""label"": ""Nicolo Rovella (1)"", ""hdp"": 2.5, ""over"": ""10.000""}",2026-05-13T17:12:51.422Z
71019438,Football,2026-05-13 21:00,Lazio Rome,Inter Milano,Italy - Coppa Italia,Bet365,Player Shots,Samuel Gigot (1),,,,13.000,,,,2.5,"{""label"": ""Samuel Gigot (1)"", ""hdp"": 2.5, ""over"": ""13.000""}",2026-05-13T17:12:51.422Z
71019438,Football,2026-05-13 21:00,Lazio Rome,Inter Milano,Italy - Coppa Italia,Bet365,Player Shots,Davide Frattesi (2),,,,2.500,,,,2.5,"{""label"": ""Davide Frattesi (2)"", ""hdp"": 2.5, ""over"": ""2.500""}",2026-05-13T17:12:51.422Z
71019438,Football,2026-05-13 21:00,Lazio Rome,Inter Milano,Italy - Coppa Italia,Bet365,Player Shots,Nuno Tavares (1),,,,21.000,,,,3.5,"{""label"": ""Nuno Tavares (1)"", ""hdp"": 3.5, ""over"": ""21.000""}",2026-05-13T17:12:51.422Z
71019438,Football,2026-05-13 21:00,Lazio Rome,Inter Milano,Italy - Coppa Italia,Bet365,Player Shots,Davide Frattesi (2),,,,4.500,,,,3.5,"{""label"": ""Davide Frattesi (2)"", ""hdp"": 3.5, ""over"": ""4.500""}",2026-05-13T17:12:51.422Z
71019438,Football,2026-05-13 21:00,Lazio Rome,Inter Milano,Italy - Coppa Italia,Bet365,Player Shots,Davide Frattesi (2),,,,10.000,,,,4.5,"{""label"": ""Davide Frattesi (2)"", ""hdp"": 4.5, ""over"": ""10.000""}",2026-05-13T17:12:51.422Z
71019438,Football,2026-05-13 21:00,Lazio Rome,Inter Milano,Italy - Coppa Italia,Bet365,Player Shots,Davide Frattesi (2),,,,21.000,,,,5.5,"{""label"": ""Davide Frattesi (2)"", ""hdp"": 5.5, ""over"": ""21.000""}",2026-05-13T17:12:51.422Z
71019438,Football,2026-05-13 21:00,Lazio Rome,Inter Milano,Italy - Coppa Italia,Bet365,Player Shots,Marcus Thuram (2),,,,21.000,,,,7.5,"{""label"": ""Marcus Thuram (2)"", ""hdp"": 7.5, ""over"": ""21.000""}",2026-05-13T17:12:51.422Z
71019438,Football,2026-05-13 21:00,Lazio Rome,Inter Milano,Italy - Coppa Italia,Bet365,Player Shots,Reda Belahyane (1),,,,2.250,,,,0.5,"{""label"": ""Reda Belahyane (1)"", ""hdp"": 0.5, ""over"": ""2.250""}",2026-05-13T17:12:51.422Z
71019438,Football,2026-05-13 21:00,Lazio Rome,Inter Milano,Italy - Coppa Italia,Bet365,Player Shots,Francesco Acerbi (2),,,,2.200,,,,0.5,"{""label"": ""Francesco Acerbi (2)"", ""hdp"": 0.5, ""over"": ""2.200""}",2026-05-13T17:12:51.422Z
71019438,Football,2026-05-13 21:00,Lazio Rome,Inter Milano,Italy - Coppa Italia,Bet365,Player Shots,Reda Belahyane (1),,,,8.000,,,,1.5,"{""label"": ""Reda Belahyane (1)"", ""hdp"": 1.5, ""over"": ""8.000""}",2026-05-13T17:12:51.422Z
71019438,Football,2026-05-13 21:00,Lazio Rome,Inter Milano,Italy - Coppa Italia,Bet365,Player Shots,Francesco Acerbi (2),,,,6.500,,,,1.5,"{""label"": ""Francesco Acerbi (2)"", ""hdp"": 1.5, ""over"": ""6.500""}",2026-05-13T17:12:51.422Z
71019438,Football,2026-05-13 21:00,Lazio Rome,Inter Milano,Italy - Coppa Italia,Bet365,Player Shots,Reda Belahyane (1),,,,21.000,,,,2.5,"{""label"": ""Reda Belahyane (1)"", ""hdp"": 2.5, ""over"": ""21.000""}",2026-05-13T17:12:51.422Z
71019438,Football,2026-05-13 21:00,Lazio Rome,Inter Milano,Italy - Coppa Italia,Bet365,Player Shots,Francesco Acerbi (2),,,,21.000,,,,2.5,"{""label"": ""Francesco Acerbi (2)"", ""hdp"": 2.5, ""over"": ""21.000""}",2026-05-13T17:12:51.422Z
71019438,Football,2026-05-13 21:00,Lazio Rome,Inter Milano,Italy - Coppa Italia,Bet365,Player Shots,Pedro (1),,,,21.000,,,,5.5,"{""label"": ""Pedro (1)"", ""hdp"": 5.5, ""over"": ""21.000""}",2026-05-13T17:12:51.422Z
71019438,Football,2026-05-13 21:00,Lazio Rome,Inter Milano,Italy - Coppa Italia,Bet365,Player Shots,Nicolo Barella (2),,,,1.250,,,,0.5,"{""label"": ""Nicolo Barella (2)"", ""hdp"": 0.5, ""over"": ""1.250""}",2026-05-13T17:12:51.422Z
71019438,Football,2026-05-13 21:00,Lazio Rome,Inter Milano,Italy - Coppa Italia,Bet365,Player Shots,Petar Sucic (2),,,,1.333,,,,0.5,"{""label"": ""Petar Sucic (2)"", ""hdp"": 0.5, ""over"": ""1.333""}",2026-05-13T17:12:51.422Z
71019438,Football,2026-05-13 21:00,Lazio Rome,Inter Milano,Italy - Coppa Italia,Bet365,Player Shots,Nicolo Barella (2),,,,2.100,,,,1.5,"{""label"": ""Nicolo Barella (2)"", ""hdp"": 1.5, ""over"": ""2.100""}",2026-05-13T17:12:51.422Z
71019438,Football,2026-05-13 21:00,Lazio Rome,Inter Milano,Italy - Coppa Italia,Bet365,Player Shots,Petar Sucic (2),,,,2.375,,,,1.5,"{""label"": ""Petar Sucic (2)"", ""hdp"": 1.5, ""over"": ""2.375""}",2026-05-13T17:12:51.422Z
71019438,Football,2026-05-13 21:00,Lazio Rome,Inter Milano,Italy - Coppa Italia,Bet365,Player Shots,Nicolo Barella (2),,,,4.333,,,,2.5,"{""label"": ""Nicolo Barella (2)"", ""hdp"": 2.5, ""over"": ""4.333""}",2026-05-13T17:12:51.422Z
71019438,Football,2026-05-13 21:00,Lazio Rome,Inter Milano,Italy - Coppa Italia,Bet365,Player Shots,Petar Sucic (2),,,,5.500,,,,2.5,"{""label"": ""Petar Sucic (2)"", ""hdp"": 2.5, ""over"": ""5.500""}",2026-05-13T17:12:51.422Z
71019438,Football,2026-05-13 21:00,Lazio Rome,Inter Milano,Italy - Coppa Italia,Bet365,Player Shots,Nicolo Barella (2),,,,11.000,,,,3.5,"{""label"": ""Nicolo Barella (2)"", ""hdp"": 3.5, ""over"": ""11.000""}",2026-05-13T17:12:51.422Z
71019438,Football,2026-05-13 21:00,Lazio Rome,Inter Milano,Italy - Coppa Italia,Bet365,Player Shots,Petar Sucic (2),,,,13.000,,,,3.5,"{""label"": ""Petar Sucic (2)"", ""hdp"": 3.5, ""over"": ""13.000""}",2026-05-13T17:12:51.422Z
71019438,Football,2026-05-13 21:00,Lazio Rome,Inter Milano,Italy - Coppa Italia,Bet365,Player Shots,Nicolo Barella (2),,,,21.000,,,,4.5,"{""label"": ""Nicolo Barella (2)"", ""hdp"": 4.5, ""over"": ""21.000""}",2026-05-13T17:12:51.422Z
71019438,Football,2026-05-13 21:00,Lazio Rome,Inter Milano,Italy - Coppa Italia,Bet365,Player Shots,Kenneth Taylor (1),,,,1.333,,,,0.5,"{""label"": ""Kenneth Taylor (1)"", ""hdp"": 0.5, ""over"": ""1.333""}",2026-05-13T17:12:51.422Z
71019438,Football,2026-05-13 21:00,Lazio Rome,Inter Milano,Italy - Coppa Italia,Bet365,Player Shots,Toma Basic (1),,,,1.363,,,,0.5,"{""label"": ""Toma Basic (1)"", ""hdp"": 0.5, ""over"": ""1.363""}",2026-05-13T17:12:51.422Z
71019438,Football,2026-05-13 21:00,Lazio Rome,Inter Milano,Italy - Coppa Italia,Bet365,Player Shots,Matteo Darmian (2),,,,1.666,,,,0.5,"{""label"": ""Matteo Darmian (2)"", ""hdp"": 0.5, ""over"": ""1.666""}",2026-05-13T17:12:51.422Z
71019438,Football,2026-05-13 21:00,Lazio Rome,Inter Milano,Italy - Coppa Italia,Bet365,Player Shots,Adrian Przyborek (1),,,,3.400,,,,1.5,"{""label"": ""Adrian Przyborek (1)"", ""hdp"": 1.5, ""over"": ""3.400""}",2026-05-13T17:12:51.422Z
71019438,Football,2026-05-13 21:00,Lazio Rome,Inter Milano,Italy - Coppa Italia,Bet365,Player Shots,Fisayo Dele-Bashiru (1),,,,3.400,,,,1.5,"{""label"": ""Fisayo Dele-Bashiru (1)"", ""hdp"": 1.5, ""over"": ""3.400""}",2026-05-13T17:12:51.422Z
71019438,Football,2026-05-13 21:00,Lazio Rome,Inter Milano,Italy - Coppa Italia,Bet365,Player Shots,Kenneth Taylor (1),,,,2.375,,,,1.5,"{""label"": ""Kenneth Taylor (1)"", ""hdp"": 1.5, ""over"": ""2.375""}",2026-05-13T17:12:51.422Z
71019438,Football,2026-05-13 21:00,Lazio Rome,Inter Milano,Italy - Coppa Italia,Bet365,Player Shots,Toma Basic (1),,,,2.625,,,,1.5,"{""label"": ""Toma Basic (1)"", ""hdp"": 1.5, ""over"": ""2.625""}",2026-05-13T17:12:51.422Z
71019438,Football,2026-05-13 21:00,Lazio Rome,Inter Milano,Italy - Coppa Italia,Bet365,Player Shots,Matteo Darmian (2),,,,4.000,,,,1.5,"{""label"": ""Matteo Darmian (2)"", ""hdp"": 1.5, ""over"": ""4.000""}",2026-05-13T17:12:51.422Z
71019438,Football,2026-05-13 21:00,Lazio Rome,Inter Milano,Italy - Coppa Italia,Bet365,Player Shots,Adrian Przyborek (1),,,,9.000,,,,2.5,"{""label"": ""Adrian Przyborek (1)"", ""hdp"": 2.5, ""over"": ""9.000""}",2026-05-13T17:12:51.422Z
71019438,Football,2026-05-13 21:00,Lazio Rome,Inter Milano,Italy - Coppa Italia,Bet365,Player Shots,Fisayo Dele-Bashiru (1),,,,9.000,,,,2.5,"{""label"": ""Fisayo Dele-Bashiru (1)"", ""hdp"": 2.5, ""over"": ""9.000""}",2026-05-13T17:12:51.422Z
71019438,Football,2026-05-13 21:00,Lazio Rome,Inter Milano,Italy - Coppa Italia,Bet365,Player Shots,Kenneth Taylor (1),,,,5.500,,,,2.5,"{""label"": ""Kenneth Taylor (1)"", ""hdp"": 2.5, ""over"": ""5.500""}",2026-05-13T17:12:51.422Z
71019438,Football,2026-05-13 21:00,Lazio Rome,Inter Milano,Italy - Coppa Italia,Bet365,Player Shots,Nuno Tavares (1),,,,9.000,,,,2.5,"{""label"": ""Nuno Tavares (1)"", ""hdp"": 2.5, ""over"": ""9.000""}",2026-05-13T17:12:51.422Z
71019438,Football,2026-05-13 21:00,Lazio Rome,Inter Milano,Italy - Coppa Italia,Bet365,Player Shots,Toma Basic (1),,,,6.000,,,,2.5,"{""label"": ""Toma Basic (1)"", ""hdp"": 2.5, ""over"": ""6.000""}",2026-05-13T17:12:51.422Z
71019438,Football,2026-05-13 21:00,Lazio Rome,Inter Milano,Italy - Coppa Italia,Bet365,Player Shots,Adrian Przyborek (1),,,,21.000,,,,3.5,"{""label"": ""Adrian Przyborek (1)"", ""hdp"": 3.5, ""over"": ""21.000""}",2026-05-13T17:12:51.422Z
71019438,Football,2026-05-13 21:00,Lazio Rome,Inter Milano,Italy - Coppa Italia,Bet365,Player Shots,Fisayo Dele-Bashiru (1),,,,21.000,,,,3.5,"{""label"": ""Fisayo Dele-Bashiru (1)"", ""hdp"": 3.5, ""over"": ""21.000""}",2026-05-13T17:12:51.422Z
71019438,Football,2026-05-13 21:00,Lazio Rome,Inter Milano,Italy - Coppa Italia,Bet365,Player Shots,Kenneth Taylor (1),,,,13.000,,,,3.5,"{""label"": ""Kenneth Taylor (1)"", ""hdp"": 3.5, ""over"": ""13.000""}",2026-05-13T17:12:51.422Z
71019438,Football,2026-05-13 21:00,Lazio Rome,Inter Milano,Italy - Coppa Italia,Bet365,Player Shots,Toma Basic (1),,,,15.000,,,,3.5,"{""label"": ""Toma Basic (1)"", ""hdp"": 3.5, ""over"": ""15.000""}",2026-05-13T17:12:51.422Z
71019438,Football,2026-05-13 21:00,Lazio Rome,Inter Milano,Italy - Coppa Italia,Bet365,Player Shots,Lautaro Martinez (2),,,,2.000,,,,3.5,"{""label"": ""Lautaro Martinez (2)"", ""hdp"": 3.5, ""over"": ""2.000""}",2026-05-13T17:12:51.422Z
71019438,Football,2026-05-13 21:00,Lazio Rome,Inter Milano,Italy - Coppa Italia,Bet365,Player Shots,Lautaro Martinez (2),,,,5.500,,,,5.5,"{""label"": ""Lautaro Martinez (2)"", ""hdp"": 5.5, ""over"": ""5.500""}",2026-05-13T17:12:51.422Z
71019438,Football,2026-05-13 21:00,Lazio Rome,Inter Milano,Italy - Coppa Italia,Bet365,Player Shots,Lautaro Martinez (2),,,,19.000,,,,7.5,"{""label"": ""Lautaro Martinez (2)"", ""hdp"": 7.5, ""over"": ""19.000""}",2026-05-13T17:12:51.422Z
71019438,Football,2026-05-13 21:00,Lazio Rome,Inter Milano,Italy - Coppa Italia,Bet365,Player Shots,Manuel Akanji (2),,,,1.666,,,,0.5,"{""label"": ""Manuel Akanji (2)"", ""hdp"": 0.5, ""over"": ""1.666""}",2026-05-13T17:12:51.422Z
71019438,Football,2026-05-13 21:00,Lazio Rome,Inter Milano,Italy - Coppa Italia,Bet365,Player Shots,Francesco Esposito (2),,,,1.100,,,,1.5,"{""label"": ""Francesco Esposito (2)"", ""hdp"": 1.5, ""over"": ""1.100""}",2026-05-13T17:12:51.422Z
71019438,Football,2026-05-13 21:00,Lazio Rome,Inter Milano,Italy - Coppa Italia,Bet365,Player Shots,Manuel Akanji (2),,,,4.000,,,,1.5,"{""label"": ""Manuel Akanji (2)"", ""hdp"": 1.5, ""over"": ""4.000""}",2026-05-13T17:12:51.422Z
71019438,Football,2026-05-13 21:00,Lazio Rome,Inter Milano,Italy - Coppa Italia,Bet365,Player Shots,Ange Bonny (2),,,,1.615,,,,2.5,"{""label"": ""Ange Bonny (2)"", ""hdp"": 2.5, ""over"": ""1.615""}",2026-05-13T17:12:51.422Z
71019438,Football,2026-05-13 21:00,Lazio Rome,Inter Milano,Italy - Coppa Italia,Bet365,Player Shots,Ange Bonny (2),,,,2.500,,,,3.5,"{""label"": ""Ange Bonny (2)"", ""hdp"": 3.5, ""over"": ""2.500""}",2026-05-13T17:12:51.422Z
71019438,Football,2026-05-13 21:00,Lazio Rome,Inter Milano,Italy - Coppa Italia,Bet365,Player Shots,Francesco Esposito (2),,,,4.333,,,,5.5,"{""label"": ""Francesco Esposito (2)"", ""hdp"": 5.5, ""over"": ""4.333""}",2026-05-13T17:12:51.422Z
71019438,Football,2026-05-13 21:00,Lazio Rome,Inter Milano,Italy - Coppa Italia,Bet365,Player Shots,Francesco Esposito (2),,,,8.000,,,,6.5,"{""label"": ""Francesco Esposito (2)"", ""hdp"": 6.5, ""over"": ""8.000""}",2026-05-13T17:12:51.422Z
71019438,Football,2026-05-13 21:00,Lazio Rome,Inter Milano,Italy - Coppa Italia,Bet365,Player Shots,Alessio Romagnoli (1),,,,2.750,,,,0.5,"{""label"": ""Alessio Romagnoli (1)"", ""hdp"": 0.5, ""over"": ""2.750""}",2026-05-13T17:12:51.422Z
71019438,Football,2026-05-13 21:00,Lazio Rome,Inter Milano,Italy - Coppa Italia,Bet365,Player Shots,Mattia Zaccagni (1),,,,1.200,,,,0.5,"{""label"": ""Mattia Zaccagni (1)"", ""hdp"": 0.5, ""over"": ""1.200""}",2026-05-13T17:12:51.422Z
71019438,Football,2026-05-13 21:00,Lazio Rome,Inter Milano,Italy - Coppa Italia,Bet365,Player Shots,Petar Ratkov (1),,,,1.100,,,,0.5,"{""label"": ""Petar Ratkov (1)"", ""hdp"": 0.5, ""over"": ""1.100""}",2026-05-13T17:12:51.422Z
71019438,Football,2026-05-13 21:00,Lazio Rome,Inter Milano,Italy - Coppa Italia,Bet365,Player Shots,Tijjani Noslin (1),,,,1.050,,,,0.5,"{""label"": ""Tijjani Noslin (1)"", ""hdp"": 0.5, ""over"": ""1.050""}",2026-05-13T17:12:51.422Z
71019438,Football,2026-05-13 21:00,Lazio Rome,Inter Milano,Italy - Coppa Italia,Bet365,Player Shots,Mattia Mosconi (2),,,,1.071,,,,0.5,"{""label"": ""Mattia Mosconi (2)"", ""hdp"": 0.5, ""over"": ""1.071""}",2026-05-13T17:12:51.422Z
71019438,Football,2026-05-13 21:00,Lazio Rome,Inter Milano,Italy - Coppa Italia,Bet365,Player Shots,Carlos Augusto (2),,,,1.500,,,,0.5,"{""label"": ""Carlos Augusto (2)"", ""hdp"": 0.5, ""over"": ""1.500""}",2026-05-13T17:12:51.422Z
71019438,Football,2026-05-13 21:00,Lazio Rome,Inter Milano,Italy - Coppa Italia,Bet365,Player Shots,Alessio Romagnoli (1),,,,10.000,,,,1.5,"{""label"": ""Alessio Romagnoli (1)"", ""hdp"": 1.5, ""over"": ""10.000""}",2026-05-13T17:12:51.422Z
71019438,Football,2026-05-13 21:00,Lazio Rome,Inter Milano,Italy - Coppa Italia,Bet365,Player Shots,Mattia Zaccagni (1),,,,1.833,,,,1.5,"{""label"": ""Mattia Zaccagni (1)"", ""hdp"": 1.5, ""over"": ""1.833""}",2026-05-13T17:12:51.422Z
71019438,Football,2026-05-13 21:00,Lazio Rome,Inter Milano,Italy - Coppa Italia,Bet365,Player Shots,Petar Ratkov (1),,,,1.444,,,,1.5,"{""label"": ""Petar Ratkov (1)"", ""hdp"": 1.5, ""over"": ""1.444""}",2026-05-13T17:12:51.422Z
71019438,Football,2026-05-13 21:00,Lazio Rome,Inter Milano,Italy - Coppa Italia,Bet365,Player Shots,Tijjani Noslin (1),,,,1.300,,,,1.5,"{""label"": ""Tijjani Noslin (1)"", ""hdp"": 1.5, ""over"": ""1.300""}",2026-05-13T17:12:51.422Z
71019438,Football,2026-05-13 21:00,Lazio Rome,Inter Milano,Italy - Coppa Italia,Bet365,Player Shots,Mattia Mosconi (2),,,,1.363,,,,1.5,"{""label"": ""Mattia Mosconi (2)"", ""hdp"": 1.5, ""over"": ""1.363""}",2026-05-13T17:12:51.422Z
71019438,Football,2026-05-13 21:00,Lazio Rome,Inter Milano,Italy - Coppa Italia,Bet365,Player Shots,Carlos Augusto (2),,,,3.400,,,,1.5,"{""label"": ""Carlos Augusto (2)"", ""hdp"": 1.5, ""over"": ""3.400""}",2026-05-13T17:12:51.422Z
71019438,Football,2026-05-13 21:00,Lazio Rome,Inter Milano,Italy - Coppa Italia,Bet365,Player Shots,Mattia Zaccagni (1),,,,3.750,,,,2.5,"{""label"": ""Mattia Zaccagni (1)"", ""hdp"": 2.5, ""over"": ""3.750""}",2026-05-13T17:12:51.422Z
71019438,Football,2026-05-13 21:00,Lazio Rome,Inter Milano,Italy - Coppa Italia,Bet365,Player Shots,Petar Ratkov (1),,,,2.250,,,,2.5,"{""label"": ""Petar Ratkov (1)"", ""hdp"": 2.5, ""over"": ""2.250""}",2026-05-13T17:12:51.422Z
71019438,Football,2026-05-13 21:00,Lazio Rome,Inter Milano,Italy - Coppa Italia,Bet365,Player Shots,Tijjani Noslin (1),,,,1.833,,,,2.5,"{""label"": ""Tijjani Noslin (1)"", ""hdp"": 2.5, ""over"": ""1.833""}",2026-05-13T17:12:51.422Z
71019438,Football,2026-05-13 21:00,Lazio Rome,Inter Milano,Italy - Coppa Italia,Bet365,Player Shots,Mattia Mosconi (2),,,,2.000,,,,2.5,"{""label"": ""Mattia Mosconi (2)"", ""hdp"": 2.5, ""over"": ""2.000""}",2026-05-13T17:12:51.422Z
71019438,Football,2026-05-13 21:00,Lazio Rome,Inter Milano,Italy - Coppa Italia,Bet365,Player Shots,Carlos Augusto (2),,,,9.000,,,,2.5,"{""label"": ""Carlos Augusto (2)"", ""hdp"": 2.5, ""over"": ""9.000""}",2026-05-13T17:12:51.422Z
71019438,Football,2026-05-13 21:00,Lazio Rome,Inter Milano,Italy - Coppa Italia,Bet365,Player Shots,Mattia Zaccagni (1),,,,8.000,,,,3.5,"{""label"": ""Mattia Zaccagni (1)"", ""hdp"": 3.5, ""over"": ""8.000""}",2026-05-13T17:12:51.422Z
71019438,Football,2026-05-13 21:00,Lazio Rome,Inter Milano,Italy - Coppa Italia,Bet365,Player Shots,Petar Ratkov (1),,,,4.000,,,,3.5,"{""label"": ""Petar Ratkov (1)"", ""hdp"": 3.5, ""over"": ""4.000""}",2026-05-13T17:12:51.422Z
71019438,Football,2026-05-13 21:00,Lazio Rome,Inter Milano,Italy - Coppa Italia,Bet365,Player Shots,Tijjani Noslin (1),,,,3.250,,,,3.5,"{""label"": ""Tijjani Noslin (1)"", ""hdp"": 3.5, ""over"": ""3.250""}",2026-05-13T17:12:51.422Z
71019438,Football,2026-05-13 21:00,Lazio Rome,Inter Milano,Italy - Coppa Italia,Bet365,Player Shots,Mattia Mosconi (2),,,,3.500,,,,3.5,"{""label"": ""Mattia Mosconi (2)"", ""hdp"": 3.5, ""over"": ""3.500""}",2026-05-13T17:12:51.422Z
71019438,Football,2026-05-13 21:00,Lazio Rome,Inter Milano,Italy - Coppa Italia,Bet365,Player Shots,Carlos Augusto (2),,,,21.000,,,,3.5,"{""label"": ""Carlos Augusto (2)"", ""hdp"": 3.5, ""over"": ""21.000""}",2026-05-13T17:12:51.422Z
71019438,Football,2026-05-13 21:00,Lazio Rome,Inter Milano,Italy - Coppa Italia,Bet365,Player Shots,Mattia Zaccagni (1),,,,19.000,,,,4.5,"{""label"": ""Mattia Zaccagni (1)"", ""hdp"": 4.5, ""over"": ""19.000""}",2026-05-13T17:12:51.422Z
71019438,Football,2026-05-13 21:00,Lazio Rome,Inter Milano,Italy - Coppa Italia,Bet365,Player Shots,Petar Ratkov (1),,,,9.000,,,,4.5,"{""label"": ""Petar Ratkov (1)"", ""hdp"": 4.5, ""over"": ""9.000""}",2026-05-13T17:12:51.422Z
71019438,Football,2026-05-13 21:00,Lazio Rome,Inter Milano,Italy - Coppa Italia,Bet365,Player Shots,Tijjani Noslin (1),,,,5.500,,,,4.5,"{""label"": ""Tijjani Noslin (1)"", ""hdp"": 4.5, ""over"": ""5.500""}",2026-05-13T17:12:51.422Z
71019438,Football,2026-05-13 21:00,Lazio Rome,Inter Milano,Italy - Coppa Italia,Bet365,Player Shots,Mattia Mosconi (2),,,,6.500,,,,4.5,"{""label"": ""Mattia Mosconi (2)"", ""hdp"": 4.5, ""over"": ""6.500""}",2026-05-13T17:12:51.422Z
71019438,Football,2026-05-13 21:00,Lazio Rome,Inter Milano,Italy - Coppa Italia,Bet365,Player Shots,Petar Ratkov (1),,,,17.000,,,,5.5,"{""label"": ""Petar Ratkov (1)"", ""hdp"": 5.5, ""over"": ""17.000""}",2026-05-13T17:12:51.422Z
71019438,Football,2026-05-13 21:00,Lazio Rome,Inter Milano,Italy - Coppa Italia,Bet365,Player Shots,Tijjani Noslin (1),,,,11.000,,,,5.5,"{""label"": ""Tijjani Noslin (1)"", ""hdp"": 5.5, ""over"": ""11.000""}",2026-05-13T17:12:51.422Z
71019438,Football,2026-05-13 21:00,Lazio Rome,Inter Milano,Italy - Coppa Italia,Bet365,Player Shots,Mattia Mosconi (2),,,,13.000,,,,5.5,"{""label"": ""Mattia Mosconi (2)"", ""hdp"": 5.5, ""over"": ""13.000""}",2026-05-13T17:12:51.422Z
71019438,Football,2026-05-13 21:00,Lazio Rome,Inter Milano,Italy - Coppa Italia,Bet365,Player Shots,Tijjani Noslin (1),,,,21.000,,,,6.5,"{""label"": ""Tijjani Noslin (1)"", ""hdp"": 6.5, ""over"": ""21.000""}",2026-05-13T17:12:51.422Z
71019438,Football,2026-05-13 21:00,Lazio Rome,Inter Milano,Italy - Coppa Italia,Bet365,Player Shots,Matteo Cocchi (2),,,,21.000,,,,3.5,"{""label"": ""Matteo Cocchi (2)"", ""hdp"": 3.5, ""over"": ""21.000""}",2026-05-13T17:12:51.422Z
71019438,Football,2026-05-13 21:00,Lazio Rome,Inter Milano,Italy - Coppa Italia,Bet365,Player Shots,Adrian Przyborek (1),,,,1.500,,,,0.5,"{""label"": ""Adrian Przyborek (1)"", ""hdp"": 0.5, ""over"": ""1.500""}",2026-05-13T17:12:51.422Z
71019438,Football,2026-05-13 21:00,Lazio Rome,Inter Milano,Italy - Coppa Italia,Bet365,Player Shots,Daniel Maldini (1),,,,1.040,,,,0.5,"{""label"": ""Daniel Maldini (1)"", ""hdp"": 0.5, ""over"": ""1.040""}",2026-05-13T17:12:51.422Z
71019438,Football,2026-05-13 21:00,Lazio Rome,Inter Milano,Italy - Coppa Italia,Bet365,Player Shots,Fisayo Dele-Bashiru (1),,,,1.500,,,,0.5,"{""label"": ""Fisayo Dele-Bashiru (1)"", ""hdp"": 0.5, ""over"": ""1.500""}",2026-05-13T17:12:51.422Z
71019438,Football,2026-05-13 21:00,Lazio Rome,Inter Milano,Italy - Coppa Italia,Bet365,Player Shots,Marcus Thuram (2),,,,1.030,,,,0.5,"{""label"": ""Marcus Thuram (2)"", ""hdp"": 0.5, ""over"": ""1.030""}",2026-05-13T17:12:51.422Z
71019438,Football,2026-05-13 21:00,Lazio Rome,Inter Milano,Italy - Coppa Italia,Bet365,Player Shots,Daniel Maldini (1),,,,1.222,,,,1.5,"{""label"": ""Daniel Maldini (1)"", ""hdp"": 1.5, ""over"": ""1.222""}",2026-05-13T17:12:51.422Z
71019438,Football,2026-05-13 21:00,Lazio Rome,Inter Milano,Italy - Coppa Italia,Bet365,Player Shots,Lautaro Martinez (2),,,,1.142,,,,1.5,"{""label"": ""Lautaro Martinez (2)"", ""hdp"": 1.5, ""over"": ""1.142""}",2026-05-13T17:12:51.422Z
71019438,Football,2026-05-13 21:00,Lazio Rome,Inter Milano,Italy - Coppa Italia,Bet365,Player Shots,Marcus Thuram (2),,,,1.200,,,,1.5,"{""label"": ""Marcus Thuram (2)"", ""hdp"": 1.5, ""over"": ""1.200""}",2026-05-13T17:12:51.422Z
71019438,Football,2026-05-13 21:00,Lazio Rome,Inter Milano,Italy - Coppa Italia,Bet365,Player Shots,Daniel Maldini (1),,,,1.666,,,,2.5,"{""label"": ""Daniel Maldini (1)"", ""hdp"": 2.5, ""over"": ""1.666""}",2026-05-13T17:12:51.422Z
71019438,Football,2026-05-13 21:00,Lazio Rome,Inter Milano,Italy - Coppa Italia,Bet365,Player Shots,Francesco Esposito (2),,,,1.333,,,,2.5,"{""label"": ""Francesco Esposito (2)"", ""hdp"": 2.5, ""over"": ""1.333""}",2026-05-13T17:12:51.422Z
71019438,Football,2026-05-13 21:00,Lazio Rome,Inter Milano,Italy - Coppa Italia,Bet365,Player Shots,Lautaro Martinez (2),,,,1.444,,,,2.5,"{""label"": ""Lautaro Martinez (2)"", ""hdp"": 2.5, ""over"": ""1.444""}",2026-05-13T17:12:51.422Z
71019438,Football,2026-05-13 21:00,Lazio Rome,Inter Milano,Italy - Coppa Italia,Bet365,Player Shots,Marcus Thuram (2),,,,1.571,,,,2.5,"{""label"": ""Marcus Thuram (2)"", ""hdp"": 2.5, ""over"": ""1.571""}",2026-05-13T17:12:51.422Z
71019438,Football,2026-05-13 21:00,Lazio Rome,Inter Milano,Italy - Coppa Italia,Bet365,Player Shots,Daniel Maldini (1),,,,2.500,,,,3.5,"{""label"": ""Daniel Maldini (1)"", ""hdp"": 3.5, ""over"": ""2.500""}",2026-05-13T17:12:51.422Z
71019438,Football,2026-05-13 21:00,Lazio Rome,Inter Milano,Italy - Coppa Italia,Bet365,Player Shots,Francesco Esposito (2),,,,1.800,,,,3.5,"{""label"": ""Francesco Esposito (2)"", ""hdp"": 3.5, ""over"": ""1.800""}",2026-05-13T17:12:51.422Z
71019438,Football,2026-05-13 21:00,Lazio Rome,Inter Milano,Italy - Coppa Italia,Bet365,Player Shots,Marcus Thuram (2),,,,2.375,,,,3.5,"{""label"": ""Marcus Thuram (2)"", ""hdp"": 3.5, ""over"": ""2.375""}",2026-05-13T17:12:51.422Z
71019438,Football,2026-05-13 21:00,Lazio Rome,Inter Milano,Italy - Coppa Italia,Bet365,Player Shots,Daniel Maldini (1),,,,4.333,,,,4.5,"{""label"": ""Daniel Maldini (1)"", ""hdp"": 4.5, ""over"": ""4.333""}",2026-05-13T17:12:51.422Z
71019438,Football,2026-05-13 21:00,Lazio Rome,Inter Milano,Italy - Coppa Italia,Bet365,Player Shots,Ange Bonny (2),,,,4.333,,,,4.5,"{""label"": ""Ange Bonny (2)"", ""hdp"": 4.5, ""over"": ""4.333""}",2026-05-13T17:12:51.422Z
71019438,Football,2026-05-13 21:00,Lazio Rome,Inter Milano,Italy - Coppa Italia,Bet365,Player Shots,Lautaro Martinez (2),,,,3.400,,,,4.5,"{""label"": ""Lautaro Martinez (2)"", ""hdp"": 4.5, ""over"": ""3.400""}",2026-05-13T17:12:51.422Z
71019438,Football,2026-05-13 21:00,Lazio Rome,Inter Milano,Italy - Coppa Italia,Bet365,Player Shots,Marcus Thuram (2),,,,4.000,,,,4.5,"{""label"": ""Marcus Thuram (2)"", ""hdp"": 4.5, ""over"": ""4.000""}",2026-05-13T17:12:51.422Z
71019438,Football,2026-05-13 21:00,Lazio Rome,Inter Milano,Italy - Coppa Italia,Bet365,Player Shots,Daniel Maldini (1),,,,8.000,,,,5.5,"{""label"": ""Daniel Maldini (1)"", ""hdp"": 5.5, ""over"": ""8.000""}",2026-05-13T17:12:51.422Z
71019438,Football,2026-05-13 21:00,Lazio Rome,Inter Milano,Italy - Coppa Italia,Bet365,Player Shots,Marcus Thuram (2),,,,8.000,,,,5.5,"{""label"": ""Marcus Thuram (2)"", ""hdp"": 5.5, ""over"": ""8.000""}",2026-05-13T17:12:51.422Z
71019438,Football,2026-05-13 21:00,Lazio Rome,Inter Milano,Italy - Coppa Italia,Bet365,Player Shots,Daniel Maldini (1),,,,17.000,,,,6.5,"{""label"": ""Daniel Maldini (1)"", ""hdp"": 6.5, ""over"": ""17.000""}",2026-05-13T17:12:51.422Z
71019438,Football,2026-05-13 21:00,Lazio Rome,Inter Milano,Italy - Coppa Italia,Bet365,Player Shots,Lautaro Martinez (2),,,,11.000,,,,6.5,"{""label"": ""Lautaro Martinez (2)"", ""hdp"": 6.5, ""over"": ""11.000""}",2026-05-13T17:12:51.422Z
71019438,Football,2026-05-13 21:00,Lazio Rome,Inter Milano,Italy - Coppa Italia,Bet365,Player Shots,Marcus Thuram (2),,,,15.000,,,,6.5,"{""label"": ""Marcus Thuram (2)"", ""hdp"": 6.5, ""over"": ""15.000""}",2026-05-13T17:12:51.422Z
71019438,Football,2026-05-13 21:00,Lazio Rome,Inter Milano,Italy - Coppa Italia,Bet365,Player Shots,Francesco Esposito (2),,,,15.000,,,,7.5,"{""label"": ""Francesco Esposito (2)"", ""hdp"": 7.5, ""over"": ""15.000""}",2026-05-13T17:12:51.422Z
71019438,Football,2026-05-13 21:00,Lazio Rome,Inter Milano,Italy - Coppa Italia,Bet365,Player Shots,Boulaye Dia (1),,,,1.181,,,,0.5,"{""label"": ""Boulaye Dia (1)"", ""hdp"": 0.5, ""over"": ""1.181""}",2026-05-13T17:12:51.422Z
71019438,Football,2026-05-13 21:00,Lazio Rome,Inter Milano,Italy - Coppa Italia,Bet365,Player Shots,Gustav Isaksen (1),,,,1.083,,,,0.5,"{""label"": ""Gustav Isaksen (1)"", ""hdp"": 0.5, ""over"": ""1.083""}",2026-05-13T17:12:51.422Z
71019438,Football,2026-05-13 21:00,Lazio Rome,Inter Milano,Italy - Coppa Italia,Bet365,Player Shots,Matteo Cancellieri (1),,,,1.111,,,,0.5,"{""label"": ""Matteo Cancellieri (1)"", ""hdp"": 0.5, ""over"": ""1.111""}",2026-05-13T17:12:51.422Z
71019438,Football,2026-05-13 21:00,Lazio Rome,Inter Milano,Italy - Coppa Italia,Bet365,Player Shots,Pedro (1),,,,1.111,,,,0.5,"{""label"": ""Pedro (1)"", ""hdp"": 0.5, ""over"": ""1.111""}",2026-05-13T17:12:51.422Z
71019438,Football,2026-05-13 21:00,Lazio Rome,Inter Milano,Italy - Coppa Italia,Bet365,Player Shots,Alessandro Bastoni (2),,,,1.363,,,,0.5,"{""label"": ""Alessandro Bastoni (2)"", ""hdp"": 0.5, ""over"": ""1.363""}",2026-05-13T17:12:51.422Z
71019438,Football,2026-05-13 21:00,Lazio Rome,Inter Milano,Italy - Coppa Italia,Bet365,Player Shots,Andy Diouf (2),,,,1.125,,,,0.5,"{""label"": ""Andy Diouf (2)"", ""hdp"": 0.5, ""over"": ""1.125""}",2026-05-13T17:12:51.422Z
71019438,Football,2026-05-13 21:00,Lazio Rome,Inter Milano,Italy - Coppa Italia,Bet365,Player Shots,Luis Henrique de Lima (2),,,,1.181,,,,0.5,"{""label"": ""Luis Henrique de Lima (2)"", ""hdp"": 0.5, ""over"": ""1.181""}",2026-05-13T17:12:51.422Z
71019438,Football,2026-05-13 21:00,Lazio Rome,Inter Milano,Italy - Coppa Italia,Bet365,Player Shots,Denzel Dumfries (2),,,,1.125,,,,0.5,"{""label"": ""Denzel Dumfries (2)"", ""hdp"": 0.5, ""over"": ""1.125""}",2026-05-13T17:12:51.422Z
71019438,Football,2026-05-13 21:00,Lazio Rome,Inter Milano,Italy - Coppa Italia,Bet365,Player Shots,Federico Dimarco (2),,,,1.071,,,,0.5,"{""label"": ""Federico Dimarco (2)"", ""hdp"": 0.5, ""over"": ""1.071""}",2026-05-13T17:12:51.422Z
71019438,Football,2026-05-13 21:00,Lazio Rome,Inter Milano,Italy - Coppa Italia,Bet365,Player Shots,Hakan Calhanoglu (2),,,,1.125,,,,0.5,"{""label"": ""Hakan Calhanoglu (2)"", ""hdp"": 0.5, ""over"": ""1.125""}",2026-05-13T17:12:51.422Z
71019438,Football,2026-05-13 21:00,Lazio Rome,Inter Milano,Italy - Coppa Italia,Bet365,Player Shots,Henrikh Mkhitaryan (2),,,,1.111,,,,0.5,"{""label"": ""Henrikh Mkhitaryan (2)"", ""hdp"": 0.5, ""over"": ""1.111""}",2026-05-13T17:12:51.422Z
71019438,Football,2026-05-13 21:00,Lazio Rome,Inter Milano,Italy - Coppa Italia,Bet365,Player Shots,Matteo Cocchi (2),,,,1.571,,,,0.5,"{""label"": ""Matteo Cocchi (2)"", ""hdp"": 0.5, ""over"": ""1.571""}",2026-05-13T17:12:51.422Z
71019438,Football,2026-05-13 21:00,Lazio Rome,Inter Milano,Italy - Coppa Italia,Bet365,Player Shots,Piotr Zielinski (2),,,,1.100,,,,0.5,"{""label"": ""Piotr Zielinski (2)"", ""hdp"": 0.5, ""over"": ""1.100""}",2026-05-13T17:12:51.422Z
71019438,Football,2026-05-13 21:00,Lazio Rome,Inter Milano,Italy - Coppa Italia,Bet365,Player Shots,Yann Aurel Bisseck (2),,,,1.571,,,,0.5,"{""label"": ""Yann Aurel Bisseck (2)"", ""hdp"": 0.5, ""over"": ""1.571""}",2026-05-13T17:12:51.422Z
71019438,Football,2026-05-13 21:00,Lazio Rome,Inter Milano,Italy - Coppa Italia,Bet365,Player Shots,Boulaye Dia (1),,,,1.800,,,,1.5,"{""label"": ""Boulaye Dia (1)"", ""hdp"": 1.5, ""over"": ""1.800""}",2026-05-13T17:12:51.422Z
71019438,Football,2026-05-13 21:00,Lazio Rome,Inter Milano,Italy - Coppa Italia,Bet365,Player Shots,Gustav Isaksen (1),,,,1.444,,,,1.5,"{""label"": ""Gustav Isaksen (1)"", ""hdp"": 1.5, ""over"": ""1.444""}",2026-05-13T17:12:51.422Z
71019438,Football,2026-05-13 21:00,Lazio Rome,Inter Milano,Italy - Coppa Italia,Bet365,Player Shots,Matteo Cancellieri (1),,,,1.533,,,,1.5,"{""label"": ""Matteo Cancellieri (1)"", ""hdp"": 1.5, ""over"": ""1.533""}",2026-05-13T17:12:51.422Z
71019438,Football,2026-05-13 21:00,Lazio Rome,Inter Milano,Italy - Coppa Italia,Bet365,Player Shots,Pedro (1),,,,1.533,,,,1.5,"{""label"": ""Pedro (1)"", ""hdp"": 1.5, ""over"": ""1.533""}",2026-05-13T17:12:51.422Z
71019438,Football,2026-05-13 21:00,Lazio Rome,Inter Milano,Italy - Coppa Italia,Bet365,Player Shots,Alessandro Bastoni (2),,,,2.625,,,,1.5,"{""label"": ""Alessandro Bastoni (2)"", ""hdp"": 1.5, ""over"": ""2.625""}",2026-05-13T17:12:51.422Z
71019438,Football,2026-05-13 21:00,Lazio Rome,Inter Milano,Italy - Coppa Italia,Bet365,Player Shots,Andy Diouf (2),,,,1.615,,,,1.5,"{""label"": ""Andy Diouf (2)"", ""hdp"": 1.5, ""over"": ""1.615""}",2026-05-13T17:12:51.422Z
71019438,Football,2026-05-13 21:00,Lazio Rome,Inter Milano,Italy - Coppa Italia,Bet365,Player Shots,Luis Henrique de Lima (2),,,,1.800,,,,1.5,"{""label"": ""Luis Henrique de Lima (2)"", ""hdp"": 1.5, ""over"": ""1.800""}",2026-05-13T17:12:51.422Z
71019438,Football,2026-05-13 21:00,Lazio Rome,Inter Milano,Italy - Coppa Italia,Bet365,Player Shots,Denzel Dumfries (2),,,,1.615,,,,1.5,"{""label"": ""Denzel Dumfries (2)"", ""hdp"": 1.5, ""over"": ""1.615""}",2026-05-13T17:12:51.422Z
71019438,Football,2026-05-13 21:00,Lazio Rome,Inter Milano,Italy - Coppa Italia,Bet365,Player Shots,Federico Dimarco (2),,,,1.363,,,,1.5,"{""label"": ""Federico Dimarco (2)"", ""hdp"": 1.5, ""over"": ""1.363""}",2026-05-13T17:12:51.422Z
71019438,Football,2026-05-13 21:00,Lazio Rome,Inter Milano,Italy - Coppa Italia,Bet365,Player Shots,Hakan Calhanoglu (2),,,,1.571,,,,1.5,"{""label"": ""Hakan Calhanoglu (2)"", ""hdp"": 1.5, ""over"": ""1.571""}",2026-05-13T17:12:51.422Z
71019438,Football,2026-05-13 21:00,Lazio Rome,Inter Milano,Italy - Coppa Italia,Bet365,Player Shots,Henrikh Mkhitaryan (2),,,,1.533,,,,1.5,"{""label"": ""Henrikh Mkhitaryan (2)"", ""hdp"": 1.5, ""over"": ""1.533""}",2026-05-13T17:12:51.422Z
71019438,Football,2026-05-13 21:00,Lazio Rome,Inter Milano,Italy - Coppa Italia,Bet365,Player Shots,Matteo Cocchi (2),,,,3.500,,,,1.5,"{""label"": ""Matteo Cocchi (2)"", ""hdp"": 1.5, ""over"": ""3.500""}",2026-05-13T17:12:51.422Z
71019438,Football,2026-05-13 21:00,Lazio Rome,Inter Milano,Italy - Coppa Italia,Bet365,Player Shots,Piotr Zielinski (2),,,,1.500,,,,1.5,"{""label"": ""Piotr Zielinski (2)"", ""hdp"": 1.5, ""over"": ""1.500""}",2026-05-13T17:12:51.422Z
71019438,Football,2026-05-13 21:00,Lazio Rome,Inter Milano,Italy - Coppa Italia,Bet365,Player Shots,Yann Aurel Bisseck (2),,,,3.500,,,,1.5,"{""label"": ""Yann Aurel Bisseck (2)"", ""hdp"": 1.5, ""over"": ""3.500""}",2026-05-13T17:12:51.422Z
71019438,Football,2026-05-13 21:00,Lazio Rome,Inter Milano,Italy - Coppa Italia,Bet365,Player Shots,Boulaye Dia (1),,,,3.400,,,,2.5,"{""label"": ""Boulaye Dia (1)"", ""hdp"": 2.5, ""over"": ""3.400""}",2026-05-13T17:12:51.422Z
71019438,Football,2026-05-13 21:00,Lazio Rome,Inter Milano,Italy - Coppa Italia,Bet365,Player Shots,Gustav Isaksen (1),,,,2.250,,,,2.5,"{""label"": ""Gustav Isaksen (1)"", ""hdp"": 2.5, ""over"": ""2.250""}",2026-05-13T17:12:51.422Z
71019438,Football,2026-05-13 21:00,Lazio Rome,Inter Milano,Italy - Coppa Italia,Bet365,Player Shots,Matteo Cancellieri (1),,,,2.625,,,,2.5,"{""label"": ""Matteo Cancellieri (1)"", ""hdp"": 2.5, ""over"": ""2.625""}",2026-05-13T17:12:51.422Z
71019438,Football,2026-05-13 21:00,Lazio Rome,Inter Milano,Italy - Coppa Italia,Bet365,Player Shots,Pedro (1),,,,2.500,,,,2.5,"{""label"": ""Pedro (1)"", ""hdp"": 2.5, ""over"": ""2.500""}",2026-05-13T17:12:51.422Z
71019438,Football,2026-05-13 21:00,Lazio Rome,Inter Milano,Italy - Coppa Italia,Bet365,Player Shots,Alessandro Bastoni (2),,,,6.000,,,,2.5,"{""label"": ""Alessandro Bastoni (2)"", ""hdp"": 2.5, ""over"": ""6.000""}",2026-05-13T17:12:51.422Z
71019438,Football,2026-05-13 21:00,Lazio Rome,Inter Milano,Italy - Coppa Italia,Bet365,Player Shots,Andy Diouf (2),,,,2.750,,,,2.5,"{""label"": ""Andy Diouf (2)"", ""hdp"": 2.5, ""over"": ""2.750""}",2026-05-13T17:12:51.422Z
71019438,Football,2026-05-13 21:00,Lazio Rome,Inter Milano,Italy - Coppa Italia,Bet365,Player Shots,Luis Henrique de Lima (2),,,,3.400,,,,2.5,"{""label"": ""Luis Henrique de Lima (2)"", ""hdp"": 2.5, ""over"": ""3.400""}",2026-05-13T17:12:51.422Z
71019438,Football,2026-05-13 21:00,Lazio Rome,Inter Milano,Italy - Coppa Italia,Bet365,Player Shots,Denzel Dumfries (2),,,,2.750,,,,2.5,"{""label"": ""Denzel Dumfries (2)"", ""hdp"": 2.5, ""over"": ""2.750""}",2026-05-13T17:12:51.422Z
71019438,Football,2026-05-13 21:00,Lazio Rome,Inter Milano,Italy - Coppa Italia,Bet365,Player Shots,Federico Dimarco (2),,,,2.000,,,,2.5,"{""label"": ""Federico Dimarco (2)"", ""hdp"": 2.5, ""over"": ""2.000""}",2026-05-13T17:12:51.422Z
71019438,Football,2026-05-13 21:00,Lazio Rome,Inter Milano,Italy - Coppa Italia,Bet365,Player Shots,Hakan Calhanoglu (2),,,,2.625,,,,2.5,"{""label"": ""Hakan Calhanoglu (2)"", ""hdp"": 2.5, ""over"": ""2.625""}",2026-05-13T17:12:51.422Z
71019438,Football,2026-05-13 21:00,Lazio Rome,Inter Milano,Italy - Coppa Italia,Bet365,Player Shots,Henrikh Mkhitaryan (2),,,,2.500,,,,2.5,"{""label"": ""Henrikh Mkhitaryan (2)"", ""hdp"": 2.5, ""over"": ""2.500""}",2026-05-13T17:12:51.422Z
71019438,Football,2026-05-13 21:00,Lazio Rome,Inter Milano,Italy - Coppa Italia,Bet365,Player Shots,Matteo Cocchi (2),,,,10.000,,,,2.5,"{""label"": ""Matteo Cocchi (2)"", ""hdp"": 2.5, ""over"": ""10.000""}",2026-05-13T17:12:51.422Z
71019438,Football,2026-05-13 21:00,Lazio Rome,Inter Milano,Italy - Coppa Italia,Bet365,Player Shots,Piotr Zielinski (2),,,,2.375,,,,2.5,"{""label"": ""Piotr Zielinski (2)"", ""hdp"": 2.5, ""over"": ""2.375""}",2026-05-13T17:12:51.422Z
71019438,Football,2026-05-13 21:00,Lazio Rome,Inter Milano,Italy - Coppa Italia,Bet365,Player Shots,Yann Aurel Bisseck (2),,,,10.000,,,,2.5,"{""label"": ""Yann Aurel Bisseck (2)"", ""hdp"": 2.5, ""over"": ""10.000""}",2026-05-13T17:12:51.422Z
71019438,Football,2026-05-13 21:00,Lazio Rome,Inter Milano,Italy - Coppa Italia,Bet365,Player Shots,Boulaye Dia (1),,,,7.000,,,,3.5,"{""label"": ""Boulaye Dia (1)"", ""hdp"": 3.5, ""over"": ""7.000""}",2026-05-13T17:12:51.422Z
71019438,Football,2026-05-13 21:00,Lazio Rome,Inter Milano,Italy - Coppa Italia,Bet365,Player Shots,Gustav Isaksen (1),,,,4.000,,,,3.5,"{""label"": ""Gustav Isaksen (1)"", ""hdp"": 3.5, ""over"": ""4.000""}",2026-05-13T17:12:51.422Z
71019438,Football,2026-05-13 21:00,Lazio Rome,Inter Milano,Italy - Coppa Italia,Bet365,Player Shots,Matteo Cancellieri (1),,,,5.000,,,,3.5,"{""label"": ""Matteo Cancellieri (1)"", ""hdp"": 3.5, ""over"": ""5.000""}",2026-05-13T17:12:51.422Z
71019438,Football,2026-05-13 21:00,Lazio Rome,Inter Milano,Italy - Coppa Italia,Bet365,Player Shots,Pedro (1),,,,4.500,,,,3.5,"{""label"": ""Pedro (1)"", ""hdp"": 3.5, ""over"": ""4.500""}",2026-05-13T17:12:51.422Z
71019438,Football,2026-05-13 21:00,Lazio Rome,Inter Milano,Italy - Coppa Italia,Bet365,Player Shots,Alessandro Bastoni (2),,,,15.000,,,,3.5,"{""label"": ""Alessandro Bastoni (2)"", ""hdp"": 3.5, ""over"": ""15.000""}",2026-05-13T17:12:51.422Z
71019438,Football,2026-05-13 21:00,Lazio Rome,Inter Milano,Italy - Coppa Italia,Bet365,Player Shots,Andy Diouf (2),,,,5.500,,,,3.5,"{""label"": ""Andy Diouf (2)"", ""hdp"": 3.5, ""over"": ""5.500""}",2026-05-13T17:12:51.422Z
71019438,Football,2026-05-13 21:00,Lazio Rome,Inter Milano,Italy - Coppa Italia,Bet365,Player Shots,Luis Henrique de Lima (2),,,,7.000,,,,3.5,"{""label"": ""Luis Henrique de Lima (2)"", ""hdp"": 3.5, ""over"": ""7.000""}",2026-05-13T17:12:51.422Z
71019438,Football,2026-05-13 21:00,Lazio Rome,Inter Milano,Italy - Coppa Italia,Bet365,Player Shots,Denzel Dumfries (2),,,,5.500,,,,3.5,"{""label"": ""Denzel Dumfries (2)"", ""hdp"": 3.5, ""over"": ""5.500""}",2026-05-13T17:12:51.422Z
71019438,Football,2026-05-13 21:00,Lazio Rome,Inter Milano,Italy - Coppa Italia,Bet365,Player Shots,Federico Dimarco (2),,,,3.500,,,,3.5,"{""label"": ""Federico Dimarco (2)"", ""hdp"": 3.5, ""over"": ""3.500""}",2026-05-13T17:12:51.422Z
71019438,Football,2026-05-13 21:00,Lazio Rome,Inter Milano,Italy - Coppa Italia,Bet365,Player Shots,Hakan Calhanoglu (2),,,,5.500,,,,3.5,"{""label"": ""Hakan Calhanoglu (2)"", ""hdp"": 3.5, ""over"": ""5.500""}",2026-05-13T17:12:51.422Z
71019438,Football,2026-05-13 21:00,Lazio Rome,Inter Milano,Italy - Coppa Italia,Bet365,Player Shots,Henrikh Mkhitaryan (2),,,,4.500,,,,3.5,"{""label"": ""Henrikh Mkhitaryan (2)"", ""hdp"": 3.5, ""over"": ""4.500""}",2026-05-13T17:12:51.422Z
71019438,Football,2026-05-13 21:00,Lazio Rome,Inter Milano,Italy - Coppa Italia,Bet365,Player Shots,Piotr Zielinski (2),,,,4.333,,,,3.5,"{""label"": ""Piotr Zielinski (2)"", ""hdp"": 3.5, ""over"": ""4.333""}",2026-05-13T17:12:51.422Z
71019438,Football,2026-05-13 21:00,Lazio Rome,Inter Milano,Italy - Coppa Italia,Bet365,Player Shots,Boulaye Dia (1),,,,15.000,,,,4.5,"{""label"": ""Boulaye Dia (1)"", ""hdp"": 4.5, ""over"": ""15.000""}",2026-05-13T17:12:51.422Z
71019438,Football,2026-05-13 21:00,Lazio Rome,Inter Milano,Italy - Coppa Italia,Bet365,Player Shots,Gustav Isaksen (1),,,,8.000,,,,4.5,"{""label"": ""Gustav Isaksen (1)"", ""hdp"": 4.5, ""over"": ""8.000""}",2026-05-13T17:12:51.422Z
71019438,Football,2026-05-13 21:00,Lazio Rome,Inter Milano,Italy - Coppa Italia,Bet365,Player Shots,Matteo Cancellieri (1),,,,11.000,,,,4.5,"{""label"": ""Matteo Cancellieri (1)"", ""hdp"": 4.5, ""over"": ""11.000""}",2026-05-13T17:12:51.422Z
71019438,Football,2026-05-13 21:00,Lazio Rome,Inter Milano,Italy - Coppa Italia,Bet365,Player Shots,Pedro (1),,,,10.000,,,,4.5,"{""label"": ""Pedro (1)"", ""hdp"": 4.5, ""over"": ""10.000""}",2026-05-13T17:12:51.422Z
71019438,Football,2026-05-13 21:00,Lazio Rome,Inter Milano,Italy - Coppa Italia,Bet365,Player Shots,Andy Diouf (2),,,,11.000,,,,4.5,"{""label"": ""Andy Diouf (2)"", ""hdp"": 4.5, ""over"": ""11.000""}",2026-05-13T17:12:51.422Z
71019438,Football,2026-05-13 21:00,Lazio Rome,Inter Milano,Italy - Coppa Italia,Bet365,Player Shots,Luis Henrique de Lima (2),,,,15.000,,,,4.5,"{""label"": ""Luis Henrique de Lima (2)"", ""hdp"": 4.5, ""over"": ""15.000""}",2026-05-13T17:12:51.422Z
71019438,Football,2026-05-13 21:00,Lazio Rome,Inter Milano,Italy - Coppa Italia,Bet365,Player Shots,Denzel Dumfries (2),,,,11.000,,,,4.5,"{""label"": ""Denzel Dumfries (2)"", ""hdp"": 4.5, ""over"": ""11.000""}",2026-05-13T17:12:51.422Z
71019438,Football,2026-05-13 21:00,Lazio Rome,Inter Milano,Italy - Coppa Italia,Bet365,Player Shots,Federico Dimarco (2),,,,6.500,,,,4.5,"{""label"": ""Federico Dimarco (2)"", ""hdp"": 4.5, ""over"": ""6.500""}",2026-05-13T17:12:51.422Z
71019438,Football,2026-05-13 21:00,Lazio Rome,Inter Milano,Italy - Coppa Italia,Bet365,Player Shots,Hakan Calhanoglu (2),,,,11.000,,,,4.5,"{""label"": ""Hakan Calhanoglu (2)"", ""hdp"": 4.5, ""over"": ""11.000""}",2026-05-13T17:12:51.422Z
71019438,Football,2026-05-13 21:00,Lazio Rome,Inter Milano,Italy - Coppa Italia,Bet365,Player Shots,Henrikh Mkhitaryan (2),,,,10.000,,,,4.5,"{""label"": ""Henrikh Mkhitaryan (2)"", ""hdp"": 4.5, ""over"": ""10.000""}",2026-05-13T17:12:51.422Z
71019438,Football,2026-05-13 21:00,Lazio Rome,Inter Milano,Italy - Coppa Italia,Bet365,Player Shots,Piotr Zielinski (2),,,,9.000,,,,4.5,"{""label"": ""Piotr Zielinski (2)"", ""hdp"": 4.5, ""over"": ""9.000""}",2026-05-13T17:12:51.422Z
71019438,Football,2026-05-13 21:00,Lazio Rome,Inter Milano,Italy - Coppa Italia,Bet365,Player Shots,Gustav Isaksen (1),,,,17.000,,,,5.5,"{""label"": ""Gustav Isaksen (1)"", ""hdp"": 5.5, ""over"": ""17.000""}",2026-05-13T17:12:51.422Z
71019438,Football,2026-05-13 21:00,Lazio Rome,Inter Milano,Italy - Coppa Italia,Bet365,Player Shots,Matteo Cancellieri (1),,,,21.000,,,,5.5,"{""label"": ""Matteo Cancellieri (1)"", ""hdp"": 5.5, ""over"": ""21.000""}",2026-05-13T17:12:51.422Z
71019438,Football,2026-05-13 21:00,Lazio Rome,Inter Milano,Italy - Coppa Italia,Bet365,Player Shots,Andy Diouf (2),,,,21.000,,,,5.5,"{""label"": ""Andy Diouf (2)"", ""hdp"": 5.5, ""over"": ""21.000""}",2026-05-13T17:12:51.422Z
71019438,Football,2026-05-13 21:00,Lazio Rome,Inter Milano,Italy - Coppa Italia,Bet365,Player Shots,Denzel Dumfries (2),,,,21.000,,,,5.5,"{""label"": ""Denzel Dumfries (2)"", ""hdp"": 5.5, ""over"": ""21.000""}",2026-05-13T17:12:51.422Z
71019438,Football,2026-05-13 21:00,Lazio Rome,Inter Milano,Italy - Coppa Italia,Bet365,Player Shots,Federico Dimarco (2),,,,13.000,,,,5.5,"{""label"": ""Federico Dimarco (2)"", ""hdp"": 5.5, ""over"": ""13.000""}",2026-05-13T17:12:51.422Z
71019438,Football,2026-05-13 21:00,Lazio Rome,Inter Milano,Italy - Coppa Italia,Bet365,Player Shots,Piotr Zielinski (2),,,,19.000,,,,5.5,"{""label"": ""Piotr Zielinski (2)"", ""hdp"": 5.5, ""over"": ""19.000""}",2026-05-13T17:12:51.422Z
71019438,Football,2026-05-13 21:00,Lazio Rome,Inter Milano,Italy - Coppa Italia,Bet365,Player Shots,Federico Dimarco (2),,,,21.000,,,,6.5,"{""label"": ""Federico Dimarco (2)"", ""hdp"": 6.5, ""over"": ""21.000""}",2026-05-13T17:12:51.422Z
71019438,Football,2026-05-13 21:00,Lazio Rome,Inter Milano,Italy - Coppa Italia,Bet365,Team Total Goals Home,,,,,4.000,1.222,,,1.5,"{""hdp"": 1.5, ""over"": ""4.000"", ""under"": ""1.222""}",2026-05-13T17:47:26.948Z
71019438,Football,2026-05-13 21:00,Lazio Rome,Inter Milano,Italy - Coppa Italia,Bet365,Team Total Goals Home,,,,,13.000,1.040,,,2.5,"{""hdp"": 2.5, ""over"": ""13.000"", ""under"": ""1.040""}",2026-05-13T17:47:26.948Z
71019438,Football,2026-05-13 21:00,Lazio Rome,Inter Milano,Italy - Coppa Italia,Bet365,Team Total Goals Home,,,,,41.000,1.004,,,3.5,"{""hdp"": 3.5, ""over"": ""41.000"", ""under"": ""1.004""}",2026-05-13T17:47:26.948Z
71019438,Football,2026-05-13 21:00,Lazio Rome,Inter Milano,Italy - Coppa Italia,Bet365,Team Total Goals Home,,,,,1.615,2.200,,,0.5,"{""hdp"": 0.5, ""over"": ""1.615"", ""under"": ""2.200""}",2026-05-13T17:47:26.948Z
71019438,Football,2026-05-13 21:00,Lazio Rome,Inter Milano,Italy - Coppa Italia,Bet365,Both Teams To Score HT,,,,,,,5.000,1.166,,"{""yes"": ""5.000"", ""no"": ""1.166""}",2026-05-13T15:05:00.744Z
71019438,Football,2026-05-13 21:00,Lazio Rome,Inter Milano,Italy - Coppa Italia,Bet365,Card Handicap,1 (0),2.375,,2.375,,,,,0,"{""label"": ""1 (0)"", ""hdp"": 0, ""home"": ""2.375"", ""away"": ""2.375""}",2026-05-13T17:35:01.212Z
71019438,Football,2026-05-13 21:00,Lazio Rome,Inter Milano,Italy - Coppa Italia,Bet365,Exact Total Goals,1 Goal,,,,,4.750,,,,"{""label"": ""1 Goal"", ""under"": ""4.750""}",2026-05-13T14:33:41.358Z
71019438,Football,2026-05-13 21:00,Lazio Rome,Inter Milano,Italy - Coppa Italia,Bet365,Exact Total Goals,2 Goals,,,,,3.500,,,,"{""label"": ""2 Goals"", ""under"": ""3.500""}",2026-05-13T14:33:41.358Z
71019438,Football,2026-05-13 21:00,Lazio Rome,Inter Milano,Italy - Coppa Italia,Bet365,Exact Total Goals,3 Goals,,,,,4.333,,,,"{""label"": ""3 Goals"", ""under"": ""4.333""}",2026-05-13T14:33:41.358Z
71019438,Football,2026-05-13 21:00,Lazio Rome,Inter Milano,Italy - Coppa Italia,Bet365,Exact Total Goals,4 Goals,,,,,6.000,,,,"{""label"": ""4 Goals"", ""under"": ""6.000""}",2026-05-13T14:33:41.358Z
71019438,Football,2026-05-13 21:00,Lazio Rome,Inter Milano,Italy - Coppa Italia,Bet365,Exact Total Goals,6 Goals,,,,,23.000,,,,"{""label"": ""6 Goals"", ""under"": ""23.000""}",2026-05-13T14:33:41.358Z
71019438,Football,2026-05-13 21:00,Lazio Rome,Inter Milano,Italy - Coppa Italia,Bet365,Exact Total Goals,0 Goals,,,,,9.500,,,,"{""label"": ""0 Goals"", ""under"": ""9.500""}",2026-05-13T14:33:41.358Z
71019438,Football,2026-05-13 21:00,Lazio Rome,Inter Milano,Italy - Coppa Italia,Bet365,Exact Total Goals,5 Goals,,,,,11.000,,,,"{""label"": ""5 Goals"", ""under"": ""11.000""}",2026-05-13T14:33:41.358Z
71019438,Football,2026-05-13 21:00,Lazio Rome,Inter Milano,Italy - Coppa Italia,Bet365,Exact Total Goals,7+ Goals,,,,,29.000,,,,"{""label"": ""7+ Goals"", ""under"": ""29.000""}",2026-05-13T14:33:41.358Z
71019438,Football,2026-05-13 21:00,Lazio Rome,Inter Milano,Italy - Coppa Italia,Bet365,Match Shots,,,,,1.909,1.800,,,25.5,"{""hdp"": 25.5, ""over"": ""1.909"", ""under"": ""1.800""}",2026-05-13T16:48:45.505Z
71019438,Football,2026-05-13 21:00,Lazio Rome,Inter Milano,Italy - Coppa Italia,Bet365,Player Shots on Target,Manuel Akanji (2),,,,19.000,,,,1.5,"{""label"": ""Manuel Akanji (2)"", ""hdp"": 1.5, ""over"": ""19.000""}",2026-05-13T17:12:51.422Z
71019438,Football,2026-05-13 21:00,Lazio Rome,Inter Milano,Italy - Coppa Italia,Bet365,Player Shots on Target,Ange Bonny (2),,,,7.000,,,,2.5,"{""label"": ""Ange Bonny (2)"", ""hdp"": 2.5, ""over"": ""7.000""}",2026-05-13T17:12:51.422Z
71019438,Football,2026-05-13 21:00,Lazio Rome,Inter Milano,Italy - Coppa Italia,Bet365,Player Shots on Target,Luis Henrique de Lima (2),,,,21.000,,,,2.5,"{""label"": ""Luis Henrique de Lima (2)"", ""hdp"": 2.5, ""over"": ""21.000""}",2026-05-13T17:12:51.422Z
71019438,Football,2026-05-13 21:00,Lazio Rome,Inter Milano,Italy - Coppa Italia,Bet365,Player Shots on Target,Hakan Calhanoglu (2),,,,21.000,,,,2.5,"{""label"": ""Hakan Calhanoglu (2)"", ""hdp"": 2.5, ""over"": ""21.000""}",2026-05-13T17:12:51.422Z
71019438,Football,2026-05-13 21:00,Lazio Rome,Inter Milano,Italy - Coppa Italia,Bet365,Player Shots on Target,Henrikh Mkhitaryan (2),,,,21.000,,,,2.5,"{""label"": ""Henrikh Mkhitaryan (2)"", ""hdp"": 2.5, ""over"": ""21.000""}",2026-05-13T17:12:51.422Z
71019438,Football,2026-05-13 21:00,Lazio Rome,Inter Milano,Italy - Coppa Italia,Bet365,Player Shots on Target,Federico Dimarco (2),,,,21.000,,,,2.5,"{""label"": ""Federico Dimarco (2)"", ""hdp"": 2.5, ""over"": ""21.000""}",2026-05-13T17:12:51.422Z
71019438,Football,2026-05-13 21:00,Lazio Rome,Inter Milano,Italy - Coppa Italia,Bet365,Player Shots on Target,Matteo Cancellieri (1),,,,21.000,,,,2.5,"{""label"": ""Matteo Cancellieri (1)"", ""hdp"": 2.5, ""over"": ""21.000""}",2026-05-13T17:12:51.422Z
71019438,Football,2026-05-13 21:00,Lazio Rome,Inter Milano,Italy - Coppa Italia,Bet365,Player Shots on Target,Lautaro Martinez (2),,,,13.000,,,,3.5,"{""label"": ""Lautaro Martinez (2)"", ""hdp"": 3.5, ""over"": ""13.000""}",2026-05-13T17:12:51.422Z
71019438,Football,2026-05-13 21:00,Lazio Rome,Inter Milano,Italy - Coppa Italia,Bet365,Player Shots on Target,Adam Marusic (1),,,,5.500,,,,0.5,"{""label"": ""Adam Marusic (1)"", ""hdp"": 0.5, ""over"": ""5.500""}",2026-05-13T17:12:51.422Z
71019438,Football,2026-05-13 21:00,Lazio Rome,Inter Milano,Italy - Coppa Italia,Bet365,Player Shots on Target,Gabarron Patric Gil (1),,,,5.500,,,,0.5,"{""label"": ""Gabarron Patric Gil (1)"", ""hdp"": 0.5, ""over"": ""5.500""}",2026-05-13T17:12:51.422Z
71019438,Football,2026-05-13 21:00,Lazio Rome,Inter Milano,Italy - Coppa Italia,Bet365,Player Shots on Target,Luca Pellegrini (1),,,,5.500,,,,0.5,"{""label"": ""Luca Pellegrini (1)"", ""hdp"": 0.5, ""over"": ""5.500""}",2026-05-13T17:12:51.422Z
71019438,Football,2026-05-13 21:00,Lazio Rome,Inter Milano,Italy - Coppa Italia,Bet365,Player Shots on Target,Manuel Lazzari (1),,,,5.500,,,,0.5,"{""label"": ""Manuel Lazzari (1)"", ""hdp"": 0.5, ""over"": ""5.500""}",2026-05-13T17:12:51.422Z
71019438,Football,2026-05-13 21:00,Lazio Rome,Inter Milano,Italy - Coppa Italia,Bet365,Player Shots on Target,Mario Gila (1),,,,6.500,,,,0.5,"{""label"": ""Mario Gila (1)"", ""hdp"": 0.5, ""over"": ""6.500""}",2026-05-13T17:12:51.422Z
71019438,Football,2026-05-13 21:00,Lazio Rome,Inter Milano,Italy - Coppa Italia,Bet365,Player Shots on Target,Oliver Provstgaard (1),,,,5.000,,,,0.5,"{""label"": ""Oliver Provstgaard (1)"", ""hdp"": 0.5, ""over"": ""5.000""}",2026-05-13T17:12:51.422Z
71019438,Football,2026-05-13 21:00,Lazio Rome,Inter Milano,Italy - Coppa Italia,Bet365,Player Shots on Target,Lautaro Martinez (2),,,,1.250,,,,0.5,"{""label"": ""Lautaro Martinez (2)"", ""hdp"": 0.5, ""over"": ""1.250""}",2026-05-13T17:12:51.422Z
71019438,Football,2026-05-13 21:00,Lazio Rome,Inter Milano,Italy - Coppa Italia,Bet365,Player Shots on Target,Stefan de Vrij (2),,,,5.500,,,,0.5,"{""label"": ""Stefan de Vrij (2)"", ""hdp"": 0.5, ""over"": ""5.500""}",2026-05-13T17:12:51.422Z
71019438,Football,2026-05-13 21:00,Lazio Rome,Inter Milano,Italy - Coppa Italia,Bet365,Player Shots on Target,Boulaye Dia (1),,,,21.000,,,,2.5,"{""label"": ""Boulaye Dia (1)"", ""hdp"": 2.5, ""over"": ""21.000""}",2026-05-13T17:12:51.422Z
71019438,Football,2026-05-13 21:00,Lazio Rome,Inter Milano,Italy - Coppa Italia,Bet365,Player Shots on Target,Elseid Hysaj (1),,,,9.000,,,,0.5,"{""label"": ""Elseid Hysaj (1)"", ""hdp"": 0.5, ""over"": ""9.000""}",2026-05-13T17:12:51.422Z
71019438,Football,2026-05-13 21:00,Lazio Rome,Inter Milano,Italy - Coppa Italia,Bet365,Player Shots on Target,Nicolo Rovella (1),,,,3.500,,,,0.5,"{""label"": ""Nicolo Rovella (1)"", ""hdp"": 0.5, ""over"": ""3.500""}",2026-05-13T17:12:51.422Z
71019438,Football,2026-05-13 21:00,Lazio Rome,Inter Milano,Italy - Coppa Italia,Bet365,Player Shots on Target,Nuno Tavares (1),,,,3.400,,,,0.5,"{""label"": ""Nuno Tavares (1)"", ""hdp"": 0.5, ""over"": ""3.400""}",2026-05-13T17:12:51.422Z
71019438,Football,2026-05-13 21:00,Lazio Rome,Inter Milano,Italy - Coppa Italia,Bet365,Player Shots on Target,Davide Frattesi (2),,,,1.727,,,,0.5,"{""label"": ""Davide Frattesi (2)"", ""hdp"": 0.5, ""over"": ""1.727""}",2026-05-13T17:12:51.422Z
71019438,Football,2026-05-13 21:00,Lazio Rome,Inter Milano,Italy - Coppa Italia,Bet365,Player Shots on Target,Danilo Cataldi (1),,,,19.000,,,,1.5,"{""label"": ""Danilo Cataldi (1)"", ""hdp"": 1.5, ""over"": ""19.000""}",2026-05-13T17:12:51.422Z
71019438,Football,2026-05-13 21:00,Lazio Rome,Inter Milano,Italy - Coppa Italia,Bet365,Player Shots on Target,Nicolo Rovella (1),,,,19.000,,,,1.5,"{""label"": ""Nicolo Rovella (1)"", ""hdp"": 1.5, ""over"": ""19.000""}",2026-05-13T17:12:51.422Z
71019438,Football,2026-05-13 21:00,Lazio Rome,Inter Milano,Italy - Coppa Italia,Bet365,Player Shots on Target,Nuno Tavares (1),,,,17.000,,,,1.5,"{""label"": ""Nuno Tavares (1)"", ""hdp"": 1.5, ""over"": ""17.000""}",2026-05-13T17:12:51.422Z
71019438,Football,2026-05-13 21:00,Lazio Rome,Inter Milano,Italy - Coppa Italia,Bet365,Player Shots on Target,Samuel Gigot (1),,,,19.000,,,,1.5,"{""label"": ""Samuel Gigot (1)"", ""hdp"": 1.5, ""over"": ""19.000""}",2026-05-13T17:12:51.422Z
71019438,Football,2026-05-13 21:00,Lazio Rome,Inter Milano,Italy - Coppa Italia,Bet365,Player Shots on Target,Toma Basic (1),,,,11.000,,,,1.5,"{""label"": ""Toma Basic (1)"", ""hdp"": 1.5, ""over"": ""11.000""}",2026-05-13T17:12:51.422Z
71019438,Football,2026-05-13 21:00,Lazio Rome,Inter Milano,Italy - Coppa Italia,Bet365,Player Shots on Target,Davide Frattesi (2),,,,4.500,,,,1.5,"{""label"": ""Davide Frattesi (2)"", ""hdp"": 1.5, ""over"": ""4.500""}",2026-05-13T17:12:51.422Z
71019438,Football,2026-05-13 21:00,Lazio Rome,Inter Milano,Italy - Coppa Italia,Bet365,Player Shots on Target,Yann Aurel Bisseck (2),,,,17.000,,,,1.5,"{""label"": ""Yann Aurel Bisseck (2)"", ""hdp"": 1.5, ""over"": ""17.000""}",2026-05-13T17:12:51.422Z
71019438,Football,2026-05-13 21:00,Lazio Rome,Inter Milano,Italy - Coppa Italia,Bet365,Player Shots on Target,Davide Frattesi (2),,,,17.000,,,,2.5,"{""label"": ""Davide Frattesi (2)"", ""hdp"": 2.5, ""over"": ""17.000""}",2026-05-13T17:12:51.422Z
71019438,Football,2026-05-13 21:00,Lazio Rome,Inter Milano,Italy - Coppa Italia,Bet365,Player Shots on Target,Daniel Maldini (1),,,,21.000,,,,3.5,"{""label"": ""Daniel Maldini (1)"", ""hdp"": 3.5, ""over"": ""21.000""}",2026-05-13T17:12:51.422Z
71019438,Football,2026-05-13 21:00,Lazio Rome,Inter Milano,Italy - Coppa Italia,Bet365,Player Shots on Target,Reda Belahyane (1),,,,6.000,,,,0.5,"{""label"": ""Reda Belahyane (1)"", ""hdp"": 0.5, ""over"": ""6.000""}",2026-05-13T17:12:51.422Z
71019438,Football,2026-05-13 21:00,Lazio Rome,Inter Milano,Italy - Coppa Italia,Bet365,Player Shots on Target,Francesco Acerbi (2),,,,6.000,,,,0.5,"{""label"": ""Francesco Acerbi (2)"", ""hdp"": 0.5, ""over"": ""6.000""}",2026-05-13T17:12:51.422Z
71019438,Football,2026-05-13 21:00,Lazio Rome,Inter Milano,Italy - Coppa Italia,Bet365,Player Shots on Target,Nicolo Barella (2),,,,2.500,,,,0.5,"{""label"": ""Nicolo Barella (2)"", ""hdp"": 0.5, ""over"": ""2.500""}",2026-05-13T17:12:51.422Z
71019438,Football,2026-05-13 21:00,Lazio Rome,Inter Milano,Italy - Coppa Italia,Bet365,Player Shots on Target,Petar Sucic (2),,,,2.500,,,,0.5,"{""label"": ""Petar Sucic (2)"", ""hdp"": 0.5, ""over"": ""2.500""}",2026-05-13T17:12:51.422Z
71019438,Football,2026-05-13 21:00,Lazio Rome,Inter Milano,Italy - Coppa Italia,Bet365,Player Shots on Target,Nicolo Barella (2),,,,10.000,,,,1.5,"{""label"": ""Nicolo Barella (2)"", ""hdp"": 1.5, ""over"": ""10.000""}",2026-05-13T17:12:51.422Z
71019438,Football,2026-05-13 21:00,Lazio Rome,Inter Milano,Italy - Coppa Italia,Bet365,Player Shots on Target,Petar Sucic (2),,,,10.000,,,,1.5,"{""label"": ""Petar Sucic (2)"", ""hdp"": 1.5, ""over"": ""10.000""}",2026-05-13T17:12:51.422Z
71019438,Football,2026-05-13 21:00,Lazio Rome,Inter Milano,Italy - Coppa Italia,Bet365,Player Shots on Target,Adrian Przyborek (1),,,,3.250,,,,0.5,"{""label"": ""Adrian Przyborek (1)"", ""hdp"": 0.5, ""over"": ""3.250""}",2026-05-13T17:12:51.422Z
71019438,Football,2026-05-13 21:00,Lazio Rome,Inter Milano,Italy - Coppa Italia,Bet365,Player Shots on Target,Fisayo Dele-Bashiru (1),,,,3.250,,,,0.5,"{""label"": ""Fisayo Dele-Bashiru (1)"", ""hdp"": 0.5, ""over"": ""3.250""}",2026-05-13T17:12:51.422Z
71019438,Football,2026-05-13 21:00,Lazio Rome,Inter Milano,Italy - Coppa Italia,Bet365,Player Shots on Target,Kenneth Taylor (1),,,,2.750,,,,0.5,"{""label"": ""Kenneth Taylor (1)"", ""hdp"": 0.5, ""over"": ""2.750""}",2026-05-13T17:12:51.422Z
71019438,Football,2026-05-13 21:00,Lazio Rome,Inter Milano,Italy - Coppa Italia,Bet365,Player Shots on Target,Toma Basic (1),,,,2.625,,,,0.5,"{""label"": ""Toma Basic (1)"", ""hdp"": 0.5, ""over"": ""2.625""}",2026-05-13T17:12:51.422Z
71019438,Football,2026-05-13 21:00,Lazio Rome,Inter Milano,Italy - Coppa Italia,Bet365,Player Shots on Target,Matteo Darmian (2),,,,3.500,,,,0.5,"{""label"": ""Matteo Darmian (2)"", ""hdp"": 0.5, ""over"": ""3.500""}",2026-05-13T17:12:51.422Z
71019438,Football,2026-05-13 21:00,Lazio Rome,Inter Milano,Italy - Coppa Italia,Bet365,Player Shots on Target,Adrian Przyborek (1),,,,15.000,,,,1.5,"{""label"": ""Adrian Przyborek (1)"", ""hdp"": 1.5, ""over"": ""15.000""}",2026-05-13T17:12:51.422Z
71019438,Football,2026-05-13 21:00,Lazio Rome,Inter Milano,Italy - Coppa Italia,Bet365,Player Shots on Target,Fisayo Dele-Bashiru (1),,,,15.000,,,,1.5,"{""label"": ""Fisayo Dele-Bashiru (1)"", ""hdp"": 1.5, ""over"": ""15.000""}",2026-05-13T17:12:51.422Z
71019438,Football,2026-05-13 21:00,Lazio Rome,Inter Milano,Italy - Coppa Italia,Bet365,Player Shots on Target,Kenneth Taylor (1),,,,13.000,,,,1.5,"{""label"": ""Kenneth Taylor (1)"", ""hdp"": 1.5, ""over"": ""13.000""}",2026-05-13T17:12:51.422Z
71019438,Football,2026-05-13 21:00,Lazio Rome,Inter Milano,Italy - Coppa Italia,Bet365,Player Shots on Target,Matteo Darmian (2),,,,19.000,,,,1.5,"{""label"": ""Matteo Darmian (2)"", ""hdp"": 1.5, ""over"": ""19.000""}",2026-05-13T17:12:51.422Z
71019438,Football,2026-05-13 21:00,Lazio Rome,Inter Milano,Italy - Coppa Italia,Bet365,Player Shots on Target,Lautaro Martinez (2),,,,5.000,,,,2.5,"{""label"": ""Lautaro Martinez (2)"", ""hdp"": 2.5, ""over"": ""5.000""}",2026-05-13T17:12:51.422Z
71019438,Football,2026-05-13 21:00,Lazio Rome,Inter Milano,Italy - Coppa Italia,Bet365,Player Shots on Target,Danilo Cataldi (1),,,,3.750,,,,0.5,"{""label"": ""Danilo Cataldi (1)"", ""hdp"": 0.5, ""over"": ""3.750""}",2026-05-13T17:12:51.422Z
71019438,Football,2026-05-13 21:00,Lazio Rome,Inter Milano,Italy - Coppa Italia,Bet365,Player Shots on Target,Samuel Gigot (1),,,,3.750,,,,0.5,"{""label"": ""Samuel Gigot (1)"", ""hdp"": 0.5, ""over"": ""3.750""}",2026-05-13T17:12:51.422Z
71019438,Football,2026-05-13 21:00,Lazio Rome,Inter Milano,Italy - Coppa Italia,Bet365,Player Shots on Target,Francesco Esposito (2),,,,1.333,,,,0.5,"{""label"": ""Francesco Esposito (2)"", ""hdp"": 0.5, ""over"": ""1.333""}",2026-05-13T17:12:51.422Z
71019438,Football,2026-05-13 21:00,Lazio Rome,Inter Milano,Italy - Coppa Italia,Bet365,Player Shots on Target,Manuel Akanji (2),,,,3.750,,,,0.5,"{""label"": ""Manuel Akanji (2)"", ""hdp"": 0.5, ""over"": ""3.750""}",2026-05-13T17:12:51.422Z
71019438,Football,2026-05-13 21:00,Lazio Rome,Inter Milano,Italy - Coppa Italia,Bet365,Player Shots on Target,Ange Bonny (2),,,,2.750,,,,1.5,"{""label"": ""Ange Bonny (2)"", ""hdp"": 1.5, ""over"": ""2.750""}",2026-05-13T17:12:51.422Z
71019438,Football,2026-05-13 21:00,Lazio Rome,Inter Milano,Italy - Coppa Italia,Bet365,Player Shots on Target,Francesco Esposito (2),,,,2.500,,,,1.5,"{""label"": ""Francesco Esposito (2)"", ""hdp"": 1.5, ""over"": ""2.500""}",2026-05-13T17:12:51.422Z
71019438,Football,2026-05-13 21:00,Lazio Rome,Inter Milano,Italy - Coppa Italia,Bet365,Player Shots on Target,Francesco Esposito (2),,,,6.000,,,,2.5,"{""label"": ""Francesco Esposito (2)"", ""hdp"": 2.5, ""over"": ""6.000""}",2026-05-13T17:12:51.422Z
71019438,Football,2026-05-13 21:00,Lazio Rome,Inter Milano,Italy - Coppa Italia,Bet365,Player Shots on Target,Ange Bonny (2),,,,21.000,,,,3.5,"{""label"": ""Ange Bonny (2)"", ""hdp"": 3.5, ""over"": ""21.000""}",2026-05-13T17:12:51.422Z
71019438,Football,2026-05-13 21:00,Lazio Rome,Inter Milano,Italy - Coppa Italia,Bet365,Player Shots on Target,Francesco Esposito (2),,,,17.000,,,,3.5,"{""label"": ""Francesco Esposito (2)"", ""hdp"": 3.5, ""over"": ""17.000""}",2026-05-13T17:12:51.422Z
71019438,Football,2026-05-13 21:00,Lazio Rome,Inter Milano,Italy - Coppa Italia,Bet365,Player Shots on Target,Alessio Romagnoli (1),,,,6.500,,,,0.5,"{""label"": ""Alessio Romagnoli (1)"", ""hdp"": 0.5, ""over"": ""6.500""}",2026-05-13T17:12:51.422Z
71019438,Football,2026-05-13 21:00,Lazio Rome,Inter Milano,Italy - Coppa Italia,Bet365,Player Shots on Target,Mattia Zaccagni (1),,,,2.100,,,,0.5,"{""label"": ""Mattia Zaccagni (1)"", ""hdp"": 0.5, ""over"": ""2.100""}",2026-05-13T17:12:51.422Z
71019438,Football,2026-05-13 21:00,Lazio Rome,Inter Milano,Italy - Coppa Italia,Bet365,Player Shots on Target,Petar Ratkov (1),,,,1.666,,,,0.5,"{""label"": ""Petar Ratkov (1)"", ""hdp"": 0.5, ""over"": ""1.666""}",2026-05-13T17:12:51.422Z
71019438,Football,2026-05-13 21:00,Lazio Rome,Inter Milano,Italy - Coppa Italia,Bet365,Player Shots on Target,Tijjani Noslin (1),,,,2.100,,,,0.5,"{""label"": ""Tijjani Noslin (1)"", ""hdp"": 0.5, ""over"": ""2.100""}",2026-05-13T17:12:51.422Z
71019438,Football,2026-05-13 21:00,Lazio Rome,Inter Milano,Italy - Coppa Italia,Bet365,Player Shots on Target,Mattia Mosconi (2),,,,1.533,,,,0.5,"{""label"": ""Mattia Mosconi (2)"", ""hdp"": 0.5, ""over"": ""1.533""}",2026-05-13T17:12:51.422Z
71019438,Football,2026-05-13 21:00,Lazio Rome,Inter Milano,Italy - Coppa Italia,Bet365,Player Shots on Target,Carlos Augusto (2),,,,3.250,,,,0.5,"{""label"": ""Carlos Augusto (2)"", ""hdp"": 0.5, ""over"": ""3.250""}",2026-05-13T17:12:51.422Z
71019438,Football,2026-05-13 21:00,Lazio Rome,Inter Milano,Italy - Coppa Italia,Bet365,Player Shots on Target,Mattia Zaccagni (1),,,,7.000,,,,1.5,"{""label"": ""Mattia Zaccagni (1)"", ""hdp"": 1.5, ""over"": ""7.000""}",2026-05-13T17:12:51.422Z
71019438,Football,2026-05-13 21:00,Lazio Rome,Inter Milano,Italy - Coppa Italia,Bet365,Player Shots on Target,Petar Ratkov (1),,,,4.333,,,,1.5,"{""label"": ""Petar Ratkov (1)"", ""hdp"": 1.5, ""over"": ""4.333""}",2026-05-13T17:12:51.422Z
71019438,Football,2026-05-13 21:00,Lazio Rome,Inter Milano,Italy - Coppa Italia,Bet365,Player Shots on Target,Tijjani Noslin (1),,,,7.000,,,,1.5,"{""label"": ""Tijjani Noslin (1)"", ""hdp"": 1.5, ""over"": ""7.000""}",2026-05-13T17:12:51.422Z
71019438,Football,2026-05-13 21:00,Lazio Rome,Inter Milano,Italy - Coppa Italia,Bet365,Player Shots on Target,Mattia Mosconi (2),,,,3.750,,,,1.5,"{""label"": ""Mattia Mosconi (2)"", ""hdp"": 1.5, ""over"": ""3.750""}",2026-05-13T17:12:51.422Z
71019438,Football,2026-05-13 21:00,Lazio Rome,Inter Milano,Italy - Coppa Italia,Bet365,Player Shots on Target,Carlos Augusto (2),,,,15.000,,,,1.5,"{""label"": ""Carlos Augusto (2)"", ""hdp"": 1.5, ""over"": ""15.000""}",2026-05-13T17:12:51.422Z
71019438,Football,2026-05-13 21:00,Lazio Rome,Inter Milano,Italy - Coppa Italia,Bet365,Player Shots on Target,Mattia Zaccagni (1),,,,21.000,,,,2.5,"{""label"": ""Mattia Zaccagni (1)"", ""hdp"": 2.5, ""over"": ""21.000""}",2026-05-13T17:12:51.422Z
71019438,Football,2026-05-13 21:00,Lazio Rome,Inter Milano,Italy - Coppa Italia,Bet365,Player Shots on Target,Petar Ratkov (1),,,,15.000,,,,2.5,"{""label"": ""Petar Ratkov (1)"", ""hdp"": 2.5, ""over"": ""15.000""}",2026-05-13T17:12:51.422Z
71019438,Football,2026-05-13 21:00,Lazio Rome,Inter Milano,Italy - Coppa Italia,Bet365,Player Shots on Target,Tijjani Noslin (1),,,,21.000,,,,2.5,"{""label"": ""Tijjani Noslin (1)"", ""hdp"": 2.5, ""over"": ""21.000""}",2026-05-13T17:12:51.422Z
71019438,Football,2026-05-13 21:00,Lazio Rome,Inter Milano,Italy - Coppa Italia,Bet365,Player Shots on Target,Mattia Mosconi (2),,,,11.000,,,,2.5,"{""label"": ""Mattia Mosconi (2)"", ""hdp"": 2.5, ""over"": ""11.000""}",2026-05-13T17:12:51.422Z
71019438,Football,2026-05-13 21:00,Lazio Rome,Inter Milano,Italy - Coppa Italia,Bet365,Player Shots on Target,Matteo Cocchi (2),,,,17.000,,,,1.5,"{""label"": ""Matteo Cocchi (2)"", ""hdp"": 1.5, ""over"": ""17.000""}",2026-05-13T17:12:51.422Z
71019438,Football,2026-05-13 21:00,Lazio Rome,Inter Milano,Italy - Coppa Italia,Bet365,Player Shots on Target,Daniel Maldini (1),,,,1.444,,,,0.5,"{""label"": ""Daniel Maldini (1)"", ""hdp"": 0.5, ""over"": ""1.444""}",2026-05-13T17:12:51.422Z
71019438,Football,2026-05-13 21:00,Lazio Rome,Inter Milano,Italy - Coppa Italia,Bet365,Player Shots on Target,Ange Bonny (2),,,,1.400,,,,0.5,"{""label"": ""Ange Bonny (2)"", ""hdp"": 0.5, ""over"": ""1.400""}",2026-05-13T17:12:51.422Z
71019438,Football,2026-05-13 21:00,Lazio Rome,Inter Milano,Italy - Coppa Italia,Bet365,Player Shots on Target,Marcus Thuram (2),,,,1.363,,,,0.5,"{""label"": ""Marcus Thuram (2)"", ""hdp"": 0.5, ""over"": ""1.363""}",2026-05-13T17:12:51.422Z
71019438,Football,2026-05-13 21:00,Lazio Rome,Inter Milano,Italy - Coppa Italia,Bet365,Player Shots on Target,Daniel Maldini (1),,,,3.000,,,,1.5,"{""label"": ""Daniel Maldini (1)"", ""hdp"": 1.5, ""over"": ""3.000""}",2026-05-13T17:12:51.422Z
71019438,Football,2026-05-13 21:00,Lazio Rome,Inter Milano,Italy - Coppa Italia,Bet365,Player Shots on Target,Lautaro Martinez (2),,,,2.250,,,,1.5,"{""label"": ""Lautaro Martinez (2)"", ""hdp"": 1.5, ""over"": ""2.250""}",2026-05-13T17:12:51.422Z
71019438,Football,2026-05-13 21:00,Lazio Rome,Inter Milano,Italy - Coppa Italia,Bet365,Player Shots on Target,Marcus Thuram (2),,,,2.625,,,,1.5,"{""label"": ""Marcus Thuram (2)"", ""hdp"": 1.5, ""over"": ""2.625""}",2026-05-13T17:12:51.422Z
71019438,Football,2026-05-13 21:00,Lazio Rome,Inter Milano,Italy - Coppa Italia,Bet365,Player Shots on Target,Daniel Maldini (1),,,,8.000,,,,2.5,"{""label"": ""Daniel Maldini (1)"", ""hdp"": 2.5, ""over"": ""8.000""}",2026-05-13T17:12:51.422Z
71019438,Football,2026-05-13 21:00,Lazio Rome,Inter Milano,Italy - Coppa Italia,Bet365,Player Shots on Target,Marcus Thuram (2),,,,7.000,,,,2.5,"{""label"": ""Marcus Thuram (2)"", ""hdp"": 2.5, ""over"": ""7.000""}",2026-05-13T17:12:51.422Z
71019438,Football,2026-05-13 21:00,Lazio Rome,Inter Milano,Italy - Coppa Italia,Bet365,Player Shots on Target,Marcus Thuram (2),,,,19.000,,,,3.5,"{""label"": ""Marcus Thuram (2)"", ""hdp"": 3.5, ""over"": ""19.000""}",2026-05-13T17:12:51.422Z
71019438,Football,2026-05-13 21:00,Lazio Rome,Inter Milano,Italy - Coppa Italia,Bet365,Player Shots on Target,Boulaye Dia (1),,,,2.000,,,,0.5,"{""label"": ""Boulaye Dia (1)"", ""hdp"": 0.5, ""over"": ""2.000""}",2026-05-13T17:12:51.422Z
71019438,Football,2026-05-13 21:00,Lazio Rome,Inter Milano,Italy - Coppa Italia,Bet365,Player Shots on Target,Gustav Isaksen (1),,,,1.727,,,,0.5,"{""label"": ""Gustav Isaksen (1)"", ""hdp"": 0.5, ""over"": ""1.727""}",2026-05-13T17:12:51.422Z
71019438,Football,2026-05-13 21:00,Lazio Rome,Inter Milano,Italy - Coppa Italia,Bet365,Player Shots on Target,Matteo Cancellieri (1),,,,1.833,,,,0.5,"{""label"": ""Matteo Cancellieri (1)"", ""hdp"": 0.5, ""over"": ""1.833""}",2026-05-13T17:12:51.422Z
71019438,Football,2026-05-13 21:00,Lazio Rome,Inter Milano,Italy - Coppa Italia,Bet365,Player Shots on Target,Pedro (1),,,,1.833,,,,0.5,"{""label"": ""Pedro (1)"", ""hdp"": 0.5, ""over"": ""1.833""}",2026-05-13T17:12:51.422Z
71019438,Football,2026-05-13 21:00,Lazio Rome,Inter Milano,Italy - Coppa Italia,Bet365,Player Shots on Target,Alessandro Bastoni (2),,,,2.625,,,,0.5,"{""label"": ""Alessandro Bastoni (2)"", ""hdp"": 0.5, ""over"": ""2.625""}",2026-05-13T17:12:51.422Z
71019438,Football,2026-05-13 21:00,Lazio Rome,Inter Milano,Italy - Coppa Italia,Bet365,Player Shots on Target,Andy Diouf (2),,,,1.833,,,,0.5,"{""label"": ""Andy Diouf (2)"", ""hdp"": 0.5, ""over"": ""1.833""}",2026-05-13T17:12:51.422Z
71019438,Football,2026-05-13 21:00,Lazio Rome,Inter Milano,Italy - Coppa Italia,Bet365,Player Shots on Target,Luis Henrique de Lima (2),,,,2.000,,,,0.5,"{""label"": ""Luis Henrique de Lima (2)"", ""hdp"": 0.5, ""over"": ""2.000""}",2026-05-13T17:12:51.422Z
71019438,Football,2026-05-13 21:00,Lazio Rome,Inter Milano,Italy - Coppa Italia,Bet365,Player Shots on Target,Denzel Dumfries (2),,,,2.100,,,,0.5,"{""label"": ""Denzel Dumfries (2)"", ""hdp"": 0.5, ""over"": ""2.100""}",2026-05-13T17:12:51.422Z
71019438,Football,2026-05-13 21:00,Lazio Rome,Inter Milano,Italy - Coppa Italia,Bet365,Player Shots on Target,Federico Dimarco (2),,,,1.833,,,,0.5,"{""label"": ""Federico Dimarco (2)"", ""hdp"": 0.5, ""over"": ""1.833""}",2026-05-13T17:12:51.422Z
71019438,Football,2026-05-13 21:00,Lazio Rome,Inter Milano,Italy - Coppa Italia,Bet365,Player Shots on Target,Hakan Calhanoglu (2),,,,2.000,,,,0.5,"{""label"": ""Hakan Calhanoglu (2)"", ""hdp"": 0.5, ""over"": ""2.000""}",2026-05-13T17:12:51.422Z
71019438,Football,2026-05-13 21:00,Lazio Rome,Inter Milano,Italy - Coppa Italia,Bet365,Player Shots on Target,Henrikh Mkhitaryan (2),,,,2.000,,,,0.5,"{""label"": ""Henrikh Mkhitaryan (2)"", ""hdp"": 0.5, ""over"": ""2.000""}",2026-05-13T17:12:51.422Z
71019438,Football,2026-05-13 21:00,Lazio Rome,Inter Milano,Italy - Coppa Italia,Bet365,Player Shots on Target,Matteo Cocchi (2),,,,3.250,,,,0.5,"{""label"": ""Matteo Cocchi (2)"", ""hdp"": 0.5, ""over"": ""3.250""}",2026-05-13T17:12:51.422Z
71019438,Football,2026-05-13 21:00,Lazio Rome,Inter Milano,Italy - Coppa Italia,Bet365,Player Shots on Target,Piotr Zielinski (2),,,,1.833,,,,0.5,"{""label"": ""Piotr Zielinski (2)"", ""hdp"": 0.5, ""over"": ""1.833""}",2026-05-13T17:12:51.422Z
71019438,Football,2026-05-13 21:00,Lazio Rome,Inter Milano,Italy - Coppa Italia,Bet365,Player Shots on Target,Yann Aurel Bisseck (2),,,,3.250,,,,0.5,"{""label"": ""Yann Aurel Bisseck (2)"", ""hdp"": 0.5, ""over"": ""3.250""}",2026-05-13T17:12:51.422Z
71019438,Football,2026-05-13 21:00,Lazio Rome,Inter Milano,Italy - Coppa Italia,Bet365,Player Shots on Target,Boulaye Dia (1),,,,6.500,,,,1.5,"{""label"": ""Boulaye Dia (1)"", ""hdp"": 1.5, ""over"": ""6.500""}",2026-05-13T17:12:51.422Z
71019438,Football,2026-05-13 21:00,Lazio Rome,Inter Milano,Italy - Coppa Italia,Bet365,Player Shots on Target,Gustav Isaksen (1),,,,5.000,,,,1.5,"{""label"": ""Gustav Isaksen (1)"", ""hdp"": 1.5, ""over"": ""5.000""}",2026-05-13T17:12:51.422Z
71019438,Football,2026-05-13 21:00,Lazio Rome,Inter Milano,Italy - Coppa Italia,Bet365,Player Shots on Target,Matteo Cancellieri (1),,,,6.000,,,,1.5,"{""label"": ""Matteo Cancellieri (1)"", ""hdp"": 1.5, ""over"": ""6.000""}",2026-05-13T17:12:51.422Z
71019438,Football,2026-05-13 21:00,Lazio Rome,Inter Milano,Italy - Coppa Italia,Bet365,Player Shots on Target,Pedro (1),,,,5.500,,,,1.5,"{""label"": ""Pedro (1)"", ""hdp"": 1.5, ""over"": ""5.500""}",2026-05-13T17:12:51.422Z
71019438,Football,2026-05-13 21:00,Lazio Rome,Inter Milano,Italy - Coppa Italia,Bet365,Player Shots on Target,Alessandro Bastoni (2),,,,11.000,,,,1.5,"{""label"": ""Alessandro Bastoni (2)"", ""hdp"": 1.5, ""over"": ""11.000""}",2026-05-13T17:12:51.422Z
71019438,Football,2026-05-13 21:00,Lazio Rome,Inter Milano,Italy - Coppa Italia,Bet365,Player Shots on Target,Andy Diouf (2),,,,5.500,,,,1.5,"{""label"": ""Andy Diouf (2)"", ""hdp"": 1.5, ""over"": ""5.500""}",2026-05-13T17:12:51.422Z
71019438,Football,2026-05-13 21:00,Lazio Rome,Inter Milano,Italy - Coppa Italia,Bet365,Player Shots on Target,Luis Henrique de Lima (2),,,,6.500,,,,1.5,"{""label"": ""Luis Henrique de Lima (2)"", ""hdp"": 1.5, ""over"": ""6.500""}",2026-05-13T17:12:51.422Z
71019438,Football,2026-05-13 21:00,Lazio Rome,Inter Milano,Italy - Coppa Italia,Bet365,Player Shots on Target,Denzel Dumfries (2),,,,7.000,,,,1.5,"{""label"": ""Denzel Dumfries (2)"", ""hdp"": 1.5, ""over"": ""7.000""}",2026-05-13T17:12:51.422Z
71019438,Football,2026-05-13 21:00,Lazio Rome,Inter Milano,Italy - Coppa Italia,Bet365,Player Shots on Target,Federico Dimarco (2),,,,6.000,,,,1.5,"{""label"": ""Federico Dimarco (2)"", ""hdp"": 1.5, ""over"": ""6.000""}",2026-05-13T17:12:51.422Z
71019438,Football,2026-05-13 21:00,Lazio Rome,Inter Milano,Italy - Coppa Italia,Bet365,Player Shots on Target,Hakan Calhanoglu (2),,,,6.500,,,,1.5,"{""label"": ""Hakan Calhanoglu (2)"", ""hdp"": 1.5, ""over"": ""6.500""}",2026-05-13T17:12:51.422Z
71019438,Football,2026-05-13 21:00,Lazio Rome,Inter Milano,Italy - Coppa Italia,Bet365,Player Shots on Target,Henrikh Mkhitaryan (2),,,,6.500,,,,1.5,"{""label"": ""Henrikh Mkhitaryan (2)"", ""hdp"": 1.5, ""over"": ""6.500""}",2026-05-13T17:12:51.422Z
71019438,Football,2026-05-13 21:00,Lazio Rome,Inter Milano,Italy - Coppa Italia,Bet365,Player Shots on Target,Piotr Zielinski (2),,,,5.500,,,,1.5,"{""label"": ""Piotr Zielinski (2)"", ""hdp"": 1.5, ""over"": ""5.500""}",2026-05-13T17:12:51.422Z
71019438,Football,2026-05-13 21:00,Lazio Rome,Inter Milano,Italy - Coppa Italia,Bet365,Player Shots on Target,Gustav Isaksen (1),,,,17.000,,,,2.5,"{""label"": ""Gustav Isaksen (1)"", ""hdp"": 2.5, ""over"": ""17.000""}",2026-05-13T17:12:51.422Z
71019438,Football,2026-05-13 21:00,Lazio Rome,Inter Milano,Italy - Coppa Italia,Bet365,Player Shots on Target,Pedro (1),,,,19.000,,,,2.5,"{""label"": ""Pedro (1)"", ""hdp"": 2.5, ""over"": ""19.000""}",2026-05-13T17:12:51.422Z
71019438,Football,2026-05-13 21:00,Lazio Rome,Inter Milano,Italy - Coppa Italia,Bet365,Player Shots on Target,Andy Diouf (2),,,,19.000,,,,2.5,"{""label"": ""Andy Diouf (2)"", ""hdp"": 2.5, ""over"": ""19.000""}",2026-05-13T17:12:51.422Z
71019438,Football,2026-05-13 21:00,Lazio Rome,Inter Milano,Italy - Coppa Italia,Bet365,Player Shots on Target,Denzel Dumfries (2),,,,21.000,,,,2.5,"{""label"": ""Denzel Dumfries (2)"", ""hdp"": 2.5, ""over"": ""21.000""}",2026-05-13T17:12:51.422Z
71019438,Football,2026-05-13 21:00,Lazio Rome,Inter Milano,Italy - Coppa Italia,Bet365,Player Shots on Target,Piotr Zielinski (2),,,,19.000,,,,2.5,"{""label"": ""Piotr Zielinski (2)"", ""hdp"": 2.5, ""over"": ""19.000""}",2026-05-13T17:12:51.422Z
71019438,Football,2026-05-13 21:00,Lazio Rome,Inter Milano,Italy - Coppa Italia,Bet365,Player Shots on Target Outside Box,Adam Marusic (1),,,,23.000,,,,0.5,"{""label"": ""Adam Marusic (1)"", ""hdp"": 0.5, ""over"": ""23.000""}",2026-05-13T10:13:54.142Z
71019438,Football,2026-05-13 21:00,Lazio Rome,Inter Milano,Italy - Coppa Italia,Bet365,Player Shots on Target Outside Box,Adrian Przyborek (1),,,,8.000,,,,0.5,"{""label"": ""Adrian Przyborek (1)"", ""hdp"": 0.5, ""over"": ""8.000""}",2026-05-13T10:13:54.142Z
71019438,Football,2026-05-13 21:00,Lazio Rome,Inter Milano,Italy - Coppa Italia,Bet365,Player Shots on Target Outside Box,Alessio Romagnoli (1),,,,21.000,,,,0.5,"{""label"": ""Alessio Romagnoli (1)"", ""hdp"": 0.5, ""over"": ""21.000""}",2026-05-13T10:13:54.142Z
71019438,Football,2026-05-13 21:00,Lazio Rome,Inter Milano,Italy - Coppa Italia,Bet365,Player Shots on Target Outside Box,Boulaye Dia (1),,,,10.000,,,,0.5,"{""label"": ""Boulaye Dia (1)"", ""hdp"": 0.5, ""over"": ""10.000""}",2026-05-13T10:13:54.142Z
71019438,Football,2026-05-13 21:00,Lazio Rome,Inter Milano,Italy - Coppa Italia,Bet365,Player Shots on Target Outside Box,Daniel Maldini (1),,,,3.750,,,,0.5,"{""label"": ""Daniel Maldini (1)"", ""hdp"": 0.5, ""over"": ""3.750""}",2026-05-13T10:13:54.142Z
71019438,Football,2026-05-13 21:00,Lazio Rome,Inter Milano,Italy - Coppa Italia,Bet365,Player Shots on Target Outside Box,Danilo Cataldi (1),,,,6.500,,,,0.5,"{""label"": ""Danilo Cataldi (1)"", ""hdp"": 0.5, ""over"": ""6.500""}",2026-05-13T10:13:54.142Z
71019438,Football,2026-05-13 21:00,Lazio Rome,Inter Milano,Italy - Coppa Italia,Bet365,Player Shots on Target Outside Box,Elseid Hysaj (1),,,,15.000,,,,0.5,"{""label"": ""Elseid Hysaj (1)"", ""hdp"": 0.5, ""over"": ""15.000""}",2026-05-13T10:13:54.142Z
71019438,Football,2026-05-13 21:00,Lazio Rome,Inter Milano,Italy - Coppa Italia,Bet365,Player Shots on Target Outside Box,Fisayo Dele-Bashiru (1),,,,8.000,,,,0.5,"{""label"": ""Fisayo Dele-Bashiru (1)"", ""hdp"": 0.5, ""over"": ""8.000""}",2026-05-13T10:13:54.142Z
71019438,Football,2026-05-13 21:00,Lazio Rome,Inter Milano,Italy - Coppa Italia,Bet365,Player Shots on Target Outside Box,Gabarron Patric Gil (1),,,,19.000,,,,0.5,"{""label"": ""Gabarron Patric Gil (1)"", ""hdp"": 0.5, ""over"": ""19.000""}",2026-05-13T10:13:54.142Z
71019438,Football,2026-05-13 21:00,Lazio Rome,Inter Milano,Italy - Coppa Italia,Bet365,Player Shots on Target Outside Box,Gustav Isaksen (1),,,,3.750,,,,0.5,"{""label"": ""Gustav Isaksen (1)"", ""hdp"": 0.5, ""over"": ""3.750""}",2026-05-13T10:13:54.142Z
71019438,Football,2026-05-13 21:00,Lazio Rome,Inter Milano,Italy - Coppa Italia,Bet365,Player Shots on Target Outside Box,Kenneth Taylor (1),,,,8.000,,,,0.5,"{""label"": ""Kenneth Taylor (1)"", ""hdp"": 0.5, ""over"": ""8.000""}",2026-05-13T10:13:54.142Z
71019438,Football,2026-05-13 21:00,Lazio Rome,Inter Milano,Italy - Coppa Italia,Bet365,Player Shots on Target Outside Box,Luca Pellegrini (1),,,,19.000,,,,0.5,"{""label"": ""Luca Pellegrini (1)"", ""hdp"": 0.5, ""over"": ""19.000""}",2026-05-13T10:13:54.142Z
71019438,Football,2026-05-13 21:00,Lazio Rome,Inter Milano,Italy - Coppa Italia,Bet365,Player Shots on Target Outside Box,Manuel Lazzari (1),,,,19.000,,,,0.5,"{""label"": ""Manuel Lazzari (1)"", ""hdp"": 0.5, ""over"": ""19.000""}",2026-05-13T10:13:54.142Z
71019438,Football,2026-05-13 21:00,Lazio Rome,Inter Milano,Italy - Coppa Italia,Bet365,Player Shots on Target Outside Box,Mario Gila (1),,,,10.000,,,,0.5,"{""label"": ""Mario Gila (1)"", ""hdp"": 0.5, ""over"": ""10.000""}",2026-05-13T10:13:54.142Z
71019438,Football,2026-05-13 21:00,Lazio Rome,Inter Milano,Italy - Coppa Italia,Bet365,Player Shots on Target Outside Box,Matteo Cancellieri (1),,,,8.000,,,,0.5,"{""label"": ""Matteo Cancellieri (1)"", ""hdp"": 0.5, ""over"": ""8.000""}",2026-05-13T10:13:54.142Z
71019438,Football,2026-05-13 21:00,Lazio Rome,Inter Milano,Italy - Coppa Italia,Bet365,Player Shots on Target Outside Box,Mattia Zaccagni (1),,,,11.000,,,,0.5,"{""label"": ""Mattia Zaccagni (1)"", ""hdp"": 0.5, ""over"": ""11.000""}",2026-05-13T10:13:54.142Z
71019438,Football,2026-05-13 21:00,Lazio Rome,Inter Milano,Italy - Coppa Italia,Bet365,Player Shots on Target Outside Box,Nicolo Rovella (1),,,,7.000,,,,0.5,"{""label"": ""Nicolo Rovella (1)"", ""hdp"": 0.5, ""over"": ""7.000""}",2026-05-13T10:13:54.142Z
71019438,Football,2026-05-13 21:00,Lazio Rome,Inter Milano,Italy - Coppa Italia,Bet365,Player Shots on Target Outside Box,Nuno Tavares (1),,,,8.000,,,,0.5,"{""label"": ""Nuno Tavares (1)"", ""hdp"": 0.5, ""over"": ""8.000""}",2026-05-13T10:13:54.142Z
71019438,Football,2026-05-13 21:00,Lazio Rome,Inter Milano,Italy - Coppa Italia,Bet365,Player Shots on Target Outside Box,Oliver Provstgaard (1),,,,29.000,,,,0.5,"{""label"": ""Oliver Provstgaard (1)"", ""hdp"": 0.5, ""over"": ""29.000""}",2026-05-13T10:13:54.142Z
71019438,Football,2026-05-13 21:00,Lazio Rome,Inter Milano,Italy - Coppa Italia,Bet365,Player Shots on Target Outside Box,Petar Ratkov (1),,,,8.000,,,,0.5,"{""label"": ""Petar Ratkov (1)"", ""hdp"": 0.5, ""over"": ""8.000""}",2026-05-13T10:13:54.142Z
71019438,Football,2026-05-13 21:00,Lazio Rome,Inter Milano,Italy - Coppa Italia,Bet365,Player Shots on Target Outside Box,Reda Belahyane (1),,,,11.000,,,,0.5,"{""label"": ""Reda Belahyane (1)"", ""hdp"": 0.5, ""over"": ""11.000""}",2026-05-13T10:13:54.142Z
71019438,Football,2026-05-13 21:00,Lazio Rome,Inter Milano,Italy - Coppa Italia,Bet365,Player Shots on Target Outside Box,Pedro (1),,,,6.000,,,,0.5,"{""label"": ""Pedro (1)"", ""hdp"": 0.5, ""over"": ""6.000""}",2026-05-13T10:13:54.142Z
71019438,Football,2026-05-13 21:00,Lazio Rome,Inter Milano,Italy - Coppa Italia,Bet365,Player Shots on Target Outside Box,Samuel Gigot (1),,,,23.000,,,,0.5,"{""label"": ""Samuel Gigot (1)"", ""hdp"": 0.5, ""over"": ""23.000""}",2026-05-13T10:13:54.142Z
71019438,Football,2026-05-13 21:00,Lazio Rome,Inter Milano,Italy - Coppa Italia,Bet365,Player Shots on Target Outside Box,Tijjani Noslin (1),,,,6.000,,,,0.5,"{""label"": ""Tijjani Noslin (1)"", ""hdp"": 0.5, ""over"": ""6.000""}",2026-05-13T10:13:54.142Z
71019438,Football,2026-05-13 21:00,Lazio Rome,Inter Milano,Italy - Coppa Italia,Bet365,Player Shots on Target Outside Box,Toma Basic (1),,,,5.500,,,,0.5,"{""label"": ""Toma Basic (1)"", ""hdp"": 0.5, ""over"": ""5.500""}",2026-05-13T10:13:54.142Z
71019438,Football,2026-05-13 21:00,Lazio Rome,Inter Milano,Italy - Coppa Italia,Bet365,Player Shots on Target Outside Box,Alessandro Bastoni (2),,,,11.000,,,,0.5,"{""label"": ""Alessandro Bastoni (2)"", ""hdp"": 0.5, ""over"": ""11.000""}",2026-05-13T10:13:54.142Z
71019438,Football,2026-05-13 21:00,Lazio Rome,Inter Milano,Italy - Coppa Italia,Bet365,Player Shots on Target Outside Box,Andy Diouf (2),,,,4.500,,,,0.5,"{""label"": ""Andy Diouf (2)"", ""hdp"": 0.5, ""over"": ""4.500""}",2026-05-13T10:13:54.142Z
71019438,Football,2026-05-13 21:00,Lazio Rome,Inter Milano,Italy - Coppa Italia,Bet365,Player Shots on Target Outside Box,Ange Bonny (2),,,,4.333,,,,0.5,"{""label"": ""Ange Bonny (2)"", ""hdp"": 0.5, ""over"": ""4.333""}",2026-05-13T10:13:54.142Z
71019438,Football,2026-05-13 21:00,Lazio Rome,Inter Milano,Italy - Coppa Italia,Bet365,Player Shots on Target Outside Box,Davide Frattesi (2),,,,6.000,,,,0.5,"{""label"": ""Davide Frattesi (2)"", ""hdp"": 0.5, ""over"": ""6.000""}",2026-05-13T10:13:54.142Z
71019438,Football,2026-05-13 21:00,Lazio Rome,Inter Milano,Italy - Coppa Italia,Bet365,Player Shots on Target Outside Box,Luis Henrique de Lima (2),,,,7.000,,,,0.5,"{""label"": ""Luis Henrique de Lima (2)"", ""hdp"": 0.5, ""over"": ""7.000""}",2026-05-13T10:13:54.142Z
71019438,Football,2026-05-13 21:00,Lazio Rome,Inter Milano,Italy - Coppa Italia,Bet365,Player Shots on Target Outside Box,Denzel Dumfries (2),,,,9.000,,,,0.5,"{""label"": ""Denzel Dumfries (2)"", ""hdp"": 0.5, ""over"": ""9.000""}",2026-05-13T10:13:54.142Z
71019438,Football,2026-05-13 21:00,Lazio Rome,Inter Milano,Italy - Coppa Italia,Bet365,Player Shots on Target Outside Box,Federico Dimarco (2),,,,3.250,,,,0.5,"{""label"": ""Federico Dimarco (2)"", ""hdp"": 0.5, ""over"": ""3.250""}",2026-05-13T10:13:54.142Z
71019438,Football,2026-05-13 21:00,Lazio Rome,Inter Milano,Italy - Coppa Italia,Bet365,Player Shots on Target Outside Box,Francesco Acerbi (2),,,,34.000,,,,0.5,"{""label"": ""Francesco Acerbi (2)"", ""hdp"": 0.5, ""over"": ""34.000""}",2026-05-13T10:13:54.142Z
71019438,Football,2026-05-13 21:00,Lazio Rome,Inter Milano,Italy - Coppa Italia,Bet365,Player Shots on Target Outside Box,Francesco Esposito (2),,,,3.400,,,,0.5,"{""label"": ""Francesco Esposito (2)"", ""hdp"": 0.5, ""over"": ""3.400""}",2026-05-13T10:13:54.142Z
71019438,Football,2026-05-13 21:00,Lazio Rome,Inter Milano,Italy - Coppa Italia,Bet365,Player Shots on Target Outside Box,Hakan Calhanoglu (2),,,,2.750,,,,0.5,"{""label"": ""Hakan Calhanoglu (2)"", ""hdp"": 0.5, ""over"": ""2.750""}",2026-05-13T10:13:54.142Z
71019438,Football,2026-05-13 21:00,Lazio Rome,Inter Milano,Italy - Coppa Italia,Bet365,Player Shots on Target Outside Box,Henrikh Mkhitaryan (2),,,,3.500,,,,0.5,"{""label"": ""Henrikh Mkhitaryan (2)"", ""hdp"": 0.5, ""over"": ""3.500""}",2026-05-13T10:13:54.142Z
71019438,Football,2026-05-13 21:00,Lazio Rome,Inter Milano,Italy - Coppa Italia,Bet365,Player Shots on Target Outside Box,Lautaro Martinez (2),,,,3.400,,,,0.5,"{""label"": ""Lautaro Martinez (2)"", ""hdp"": 0.5, ""over"": ""3.400""}",2026-05-13T10:13:54.142Z
71019438,Football,2026-05-13 21:00,Lazio Rome,Inter Milano,Italy - Coppa Italia,Bet365,Player Shots on Target Outside Box,Manuel Akanji (2),,,,15.000,,,,0.5,"{""label"": ""Manuel Akanji (2)"", ""hdp"": 0.5, ""over"": ""15.000""}",2026-05-13T10:13:54.142Z
71019438,Football,2026-05-13 21:00,Lazio Rome,Inter Milano,Italy - Coppa Italia,Bet365,Player Shots on Target Outside Box,Marcus Thuram (2),,,,5.500,,,,0.5,"{""label"": ""Marcus Thuram (2)"", ""hdp"": 0.5, ""over"": ""5.500""}",2026-05-13T10:13:54.142Z
71019438,Football,2026-05-13 21:00,Lazio Rome,Inter Milano,Italy - Coppa Italia,Bet365,Player Shots on Target Outside Box,Matteo Cocchi (2),,,,10.000,,,,0.5,"{""label"": ""Matteo Cocchi (2)"", ""hdp"": 0.5, ""over"": ""10.000""}",2026-05-13T10:13:54.142Z
71019438,Football,2026-05-13 21:00,Lazio Rome,Inter Milano,Italy - Coppa Italia,Bet365,Player Shots on Target Outside Box,Matteo Darmian (2),,,,17.000,,,,0.5,"{""label"": ""Matteo Darmian (2)"", ""hdp"": 0.5, ""over"": ""17.000""}",2026-05-13T10:13:54.142Z
71019438,Football,2026-05-13 21:00,Lazio Rome,Inter Milano,Italy - Coppa Italia,Bet365,Player Shots on Target Outside Box,Mattia Mosconi (2),,,,3.750,,,,0.5,"{""label"": ""Mattia Mosconi (2)"", ""hdp"": 0.5, ""over"": ""3.750""}",2026-05-13T10:13:54.142Z
71019438,Football,2026-05-13 21:00,Lazio Rome,Inter Milano,Italy - Coppa Italia,Bet365,Player Shots on Target Outside Box,Carlos Augusto (2),,,,6.000,,,,0.5,"{""label"": ""Carlos Augusto (2)"", ""hdp"": 0.5, ""over"": ""6.000""}",2026-05-13T10:13:54.142Z
71019438,Football,2026-05-13 21:00,Lazio Rome,Inter Milano,Italy - Coppa Italia,Bet365,Player Shots on Target Outside Box,Nicolo Barella (2),,,,3.500,,,,0.5,"{""label"": ""Nicolo Barella (2)"", ""hdp"": 0.5, ""over"": ""3.500""}",2026-05-13T10:13:54.142Z
71019438,Football,2026-05-13 21:00,Lazio Rome,Inter Milano,Italy - Coppa Italia,Bet365,Player Shots on Target Outside Box,Petar Sucic (2),,,,3.750,,,,0.5,"{""label"": ""Petar Sucic (2)"", ""hdp"": 0.5, ""over"": ""3.750""}",2026-05-13T10:13:54.142Z
71019438,Football,2026-05-13 21:00,Lazio Rome,Inter Milano,Italy - Coppa Italia,Bet365,Player Shots on Target Outside Box,Piotr Zielinski (2),,,,3.750,,,,0.5,"{""label"": ""Piotr Zielinski (2)"", ""hdp"": 0.5, ""over"": ""3.750""}",2026-05-13T10:13:54.142Z
71019438,Football,2026-05-13 21:00,Lazio Rome,Inter Milano,Italy - Coppa Italia,Bet365,Player Shots on Target Outside Box,Stefan de Vrij (2),,,,29.000,,,,0.5,"{""label"": ""Stefan de Vrij (2)"", ""hdp"": 0.5, ""over"": ""29.000""}",2026-05-13T10:13:54.142Z
71019438,Football,2026-05-13 21:00,Lazio Rome,Inter Milano,Italy - Coppa Italia,Bet365,Player Shots on Target Outside Box,Yann Aurel Bisseck (2),,,,21.000,,,,0.5,"{""label"": ""Yann Aurel Bisseck (2)"", ""hdp"": 0.5, ""over"": ""21.000""}",2026-05-13T10:13:54.142Z
71019438,Football,2026-05-13 21:00,Lazio Rome,Inter Milano,Italy - Coppa Italia,Bet365,Player Shots on Target Outside Box,Adrian Przyborek (1),,,,51.000,,,,1.5,"{""label"": ""Adrian Przyborek (1)"", ""hdp"": 1.5, ""over"": ""51.000""}",2026-05-13T10:13:54.142Z
71019438,Football,2026-05-13 21:00,Lazio Rome,Inter Milano,Italy - Coppa Italia,Bet365,Player Shots on Target Outside Box,Boulaye Dia (1),,,,67.000,,,,1.5,"{""label"": ""Boulaye Dia (1)"", ""hdp"": 1.5, ""over"": ""67.000""}",2026-05-13T10:13:54.142Z
71019438,Football,2026-05-13 21:00,Lazio Rome,Inter Milano,Italy - Coppa Italia,Bet365,Player Shots on Target Outside Box,Daniel Maldini (1),,,,21.000,,,,1.5,"{""label"": ""Daniel Maldini (1)"", ""hdp"": 1.5, ""over"": ""21.000""}",2026-05-13T10:13:54.142Z
71019438,Football,2026-05-13 21:00,Lazio Rome,Inter Milano,Italy - Coppa Italia,Bet365,Player Shots on Target Outside Box,Danilo Cataldi (1),,,,51.000,,,,1.5,"{""label"": ""Danilo Cataldi (1)"", ""hdp"": 1.5, ""over"": ""51.000""}",2026-05-13T10:13:54.142Z
71019438,Football,2026-05-13 21:00,Lazio Rome,Inter Milano,Italy - Coppa Italia,Bet365,Player Shots on Target Outside Box,Fisayo Dele-Bashiru (1),,,,51.000,,,,1.5,"{""label"": ""Fisayo Dele-Bashiru (1)"", ""hdp"": 1.5, ""over"": ""51.000""}",2026-05-13T10:13:54.142Z
71019438,Football,2026-05-13 21:00,Lazio Rome,Inter Milano,Italy - Coppa Italia,Bet365,Player Shots on Target Outside Box,Gustav Isaksen (1),,,,21.000,,,,1.5,"{""label"": ""Gustav Isaksen (1)"", ""hdp"": 1.5, ""over"": ""21.000""}",2026-05-13T10:13:54.142Z
71019438,Football,2026-05-13 21:00,Lazio Rome,Inter Milano,Italy - Coppa Italia,Bet365,Player Shots on Target Outside Box,Kenneth Taylor (1),,,,67.000,,,,1.5,"{""label"": ""Kenneth Taylor (1)"", ""hdp"": 1.5, ""over"": ""67.000""}",2026-05-13T10:13:54.142Z
71019438,Football,2026-05-13 21:00,Lazio Rome,Inter Milano,Italy - Coppa Italia,Bet365,Player Shots on Target Outside Box,Matteo Cancellieri (1),,,,51.000,,,,1.5,"{""label"": ""Matteo Cancellieri (1)"", ""hdp"": 1.5, ""over"": ""51.000""}",2026-05-13T10:13:54.142Z
71019438,Football,2026-05-13 21:00,Lazio Rome,Inter Milano,Italy - Coppa Italia,Bet365,Player Shots on Target Outside Box,Nicolo Rovella (1),,,,51.000,,,,1.5,"{""label"": ""Nicolo Rovella (1)"", ""hdp"": 1.5, ""over"": ""51.000""}",2026-05-13T10:13:54.142Z
71019438,Football,2026-05-13 21:00,Lazio Rome,Inter Milano,Italy - Coppa Italia,Bet365,Player Shots on Target Outside Box,Nuno Tavares (1),,,,51.000,,,,1.5,"{""label"": ""Nuno Tavares (1)"", ""hdp"": 1.5, ""over"": ""51.000""}",2026-05-13T10:13:54.142Z
71019438,Football,2026-05-13 21:00,Lazio Rome,Inter Milano,Italy - Coppa Italia,Bet365,Player Shots on Target Outside Box,Petar Ratkov (1),,,,51.000,,,,1.5,"{""label"": ""Petar Ratkov (1)"", ""hdp"": 1.5, ""over"": ""51.000""}",2026-05-13T10:13:54.142Z
71019438,Football,2026-05-13 21:00,Lazio Rome,Inter Milano,Italy - Coppa Italia,Bet365,Player Shots on Target Outside Box,Pedro (1),,,,41.000,,,,1.5,"{""label"": ""Pedro (1)"", ""hdp"": 1.5, ""over"": ""41.000""}",2026-05-13T10:13:54.142Z
71019438,Football,2026-05-13 21:00,Lazio Rome,Inter Milano,Italy - Coppa Italia,Bet365,Player Shots on Target Outside Box,Tijjani Noslin (1),,,,41.000,,,,1.5,"{""label"": ""Tijjani Noslin (1)"", ""hdp"": 1.5, ""over"": ""41.000""}",2026-05-13T10:13:54.142Z
71019438,Football,2026-05-13 21:00,Lazio Rome,Inter Milano,Italy - Coppa Italia,Bet365,Player Shots on Target Outside Box,Toma Basic (1),,,,34.000,,,,1.5,"{""label"": ""Toma Basic (1)"", ""hdp"": 1.5, ""over"": ""34.000""}",2026-05-13T10:13:54.142Z
71019438,Football,2026-05-13 21:00,Lazio Rome,Inter Milano,Italy - Coppa Italia,Bet365,Player Shots on Target Outside Box,Andy Diouf (2),,,,29.000,,,,1.5,"{""label"": ""Andy Diouf (2)"", ""hdp"": 1.5, ""over"": ""29.000""}",2026-05-13T10:13:54.142Z
71019438,Football,2026-05-13 21:00,Lazio Rome,Inter Milano,Italy - Coppa Italia,Bet365,Player Shots on Target Outside Box,Ange Bonny (2),,,,26.000,,,,1.5,"{""label"": ""Ange Bonny (2)"", ""hdp"": 1.5, ""over"": ""26.000""}",2026-05-13T10:13:54.142Z
71019438,Football,2026-05-13 21:00,Lazio Rome,Inter Milano,Italy - Coppa Italia,Bet365,Player Shots on Target Outside Box,Davide Frattesi (2),,,,41.000,,,,1.5,"{""label"": ""Davide Frattesi (2)"", ""hdp"": 1.5, ""over"": ""41.000""}",2026-05-13T10:13:54.142Z
71019438,Football,2026-05-13 21:00,Lazio Rome,Inter Milano,Italy - Coppa Italia,Bet365,Player Shots on Target Outside Box,Luis Henrique de Lima (2),,,,51.000,,,,1.5,"{""label"": ""Luis Henrique de Lima (2)"", ""hdp"": 1.5, ""over"": ""51.000""}",2026-05-13T10:13:54.142Z
71019438,Football,2026-05-13 21:00,Lazio Rome,Inter Milano,Italy - Coppa Italia,Bet365,Player Shots on Target Outside Box,Denzel Dumfries (2),,,,67.000,,,,1.5,"{""label"": ""Denzel Dumfries (2)"", ""hdp"": 1.5, ""over"": ""67.000""}",2026-05-13T10:13:54.142Z
71019438,Football,2026-05-13 21:00,Lazio Rome,Inter Milano,Italy - Coppa Italia,Bet365,Player Shots on Target Outside Box,Federico Dimarco (2),,,,17.000,,,,1.5,"{""label"": ""Federico Dimarco (2)"", ""hdp"": 1.5, ""over"": ""17.000""}",2026-05-13T10:13:54.142Z
71019438,Football,2026-05-13 21:00,Lazio Rome,Inter Milano,Italy - Coppa Italia,Bet365,Player Shots on Target Outside Box,Francesco Esposito (2),,,,17.000,,,,1.5,"{""label"": ""Francesco Esposito (2)"", ""hdp"": 1.5, ""over"": ""17.000""}",2026-05-13T10:13:54.142Z
71019438,Football,2026-05-13 21:00,Lazio Rome,Inter Milano,Italy - Coppa Italia,Bet365,Player Shots on Target Outside Box,Hakan Calhanoglu (2),,,,13.000,,,,1.5,"{""label"": ""Hakan Calhanoglu (2)"", ""hdp"": 1.5, ""over"": ""13.000""}",2026-05-13T10:13:54.142Z
71019438,Football,2026-05-13 21:00,Lazio Rome,Inter Milano,Italy - Coppa Italia,Bet365,Player Shots on Target Outside Box,Henrikh Mkhitaryan (2),,,,19.000,,,,1.5,"{""label"": ""Henrikh Mkhitaryan (2)"", ""hdp"": 1.5, ""over"": ""19.000""}",2026-05-13T10:13:54.142Z
71019438,Football,2026-05-13 21:00,Lazio Rome,Inter Milano,Italy - Coppa Italia,Bet365,Player Shots on Target Outside Box,Lautaro Martinez (2),,,,17.000,,,,1.5,"{""label"": ""Lautaro Martinez (2)"", ""hdp"": 1.5, ""over"": ""17.000""}",2026-05-13T10:13:54.142Z
71019438,Football,2026-05-13 21:00,Lazio Rome,Inter Milano,Italy - Coppa Italia,Bet365,Player Shots on Target Outside Box,Marcus Thuram (2),,,,34.000,,,,1.5,"{""label"": ""Marcus Thuram (2)"", ""hdp"": 1.5, ""over"": ""34.000""}",2026-05-13T10:13:54.142Z
71019438,Football,2026-05-13 21:00,Lazio Rome,Inter Milano,Italy - Coppa Italia,Bet365,Player Shots on Target Outside Box,Mattia Mosconi (2),,,,19.000,,,,1.5,"{""label"": ""Mattia Mosconi (2)"", ""hdp"": 1.5, ""over"": ""19.000""}",2026-05-13T10:13:54.142Z
71019438,Football,2026-05-13 21:00,Lazio Rome,Inter Milano,Italy - Coppa Italia,Bet365,Player Shots on Target Outside Box,Carlos Augusto (2),,,,41.000,,,,1.5,"{""label"": ""Carlos Augusto (2)"", ""hdp"": 1.5, ""over"": ""41.000""}",2026-05-13T10:13:54.142Z
71019438,Football,2026-05-13 21:00,Lazio Rome,Inter Milano,Italy - Coppa Italia,Bet365,Player Shots on Target Outside Box,Nicolo Barella (2),,,,19.000,,,,1.5,"{""label"": ""Nicolo Barella (2)"", ""hdp"": 1.5, ""over"": ""19.000""}",2026-05-13T10:13:54.142Z
71019438,Football,2026-05-13 21:00,Lazio Rome,Inter Milano,Italy - Coppa Italia,Bet365,Player Shots on Target Outside Box,Petar Sucic (2),,,,21.000,,,,1.5,"{""label"": ""Petar Sucic (2)"", ""hdp"": 1.5, ""over"": ""21.000""}",2026-05-13T10:13:54.142Z
71019438,Football,2026-05-13 21:00,Lazio Rome,Inter Milano,Italy - Coppa Italia,Bet365,Player Shots on Target Outside Box,Piotr Zielinski (2),,,,21.000,,,,1.5,"{""label"": ""Piotr Zielinski (2)"", ""hdp"": 1.5, ""over"": ""21.000""}",2026-05-13T10:13:54.142Z
71019438,Football,2026-05-13 21:00,Lazio Rome,Inter Milano,Italy - Coppa Italia,Bet365,Player Shots on Target Outside Box,Federico Dimarco (2),,,,67.000,,,,2.5,"{""label"": ""Federico Dimarco (2)"", ""hdp"": 2.5, ""over"": ""67.000""}",2026-05-13T10:13:54.142Z
71019438,Football,2026-05-13 21:00,Lazio Rome,Inter Milano,Italy - Coppa Italia,Bet365,Player Shots on Target Outside Box,Francesco Esposito (2),,,,67.000,,,,2.5,"{""label"": ""Francesco Esposito (2)"", ""hdp"": 2.5, ""over"": ""67.000""}",2026-05-13T10:13:54.142Z
71019438,Football,2026-05-13 21:00,Lazio Rome,Inter Milano,Italy - Coppa Italia,Bet365,Player Shots on Target Outside Box,Hakan Calhanoglu (2),,,,51.000,,,,2.5,"{""label"": ""Hakan Calhanoglu (2)"", ""hdp"": 2.5, ""over"": ""51.000""}",2026-05-13T10:13:54.142Z
71019438,Football,2026-05-13 21:00,Lazio Rome,Inter Milano,Italy - Coppa Italia,Bet365,Player Shots on Target Outside Box,Lautaro Martinez (2),,,,67.000,,,,2.5,"{""label"": ""Lautaro Martinez (2)"", ""hdp"": 2.5, ""over"": ""67.000""}",2026-05-13T10:13:54.142Z
71019438,Football,2026-05-13 21:00,Lazio Rome,Inter Milano,Italy - Coppa Italia,Bet365,Team Shots on Target Home,,,,,2.000,1.727,,,3.5,"{""hdp"": 3.5, ""over"": ""2.000"", ""under"": ""1.727""}",2026-05-10T22:37:58.988Z
70350998,Football,2026-05-13 22:30,Cumbaya FC,LDU Portoviejo,Ecuador - Serie B,Bet365,ML,,1.850,3.200,4.000,,,,,,"{""home"": ""1.850"", ""draw"": ""3.200"", ""away"": ""4.000""}",2026-05-13T14:46:46.452Z
70350998,Football,2026-05-13 22:30,Cumbaya FC,LDU Portoviejo,Ecuador - Serie B,Bet365,Draw No Bet,,1.363,,3.000,,,,,,"{""home"": ""1.363"", ""away"": ""3.000""}",2026-05-13T13:16:30.585Z
70350998,Football,2026-05-13 22:30,Cumbaya FC,LDU Portoviejo,Ecuador - Serie B,Bet365,Double Chance,Cumbaya or LDU Portoviejo,,,,,1.285,,,,"{""label"": ""Cumbaya or LDU Portoviejo"", ""under"": ""1.285""}",2026-05-13T16:25:38.791Z
70350998,Football,2026-05-13 22:30,Cumbaya FC,LDU Portoviejo,Ecuador - Serie B,Bet365,Double Chance,Cumbaya or Draw,,,,,1.166,,,,"{""label"": ""Cumbaya or Draw"", ""under"": ""1.166""}",2026-05-13T16:25:38.791Z
70350998,Football,2026-05-13 22:30,Cumbaya FC,LDU Portoviejo,Ecuador - Serie B,Bet365,Double Chance,Draw or LDU Portoviejo,,,,,1.800,,,,"{""label"": ""Draw or LDU Portoviejo"", ""under"": ""1.800""}",2026-05-13T16:25:38.791Z
70350998,Football,2026-05-13 22:30,Cumbaya FC,LDU Portoviejo,Ecuador - Serie B,Bet365,Spread,,1.900,,1.900,,,,,-0.5,"{""hdp"": -0.5, ""home"": ""1.900"", ""away"": ""1.900""}",2026-05-13T14:43:44.76Z
70350998,Football,2026-05-13 22:30,Cumbaya FC,LDU Portoviejo,Ecuador - Serie B,Bet365,Totals,,,,,1.750,2.050,,,2,"{""hdp"": 2, ""over"": ""1.750"", ""under"": ""2.050""}",2026-05-13T14:09:56.354Z
70350998,Football,2026-05-13 22:30,Cumbaya FC,LDU Portoviejo,Ecuador - Serie B,Bet365,Goals Over/Under,,,,,2.350,1.571,,,2.5,"{""hdp"": 2.5, ""over"": ""2.350"", ""under"": ""1.571""}",2026-05-13T16:43:56.446Z
70350998,Football,2026-05-13 22:30,Cumbaya FC,LDU Portoviejo,Ecuador - Serie B,Bet365,Spread HT,,2.025,,1.775,,,,,-0.25,"{""hdp"": -0.25, ""home"": ""2.025"", ""away"": ""1.775""}",2026-05-13T12:43:45.272Z
70350998,Football,2026-05-13 22:30,Cumbaya FC,LDU Portoviejo,Ecuador - Serie B,Bet365,Totals HT,,,,,1.725,2.075,,,0.75,"{""hdp"": 0.75, ""over"": ""1.725"", ""under"": ""2.075""}",2026-05-13T15:27:29.238Z
70350998,Football,2026-05-13 22:30,Cumbaya FC,LDU Portoviejo,Ecuador - Serie B,Bet365,Corners Totals,,,,,1.950,1.850,,,8.5,"{""hdp"": 8.5, ""over"": ""1.950"", ""under"": ""1.850""}",2026-05-13T01:03:02.068Z
70350998,Football,2026-05-13 22:30,Cumbaya FC,LDU Portoviejo,Ecuador - Serie B,Bet365,Corners Totals HT,,,,,2.025,1.775,,,4,"{""hdp"": 4, ""over"": ""2.025"", ""under"": ""1.775""}",2026-05-13T16:53:24.839Z
70350998,Football,2026-05-13 22:30,Cumbaya FC,LDU Portoviejo,Ecuador - Serie B,Bet365,Corners 2-Way,,,,,1.833,1.833,,,8.5,"{""hdp"": 8.5, ""over"": ""1.833"", ""under"": ""1.833""}",2026-05-12T23:22:22.805Z
70350998,Football,2026-05-13 22:30,Cumbaya FC,LDU Portoviejo,Ecuador - Serie B,Bet365,Correct Score,1-0,,,,,,,,,"{""label"": ""1-0"", ""odds"": ""6.000""}",2026-05-13T17:08:37.408Z
70350998,Football,2026-05-13 22:30,Cumbaya FC,LDU Portoviejo,Ecuador - Serie B,Bet365,Correct Score,2-2,,,,,,,,,"{""label"": ""2-2"", ""odds"": ""21.000""}",2026-05-13T17:08:37.408Z
70350998,Football,2026-05-13 22:30,Cumbaya FC,LDU Portoviejo,Ecuador - Serie B,Bet365,Correct Score,5-0,,,,,,,,,"{""label"": ""5-0"", ""odds"": ""51.000""}",2026-05-13T17:08:37.408Z
70350998,Football,2026-05-13 22:30,Cumbaya FC,LDU Portoviejo,Ecuador - Serie B,Bet365,Correct Score,3-2,,,,,,,,,"{""label"": ""3-2"", ""odds"": ""41.000""}",2026-05-13T17:08:37.408Z
70350998,Football,2026-05-13 22:30,Cumbaya FC,LDU Portoviejo,Ecuador - Serie B,Bet365,Correct Score,4-2,,,,,,,,,"{""label"": ""4-2"", ""odds"": ""67.000""}",2026-05-13T17:08:37.408Z
70350998,Football,2026-05-13 22:30,Cumbaya FC,LDU Portoviejo,Ecuador - Serie B,Bet365,Correct Score,4-1,,,,,,,,,"{""label"": ""4-1"", ""odds"": ""41.000""}",2026-05-13T17:08:37.408Z
70350998,Football,2026-05-13 22:30,Cumbaya FC,LDU Portoviejo,Ecuador - Serie B,Bet365,Correct Score,3-3,,,,,,,,,"{""label"": ""3-3"", ""odds"": ""67.000""}",2026-05-13T17:08:37.408Z
70350998,Football,2026-05-13 22:30,Cumbaya FC,LDU Portoviejo,Ecuador - Serie B,Bet365,Correct Score,2-1,,,,,,,,,"{""label"": ""2-1"", ""odds"": ""11.000""}",2026-05-13T17:08:37.408Z
70350998,Football,2026-05-13 22:30,Cumbaya FC,LDU Portoviejo,Ecuador - Serie B,Bet365,Correct Score,3-0,,,,,,,,,"{""label"": ""3-0"", ""odds"": ""15.000""}",2026-05-13T17:08:37.408Z
70350998,Football,2026-05-13 22:30,Cumbaya FC,LDU Portoviejo,Ecuador - Serie B,Bet365,Correct Score,0-0,,,,,,,,,"{""label"": ""0-0"", ""odds"": ""7.000""}",2026-05-13T17:08:37.408Z
70350998,Football,2026-05-13 22:30,Cumbaya FC,LDU Portoviejo,Ecuador - Serie B,Bet365,Correct Score,1-1,,,,,,,,,"{""label"": ""1-1"", ""odds"": ""7.000""}",2026-05-13T17:08:37.408Z
70350998,Football,2026-05-13 22:30,Cumbaya FC,LDU Portoviejo,Ecuador - Serie B,Bet365,Correct Score,2-0,,,,,,,,,"{""label"": ""2-0"", ""odds"": ""8.000""}",2026-05-13T17:08:37.408Z
70350998,Football,2026-05-13 22:30,Cumbaya FC,LDU Portoviejo,Ecuador - Serie B,Bet365,Correct Score,3-1,,,,,,,,,"{""label"": ""3-1"", ""odds"": ""19.000""}",2026-05-13T17:08:37.408Z
70350998,Football,2026-05-13 22:30,Cumbaya FC,LDU Portoviejo,Ecuador - Serie B,Bet365,Correct Score,4-0,,,,,,,,,"{""label"": ""4-0"", ""odds"": ""29.000""}",2026-05-13T17:08:37.408Z
70350998,Football,2026-05-13 22:30,Cumbaya FC,LDU Portoviejo,Ecuador - Serie B,Bet365,Correct Score,5-1,,,,,,,,,"{""label"": ""5-1"", ""odds"": ""67.000""}",2026-05-13T17:08:37.408Z
70350998,Football,2026-05-13 22:30,Cumbaya FC,LDU Portoviejo,Ecuador - Serie B,Bet365,Alternative Asian Handicap,,7.000,,1.100,,,,,-2.5,"{""hdp"": -2.5, ""home"": ""7.000"", ""away"": ""1.100""}",2026-05-13T17:19:08.271Z
70350998,Football,2026-05-13 22:30,Cumbaya FC,LDU Portoviejo,Ecuador - Serie B,Bet365,Alternative Asian Handicap,,6.600,,1.110,,,,,-2.25,"{""hdp"": -2.25, ""home"": ""6.600"", ""away"": ""1.110""}",2026-05-13T17:19:08.271Z
70350998,Football,2026-05-13 22:30,Cumbaya FC,LDU Portoviejo,Ecuador - Serie B,Bet365,Alternative Asian Handicap,,6.000,,1.125,,,,,-2,"{""hdp"": -2, ""home"": ""6.000"", ""away"": ""1.125""}",2026-05-13T17:19:08.271Z
70350998,Football,2026-05-13 22:30,Cumbaya FC,LDU Portoviejo,Ecuador - Serie B,Bet365,Alternative Asian Handicap,,4.250,,1.210,,,,,-1.75,"{""hdp"": -1.75, ""home"": ""4.250"", ""away"": ""1.210""}",2026-05-13T17:19:08.271Z
70350998,Football,2026-05-13 22:30,Cumbaya FC,LDU Portoviejo,Ecuador - Serie B,Bet365,Alternative Asian Handicap,,3.450,,1.300,,,,,-1.5,"{""hdp"": -1.5, ""home"": ""3.450"", ""away"": ""1.300""}",2026-05-13T17:19:08.271Z
70350998,Football,2026-05-13 22:30,Cumbaya FC,LDU Portoviejo,Ecuador - Serie B,Bet365,Alternative Asian Handicap,,3.000,,1.375,,,,,-1.25,"{""hdp"": -1.25, ""home"": ""3.000"", ""away"": ""1.375""}",2026-05-13T17:19:08.271Z
70350998,Football,2026-05-13 22:30,Cumbaya FC,LDU Portoviejo,Ecuador - Serie B,Bet365,Alternative Asian Handicap,,2.675,,1.450,,,,,-1,"{""hdp"": -1, ""home"": ""2.675"", ""away"": ""1.450""}",2026-05-13T17:19:08.271Z
70350998,Football,2026-05-13 22:30,Cumbaya FC,LDU Portoviejo,Ecuador - Serie B,Bet365,Alternative Asian Handicap,,2.150,,5.250,,,,,-0.75,"{""hdp"": -0.75, ""home"": ""2.150"", ""away"": ""5.250""}",2026-05-13T17:19:08.271Z
70350998,Football,2026-05-13 22:30,Cumbaya FC,LDU Portoviejo,Ecuador - Serie B,Bet365,Alternative Asian Handicap,,1.625,,3.450,,,,,-0.25,"{""hdp"": -0.25, ""home"": ""1.625"", ""away"": ""3.450""}",2026-05-13T17:19:08.271Z
70350998,Football,2026-05-13 22:30,Cumbaya FC,LDU Portoviejo,Ecuador - Serie B,Bet365,Alternative Asian Handicap,,1.375,,3.000,,,,,0,"{""hdp"": 0, ""home"": ""1.375"", ""away"": ""3.000""}",2026-05-13T17:19:08.271Z
70350998,Football,2026-05-13 22:30,Cumbaya FC,LDU Portoviejo,Ecuador - Serie B,Bet365,Alternative Asian Handicap,,1.300,,2.250,,,,,0.25,"{""hdp"": 0.25, ""home"": ""1.300"", ""away"": ""2.250""}",2026-05-13T17:19:08.271Z
70350998,Football,2026-05-13 22:30,Cumbaya FC,LDU Portoviejo,Ecuador - Serie B,Bet365,Alternative Asian Handicap,,1.240,,3.900,,,,,0.5,"{""hdp"": 0.5, ""home"": ""1.240"", ""away"": ""3.900""}",2026-05-13T17:19:08.271Z
70350998,Football,2026-05-13 22:30,Cumbaya FC,LDU Portoviejo,Ecuador - Serie B,Bet365,Alternative Asian Handicap,,1.160,,1.675,,,,,0.75,"{""hdp"": 0.75, ""home"": ""1.160"", ""away"": ""1.675""}",2026-05-13T17:19:08.271Z
70350998,Football,2026-05-13 22:30,Cumbaya FC,LDU Portoviejo,Ecuador - Serie B,Bet365,Corners,,,,,1.833,2.375,,,8,"{""hdp"": 8, ""over"": ""1.833"", ""under"": ""2.375""}",2026-05-12T23:12:15.607Z
70350998,Football,2026-05-13 22:30,Cumbaya FC,LDU Portoviejo,Ecuador - Serie B,Bet365,Half Time Result,1,,,,,2.500,,,1,"{""label"": ""1"", ""hdp"": 1, ""under"": ""2.500""}",2026-05-13T15:28:09.222Z
70350998,Football,2026-05-13 22:30,Cumbaya FC,LDU Portoviejo,Ecuador - Serie B,Bet365,Half Time Result,2,,,,,4.500,,,2,"{""label"": ""2"", ""hdp"": 2, ""under"": ""4.500""}",2026-05-13T15:28:09.222Z
70350998,Football,2026-05-13 22:30,Cumbaya FC,LDU Portoviejo,Ecuador - Serie B,Bet365,Half Time Result,Draw,,,,,2.000,,,,"{""label"": ""Draw"", ""under"": ""2.000""}",2026-05-13T15:28:09.222Z
70350998,Football,2026-05-13 22:30,Cumbaya FC,LDU Portoviejo,Ecuador - Serie B,Bet365,Alternative Goal Line,,,,,1.140,5.750,,,1,"{""hdp"": 1, ""over"": ""1.140"", ""under"": ""5.750""}",2026-05-13T17:46:43.271Z
70350998,Football,2026-05-13 22:30,Cumbaya FC,LDU Portoviejo,Ecuador - Serie B,Bet365,Alternative Goal Line,,,,,1.300,3.450,,,1.25,"{""hdp"": 1.25, ""over"": ""1.300"", ""under"": ""3.450""}",2026-05-13T17:46:43.271Z
70350998,Football,2026-05-13 22:30,Cumbaya FC,LDU Portoviejo,Ecuador - Serie B,Bet365,Alternative Goal Line,,,,,1.450,2.675,,,1.5,"{""hdp"": 1.5, ""over"": ""1.450"", ""under"": ""2.675""}",2026-05-13T17:46:43.271Z
70350998,Football,2026-05-13 22:30,Cumbaya FC,LDU Portoviejo,Ecuador - Serie B,Bet365,Alternative Goal Line,,,,,1.550,2.375,,,1.75,"{""hdp"": 1.75, ""over"": ""1.550"", ""under"": ""2.375""}",2026-05-13T17:46:43.271Z
70350998,Football,2026-05-13 22:30,Cumbaya FC,LDU Portoviejo,Ecuador - Serie B,Bet365,Alternative Goal Line,,,,,2.050,1.750,,,2.25,"{""hdp"": 2.25, ""over"": ""2.050"", ""under"": ""1.750""}",2026-05-13T17:46:43.271Z
70350998,Football,2026-05-13 22:30,Cumbaya FC,LDU Portoviejo,Ecuador - Serie B,Bet365,Alternative Goal Line,,,,,2.350,1.575,,,2.5,"{""hdp"": 2.5, ""over"": ""2.350"", ""under"": ""1.575""}",2026-05-13T17:46:43.271Z
70350998,Football,2026-05-13 22:30,Cumbaya FC,LDU Portoviejo,Ecuador - Serie B,Bet365,Alternative Goal Line,,,,,2.750,1.425,,,2.75,"{""hdp"": 2.75, ""over"": ""2.750"", ""under"": ""1.425""}",2026-05-13T17:46:43.271Z
70350998,Football,2026-05-13 22:30,Cumbaya FC,LDU Portoviejo,Ecuador - Serie B,Bet365,Alternative Goal Line,,,,,3.450,1.300,,,3,"{""hdp"": 3, ""over"": ""3.450"", ""under"": ""1.300""}",2026-05-13T17:46:43.271Z
70350998,Football,2026-05-13 22:30,Cumbaya FC,LDU Portoviejo,Ecuador - Serie B,Bet365,Alternative Goal Line,,,,,3.800,1.250,,,3.25,"{""hdp"": 3.25, ""over"": ""3.800"", ""under"": ""1.250""}",2026-05-13T17:46:43.271Z
70350998,Football,2026-05-13 22:30,Cumbaya FC,LDU Portoviejo,Ecuador - Serie B,Bet365,Alternative Goal Line,,,,,4.150,1.220,,,3.5,"{""hdp"": 3.5, ""over"": ""4.150"", ""under"": ""1.220""}",2026-05-13T17:46:43.271Z
70350998,Football,2026-05-13 22:30,Cumbaya FC,LDU Portoviejo,Ecuador - Serie B,Bet365,Alternative Goal Line,,,,,5.500,1.150,,,3.75,"{""hdp"": 3.75, ""over"": ""5.500"", ""under"": ""1.150""}",2026-05-13T17:46:43.271Z
70350998,Football,2026-05-13 22:30,Cumbaya FC,LDU Portoviejo,Ecuador - Serie B,Bet365,Alternative Goal Line,,,,,1.115,6.400,,,0.75,"{""hdp"": 0.75, ""over"": ""1.115"", ""under"": ""6.400""}",2026-05-13T17:46:43.271Z
70764748,Football,2026-05-13 22:00,Marica FC RJ,Sao Goncalo EC RJ,"Brazil - Carioca, Serie A2",Bet365,ML,,2.100,2.875,3.500,,,,,,"{""home"": ""2.100"", ""draw"": ""2.875"", ""away"": ""3.500""}",2026-05-13T16:06:49.588Z
70764748,Football,2026-05-13 22:00,Marica FC RJ,Sao Goncalo EC RJ,"Brazil - Carioca, Serie A2",Bet365,Draw No Bet,,1.533,,2.375,,,,,,"{""home"": ""1.533"", ""away"": ""2.375""}",2026-05-13T15:51:22.385Z
70764748,Football,2026-05-13 22:00,Marica FC RJ,Sao Goncalo EC RJ,"Brazil - Carioca, Serie A2",Bet365,Double Chance,Marica or Draw,,,,,1.250,,,,"{""label"": ""Marica or Draw"", ""under"": ""1.250""}",2026-05-13T16:59:41.959Z
70764748,Football,2026-05-13 22:00,Marica FC RJ,Sao Goncalo EC RJ,"Brazil - Carioca, Serie A2",Bet365,Double Chance,Draw or Sao Goncalo EC,,,,,1.571,,,,"{""label"": ""Draw or Sao Goncalo EC"", ""under"": ""1.571""}",2026-05-13T16:59:41.959Z
70764748,Football,2026-05-13 22:00,Marica FC RJ,Sao Goncalo EC RJ,"Brazil - Carioca, Serie A2",Bet365,Double Chance,Marica or Sao Goncalo EC,,,,,1.333,,,,"{""label"": ""Marica or Sao Goncalo EC"", ""under"": ""1.333""}",2026-05-13T16:59:41.959Z
70764748,Football,2026-05-13 22:00,Marica FC RJ,Sao Goncalo EC RJ,"Brazil - Carioca, Serie A2",Bet365,Spread,,1.825,,1.975,,,,,-0.25,"{""hdp"": -0.25, ""home"": ""1.825"", ""away"": ""1.975""}",2026-05-13T16:08:14.332Z
70764748,Football,2026-05-13 22:00,Marica FC RJ,Sao Goncalo EC RJ,"Brazil - Carioca, Serie A2",Bet365,Totals,,,,,2.000,1.800,,,2,"{""hdp"": 2, ""over"": ""2.000"", ""under"": ""1.800""}",2026-05-12T22:52:13.31Z
70764748,Football,2026-05-13 22:00,Marica FC RJ,Sao Goncalo EC RJ,"Brazil - Carioca, Serie A2",Bet365,Goals Over/Under,,,,,2.625,1.444,,,2.5,"{""hdp"": 2.5, ""over"": ""2.625"", ""under"": ""1.444""}",2026-05-12T19:16:13.536Z
70764748,Football,2026-05-13 22:00,Marica FC RJ,Sao Goncalo EC RJ,"Brazil - Carioca, Serie A2",Bet365,Spread HT,,2.250,,1.625,,,,,-0.25,"{""hdp"": -0.25, ""home"": ""2.250"", ""away"": ""1.625""}",2026-05-13T17:38:00.964Z
70764748,Football,2026-05-13 22:00,Marica FC RJ,Sao Goncalo EC RJ,"Brazil - Carioca, Serie A2",Bet365,Totals HT,,,,,1.850,1.950,,,0.75,"{""hdp"": 0.75, ""over"": ""1.850"", ""under"": ""1.950""}",2026-05-13T00:50:45.219Z
70764748,Football,2026-05-13 22:00,Marica FC RJ,Sao Goncalo EC RJ,"Brazil - Carioca, Serie A2",Bet365,Corners Totals,,,,,1.825,1.975,,,8.5,"{""hdp"": 8.5, ""over"": ""1.825"", ""under"": ""1.975""}",2026-05-13T00:08:29.498Z
70764748,Football,2026-05-13 22:00,Marica FC RJ,Sao Goncalo EC RJ,"Brazil - Carioca, Serie A2",Bet365,Corners Totals HT,,,,,1.950,1.850,,,4,"{""hdp"": 4, ""over"": ""1.950"", ""under"": ""1.850""}",2026-05-12T23:48:17.827Z
70764748,Football,2026-05-13 22:00,Marica FC RJ,Sao Goncalo EC RJ,"Brazil - Carioca, Serie A2",Bet365,Corners,,,,,2.375,1.909,,,9,"{""hdp"": 9, ""over"": ""2.375"", ""under"": ""1.909""}",2026-05-12T23:06:03.474Z
70764748,Football,2026-05-13 22:00,Marica FC RJ,Sao Goncalo EC RJ,"Brazil - Carioca, Serie A2",Bet365,Half Time Result,Draw,,,,,1.909,,,,"{""label"": ""Draw"", ""under"": ""1.909""}",2026-05-13T17:02:54.1Z
70764748,Football,2026-05-13 22:00,Marica FC RJ,Sao Goncalo EC RJ,"Brazil - Carioca, Serie A2",Bet365,Half Time Result,1,,,,,2.875,,,1,"{""label"": ""1"", ""hdp"": 1, ""under"": ""2.875""}",2026-05-13T17:02:54.1Z
70764748,Football,2026-05-13 22:00,Marica FC RJ,Sao Goncalo EC RJ,"Brazil - Carioca, Serie A2",Bet365,Half Time Result,2,,,,,4.333,,,2,"{""label"": ""2"", ""hdp"": 2, ""under"": ""4.333""}",2026-05-13T17:02:54.1Z
70764748,Football,2026-05-13 22:00,Marica FC RJ,Sao Goncalo EC RJ,"Brazil - Carioca, Serie A2",Bet365,Alternative Asian Handicap,,5.750,,1.140,,,,,-1.75,"{""hdp"": -1.75, ""home"": ""5.750"", ""away"": ""1.140""}",2026-05-13T16:49:23.885Z
70764748,Football,2026-05-13 22:00,Marica FC RJ,Sao Goncalo EC RJ,"Brazil - Carioca, Serie A2",Bet365,Alternative Asian Handicap,,4.250,,1.210,,,,,-1.5,"{""hdp"": -1.5, ""home"": ""4.250"", ""away"": ""1.210""}",2026-05-13T16:49:23.885Z
70764748,Football,2026-05-13 22:00,Marica FC RJ,Sao Goncalo EC RJ,"Brazil - Carioca, Serie A2",Bet365,Alternative Asian Handicap,,3.900,,7.000,,,,,-1.25,"{""hdp"": -1.25, ""home"": ""3.900"", ""away"": ""7.000""}",2026-05-13T16:49:23.885Z
70764748,Football,2026-05-13 22:00,Marica FC RJ,Sao Goncalo EC RJ,"Brazil - Carioca, Serie A2",Bet365,Alternative Asian Handicap,,3.450,,6.600,,,,,-1,"{""hdp"": -1, ""home"": ""3.450"", ""away"": ""6.600""}",2026-05-13T16:49:23.885Z
70764748,Football,2026-05-13 22:00,Marica FC RJ,Sao Goncalo EC RJ,"Brazil - Carioca, Serie A2",Bet365,Alternative Asian Handicap,,2.600,,4.250,,,,,-0.75,"{""hdp"": -0.75, ""home"": ""2.600"", ""away"": ""4.250""}",2026-05-13T16:49:23.885Z
70764748,Football,2026-05-13 22:00,Marica FC RJ,Sao Goncalo EC RJ,"Brazil - Carioca, Serie A2",Bet365,Alternative Asian Handicap,,2.200,,3.450,,,,,-0.5,"{""hdp"": -0.5, ""home"": ""2.200"", ""away"": ""3.450""}",2026-05-13T16:49:23.885Z
70764748,Football,2026-05-13 22:00,Marica FC RJ,Sao Goncalo EC RJ,"Brazil - Carioca, Serie A2",Bet365,Alternative Asian Handicap,,1.550,,2.375,,,,,0,"{""hdp"": 0, ""home"": ""1.550"", ""away"": ""2.375""}",2026-05-13T16:49:23.885Z
70764748,Football,2026-05-13 22:00,Marica FC RJ,Sao Goncalo EC RJ,"Brazil - Carioca, Serie A2",Bet365,Alternative Asian Handicap,,1.400,,2.850,,,,,0.25,"{""hdp"": 0.25, ""home"": ""1.400"", ""away"": ""2.850""}",2026-05-13T16:49:23.885Z
70764748,Football,2026-05-13 22:00,Marica FC RJ,Sao Goncalo EC RJ,"Brazil - Carioca, Serie A2",Bet365,Alternative Asian Handicap,,1.300,,1.650,,,,,0.5,"{""hdp"": 0.5, ""home"": ""1.300"", ""away"": ""1.650""}",2026-05-13T16:49:23.885Z
70764748,Football,2026-05-13 22:00,Marica FC RJ,Sao Goncalo EC RJ,"Brazil - Carioca, Serie A2",Bet365,Alternative Asian Handicap,,1.210,,1.475,,,,,0.75,"{""hdp"": 0.75, ""home"": ""1.210"", ""away"": ""1.475""}",2026-05-13T16:49:23.885Z
70764748,Football,2026-05-13 22:00,Marica FC RJ,Sao Goncalo EC RJ,"Brazil - Carioca, Serie A2",Bet365,Alternative Asian Handicap,,1.110,,1.300,,,,,1,"{""hdp"": 1, ""home"": ""1.110"", ""away"": ""1.300""}",2026-05-13T16:49:23.885Z
70764748,Football,2026-05-13 22:00,Marica FC RJ,Sao Goncalo EC RJ,"Brazil - Carioca, Serie A2",Bet365,Alternative Asian Handicap,,1.100,,1.240,,,,,1.25,"{""hdp"": 1.25, ""home"": ""1.100"", ""away"": ""1.240""}",2026-05-13T16:49:23.885Z
70764748,Football,2026-05-13 22:00,Marica FC RJ,Sao Goncalo EC RJ,"Brazil - Carioca, Serie A2",Bet365,Corners 2-Way,,,,,1.800,1.909,,,8.5,"{""hdp"": 8.5, ""over"": ""1.800"", ""under"": ""1.909""}",2026-05-12T23:18:23.78Z
70764748,Football,2026-05-13 22:00,Marica FC RJ,Sao Goncalo EC RJ,"Brazil - Carioca, Serie A2",Bet365,Correct Score,1-0,,,,,,,,,"{""label"": ""1-0"", ""odds"": ""6.000""}",2026-05-13T15:51:22.385Z
70764748,Football,2026-05-13 22:00,Marica FC RJ,Sao Goncalo EC RJ,"Brazil - Carioca, Serie A2",Bet365,Correct Score,1-1,,,,,,,,,"{""label"": ""1-1"", ""odds"": ""6.500""}",2026-05-13T15:51:22.385Z
70764748,Football,2026-05-13 22:00,Marica FC RJ,Sao Goncalo EC RJ,"Brazil - Carioca, Serie A2",Bet365,Correct Score,2-0,,,,,,,,,"{""label"": ""2-0"", ""odds"": ""9.000""}",2026-05-13T15:51:22.385Z
70764748,Football,2026-05-13 22:00,Marica FC RJ,Sao Goncalo EC RJ,"Brazil - Carioca, Serie A2",Bet365,Correct Score,2-1,,,,,,,,,"{""label"": ""2-1"", ""odds"": ""12.000""}",2026-05-13T15:51:22.385Z
70764748,Football,2026-05-13 22:00,Marica FC RJ,Sao Goncalo EC RJ,"Brazil - Carioca, Serie A2",Bet365,Correct Score,2-2,,,,,,,,,"{""label"": ""2-2"", ""odds"": ""21.000""}",2026-05-13T15:51:22.385Z
70764748,Football,2026-05-13 22:00,Marica FC RJ,Sao Goncalo EC RJ,"Brazil - Carioca, Serie A2",Bet365,Correct Score,3-0,,,,,,,,,"{""label"": ""3-0"", ""odds"": ""19.000""}",2026-05-13T15:51:22.385Z
70764748,Football,2026-05-13 22:00,Marica FC RJ,Sao Goncalo EC RJ,"Brazil - Carioca, Serie A2",Bet365,Correct Score,3-1,,,,,,,,,"{""label"": ""3-1"", ""odds"": ""23.000""}",2026-05-13T15:51:22.385Z
70764748,Football,2026-05-13 22:00,Marica FC RJ,Sao Goncalo EC RJ,"Brazil - Carioca, Serie A2",Bet365,Correct Score,4-0,,,,,,,,,"{""label"": ""4-0"", ""odds"": ""41.000""}",2026-05-13T15:51:22.385Z
70764748,Football,2026-05-13 22:00,Marica FC RJ,Sao Goncalo EC RJ,"Brazil - Carioca, Serie A2",Bet365,Correct Score,4-1,,,,,,,,,"{""label"": ""4-1"", ""odds"": ""51.000""}",2026-05-13T15:51:22.385Z
70764748,Football,2026-05-13 22:00,Marica FC RJ,Sao Goncalo EC RJ,"Brazil - Carioca, Serie A2",Bet365,Correct Score,5-0,,,,,,,,,"{""label"": ""5-0"", ""odds"": ""67.000""}",2026-05-13T15:51:22.385Z
70764748,Football,2026-05-13 22:00,Marica FC RJ,Sao Goncalo EC RJ,"Brazil - Carioca, Serie A2",Bet365,Correct Score,0-0,,,,,,,,,"{""label"": ""0-0"", ""odds"": ""5.500""}",2026-05-13T15:51:22.385Z
70764748,Football,2026-05-13 22:00,Marica FC RJ,Sao Goncalo EC RJ,"Brazil - Carioca, Serie A2",Bet365,Correct Score,3-2,,,,,,,,,"{""label"": ""3-2"", ""odds"": ""41.000""}",2026-05-13T15:51:22.385Z
70764748,Football,2026-05-13 22:00,Marica FC RJ,Sao Goncalo EC RJ,"Brazil - Carioca, Serie A2",Bet365,Correct Score,4-2,,,,,,,,,"{""label"": ""4-2"", ""odds"": ""81.000""}",2026-05-13T15:51:22.385Z
70764748,Football,2026-05-13 22:00,Marica FC RJ,Sao Goncalo EC RJ,"Brazil - Carioca, Serie A2",Bet365,Correct Score,3-3,,,,,,,,,"{""label"": ""3-3"", ""odds"": ""81.000""}",2026-05-13T15:51:22.385Z
70764748,Football,2026-05-13 22:00,Marica FC RJ,Sao Goncalo EC RJ,"Brazil - Carioca, Serie A2",Bet365,Alternative Goal Line,,,,,1.150,5.500,,,0.75,"{""hdp"": 0.75, ""over"": ""1.150"", ""under"": ""5.500""}",2026-05-13T17:12:15.674Z
70764748,Football,2026-05-13 22:00,Marica FC RJ,Sao Goncalo EC RJ,"Brazil - Carioca, Serie A2",Bet365,Alternative Goal Line,,,,,1.190,4.500,,,1,"{""hdp"": 1, ""over"": ""1.190"", ""under"": ""4.500""}",2026-05-13T17:12:15.674Z
70764748,Football,2026-05-13 22:00,Marica FC RJ,Sao Goncalo EC RJ,"Brazil - Carioca, Serie A2",Bet365,Alternative Goal Line,,,,,1.375,3.000,,,1.25,"{""hdp"": 1.25, ""over"": ""1.375"", ""under"": ""3.000""}",2026-05-13T17:12:15.674Z
70764748,Football,2026-05-13 22:00,Marica FC RJ,Sao Goncalo EC RJ,"Brazil - Carioca, Serie A2",Bet365,Alternative Goal Line,,,,,1.550,2.375,,,1.5,"{""hdp"": 1.5, ""over"": ""1.550"", ""under"": ""2.375""}",2026-05-13T17:12:15.674Z
70764748,Football,2026-05-13 22:00,Marica FC RJ,Sao Goncalo EC RJ,"Brazil - Carioca, Serie A2",Bet365,Alternative Goal Line,,,,,1.700,2.100,,,1.75,"{""hdp"": 1.75, ""over"": ""1.700"", ""under"": ""2.100""}",2026-05-13T17:12:15.674Z
70764748,Football,2026-05-13 22:00,Marica FC RJ,Sao Goncalo EC RJ,"Brazil - Carioca, Serie A2",Bet365,Alternative Goal Line,,,,,2.300,1.600,,,2.25,"{""hdp"": 2.25, ""over"": ""2.300"", ""under"": ""1.600""}",2026-05-13T17:12:15.674Z
70764748,Football,2026-05-13 22:00,Marica FC RJ,Sao Goncalo EC RJ,"Brazil - Carioca, Serie A2",Bet365,Alternative Goal Line,,,,,3.100,1.350,,,2.75,"{""hdp"": 2.75, ""over"": ""3.100"", ""under"": ""1.350""}",2026-05-13T17:12:15.674Z
70764748,Football,2026-05-13 22:00,Marica FC RJ,Sao Goncalo EC RJ,"Brazil - Carioca, Serie A2",Bet365,Alternative Goal Line,,,,,4.150,1.220,,,3,"{""hdp"": 3, ""over"": ""4.150"", ""under"": ""1.220""}",2026-05-13T17:12:15.674Z
70764748,Football,2026-05-13 22:00,Marica FC RJ,Sao Goncalo EC RJ,"Brazil - Carioca, Serie A2",Bet365,Alternative Goal Line,,,,,4.500,1.190,,,3.25,"{""hdp"": 3.25, ""over"": ""4.500"", ""under"": ""1.190""}",2026-05-13T17:12:15.674Z
70764748,Football,2026-05-13 22:00,Marica FC RJ,Sao Goncalo EC RJ,"Brazil - Carioca, Serie A2",Bet365,Alternative Goal Line,,,,,5.000,1.170,,,3.5,"{""hdp"": 3.5, ""over"": ""5.000"", ""under"": ""1.170""}",2026-05-13T17:12:15.674Z
70764748,Football,2026-05-13 22:00,Marica FC RJ,Sao Goncalo EC RJ,"Brazil - Carioca, Serie A2",Bet365,Alternative Goal Line,,,,,6.600,1.110,,,3.75,"{""hdp"": 3.75, ""over"": ""6.600"", ""under"": ""1.110""}",2026-05-13T17:12:15.674Z
70764748,Football,2026-05-13 22:00,Marica FC RJ,Sao Goncalo EC RJ,"Brazil - Carioca, Serie A2",Bet365,Alternative Goal Line,,,,,2.675,1.450,,,2.5,"{""hdp"": 2.5, ""over"": ""2.675"", ""under"": ""1.450""}",2026-05-13T17:12:15.674Z
71444084,Handball,2026-05-13 20:30,Team Esbjerg,Herning-Ikast Haandbold,"Denmark - Kvindeligaen, Women",Bet365,ML,,1.06,,7.50,,,,,,"{""home"": ""1.06"", ""away"": ""7.50""}",2026-05-11T18:23:11.569Z
71444084,Handball,2026-05-13 20:30,Team Esbjerg,Herning-Ikast Haandbold,"Denmark - Kvindeligaen, Women",Bet365,Double Chance,Team Esbjerg (W) or Herning-Ikast (W),,,,,1.01,,,,"{""label"": ""Team Esbjerg (W) or Herning-Ikast (W)"", ""under"": ""1.01""}",2026-05-11T18:24:55.846Z
71444084,Handball,2026-05-13 20:30,Team Esbjerg,Herning-Ikast Haandbold,"Denmark - Kvindeligaen, Women",Bet365,Double Chance,Team Esbjerg (W) or Tie,,,,,1.04,,,,"{""label"": ""Team Esbjerg (W) or Tie"", ""under"": ""1.04""}",2026-05-11T18:24:55.846Z
71444084,Handball,2026-05-13 20:30,Team Esbjerg,Herning-Ikast Haandbold,"Denmark - Kvindeligaen, Women",Bet365,Double Chance,Herning-Ikast (W) or Tie,,,,,5.25,,,,"{""label"": ""Herning-Ikast (W) or Tie"", ""under"": ""5.25""}",2026-05-11T18:24:55.846Z
71444084,Handball,2026-05-13 20:30,Team Esbjerg,Herning-Ikast Haandbold,"Denmark - Kvindeligaen, Women",Bet365,Spread,,1.78,,2.00,,,,,-5.5,"{""hdp"": -5.5, ""home"": ""1.78"", ""away"": ""2.00""}",2026-05-11T18:23:11.569Z
71444084,Handball,2026-05-13 20:30,Team Esbjerg,Herning-Ikast Haandbold,"Denmark - Kvindeligaen, Women",Bet365,Totals,,,,,1.88,1.88,,,62.5,"{""hdp"": 62.5, ""over"": ""1.88"", ""under"": ""1.88""}",2026-05-11T16:11:00.511Z
71444084,Handball,2026-05-13 20:30,Team Esbjerg,Herning-Ikast Haandbold,"Denmark - Kvindeligaen, Women",Bet365,Team Total Home,,,,,1.75,1.95,,,33.5,"{""hdp"": 33.5, ""over"": ""1.75"", ""under"": ""1.95""}",2026-05-11T18:13:07.184Z
71444084,Handball,2026-05-13 20:30,Team Esbjerg,Herning-Ikast Haandbold,"Denmark - Kvindeligaen, Women",Bet365,Team Total Away,,,,,1.85,1.85,,,28.5,"{""hdp"": 28.5, ""over"": ""1.85"", ""under"": ""1.85""}",2026-05-11T18:13:07.184Z
71444084,Handball,2026-05-13 20:30,Team Esbjerg,Herning-Ikast Haandbold,"Denmark - Kvindeligaen, Women",Bet365,Game Lines 3-Way,Handicap (1) (-6),1.95,,,,,,,-6,"{""label"": ""Handicap (1) (-6)"", ""hdp"": -6, ""home"": ""1.95""}",2026-05-11T18:23:11.569Z
71444084,Handball,2026-05-13 20:30,Team Esbjerg,Herning-Ikast Haandbold,"Denmark - Kvindeligaen, Women",Bet365,Game Lines 3-Way,Result (1),1.13,,,,,,,,"{""label"": ""Result (1)"", ""home"": ""1.13""}",2026-05-11T18:23:11.569Z
71444084,Handball,2026-05-13 20:30,Team Esbjerg,Herning-Ikast Haandbold,"Denmark - Kvindeligaen, Women",Bet365,Game Lines 3-Way,Handicap (Tie) (6),,,2.00,,,,,6,"{""label"": ""Handicap (Tie) (6)"", ""hdp"": 6, ""away"": ""2.00""}",2026-05-11T18:23:11.569Z
71444084,Handball,2026-05-13 20:30,Team Esbjerg,Herning-Ikast Haandbold,"Denmark - Kvindeligaen, Women",Bet365,Game Lines 3-Way,Result (Tie),,,15.00,,,,,,"{""label"": ""Result (Tie)"", ""away"": ""15.00""}",2026-05-11T18:23:11.569Z
71444084,Handball,2026-05-13 20:30,Team Esbjerg,Herning-Ikast Haandbold,"Denmark - Kvindeligaen, Women",Bet365,Game Lines 3-Way,Result (2),,,9.00,,,,,,"{""label"": ""Result (2)"", ""away"": ""9.00""}",2026-05-11T18:23:11.569Z
69107386,Handball,2026-05-13 20:30,MKS Piotrcovia,MKS Zaglebie Lubin,Poland - Superliga Women,Bet365,ML,,3.75,,1.22,,,,,,"{""home"": ""3.75"", ""away"": ""1.22""}",2026-05-12T11:52:11.724Z
69107386,Handball,2026-05-13 20:30,MKS Piotrcovia,MKS Zaglebie Lubin,Poland - Superliga Women,Bet365,Double Chance,MKS Piotrcovia (W) or Zaglebie Lubin (W),,,,,1.04,,,,"{""label"": ""MKS Piotrcovia (W) or Zaglebie Lubin (W)"", ""under"": ""1.04""}",2026-05-12T13:07:19.651Z
69107386,Handball,2026-05-13 20:30,MKS Piotrcovia,MKS Zaglebie Lubin,Poland - Superliga Women,Bet365,Double Chance,MKS Piotrcovia (W) or Tie,,,,,3.00,,,,"{""label"": ""MKS Piotrcovia (W) or Tie"", ""under"": ""3.00""}",2026-05-12T13:07:19.651Z
69107386,Handball,2026-05-13 20:30,MKS Piotrcovia,MKS Zaglebie Lubin,Poland - Superliga Women,Bet365,Double Chance,Zaglebie Lubin (W) or Tie,,,,,1.18,,,,"{""label"": ""Zaglebie Lubin (W) or Tie"", ""under"": ""1.18""}",2026-05-12T13:07:19.651Z
69107386,Handball,2026-05-13 20:30,MKS Piotrcovia,MKS Zaglebie Lubin,Poland - Superliga Women,Bet365,Spread,,1.85,,1.85,,,,,3.5,"{""hdp"": 3.5, ""home"": ""1.85"", ""away"": ""1.85""}",2026-05-12T11:52:11.724Z
69107386,Handball,2026-05-13 20:30,MKS Piotrcovia,MKS Zaglebie Lubin,Poland - Superliga Women,Bet365,Totals,,,,,1.85,1.85,,,55.5,"{""hdp"": 55.5, ""over"": ""1.85"", ""under"": ""1.85""}",2026-05-12T11:52:11.724Z
69107386,Handball,2026-05-13 20:30,MKS Piotrcovia,MKS Zaglebie Lubin,Poland - Superliga Women,Bet365,Team Total Home,,,,,1.95,1.75,,,26.5,"{""hdp"": 26.5, ""over"": ""1.95"", ""under"": ""1.75""}",2026-05-12T12:15:11.025Z
69107386,Handball,2026-05-13 20:30,MKS Piotrcovia,MKS Zaglebie Lubin,Poland - Superliga Women,Bet365,Team Total Away,,,,,1.90,1.80,,,29.5,"{""hdp"": 29.5, ""over"": ""1.90"", ""under"": ""1.80""}",2026-05-12T12:15:11.025Z
69107386,Handball,2026-05-13 20:30,MKS Piotrcovia,MKS Zaglebie Lubin,Poland - Superliga Women,Bet365,Game Lines 3-Way,Handicap (1) (4),1.85,,,,,,,4,"{""label"": ""Handicap (1) (4)"", ""hdp"": 4, ""home"": ""1.85""}",2026-05-12T11:52:11.724Z
69107386,Handball,2026-05-13 20:30,MKS Piotrcovia,MKS Zaglebie Lubin,Poland - Superliga Women,Bet365,Game Lines 3-Way,Result (1),4.25,,,,,,,,"{""label"": ""Result (1)"", ""home"": ""4.25""}",2026-05-12T11:52:11.724Z
69107386,Handball,2026-05-13 20:30,MKS Piotrcovia,MKS Zaglebie Lubin,Poland - Superliga Women,Bet365,Game Lines 3-Way,Handicap (Tie) (-4),,,2.15,,,,,-4,"{""label"": ""Handicap (Tie) (-4)"", ""hdp"": -4, ""away"": ""2.15""}",2026-05-12T11:52:11.724Z
69107386,Handball,2026-05-13 20:30,MKS Piotrcovia,MKS Zaglebie Lubin,Poland - Superliga Women,Bet365,Game Lines 3-Way,Result (Tie),,,9.00,,,,,,"{""label"": ""Result (Tie)"", ""away"": ""9.00""}",2026-05-12T11:52:11.724Z
69107386,Handball,2026-05-13 20:30,MKS Piotrcovia,MKS Zaglebie Lubin,Poland - Superliga Women,Bet365,Game Lines 3-Way,Result (2),,,1.32,,,,,,"{""label"": ""Result (2)"", ""away"": ""1.32""}",2026-05-12T11:52:11.724Z
71201162,Tennis,2026-05-13 20:55,"Jodar, Rafael","Darderi, Luciano","ATP - ATP Rome, Italy Men Singles",Bet365,ML,,1.40,,3.00,,,,,,"{""home"": ""1.40"", ""away"": ""3.00""}",2026-05-13T17:53:38.42Z
71201162,Tennis,2026-05-13 20:55,"Jodar, Rafael","Darderi, Luciano","ATP - ATP Rome, Italy Men Singles",Bet365,Spread (Games),,1.80,,1.90,,,,,-3.5,"{""hdp"": -3.5, ""home"": ""1.80"", ""away"": ""1.90""}",2026-05-13T02:21:24.501Z
71201162,Tennis,2026-05-13 20:55,"Jodar, Rafael","Darderi, Luciano","ATP - ATP Rome, Italy Men Singles",Bet365,Totals (Games),,,,,1.83,1.83,,,21.5,"{""hdp"": 21.5, ""over"": ""1.83"", ""under"": ""1.83""}",2026-05-12T18:42:35.979Z
71201162,Tennis,2026-05-13 20:55,"Jodar, Rafael","Darderi, Luciano","ATP - ATP Rome, Italy Men Singles",Bet365,Set Betting,,,,,,,,,,{},2026-05-13T18:01:11.853Z
71351832,Tennis,2026-05-13 23:00,"Dickerson, Ryan","Kicker, Nicolas","Challenger - ATP Challenger Cordoba, Argentina Men Singles",Bet365,ML,,4.50,,1.16,,,,,,"{""home"": ""4.50"", ""away"": ""1.16""}",2026-05-13T07:12:46.389Z
71351832,Tennis,2026-05-13 23:00,"Dickerson, Ryan","Kicker, Nicolas","Challenger - ATP Challenger Cordoba, Argentina Men Singles",Bet365,Set Betting,,,,,,,,,,{},2026-05-13T18:01:42.418Z
71351832,Tennis,2026-05-13 23:00,"Dickerson, Ryan","Kicker, Nicolas","Challenger - ATP Challenger Cordoba, Argentina Men Singles",Bet365,Spread (Games),,1.72,,2.00,,,,,5.5,"{""hdp"": 5.5, ""home"": ""1.72"", ""away"": ""2.00""}",2026-05-13T07:12:46.389Z
71351832,Tennis,2026-05-13 23:00,"Dickerson, Ryan","Kicker, Nicolas","Challenger - ATP Challenger Cordoba, Argentina Men Singles",Bet365,Totals (Games),,,,,2.00,1.72,,,20.5,"{""hdp"": 20.5, ""over"": ""2.00"", ""under"": ""1.72""}",2026-05-13T07:12:46.389Z
71464608,Esports,2026-05-13 21:00,Zyb,Vitality Bee,League of Legends - LFL,Bet365,ML,,1.400,,2.750,,,,,,"{""home"": ""1.400"", ""away"": ""2.750""}",2026-05-13T18:01:51.06Z
71477032,Esports,2026-05-13 22:30,Betboom Team,Pain Gaming,Counter-Strike - Intel Extreme Masters Atlanta,Bet365,ML,,1.44,,2.62,,,,,,"{""home"": ""1.44"", ""away"": ""2.62""}",2026-05-13T16:17:54.186Z
71477032,Esports,2026-05-13 22:30,Betboom Team,Pain Gaming,Counter-Strike - Intel Extreme Masters Atlanta,Bet365,Spread,,2.62,,1.44,,,,,-1.5,"{""hdp"": -1.5, ""home"": ""2.62"", ""away"": ""1.44""}",2026-05-13T16:17:54.186Z
71477032,Esports,2026-05-13 22:30,Betboom Team,Pain Gaming,Counter-Strike - Intel Extreme Masters Atlanta,Bet365,Totals,,,,,1.90,1.80,,,2.5,"{""hdp"": 2.5, ""over"": ""1.90"", ""under"": ""1.80""}",2026-05-13T16:17:54.186Z
71477032,Esports,2026-05-13 22:30,Betboom Team,Pain Gaming,Counter-Strike - Intel Extreme Masters Atlanta,Bet365,Map 1 - Correct Round Score,12-12,,,7.00,,,,,,"{""label"": ""12-12"", ""away"": ""7.00""}",2026-05-13T15:12:29.24Z
71477032,Esports,2026-05-13 22:30,Betboom Team,Pain Gaming,Counter-Strike - Intel Extreme Masters Atlanta,Bet365,Map 1 - Correct Round Score,13-0 (1),10.00,,,,,,,1,"{""label"": ""13-0 (1)"", ""hdp"": 1, ""home"": ""10.00""}",2026-05-13T15:12:29.24Z
71477032,Esports,2026-05-13 22:30,Betboom Team,Pain Gaming,Counter-Strike - Intel Extreme Masters Atlanta,Bet365,Map 1 - Correct Round Score,13-0 (2),,,13.00,,,,,2,"{""label"": ""13-0 (2)"", ""hdp"": 2, ""away"": ""13.00""}",2026-05-13T15:12:29.24Z
71477032,Esports,2026-05-13 22:30,Betboom Team,Pain Gaming,Counter-Strike - Intel Extreme Masters Atlanta,Bet365,Map 2 - Alternative Rounds Handicap,1 (-5.5),3.50,,,,,,,-5.5,"{""label"": ""1 (-5.5)"", ""hdp"": -5.5, ""home"": ""3.50""}",2026-05-13T16:40:05.255Z
71477032,Esports,2026-05-13 22:30,Betboom Team,Pain Gaming,Counter-Strike - Intel Extreme Masters Atlanta,Bet365,Map 2 - Alternative Rounds Handicap,1 (-4.5),2.75,,4.00,,,,,-4.5,"{""label"": ""1 (-4.5)"", ""hdp"": -4.5, ""home"": ""2.75"", ""away"": ""4.00""}",2026-05-13T16:40:05.255Z
71477032,Esports,2026-05-13 22:30,Betboom Team,Pain Gaming,Counter-Strike - Intel Extreme Masters Atlanta,Bet365,Map 2 - Alternative Rounds Handicap,1 (-3.5),2.37,,3.40,,,,,-3.5,"{""label"": ""1 (-3.5)"", ""hdp"": -3.5, ""home"": ""2.37"", ""away"": ""3.40""}",2026-05-13T16:40:05.255Z
71477032,Esports,2026-05-13 22:30,Betboom Team,Pain Gaming,Counter-Strike - Intel Extreme Masters Atlanta,Bet365,Map 2 - Alternative Rounds Handicap,1 (2.5),1.44,,,,,,,2.5,"{""label"": ""1 (2.5)"", ""hdp"": 2.5, ""home"": ""1.44""}",2026-05-13T16:40:05.255Z
71477032,Esports,2026-05-13 22:30,Betboom Team,Pain Gaming,Counter-Strike - Intel Extreme Masters Atlanta,Bet365,Map 2 - Alternative Rounds Handicap,1 (3.5),1.30,,1.53,,,,,3.5,"{""label"": ""1 (3.5)"", ""hdp"": 3.5, ""home"": ""1.30"", ""away"": ""1.53""}",2026-05-13T16:40:05.255Z
71477032,Esports,2026-05-13 22:30,Betboom Team,Pain Gaming,Counter-Strike - Intel Extreme Masters Atlanta,Bet365,Map 2 - Alternative Rounds Handicap,1 (4.5),1.22,,1.40,,,,,4.5,"{""label"": ""1 (4.5)"", ""hdp"": 4.5, ""home"": ""1.22"", ""away"": ""1.40""}",2026-05-13T16:40:05.255Z
71477032,Esports,2026-05-13 22:30,Betboom Team,Pain Gaming,Counter-Strike - Intel Extreme Masters Atlanta,Bet365,Map 2 - Alternative Rounds Handicap,2 (5.5),,,1.28,,,,,5.5,"{""label"": ""2 (5.5)"", ""hdp"": 5.5, ""away"": ""1.28""}",2026-05-13T16:40:05.255Z
71477032,Esports,2026-05-13 22:30,Betboom Team,Pain Gaming,Counter-Strike - Intel Extreme Masters Atlanta,Bet365,Map 2 - Alternative Rounds Handicap,2 (-2.5),,,2.62,,,,,-2.5,"{""label"": ""2 (-2.5)"", ""hdp"": -2.5, ""away"": ""2.62""}",2026-05-13T16:40:05.255Z
71477032,Esports,2026-05-13 22:30,Betboom Team,Pain Gaming,Counter-Strike - Intel Extreme Masters Atlanta,Bet365,Map 2 - Alternative Total Rounds,,,,,1.14,5.00,,,17.5,"{""hdp"": 17.5, ""over"": ""1.14"", ""under"": ""5.00""}",2026-05-13T16:40:05.255Z
71477032,Esports,2026-05-13 22:30,Betboom Team,Pain Gaming,Counter-Strike - Intel Extreme Masters Atlanta,Bet365,Map 2 - Alternative Total Rounds,,,,,1.25,3.75,,,18.5,"{""hdp"": 18.5, ""over"": ""1.25"", ""under"": ""3.75""}",2026-05-13T16:40:05.255Z
71477032,Esports,2026-05-13 22:30,Betboom Team,Pain Gaming,Counter-Strike - Intel Extreme Masters Atlanta,Bet365,Map 2 - Alternative Total Rounds,,,,,1.61,2.20,,,20.5,"{""hdp"": 20.5, ""over"": ""1.61"", ""under"": ""2.20""}",2026-05-13T16:40:05.255Z
71477032,Esports,2026-05-13 22:30,Betboom Team,Pain Gaming,Counter-Strike - Intel Extreme Masters Atlanta,Bet365,Map 2 - Alternative Total Rounds,,,,,3.75,1.25,,,23.5,"{""hdp"": 23.5, ""over"": ""3.75"", ""under"": ""1.25""}",2026-05-13T16:40:05.255Z
71477032,Esports,2026-05-13 22:30,Betboom Team,Pain Gaming,Counter-Strike - Intel Extreme Masters Atlanta,Bet365,Map 2 - Alternative Total Rounds,,,,,2.62,1.44,,,22.5,"{""hdp"": 22.5, ""over"": ""2.62"", ""under"": ""1.44""}",2026-05-13T16:40:05.255Z
71477032,Esports,2026-05-13 22:30,Betboom Team,Pain Gaming,Counter-Strike - Intel Extreme Masters Atlanta,Bet365,Map 2 - Alternative Total Rounds,,,,,1.40,2.75,,,19.5,"{""hdp"": 19.5, ""over"": ""1.40"", ""under"": ""2.75""}",2026-05-13T16:40:05.255Z
71477032,Esports,2026-05-13 22:30,Betboom Team,Pain Gaming,Counter-Strike - Intel Extreme Masters Atlanta,Bet365,Map 2 - Race to # Rounds,3 (1),1.61,,,,,,,1,"{""label"": ""3 (1)"", ""hdp"": 1, ""home"": ""1.61""}",2026-05-13T16:40:05.255Z
71477032,Esports,2026-05-13 22:30,Betboom Team,Pain Gaming,Counter-Strike - Intel Extreme Masters Atlanta,Bet365,Map 2 - Race to # Rounds,3 (2),,,2.20,,,,,2,"{""label"": ""3 (2)"", ""hdp"": 2, ""away"": ""2.20""}",2026-05-13T16:40:05.255Z
71477032,Esports,2026-05-13 22:30,Betboom Team,Pain Gaming,Counter-Strike - Intel Extreme Masters Atlanta,Bet365,Map 1 - Alternative Rounds Handicap,1 (-5.5),3.25,,,,,,,-5.5,"{""label"": ""1 (-5.5)"", ""hdp"": -5.5, ""home"": ""3.25""}",2026-05-13T15:12:29.24Z
71477032,Esports,2026-05-13 22:30,Betboom Team,Pain Gaming,Counter-Strike - Intel Extreme Masters Atlanta,Bet365,Map 1 - Alternative Rounds Handicap,1 (-4.5),2.62,,4.50,,,,,-4.5,"{""label"": ""1 (-4.5)"", ""hdp"": -4.5, ""home"": ""2.62"", ""away"": ""4.50""}",2026-05-13T15:12:29.24Z
71477032,Esports,2026-05-13 22:30,Betboom Team,Pain Gaming,Counter-Strike - Intel Extreme Masters Atlanta,Bet365,Map 1 - Alternative Rounds Handicap,1 (-3.5),2.10,,3.75,,,,,-3.5,"{""label"": ""1 (-3.5)"", ""hdp"": -3.5, ""home"": ""2.10"", ""away"": ""3.75""}",2026-05-13T15:12:29.24Z
71477032,Esports,2026-05-13 22:30,Betboom Team,Pain Gaming,Counter-Strike - Intel Extreme Masters Atlanta,Bet365,Map 1 - Alternative Rounds Handicap,1 (2.5),1.33,,,,,,,2.5,"{""label"": ""1 (2.5)"", ""hdp"": 2.5, ""home"": ""1.33""}",2026-05-13T15:12:29.24Z
71477032,Esports,2026-05-13 22:30,Betboom Team,Pain Gaming,Counter-Strike - Intel Extreme Masters Atlanta,Bet365,Map 1 - Alternative Rounds Handicap,1 (3.5),1.25,,1.66,,,,,3.5,"{""label"": ""1 (3.5)"", ""hdp"": 3.5, ""home"": ""1.25"", ""away"": ""1.66""}",2026-05-13T15:12:29.24Z
71477032,Esports,2026-05-13 22:30,Betboom Team,Pain Gaming,Counter-Strike - Intel Extreme Masters Atlanta,Bet365,Map 1 - Alternative Rounds Handicap,1 (4.5),1.16,,1.44,,,,,4.5,"{""label"": ""1 (4.5)"", ""hdp"": 4.5, ""home"": ""1.16"", ""away"": ""1.44""}",2026-05-13T15:12:29.24Z
71477032,Esports,2026-05-13 22:30,Betboom Team,Pain Gaming,Counter-Strike - Intel Extreme Masters Atlanta,Bet365,Map 1 - Alternative Rounds Handicap,2 (5.5),,,1.33,,,,,5.5,"{""label"": ""2 (5.5)"", ""hdp"": 5.5, ""away"": ""1.33""}",2026-05-13T15:12:29.24Z
71477032,Esports,2026-05-13 22:30,Betboom Team,Pain Gaming,Counter-Strike - Intel Extreme Masters Atlanta,Bet365,Map 1 - Alternative Rounds Handicap,2 (-2.5),,,3.25,,,,,-2.5,"{""label"": ""2 (-2.5)"", ""hdp"": -2.5, ""away"": ""3.25""}",2026-05-13T15:12:29.24Z
71477032,Esports,2026-05-13 22:30,Betboom Team,Pain Gaming,Counter-Strike - Intel Extreme Masters Atlanta,Bet365,Map 2 - Alternative Kill Handicap,1 (-19.5),4.00,,,,,,,-19.5,"{""label"": ""1 (-19.5)"", ""hdp"": -19.5, ""home"": ""4.00""}",2026-05-13T16:40:05.255Z
71477032,Esports,2026-05-13 22:30,Betboom Team,Pain Gaming,Counter-Strike - Intel Extreme Masters Atlanta,Bet365,Map 2 - Alternative Kill Handicap,1 (-14.5),2.75,,,,,,,-14.5,"{""label"": ""1 (-14.5)"", ""hdp"": -14.5, ""home"": ""2.75""}",2026-05-13T16:40:05.255Z
71477032,Esports,2026-05-13 22:30,Betboom Team,Pain Gaming,Counter-Strike - Intel Extreme Masters Atlanta,Bet365,Map 2 - Alternative Kill Handicap,1 (-9.5),2.20,,,,,,,-9.5,"{""label"": ""1 (-9.5)"", ""hdp"": -9.5, ""home"": ""2.20""}",2026-05-13T16:40:05.255Z
71477032,Esports,2026-05-13 22:30,Betboom Team,Pain Gaming,Counter-Strike - Intel Extreme Masters Atlanta,Bet365,Map 2 - Alternative Kill Handicap,1 (0.5),1.66,,,,,,,0.5,"{""label"": ""1 (0.5)"", ""hdp"": 0.5, ""home"": ""1.66""}",2026-05-13T16:40:05.255Z
71477032,Esports,2026-05-13 22:30,Betboom Team,Pain Gaming,Counter-Strike - Intel Extreme Masters Atlanta,Bet365,Map 2 - Alternative Kill Handicap,1 (5.5),1.50,,,,,,,5.5,"{""label"": ""1 (5.5)"", ""hdp"": 5.5, ""home"": ""1.50""}",2026-05-13T16:40:05.255Z
71477032,Esports,2026-05-13 22:30,Betboom Team,Pain Gaming,Counter-Strike - Intel Extreme Masters Atlanta,Bet365,Map 2 - Alternative Kill Handicap,2 (19.5),,,1.22,,,,,19.5,"{""label"": ""2 (19.5)"", ""hdp"": 19.5, ""away"": ""1.22""}",2026-05-13T16:40:05.255Z
71477032,Esports,2026-05-13 22:30,Betboom Team,Pain Gaming,Counter-Strike - Intel Extreme Masters Atlanta,Bet365,Map 2 - Alternative Kill Handicap,2 (14.5),,,1.40,,,,,14.5,"{""label"": ""2 (14.5)"", ""hdp"": 14.5, ""away"": ""1.40""}",2026-05-13T16:40:05.255Z
71477032,Esports,2026-05-13 22:30,Betboom Team,Pain Gaming,Counter-Strike - Intel Extreme Masters Atlanta,Bet365,Map 2 - Alternative Kill Handicap,2 (9.5),,,1.61,,,,,9.5,"{""label"": ""2 (9.5)"", ""hdp"": 9.5, ""away"": ""1.61""}",2026-05-13T16:40:05.255Z
71477032,Esports,2026-05-13 22:30,Betboom Team,Pain Gaming,Counter-Strike - Intel Extreme Masters Atlanta,Bet365,Map 2 - Alternative Kill Handicap,2 (-0.5),,,2.10,,,,,-0.5,"{""label"": ""2 (-0.5)"", ""hdp"": -0.5, ""away"": ""2.10""}",2026-05-13T16:40:05.255Z
71477032,Esports,2026-05-13 22:30,Betboom Team,Pain Gaming,Counter-Strike - Intel Extreme Masters Atlanta,Bet365,Map 2 - Alternative Kill Handicap,2 (-5.5),,,2.50,,,,,-5.5,"{""label"": ""2 (-5.5)"", ""hdp"": -5.5, ""away"": ""2.50""}",2026-05-13T16:40:05.255Z
71477032,Esports,2026-05-13 22:30,Betboom Team,Pain Gaming,Counter-Strike - Intel Extreme Masters Atlanta,Bet365,Map 1 - Winning Margin,2-4 (1),21.00,,,,,,,1,"{""label"": ""2-4 (1)"", ""hdp"": 1, ""home"": ""21.00""}",2026-05-13T15:12:29.24Z
71477032,Esports,2026-05-13 22:30,Betboom Team,Pain Gaming,Counter-Strike - Intel Extreme Masters Atlanta,Bet365,Map 1 - Winning Margin,2-4 (2),,,34.00,,,,,2,"{""label"": ""2-4 (2)"", ""hdp"": 2, ""away"": ""34.00""}",2026-05-13T15:12:29.24Z
71477032,Esports,2026-05-13 22:30,Betboom Team,Pain Gaming,Counter-Strike - Intel Extreme Masters Atlanta,Bet365,Map 1 Lines,To Win (1),1.50,,,,,,,,"{""label"": ""To Win (1)"", ""home"": ""1.50""}",2026-05-13T16:17:54.186Z
71477032,Esports,2026-05-13 22:30,Betboom Team,Pain Gaming,Counter-Strike - Intel Extreme Masters Atlanta,Bet365,Map 1 Lines,Rounds Handicap (1) (-2.5),1.72,,,,,,,-2.5,"{""label"": ""Rounds Handicap (1) (-2.5)"", ""hdp"": -2.5, ""home"": ""1.72""}",2026-05-13T16:17:54.186Z
71477032,Esports,2026-05-13 22:30,Betboom Team,Pain Gaming,Counter-Strike - Intel Extreme Masters Atlanta,Bet365,Map 1 Lines,To Win (2),,,2.50,,,,,,"{""label"": ""To Win (2)"", ""away"": ""2.50""}",2026-05-13T16:17:54.186Z
71477032,Esports,2026-05-13 22:30,Betboom Team,Pain Gaming,Counter-Strike - Intel Extreme Masters Atlanta,Bet365,Map 1 Lines,Rounds Handicap (2) (2.5),,,2.00,,,,,2.5,"{""label"": ""Rounds Handicap (2) (2.5)"", ""hdp"": 2.5, ""away"": ""2.00""}",2026-05-13T16:17:54.186Z
71477032,Esports,2026-05-13 22:30,Betboom Team,Pain Gaming,Counter-Strike - Intel Extreme Masters Atlanta,Bet365,Map 1 Lines,Total Rounds (1) (21.5),2.00,,1.72,,,,,21.5,"{""label"": ""Total Rounds (1) (21.5)"", ""hdp"": 21.5, ""home"": ""2.00"", ""away"": ""1.72""}",2026-05-13T16:17:54.186Z
71477032,Esports,2026-05-13 22:30,Betboom Team,Pain Gaming,Counter-Strike - Intel Extreme Masters Atlanta,Bet365,Map 2 - Correct Round Score,13-0 (2),,,11.00,,,,,2,"{""label"": ""13-0 (2)"", ""hdp"": 2, ""away"": ""11.00""}",2026-05-13T16:40:05.255Z
71477032,Esports,2026-05-13 22:30,Betboom Team,Pain Gaming,Counter-Strike - Intel Extreme Masters Atlanta,Bet365,Map 2 - Correct Round Score,12-12,,,6.50,,,,,,"{""label"": ""12-12"", ""away"": ""6.50""}",2026-05-13T16:40:05.255Z
71477032,Esports,2026-05-13 22:30,Betboom Team,Pain Gaming,Counter-Strike - Intel Extreme Masters Atlanta,Bet365,Map 2 - Correct Round Score,13-0 (1),11.00,,,,,,,1,"{""label"": ""13-0 (1)"", ""hdp"": 1, ""home"": ""11.00""}",2026-05-13T16:40:05.255Z
71477032,Esports,2026-05-13 22:30,Betboom Team,Pain Gaming,Counter-Strike - Intel Extreme Masters Atlanta,Bet365,Map 2 Lines,To Win (1),1.66,,,,,,,,"{""label"": ""To Win (1)"", ""home"": ""1.66""}",2026-05-13T16:17:54.186Z
71477032,Esports,2026-05-13 22:30,Betboom Team,Pain Gaming,Counter-Strike - Intel Extreme Masters Atlanta,Bet365,Map 2 Lines,Rounds Handicap (1) (-2.5),2.00,,,,,,,-2.5,"{""label"": ""Rounds Handicap (1) (-2.5)"", ""hdp"": -2.5, ""home"": ""2.00""}",2026-05-13T16:17:54.186Z
71477032,Esports,2026-05-13 22:30,Betboom Team,Pain Gaming,Counter-Strike - Intel Extreme Masters Atlanta,Bet365,Map 2 Lines,To Win (2),,,2.10,,,,,,"{""label"": ""To Win (2)"", ""away"": ""2.10""}",2026-05-13T16:17:54.186Z
71477032,Esports,2026-05-13 22:30,Betboom Team,Pain Gaming,Counter-Strike - Intel Extreme Masters Atlanta,Bet365,Map 2 Lines,Rounds Handicap (2) (2.5),,,1.72,,,,,2.5,"{""label"": ""Rounds Handicap (2) (2.5)"", ""hdp"": 2.5, ""away"": ""1.72""}",2026-05-13T16:17:54.186Z
71477032,Esports,2026-05-13 22:30,Betboom Team,Pain Gaming,Counter-Strike - Intel Extreme Masters Atlanta,Bet365,Map 2 Lines,Total Rounds (1) (21.5),1.90,,1.80,,,,,21.5,"{""label"": ""Total Rounds (1) (21.5)"", ""hdp"": 21.5, ""home"": ""1.90"", ""away"": ""1.80""}",2026-05-13T16:17:54.186Z
71477032,Esports,2026-05-13 22:30,Betboom Team,Pain Gaming,Counter-Strike - Intel Extreme Masters Atlanta,Bet365,Map 2 - Winning Margin,2-4 (1),17.00,,,,,,,1,"{""label"": ""2-4 (1)"", ""hdp"": 1, ""home"": ""17.00""}",2026-05-13T16:40:05.255Z
71477032,Esports,2026-05-13 22:30,Betboom Team,Pain Gaming,Counter-Strike - Intel Extreme Masters Atlanta,Bet365,Map 2 - Winning Margin,2-4 (2),,,41.00,,,,,2,"{""label"": ""2-4 (2)"", ""hdp"": 2, ""away"": ""41.00""}",2026-05-13T16:40:05.255Z
71477032,Esports,2026-05-13 22:30,Betboom Team,Pain Gaming,Counter-Strike - Intel Extreme Masters Atlanta,Bet365,Map 1 - Alternative Kill Handicap,1 (-23.5),5.00,,,,,,,-23.5,"{""label"": ""1 (-23.5)"", ""hdp"": -23.5, ""home"": ""5.00""}",2026-05-13T15:12:29.24Z
71477032,Esports,2026-05-13 22:30,Betboom Team,Pain Gaming,Counter-Strike - Intel Extreme Masters Atlanta,Bet365,Map 1 - Alternative Kill Handicap,1 (-18.5),3.40,,,,,,,-18.5,"{""label"": ""1 (-18.5)"", ""hdp"": -18.5, ""home"": ""3.40""}",2026-05-13T15:12:29.24Z
71477032,Esports,2026-05-13 22:30,Betboom Team,Pain Gaming,Counter-Strike - Intel Extreme Masters Atlanta,Bet365,Map 1 - Alternative Kill Handicap,1 (-13.5),2.37,,,,,,,-13.5,"{""label"": ""1 (-13.5)"", ""hdp"": -13.5, ""home"": ""2.37""}",2026-05-13T15:12:29.24Z
71477032,Esports,2026-05-13 22:30,Betboom Team,Pain Gaming,Counter-Strike - Intel Extreme Masters Atlanta,Bet365,Map 1 - Alternative Kill Handicap,1 (-3.5),1.61,,,,,,,-3.5,"{""label"": ""1 (-3.5)"", ""hdp"": -3.5, ""home"": ""1.61""}",2026-05-13T15:12:29.24Z
71477032,Esports,2026-05-13 22:30,Betboom Team,Pain Gaming,Counter-Strike - Intel Extreme Masters Atlanta,Bet365,Map 1 - Alternative Kill Handicap,1 (1.5),1.44,,,,,,,1.5,"{""label"": ""1 (1.5)"", ""hdp"": 1.5, ""home"": ""1.44""}",2026-05-13T15:12:29.24Z
71477032,Esports,2026-05-13 22:30,Betboom Team,Pain Gaming,Counter-Strike - Intel Extreme Masters Atlanta,Bet365,Map 1 - Alternative Kill Handicap,2 (23.5),,,1.14,,,,,23.5,"{""label"": ""2 (23.5)"", ""hdp"": 23.5, ""away"": ""1.14""}",2026-05-13T15:12:29.24Z
71477032,Esports,2026-05-13 22:30,Betboom Team,Pain Gaming,Counter-Strike - Intel Extreme Masters Atlanta,Bet365,Map 1 - Alternative Kill Handicap,2 (18.5),,,1.30,,,,,18.5,"{""label"": ""2 (18.5)"", ""hdp"": 18.5, ""away"": ""1.30""}",2026-05-13T15:12:29.24Z
71477032,Esports,2026-05-13 22:30,Betboom Team,Pain Gaming,Counter-Strike - Intel Extreme Masters Atlanta,Bet365,Map 1 - Alternative Kill Handicap,2 (13.5),,,1.53,,,,,13.5,"{""label"": ""2 (13.5)"", ""hdp"": 13.5, ""away"": ""1.53""}",2026-05-13T15:12:29.24Z
71477032,Esports,2026-05-13 22:30,Betboom Team,Pain Gaming,Counter-Strike - Intel Extreme Masters Atlanta,Bet365,Map 1 - Alternative Kill Handicap,2 (3.5),,,2.20,,,,,3.5,"{""label"": ""2 (3.5)"", ""hdp"": 3.5, ""away"": ""2.20""}",2026-05-13T15:12:29.24Z
71477032,Esports,2026-05-13 22:30,Betboom Team,Pain Gaming,Counter-Strike - Intel Extreme Masters Atlanta,Bet365,Map 1 - Alternative Kill Handicap,2 (-1.5),,,2.62,,,,,-1.5,"{""label"": ""2 (-1.5)"", ""hdp"": -1.5, ""away"": ""2.62""}",2026-05-13T15:12:29.24Z
71477032,Esports,2026-05-13 22:30,Betboom Team,Pain Gaming,Counter-Strike - Intel Extreme Masters Atlanta,Bet365,Map 1 - Alternative Total Rounds,,,,,1.14,5.00,,,17.5,"{""hdp"": 17.5, ""over"": ""1.14"", ""under"": ""5.00""}",2026-05-13T13:26:06.637Z
71477032,Esports,2026-05-13 22:30,Betboom Team,Pain Gaming,Counter-Strike - Intel Extreme Masters Atlanta,Bet365,Map 1 - Alternative Total Rounds,,,,,1.25,3.75,,,18.5,"{""hdp"": 18.5, ""over"": ""1.25"", ""under"": ""3.75""}",2026-05-13T13:26:06.637Z
71477032,Esports,2026-05-13 22:30,Betboom Team,Pain Gaming,Counter-Strike - Intel Extreme Masters Atlanta,Bet365,Map 1 - Alternative Total Rounds,,,,,1.61,2.20,,,20.5,"{""hdp"": 20.5, ""over"": ""1.61"", ""under"": ""2.20""}",2026-05-13T13:26:06.637Z
71477032,Esports,2026-05-13 22:30,Betboom Team,Pain Gaming,Counter-Strike - Intel Extreme Masters Atlanta,Bet365,Map 1 - Alternative Total Rounds,,,,,2.62,1.44,,,22.5,"{""hdp"": 22.5, ""over"": ""2.62"", ""under"": ""1.44""}",2026-05-13T13:26:06.637Z
71477032,Esports,2026-05-13 22:30,Betboom Team,Pain Gaming,Counter-Strike - Intel Extreme Masters Atlanta,Bet365,Map 1 - Alternative Total Rounds,,,,,3.75,1.25,,,23.5,"{""hdp"": 23.5, ""over"": ""3.75"", ""under"": ""1.25""}",2026-05-13T13:26:06.637Z
71477032,Esports,2026-05-13 22:30,Betboom Team,Pain Gaming,Counter-Strike - Intel Extreme Masters Atlanta,Bet365,Map 1 - Alternative Total Rounds,,,,,1.40,2.75,,,19.5,"{""hdp"": 19.5, ""over"": ""1.40"", ""under"": ""2.75""}",2026-05-13T13:26:06.637Z
71477032,Esports,2026-05-13 22:30,Betboom Team,Pain Gaming,Counter-Strike - Intel Extreme Masters Atlanta,Bet365,Map 1 - Race to # Rounds,3 (1),1.61,,,,,,,1,"{""label"": ""3 (1)"", ""hdp"": 1, ""home"": ""1.61""}",2026-05-13T15:12:29.24Z
71477032,Esports,2026-05-13 22:30,Betboom Team,Pain Gaming,Counter-Strike - Intel Extreme Masters Atlanta,Bet365,Map 1 - Race to # Rounds,3 (2),,,2.20,,,,,2,"{""label"": ""3 (2)"", ""hdp"": 2, ""away"": ""2.20""}",2026-05-13T15:12:29.24Z
71477032,Esports,2026-05-13 22:30,Betboom Team,Pain Gaming,Counter-Strike - Intel Extreme Masters Atlanta,Bet365,Round Lines,Total Rounds (1) (53.5),1.83,,1.83,,,,,53.5,"{""label"": ""Total Rounds (1) (53.5)"", ""hdp"": 53.5, ""home"": ""1.83"", ""away"": ""1.83""}",2026-05-13T16:17:54.186Z
71477032,Esports,2026-05-13 22:30,Betboom Team,Pain Gaming,Counter-Strike - Intel Extreme Masters Atlanta,Bet365,Round Lines,Rounds Handicap (1) (-5.5),1.83,,,,,,,-5.5,"{""label"": ""Rounds Handicap (1) (-5.5)"", ""hdp"": -5.5, ""home"": ""1.83""}",2026-05-13T16:17:54.186Z
71477032,Esports,2026-05-13 22:30,Betboom Team,Pain Gaming,Counter-Strike - Intel Extreme Masters Atlanta,Bet365,Round Lines,Rounds Handicap (2) (5.5),,,1.83,,,,,5.5,"{""label"": ""Rounds Handicap (2) (5.5)"", ""hdp"": 5.5, ""away"": ""1.83""}",2026-05-13T16:17:54.186Z
71475706,Esports,2026-05-13 22:45,Enterprise eSports,Weibo Gaming,Rainbow Six - BLAST R6 Major,Bet365,ML,,2.62,,1.44,,,,,,"{""home"": ""2.62"", ""away"": ""1.44""}",2026-05-13T07:20:49.498Z
71475706,Esports,2026-05-13 22:45,Enterprise eSports,Weibo Gaming,Rainbow Six - BLAST R6 Major,Bet365,Spread,,1.44,,2.62,,,,,1.5,"{""hdp"": 1.5, ""home"": ""1.44"", ""away"": ""2.62""}",2026-05-13T07:20:49.498Z
71475706,Esports,2026-05-13 22:45,Enterprise eSports,Weibo Gaming,Rainbow Six - BLAST R6 Major,Bet365,Totals,,,,,1.90,1.80,,,2.5,"{""hdp"": 2.5, ""over"": ""1.90"", ""under"": ""1.80""}",2026-05-13T07:20:49.498Z
71475706,Esports,2026-05-13 22:45,Enterprise eSports,Weibo Gaming,Rainbow Six - BLAST R6 Major,Bet365,Map 1 - Rounds,Rounds Handicap (1) (2.5),1.72,,,,,,,2.5,"{""label"": ""Rounds Handicap (1) (2.5)"", ""hdp"": 2.5, ""home"": ""1.72""}",2026-05-13T07:20:49.498Z
71475706,Esports,2026-05-13 22:45,Enterprise eSports,Weibo Gaming,Rainbow Six - BLAST R6 Major,Bet365,Map 1 - Rounds,Round 1 - Winner (1),2.00,,,,,,,,"{""label"": ""Round 1 - Winner (1)"", ""home"": ""2.00""}",2026-05-13T07:20:49.498Z
71475706,Esports,2026-05-13 22:45,Enterprise eSports,Weibo Gaming,Rainbow Six - BLAST R6 Major,Bet365,Map 1 - Rounds,Total Rounds (1) (11.5),1.80,,1.90,,,,,11.5,"{""label"": ""Total Rounds (1) (11.5)"", ""hdp"": 11.5, ""home"": ""1.80"", ""away"": ""1.90""}",2026-05-13T07:20:49.498Z
71475706,Esports,2026-05-13 22:45,Enterprise eSports,Weibo Gaming,Rainbow Six - BLAST R6 Major,Bet365,Map 1 - Rounds,Rounds Handicap (2) (-2.5),,,2.00,,,,,-2.5,"{""label"": ""Rounds Handicap (2) (-2.5)"", ""hdp"": -2.5, ""away"": ""2.00""}",2026-05-13T07:20:49.498Z
71475706,Esports,2026-05-13 22:45,Enterprise eSports,Weibo Gaming,Rainbow Six - BLAST R6 Major,Bet365,Map 1 - Rounds,Round 1 - Winner (2),,,1.72,,,,,,"{""label"": ""Round 1 - Winner (2)"", ""away"": ""1.72""}",2026-05-13T07:20:49.498Z
71475706,Esports,2026-05-13 22:45,Enterprise eSports,Weibo Gaming,Rainbow Six - BLAST R6 Major,Bet365,Map 1 - Winner,1,,,,,2.25,,,,"{""label"": ""1"", ""under"": ""2.25""}",2026-05-13T07:20:49.498Z
71475706,Esports,2026-05-13 22:45,Enterprise eSports,Weibo Gaming,Rainbow Six - BLAST R6 Major,Bet365,Map 1 - Winner,2,,,,,1.57,,,,"{""label"": ""2"", ""under"": ""1.57""}",2026-05-13T07:20:49.498Z
71475706,Esports,2026-05-13 22:45,Enterprise eSports,Weibo Gaming,Rainbow Six - BLAST R6 Major,Bet365,Map 2 - Rounds,Rounds Handicap (1) (2.5),1.72,,,,,,,2.5,"{""label"": ""Rounds Handicap (1) (2.5)"", ""hdp"": 2.5, ""home"": ""1.72""}",2026-05-13T07:20:49.498Z
71475706,Esports,2026-05-13 22:45,Enterprise eSports,Weibo Gaming,Rainbow Six - BLAST R6 Major,Bet365,Map 2 - Rounds,Total Rounds (1) (11.5),1.80,,1.90,,,,,11.5,"{""label"": ""Total Rounds (1) (11.5)"", ""hdp"": 11.5, ""home"": ""1.80"", ""away"": ""1.90""}",2026-05-13T07:20:49.498Z
71475706,Esports,2026-05-13 22:45,Enterprise eSports,Weibo Gaming,Rainbow Six - BLAST R6 Major,Bet365,Map 2 - Rounds,Round 1 - Winner (1),2.00,,,,,,,,"{""label"": ""Round 1 - Winner (1)"", ""home"": ""2.00""}",2026-05-13T07:20:49.498Z
71475706,Esports,2026-05-13 22:45,Enterprise eSports,Weibo Gaming,Rainbow Six - BLAST R6 Major,Bet365,Map 2 - Rounds,Rounds Handicap (2) (-2.5),,,2.00,,,,,-2.5,"{""label"": ""Rounds Handicap (2) (-2.5)"", ""hdp"": -2.5, ""away"": ""2.00""}",2026-05-13T07:20:49.498Z
71475706,Esports,2026-05-13 22:45,Enterprise eSports,Weibo Gaming,Rainbow Six - BLAST R6 Major,Bet365,Map 2 - Rounds,Round 1 - Winner (2),,,1.72,,,,,,"{""label"": ""Round 1 - Winner (2)"", ""away"": ""1.72""}",2026-05-13T07:20:49.498Z
71475706,Esports,2026-05-13 22:45,Enterprise eSports,Weibo Gaming,Rainbow Six - BLAST R6 Major,Bet365,Map 2 - Winner,1,,,,,2.25,,,,"{""label"": ""1"", ""under"": ""2.25""}",2026-05-13T07:20:49.498Z
71475706,Esports,2026-05-13 22:45,Enterprise eSports,Weibo Gaming,Rainbow Six - BLAST R6 Major,Bet365,Map 2 - Winner,2,,,,,1.57,,,,"{""label"": ""2"", ""under"": ""1.57""}",2026-05-13T07:20:49.498Z
